mtllib bonsai.mtl
v -0.734525 0.99459 0.344623
v -0.730143 0.998753 0.35679
v -0.726584 0.994868 0.339172
v -0.720395 1.00231 0.353159
v -0.74076 1.02933 0.339181
v -0.73243 1.03358 0.350061
v -0.737795 1.0265 0.3291
v -0.729037 1.03307 0.338154
v -0.746329 1.05327 0.328125
v -0.737737 1.04724 0.335724
v -0.74042 1.05233 0.319389
v -0.728969 1.05129 0.330822
v -0.747513 1.05937 0.318219
v -0.735079 1.05524 0.326587
v -0.737573 1.06011 0.304672
v -0.728627 1.05876 0.313868
v -0.724407 1.09296 0.307718
v -0.711926 1.08733 0.320255
v -0.712143 1.09293 0.295225
v -0.703836 1.08728 0.305376
v -0.719778 1.07706 0.310752
v -0.706419 1.07864 0.316094
v -0.715924 1.07849 0.292769
v -0.698392 1.07569 0.301369
v -0.714637 1.09187 0.293617
v -0.702218 1.09107 0.299648
v -0.711776 1.09437 0.276514
v -0.699124 1.092 0.285837
v -0.736276 1.10814 0.275562
v -0.722211 1.11163 0.288046
v -0.726233 1.11231 0.266884
v -0.714158 1.11198 0.279843
v -0.71161 1.09078 0.260083
v -0.706084 1.09843 0.270577
v -0.701008 1.09359 0.252913
v -0.69376 1.09663 0.258083
v -0.728962 1.11002 0.261993
v -0.720499 1.10855 0.267248
v -0.726037 1.10934 0.250963
v -0.713827 1.11004 0.2554
v -0.711438 1.09907 0.2564
v -0.704164 1.0925 0.266183
v -0.703888 1.09821 0.246021
v -0.697658 1.0931 0.253967
v -0.737788 1.01272 0.338485
v -0.735593 1.00866 0.346663
v -0.730347 1.01435 0.330119
v -0.721694 1.01232 0.342472
v -0.750474 1.02232 0.326265
v -0.742362 1.0197 0.337705
v -0.736458 1.02049 0.318788
v -0.731774 1.01821 0.33095
v -0.739587 1.03837 0.325805
v -0.727129 1.03929 0.328485
v -0.728273 1.04122 0.314849
v -0.720364 1.03851 0.321463
v -0.731595 1.04536 0.319998
v -0.72626 1.04721 0.331162
v -0.725193 1.0455 0.313727
v -0.715488 1.04255 0.324067
v -0.741188 1.04543 0.327562
v -0.737743 1.04511 0.337315
v -0.727641 1.04179 0.31626
v -0.722443 1.04352 0.326888
v -0.726459 1.07 0.320961
v -0.720603 1.0747 0.329363
v -0.717355 1.07232 0.310635
v -0.706999 1.07017 0.324675
v -0.719811 1.0677 0.320754
v -0.705582 1.07385 0.330041
v -0.71262 1.07073 0.30708
v -0.705524 1.07395 0.318386
v -0.728809 1.07791 0.297793
v -0.717465 1.07528 0.312175
v -0.717616 1.07734 0.28647
v -0.706167 1.07611 0.302785
v -0.728491 1.0801 0.311135
v -0.722507 1.07245 0.325096
v -0.720975 1.07532 0.30251
v -0.712573 1.07373 0.313606
v -0.726001 1.09523 0.305132
v -0.715828 1.09296 0.317125
v -0.705452 1.09537 0.301514
v -0.701155 1.09912 0.313916
v -0.721419 1.08891 0.299042
v -0.707502 1.08267 0.312969
v -0.709572 1.09315 0.289546
v -0.699905 1.08669 0.29965
v -0.724199 1.0887 0.295474
v -0.718283 1.08946 0.302941
v -0.714124 1.08922 0.287492
v -0.703466 1.08917 0.300088
v -0.737215 0.99219 0.342959
v -0.736368 0.99333 0.355337
v -0.729532 0.995873 0.336891
v -0.723546 0.992177 0.348381
v -0.735266 1.01617 0.342116
v -0.726996 1.02458 0.349992
v -0.723857 1.01589 0.333577
v -0.716566 1.02186 0.342068
v -0.743545 1.03438 0.328964
v -0.735055 1.03588 0.328736
v -0.738939 1.03812 0.316749
v -0.731191 1.0346 0.32253
v -0.746552 1.05186 0.321737
v -0.735403 1.05062 0.326788
v -0.738608 1.04868 0.307894
v -0.732237 1.05312 0.319802
v -0.726279 1.05961 0.313051
v -0.720435 1.06447 0.326762
v -0.715594 1.06548 0.307483
v -0.701801 1.06514 0.317409
v -0.732405 1.10739 0.276404
v -0.726029 1.10544 0.282549
v -0.72868 1.10829 0.266442
v -0.721061 1.10394 0.266936
v -0.71838 1.09408 0.27194
v -0.703162 1.09152 0.278211
v -0.713291 1.09697 0.262598
v -0.702901 1.08999 0.263909
v -0.731826 1.09005 0.254989
v -0.724951 1.09615 0.264841
v -0.718062 1.09291 0.249482
v -0.713883 1.09689 0.259994
v -0.722001 1.10813 0.240371
v -0.716201 1.10769 0.250993
v -0.712271 1.10938 0.237812
v -0.710717 1.1082 0.246016
v -0.73807 1.00584 0.329454
v -0.734076 1.00338 0.341412
v -0.73086 1.00607 0.324967
v -0.726258 1.0025 0.332518
v -0.730261 1.0177 0.328741
v -0.722541 1.02292 0.338021
v -0.718666 1.02293 0.324274
v -0.716044 1.02441 0.332034
v -0.738359 1.04996 0.343301
v -0.730187 1.04871 0.34779
v -0.733722 1.04824 0.330256
v -0.720964 1.05004 0.337617
v -0.729532 1.07005 0.309247
v -0.722194 1.07623 0.321362
v -0.718474 1.0726 0.296619
v -0.710788 1.07712 0.309613
v -0.735018 1.08541 0.303694
v -0.731513 1.07997 0.316329
v -0.720743 1.087 0.294697
v -0.714949 1.07774 0.31075
v -0.739465 1.07143 0.313445
v -0.72196 1.07587 0.319925
v -0.731538 1.07157 0.297189
v -0.71353 1.06938 0.30618
v -0.73051 1.0938 0.309681
v -0.719055 1.10209 0.317255
v -0.727629 1.09737 0.294736
v -0.713966 1.09753 0.30186
v -0.738759 1.08234 0.305413
v -0.730044 1.0772 0.314913
v -0.723706 1.08667 0.294947
v -0.719845 1.07945 0.310868
v -0.73539 1.08552 0.304801
v -0.724081 1.08818 0.316319
v -0.721617 1.07951 0.293927
v -0.709229 1.08894 0.301326
v -0.723845 1.09428 0.278676
v -0.718596 1.08656 0.29023
v -0.705297 1.0952 0.2704
v -0.703511 1.0913 0.28538
v -0.729872 1.09886 0.269049
v -0.719027 1.09476 0.280709
v -0.726652 1.10137 0.260589
v -0.71178 1.09375 0.267709
v -0.727073 1.09926 0.248454
v -0.724109 1.09958 0.261363
v -0.720163 1.0959 0.240282
v -0.711783 1.09678 0.255045
v -0.715038 1.1049 0.244492
v -0.705532 1.10125 0.251825
v -0.707443 1.1042 0.240402
v -0.698777 1.10003 0.245959
v -0.738249 1.03585 0.323392
v -0.72823 1.03918 0.335583
v -0.730123 1.03468 0.318932
v -0.719341 1.03745 0.325153
v -0.740822 1.04895 0.333718
v -0.729624 1.05056 0.345232
v -0.728023 1.05309 0.328263
v -0.72269 1.05215 0.338497
v -0.745314 1.0488 0.314589
v -0.741537 1.04662 0.324868
v -0.728664 1.04764 0.308861
v -0.726981 1.04481 0.322475
v -0.747136 1.05566 0.314051
v -0.743519 1.05779 0.329287
v -0.732742 1.05882 0.313749
v -0.728858 1.06194 0.323962
v -0.734681 1.08211 0.298732
v -0.724846 1.07706 0.312623
v -0.723409 1.07667 0.294991
v -0.715397 1.07297 0.309143
v -0.727081 1.08572 0.298498
v -0.71219 1.08263 0.309634
v -0.724307 1.08375 0.282419
v -0.708548 1.0789 0.28879
v -0.729943 1.10441 0.276324
v -0.725705 1.11134 0.283829
v -0.720036 1.10381 0.266625
v -0.711809 1.10796 0.28148
v -0.726339 1.09824 0.259276
v -0.716387 1.09773 0.267594
v -0.719696 1.09762 0.246715
v -0.708525 1.09946 0.25484
v -0.72997 1.09393 0.244724
v -0.723839 1.09733 0.253692
v -0.721513 1.09801 0.236586
v -0.717671 1.09386 0.244576
v -0.718513 1.11463 0.257383
v -0.709763 1.11058 0.264798
v -0.709794 1.10953 0.251179
v -0.700652 1.11047 0.257741
v -0.734564 1.00398 0.34074
v -0.726098 1.0092 0.354317
v -0.721383 1.00813 0.337247
v -0.714741 1.00826 0.349713
v -0.747434 1.03605 0.324156
v -0.738065 1.03207 0.336869
v -0.740835 1.03464 0.3193
v -0.728272 1.03633 0.32729
v -0.746595 1.05694 0.334452
v -0.734219 1.05915 0.337639
v -0.733311 1.05727 0.323526
v -0.724265 1.0556 0.328372
v -0.740281 1.06049 0.318341
v -0.731532 1.05879 0.328915
v -0.733092 1.06168 0.310839
v -0.724806 1.06246 0.322375
v -0.730154 1.06909 0.323154
v -0.724602 1.07077 0.334803
v -0.723256 1.06717 0.317209
v -0.715132 1.07168 0.323294
v -0.733177 1.07494 0.325548
v -0.71586 1.07332 0.326754
v -0.725367 1.07576 0.305645
v -0.711687 1.06921 0.31366
v -0.728317 1.09122 0.30996
v -0.715864 1.08977 0.328509
v -0.713263 1.08996 0.302193
v -0.707582 1.08621 0.319007
v -0.735705 1.07686 0.311659
v -0.724501 1.08295 0.321921
v -0.728523 1.07511 0.296036
v -0.716928 1.07871 0.310704
v -0.717312 1.10069 0.297332
v -0.709222 1.09568 0.309615
v -0.709363 1.1009 0.283774
v -0.702174 1.0997 0.292495
v -0.718521 1.10342 0.270344
v -0.716308 1.09647 0.290007
v -0.707144 1.0978 0.267608
v -0.699667 1.09763 0.285503
v -0.720219 1.09593 0.26683
v -0.708443 1.09926 0.279836
v -0.708088 1.0952 0.259235
v -0.696574 1.09717 0.268476
v -0.731932 1.09895 0.272193
v -0.725098 1.10562 0.284291
v -0.722007 1.09857 0.267185
v -0.717555 1.10249 0.272699
v -0.72286 1.09646 0.260181
v -0.715724 1.09879 0.273561
v -0.720182 1.0974 0.25253
v -0.708717 1.1001 0.26162
v -0.721676 1.0904 0.26098
v -0.715212 1.09128 0.269122
v -0.71331 1.08938 0.250871
v -0.705413 1.08965 0.259097
v -0.713691 1.08824 0.258672
v -0.707786 1.08948 0.272158
v -0.703206 1.09118 0.253026
v -0.693889 1.09006 0.267014
v -0.71788 1.10915 0.252728
v -0.708915 1.1067 0.258603
v -0.714016 1.10994 0.24379
v -0.70128 1.10692 0.244955
v -0.729027 1.09241 0.255865
v -0.718945 1.09342 0.25743
v -0.722279 1.09424 0.243209
v -0.712543 1.0974 0.246887
v -0.731706 1.0134 0.330674
v -0.725237 1.0145 0.339529
v -0.724395 1.01339 0.321504
v -0.719573 1.01471 0.329202
v -0.745301 1.01864 0.326816
v -0.737911 1.02002 0.336989
v -0.738052 1.02086 0.315913
v -0.733239 1.01944 0.32893
v -0.7349 1.04595 0.318844
v -0.72817 1.04158 0.33223
v -0.723668 1.04307 0.315951
v -0.720897 1.04149 0.322093
v -0.731656 1.04425 0.31909
v -0.72426 1.05125 0.335491
v -0.720614 1.04637 0.31242
v -0.713386 1.04609 0.3244
v -0.71856 1.08416 0.301773
v -0.716808 1.0835 0.317679
v -0.70988 1.08108 0.292348
v -0.699651 1.08581 0.305178
v -0.729169 1.08185 0.312314
v -0.722311 1.08014 0.325138
v -0.710076 1.08023 0.310684
v -0.706786 1.07874 0.320568
v -0.730103 1.09229 0.317326
v -0.712418 1.10174 0.32367
v -0.721797 1.096 0.30419
v -0.70813 1.09882 0.309016
v -0.737998 1.08868 0.307318
v -0.72747 1.08424 0.322055
v -0.721277 1.09216 0.299152
v -0.71195 1.08673 0.319537
v -0.722777 1.08626 0.300209
v -0.718049 1.07734 0.309089
v -0.711686 1.08775 0.290421
v -0.702805 1.08256 0.307846
v -0.725909 1.10722 0.260695
v -0.720805 1.10916 0.275176
v -0.713095 1.10682 0.255066
v -0.712155 1.11191 0.272511
v -0.716435 1.11505 0.270945
v -0.710289 1.11416 0.278545
v -0.706188 1.11695 0.258802
v -0.6982 1.11824 0.27531
v -0.735591 1.11044 0.26569
v -0.730045 1.11862 0.274811
v -0.723607 1.11249 0.254832
v -0.719289 1.11475 0.26961
v -0.727379 1.09679 0.276446
v -0.716951 1.09197 0.277839
v -0.722951 1.09555 0.264623
v -0.707243 1.09179 0.270512
v -0.711681 1.09991 0.245451
v -0.705692 1.10165 0.259424
v -0.701562 1.10478 0.241148
v -0.696496 1.09975 0.255864
v -0.720592 1.09545 0.241657
v -0.710847 1.09223 0.248384
v -0.714201 1.09198 0.235513
v -0.703468 1.0902 0.240746
v -0.744203 1.03155 0.321302
v -0.738103 1.03384 0.332254
v -0.737755 1.03387 0.315251
v -0.729226 1.03203 0.326222
v -0.729665 1.04743 0.334788
v -0.719391 1.0444 0.334973
v -0.72665 1.05169 0.321715
v -0.710443 1.04806 0.326909
v -0.743629 1.06676 0.331553
v -0.729997 1.06577 0.33126
v -0.738832 1.06025 0.314425
v -0.724243 1.06866 0.322504
v -0.727468 1.0769 0.317735
v -0.719345 1.07389 0.33548
v -0.718635 1.07435 0.314073
v -0.709746 1.07403 0.328081
v -0.740575 1.08052 0.303654
v -0.728783 1.08782 0.318347
v -0.721691 1.08459 0.295767
v -0.718904 1.08652 0.308754
v -0.71188 1.09599 0.263475
v -0.705367 1.0946 0.268926
v -0.706198 1.09158 0.251088
v -0.699143 1.09362 0.26031
v -0.720679 1.09904 0.268346
v -0.710741 1.10126 0.279764
v -0.713971 1.09824 0.261865
v -0.701595 1.10276 0.269271
v -0.746767 1.02977 0.337556
v -0.741864 1.03088 0.351958
v -0.733321 1.02945 0.33231
v -0.728794 1.03048 0.347418
v -0.748151 1.032 0.337632
v -0.736754 1.03279 0.340821
v -0.738503 1.02801 0.324029
v -0.732159 1.03351 0.3359
v -0.742462 1.04568 0.317249
v -0.733809 1.04397 0.325925
v -0.73482 1.04141 0.308535
v -0.725825 1.03952 0.316051
v -0.737073 1.03722 0.328115
v -0.728411 1.04247 0.333592
v -0.735132 1.04312 0.315684
v -0.718964 1.03863 0.320504
v -0.732091 1.05939 0.32783
v -0.719378 1.06584 0.332411
v -0.721301 1.06213 0.312176
v -0.711875 1.0661 0.322906
v -0.734483 1.07346 0.299059
v -0.723934 1.07456 0.317216
v -0.723741 1.07549 0.291194
v -0.710485 1.07452 0.301643
v -0.718715 1.09626 0.290927
v -0.712563 1.09526 0.309316
v -0.7013 1.09401 0.289617
v -0.697155 1.09937 0.297
v -0.737253 1.097 0.296154
v -0.722754 1.09561 0.306627
v -0.722715 1.09189 0.288082
v -0.713756 1.09563 0.297567
v -0.731492 1.0908 0.273124
v -0.725607 1.09819 0.28235
v -0.721926 1.09052 0.263121
v -0.711366 1.09483 0.275562
v -0.721477 1.09915 0.281999
v -0.709842 1.09357 0.282661
v -0.718472 1.10069 0.268669
v -0.706782 1.09417 0.272611
v -0.712964 1.11442 0.26301
v -0.701347 1.10714 0.265107
v -0.708057 1.11305 0.252595
v -0.701588 1.10889 0.256337
v -0.725335 1.08868 0.248034
v -0.717865 1.09226 0.253658
v -0.711597 1.09032 0.238338
v -0.706597 1.09304 0.249192
v -0.715996 1.10895 0.246237
v -0.70963 1.10618 0.258315
v -0.702728 1.10843 0.243736
v -0.700704 1.10773 0.25017
v -0.744133 1.02195 0.346082
v -0.737962 1.02001 0.356155
v -0.730688 1.02411 0.337444
v -0.724493 1.0194 0.351941
v -0.734052 1.03317 0.334835
v -0.724915 1.03596 0.34639
v -0.724241 1.03411 0.330343
v -0.716812 1.03108 0.3409
v -0.747803 1.05893 0.313416
v -0.739449 1.06072 0.32008
v -0.733702 1.05433 0.308018
v -0.732144 1.06078 0.315445
v -0.741047 1.05213 0.31495
v -0.736862 1.04586 0.322334
v -0.737495 1.05101 0.302842
v -0.724254 1.04668 0.310515
v -0.72275 1.06547 0.317318
v -0.711856 1.05477 0.326647
v -0.714331 1.06557 0.305917
v -0.701869 1.05649 0.313744
v -0.721096 1.07596 0.300573
v -0.710566 1.07547 0.314716
v -0.709569 1.07662 0.293013
v -0.697887 1.07734 0.307064
v -0.730491 1.0929 0.301195
v -0.721177 1.09418 0.314123
v -0.71454 1.09992 0.295504
v -0.709341 1.08749 0.310258
v -0.721115 1.08399 0.297755
v -0.713794 1.09503 0.307192
v -0.707404 1.08896 0.290636
v -0.698257 1.09283 0.304861
v -0.738521 1.08104 0.313462
v -0.725476 1.08615 0.322658
v -0.725405 1.08061 0.301467
v -0.716907 1.08198 0.30592
v -0.721074 1.07768 0.30272
v -0.70847 1.08572 0.314951
v -0.716522 1.07913 0.290288
v -0.699096 1.08331 0.302045
v -0.717885 1.09205 0.285531
v -0.715641 1.0865 0.297625
v -0.70829 1.08637 0.277241
v -0.703356 1.08775 0.289936
v -0.726271 1.10895 0.268781
v -0.712921 1.11429 0.279544
v -0.712018 1.11085 0.262538
v -0.70391 1.11783 0.272409
v -0.735243 1.11683 0.255769
v -0.731425 1.11137 0.270271
v -0.721794 1.11332 0.24938
v -0.715061 1.10846 0.266244
v -0.731842 1.09732 0.262421
v -0.723417 1.09309 0.27154
v -0.719384 1.09772 0.256192
v -0.713454 1.09565 0.266175
v -0.720329 1.09669 0.247102
v -0.712474 1.10015 0.25669
v -0.715554 1.10019 0.236303
v -0.707177 1.09963 0.248251
v -0.734321 1.10564 0.251038
v -0.72325 1.10178 0.258099
v -0.725751 1.10307 0.242267
v -0.717812 1.10529 0.245896
v -0.740242 1.01927 0.323627
v -0.735593 1.0179 0.331395
v -0.735396 1.01715 0.317253
v -0.726861 1.01959 0.32757
v -0.722708 1.04067 0.351479
v -0.708626 1.04568 0.354915
v -0.716618 1.04406 0.33892
v -0.703348 1.04107 0.345984
v -0.735932 1.06116 0.349476
v -0.727158 1.06303 0.354898
v -0.727036 1.06117 0.341641
v -0.718844 1.05911 0.346296
v -0.719255 1.06441 0.330595
v -0.711232 1.07144 0.342085
v -0.708121 1.0641 0.321771
v -0.701655 1.07178 0.328899
v -0.693543 1.06052 0.335777
v -0.681902 1.06014 0.344326
v -0.685681 1.05984 0.325355
v -0.671707 1.06373 0.331278
v -0.667587 1.0646 0.342459
v -0.65467 1.05937 0.351896
v -0.653351 1.06559 0.333902
v -0.644872 1.06077 0.336555
v -0.642598 1.04504 0.347202
v -0.633804 1.03986 0.357785
v -0.622666 1.04362 0.340877
v -0.619445 1.04327 0.34835
v -0.622367 1.04343 0.357821
v -0.615607 1.04677 0.367978
v -0.61262 1.04261 0.346927
v -0.603415 1.04785 0.354612
v -0.598037 1.02859 0.357777
v -0.584707 1.03029 0.368465
v -0.585364 1.03156 0.350423
v -0.57795 1.03458 0.358563
v -0.597566 1.02689 0.363546
v -0.588499 1.027 0.370597
v -0.591063 1.02638 0.356184
v -0.583159 1.0257 0.366783
v -0.726345 1.06057 0.35243
v -0.713893 1.05668 0.361224
v -0.720315 1.05603 0.3451
v -0.71213 1.06006 0.348839
v -0.711885 1.05313 0.337106
v -0.704998 1.0524 0.341362
v -0.704478 1.05309 0.325448
v -0.696706 1.05543 0.338403
v -0.718802 1.05605 0.339763
v -0.71481 1.05266 0.352116
v -0.711454 1.05585 0.335337
v -0.706905 1.05309 0.34574
v -0.699864 1.0643 0.355003
v -0.685311 1.06597 0.360014
v -0.691831 1.06282 0.340474
v -0.681893 1.06578 0.350804
v -0.68404 1.07594 0.34583
v -0.670866 1.07509 0.349317
v -0.671676 1.06992 0.332259
v -0.661179 1.07271 0.342446
v -0.666037 1.04902 0.362801
v -0.651074 1.05158 0.370094
v -0.654811 1.04987 0.34958
v -0.646363 1.05179 0.358939
v -0.635839 1.0522 0.364648
v -0.622754 1.05119 0.366955
v -0.624831 1.04935 0.347636
v -0.61519 1.04919 0.360448
v -0.610893 1.03643 0.364786
v -0.600675 1.03592 0.37387
v -0.59935 1.03379 0.353611
v -0.592092 1.03588 0.365103
v -0.722867 1.06756 0.344005
v -0.713158 1.06744 0.354049
v -0.711852 1.06784 0.336441
v -0.703502 1.06254 0.342913
v -0.716776 1.0556 0.332643
v -0.705836 1.0519 0.339985
v -0.705856 1.05469 0.326599
v -0.694907 1.05119 0.335673
v -0.70062 1.0619 0.350695
v -0.693369 1.06247 0.361726
v -0.692676 1.06333 0.342472
v -0.68412 1.066 0.350159
v -0.674506 1.06497 0.35493
v -0.660761 1.06556 0.368177
v -0.665756 1.06423 0.345383
v -0.648315 1.06808 0.353862
v -0.644103 1.06061 0.364977
v -0.637576 1.05931 0.377024
v -0.632633 1.06105 0.355231
v -0.626002 1.05586 0.367999
v -0.614431 1.02735 0.34931
v -0.602443 1.02867 0.351882
v -0.604796 1.02459 0.334608
v -0.595254 1.02739 0.346278
v -0.746432 1.0354 0.327512
v -0.734647 1.03386 0.333825
v -0.734489 1.03721 0.32161
v -0.724413 1.03637 0.327976
v -0.721223 1.04914 0.336819
v -0.711192 1.04847 0.341273
v -0.714105 1.04812 0.324826
v -0.702407 1.04944 0.333586
v -0.719197 1.06443 0.337197
v -0.716468 1.06275 0.348186
v -0.70882 1.06449 0.332204
v -0.701961 1.06517 0.340459
v -0.702328 1.06832 0.330497
v -0.694336 1.06859 0.339298
v -0.697936 1.06543 0.322341
v -0.688608 1.06571 0.334939
v -0.715788 1.05582 0.32844
v -0.708318 1.05105 0.339987
v -0.704498 1.05711 0.321571
v -0.695299 1.05329 0.337644
v -0.694616 1.05657 0.335435
v -0.681648 1.06093 0.34608
v -0.689066 1.06033 0.328707
v -0.677403 1.06269 0.338128
v -0.671279 1.05158 0.340699
v -0.65433 1.05042 0.352321
v -0.661096 1.04771 0.332616
v -0.64448 1.0482 0.339798
v -0.633829 1.04294 0.344616
v -0.63056 1.04496 0.359212
v -0.624758 1.04335 0.335146
v -0.616139 1.04233 0.346281
v -0.613066 1.02741 0.35431
v -0.603835 1.02818 0.360146
v -0.602436 1.02697 0.339265
v -0.593361 1.02735 0.351741
v -0.61054 1.02564 0.357407
v -0.605362 1.02331 0.369853
v -0.601946 1.02607 0.353196
v -0.595481 1.02674 0.361224
v -0.729951 1.02989 0.329545
v -0.724989 1.03522 0.339234
v -0.719406 1.02987 0.326541
v -0.714493 1.03397 0.332119
v -0.732925 1.02669 0.339628
v -0.721521 1.02837 0.348615
v -0.72847 1.03104 0.332049
v -0.715099 1.02496 0.33843
v -0.727241 1.052 0.330177
v -0.719649 1.05248 0.339293
v -0.720465 1.05314 0.321375
v -0.714728 1.05253 0.328773
v -0.717003 1.05414 0.338359
v -0.70794 1.05093 0.343977
v -0.711499 1.05394 0.323703
v -0.701586 1.04911 0.328957
v -0.729886 1.05682 0.326167
v -0.726945 1.05906 0.333802
v -0.716963 1.05422 0.316025
v -0.715795 1.05798 0.327087
v -0.7127 1.05667 0.344992
v -0.698504 1.05899 0.354418
v -0.699253 1.05807 0.334407
v -0.689441 1.05605 0.340251
v -0.716886 1.0569 0.325679
v -0.713365 1.06192 0.340339
v -0.70588 1.05924 0.325131
v -0.698462 1.06296 0.333177
v -0.695011 1.06288 0.333292
v -0.692899 1.06445 0.341928
v -0.68436 1.05934 0.325195
v -0.676577 1.06381 0.337914
v -0.693481 1.06034 0.3441
v -0.683152 1.05743 0.358482
v -0.675945 1.05567 0.33705
v -0.67068 1.05743 0.354192
v -0.677505 1.05147 0.352681
v -0.669123 1.04814 0.366716
v -0.668284 1.05375 0.339045
v -0.660196 1.05179 0.354566
v -0.672412 1.05339 0.35718
v -0.664605 1.04934 0.371553
v -0.654424 1.04774 0.347901
v -0.647537 1.05428 0.362027
v -0.603493 1.03172 0.353484
v -0.594155 1.03405 0.362251
v -0.593595 1.03366 0.345869
v -0.585226 1.03705 0.35605
v -0.58212 1.02502 0.351958
v -0.574579 1.02455 0.359355
v -0.567787 1.02424 0.343138
v -0.566137 1.02549 0.357798
v -0.720876 1.04628 0.332414
v -0.711416 1.04849 0.340279
v -0.707043 1.04359 0.328981
v -0.70212 1.04921 0.338781
v -0.720595 1.04746 0.33838
v -0.708436 1.0439 0.345023
v -0.714275 1.04643 0.330167
v -0.704275 1.04808 0.332233
v -0.711866 1.06911 0.348064
v -0.702535 1.06963 0.356603
v -0.702927 1.073 0.334907
v -0.690953 1.07409 0.345384
v -0.706523 1.06678 0.330412
v -0.7002 1.06816 0.340716
v -0.701276 1.06513 0.323004
v -0.691681 1.06414 0.32989
v -0.701676 1.06579 0.33086
v -0.698704 1.06263 0.337971
v -0.690085 1.06271 0.320962
v -0.682541 1.06456 0.330355
v -0.671547 1.06902 0.335799
v -0.66402 1.06553 0.343447
v -0.65777 1.06414 0.326739
v -0.651165 1.06651 0.339653
v -0.675753 1.05814 0.359524
v -0.659277 1.05449 0.368886
v -0.662153 1.06338 0.347221
v -0.6492 1.05918 0.355445
v -0.615189 1.04662 0.351314
v -0.610457 1.0448 0.367423
v -0.603754 1.0468 0.348035
v -0.601202 1.04625 0.35733
v -0.622396 1.035 0.363059
v -0.615704 1.04131 0.373209
v -0.616691 1.03324 0.351408
v -0.606285 1.03775 0.357466
v -0.612245 1.02679 0.357883
v -0.604894 1.02501 0.363276
v -0.604799 1.02156 0.345843
v -0.595785 1.02442 0.352289
v -0.60194 1.02026 0.349839
v -0.595037 1.01892 0.357566
v -0.588451 1.02281 0.342256
v -0.583361 1.02155 0.350475
v -0.72108 1.05521 0.336905
v -0.714617 1.05426 0.342943
v -0.713466 1.05541 0.327857
v -0.702661 1.05351 0.334559
v -0.717845 1.068 0.344119
v -0.715235 1.06218 0.354789
v -0.707528 1.06386 0.336536
v -0.705026 1.06222 0.348286
v -0.692834 1.0477 0.350375
v -0.686311 1.0505 0.36172
v -0.680575 1.04778 0.337945
v -0.674936 1.05504 0.353116
v -0.681251 1.07161 0.346262
v -0.66457 1.07513 0.356203
v -0.673191 1.0687 0.330639
v -0.659936 1.07519 0.34129
v -0.665833 1.05494 0.341757
v -0.65 1.05987 0.354109
v -0.654687 1.05498 0.330619
v -0.64369 1.0607 0.337872
v -0.670999 1.04797 0.347043
v -0.657945 1.05087 0.352943
v -0.653966 1.05149 0.336228
v -0.642963 1.05144 0.347079
v -0.643091 1.04395 0.352942
v -0.6259 1.0419 0.357486
v -0.633793 1.04666 0.339321
v -0.622466 1.03834 0.341371
v -0.625248 1.03582 0.358869
v -0.619676 1.03081 0.371652
v -0.618751 1.03647 0.351484
v -0.608842 1.03241 0.357495
v -0.727753 1.03134 0.340281
v -0.718949 1.03313 0.346382
v -0.722096 1.03491 0.329122
v -0.715095 1.02801 0.336151
v -0.743514 1.0402 0.345042
v -0.735659 1.04302 0.353742
v -0.73364 1.04007 0.338434
v -0.726897 1.03996 0.345767
v -0.729651 1.04903 0.333231
v -0.72513 1.04806 0.345052
v -0.721601 1.04514 0.325577
v -0.713913 1.04775 0.336673
v -0.70536 1.07125 0.332288
v -0.69519 1.072 0.346797
v -0.696997 1.07214 0.324836
v -0.689091 1.0713 0.334046
v -0.69902 1.05764 0.347948
v -0.69158 1.05543 0.358906
v -0.690965 1.05265 0.33788
v -0.68197 1.05297 0.348054
v -0.693729 1.05729 0.331271
v -0.680591 1.06138 0.340046
v -0.681704 1.05733 0.321432
v -0.669422 1.06217 0.33175
v -0.690813 1.0575 0.339356
v -0.683385 1.05766 0.344364
v -0.689403 1.05654 0.326892
v -0.671119 1.06278 0.329837
v -0.680368 1.05261 0.352397
v -0.667552 1.0582 0.365687
v -0.670377 1.05236 0.343907
v -0.663106 1.05601 0.352012
v -0.662612 1.05063 0.343901
v -0.652739 1.05409 0.356193
v -0.656987 1.04917 0.32924
v -0.646641 1.05931 0.342434
v -0.652241 1.0454 0.349683
v -0.643197 1.04835 0.353644
v -0.64442 1.05124 0.332973
v -0.634817 1.05172 0.339491
v -0.623794 1.02844 0.354658
v -0.616555 1.02569 0.361021
v -0.614271 1.02727 0.344283
v -0.602614 1.02699 0.348798
v -0.597172 1.02587 0.349899
v -0.587031 1.02294 0.355373
v -0.591451 1.02731 0.339444
v -0.584198 1.02692 0.343732
v -0.591062 1.02024 0.341316
v -0.581585 1.02552 0.351135
v -0.579587 1.02099 0.338408
v -0.576506 1.02286 0.34657
v -0.727737 1.0545 0.33378
v -0.717975 1.05193 0.341327
v -0.720622 1.05201 0.325003
v -0.711229 1.05031 0.327284
v -0.731091 1.0612 0.343951
v -0.722193 1.06705 0.355897
v -0.717365 1.06049 0.341492
v -0.711798 1.06552 0.348476
v -0.713393 1.0596 0.345789
v -0.700785 1.05777 0.352051
v -0.703496 1.05948 0.33812
v -0.694975 1.05527 0.34329
v -0.681659 1.06642 0.354254
v -0.671282 1.05959 0.362204
v -0.669465 1.06343 0.345978
v -0.659974 1.05745 0.355591
v -0.674779 1.05095 0.358669
v -0.662311 1.04965 0.365363
v -0.663711 1.05749 0.34632
v -0.646759 1.05289 0.357738
v -0.639389 1.0584 0.351906
v -0.630872 1.06639 0.36799
v -0.631782 1.06042 0.347667
v -0.622186 1.0605 0.359929
v -0.619854 1.03164 0.362305
v -0.607391 1.03495 0.373214
v -0.611782 1.03737 0.35034
v -0.60276 1.03559 0.36064
v -0.601358 1.03465 0.345505
v -0.593628 1.02815 0.355201
v -0.593544 1.03082 0.338898
v -0.581513 1.03014 0.348658
v -0.751586 1.02911 0.328482
v -0.741986 1.03305 0.336694
v -0.741464 1.02938 0.323509
v -0.733938 1.0322 0.331742
v -0.732224 1.0471 0.336133
v -0.725408 1.04696 0.348583
v -0.723666 1.04608 0.333427
v -0.718181 1.04358 0.346596
v -0.717643 1.05275 0.322985
v -0.716508 1.05067 0.332619
v -0.710906 1.05396 0.31821
v -0.706217 1.04892 0.327657
v -0.688184 1.06121 0.336974
v -0.67874 1.05596 0.342353
v -0.680472 1.05754 0.325091
v -0.67185 1.06033 0.335584
v -0.685294 1.06985 0.341827
v -0.677364 1.07361 0.356399
v -0.671617 1.07641 0.335415
v -0.665018 1.07791 0.345884
v -0.625733 1.04501 0.350201
v -0.61362 1.04301 0.361496
v -0.612413 1.04863 0.338779
v -0.606094 1.04087 0.349327
v -0.615641 1.03513 0.350278
v -0.604717 1.03249 0.361243
v -0.612634 1.03409 0.343641
v -0.602672 1.03116 0.347242
v -0.746925 1.0363 0.323481
v -0.743814 1.03173 0.334644
v -0.734248 1.03463 0.319168
v -0.728829 1.03389 0.333726
v -0.745803 1.06281 0.33363
v -0.731738 1.06264 0.340979
v -0.737227 1.06112 0.321122
v -0.726055 1.06207 0.327241
v -0.764413 1.0751 0.342873
v -0.753865 1.0754 0.351089
v -0.758649 1.07866 0.333289
v -0.744486 1.07759 0.34334
v -0.779933 1.08123 0.346802
v -0.765767 1.08106 0.358435
v -0.769468 1.08332 0.332326
v -0.754393 1.08218 0.344473
v -0.796177 1.08589 0.332791
v -0.789885 1.07904 0.342979
v -0.786875 1.08608 0.324788
v -0.773837 1.08382 0.339315
v -0.803034 1.06518 0.358137
v -0.789203 1.06862 0.364231
v -0.796274 1.06613 0.342891
v -0.782885 1.06333 0.349358
v -0.816361 1.06494 0.329729
v -0.808924 1.06752 0.334606
v -0.809933 1.06478 0.314585
v -0.796424 1.06497 0.324136
v -0.821815 1.06881 0.346484
v -0.815713 1.06832 0.355889
v -0.810374 1.07447 0.334144
v -0.805476 1.06725 0.343677
v -0.846218 1.06299 0.332687
v -0.843043 1.06379 0.33844
v -0.835639 1.06626 0.324951
v -0.831391 1.06326 0.336333
v -0.732472 1.04451 0.341634
v -0.721588 1.04345 0.342982
v -0.727279 1.04797 0.332207
v -0.716888 1.04253 0.33464
v -0.766253 1.08833 0.345319
v -0.759971 1.08726 0.355435
v -0.759215 1.08342 0.331643
v -0.751184 1.08275 0.342667
v -0.791255 1.07523 0.328647
v -0.780618 1.07401 0.34411
v -0.783552 1.07053 0.322213
v -0.769877 1.07661 0.332834
v -0.808925 1.07314 0.336014
v -0.795941 1.06796 0.344121
v -0.801697 1.06924 0.324179
v -0.785455 1.06871 0.331066
v -0.819496 1.05806 0.348228
v -0.808033 1.06581 0.358204
v -0.813668 1.05626 0.338689
v -0.800029 1.06131 0.341172
v -0.838374 1.04982 0.351281
v -0.832319 1.05524 0.365618
v -0.830835 1.04963 0.345424
v -0.821648 1.05206 0.358632
v -0.75081 1.03646 0.335364
v -0.744557 1.03422 0.342609
v -0.735548 1.03858 0.327339
v -0.732602 1.03385 0.336816
v -0.748017 1.05511 0.318805
v -0.740767 1.05724 0.331512
v -0.732098 1.05229 0.314037
v -0.732857 1.05546 0.323666
v -0.748514 1.0524 0.330364
v -0.740909 1.05407 0.34048
v -0.739859 1.05215 0.322826
v -0.73295 1.05782 0.333482
v -0.77514 1.0787 0.347077
v -0.759674 1.07546 0.353307
v -0.765899 1.07776 0.330709
v -0.752421 1.07301 0.342331
v -0.772432 1.07181 0.326779
v -0.76982 1.07203 0.334914
v -0.761424 1.06941 0.315995
v -0.755547 1.06642 0.329997
v -0.792885 1.06951 0.355184
v -0.779417 1.07411 0.357626
v -0.790924 1.07214 0.338614
v -0.77655 1.07037 0.343784
v -0.832804 1.05477 0.344534
v -0.825803 1.05114 0.347634
v -0.829657 1.05635 0.334882
v -0.816805 1.05527 0.341713
v -0.849759 1.06872 0.349075
v -0.845273 1.07203 0.35908
v -0.835548 1.06575 0.34783
v -0.833315 1.07292 0.356978
v -0.748067 1.03251 0.328158
v -0.740629 1.03319 0.333724
v -0.744597 1.03588 0.318394
v -0.733127 1.03238 0.329257
v -0.754216 1.0424 0.319838
v -0.742714 1.04706 0.326725
v -0.745068 1.04174 0.31297
v -0.737822 1.04713 0.316515
v -0.744314 1.04227 0.330446
v -0.736136 1.0469 0.339214
v -0.736063 1.04628 0.321053
v -0.724089 1.04537 0.330281
v -0.764179 1.05766 0.338261
v -0.758672 1.05651 0.348158
v -0.751401 1.06095 0.330892
v -0.748626 1.05683 0.341571
v -0.756188 1.08325 0.337015
v -0.752733 1.08071 0.346929
v -0.747699 1.07774 0.329693
v -0.73792 1.08079 0.339807
v -0.796193 1.0684 0.352142
v -0.784835 1.07478 0.360328
v -0.783516 1.06609 0.337404
v -0.774045 1.07009 0.354068
v -0.803183 1.06877 0.350787
v -0.795771 1.07756 0.36561
v -0.793789 1.07293 0.338518
v -0.780467 1.07261 0.350645
v -0.812702 1.07494 0.336982
v -0.803324 1.06812 0.346195
v -0.803805 1.07235 0.327446
v -0.795509 1.07415 0.336076
v -0.833633 1.071 0.336394
v -0.826696 1.0765 0.34789
v -0.821129 1.07336 0.335062
v -0.816061 1.07224 0.345567
v -0.853343 1.05222 0.357121
v -0.841868 1.05466 0.362676
v -0.848506 1.04814 0.347305
v -0.839251 1.05502 0.350877
v -0.746044 1.04546 0.342884
v -0.741072 1.0393 0.352763
v -0.740603 1.04647 0.334705
v -0.731384 1.03878 0.345388
v -0.761415 1.06048 0.32992
v -0.752071 1.05769 0.34155
v -0.749172 1.05736 0.322121
v -0.745586 1.05673 0.333593
v -0.749076 1.07162 0.344045
v -0.740941 1.06847 0.350769
v -0.748342 1.07193 0.333193
v -0.733146 1.07329 0.340517
v -0.767803 1.0711 0.33186
v -0.752191 1.0719 0.336429
v -0.759692 1.0715 0.316444
v -0.750215 1.07432 0.325819
v -0.786023 1.09175 0.345175
v -0.774728 1.0868 0.351775
v -0.777121 1.09224 0.33424
v -0.768646 1.09127 0.342966
v -0.807731 1.06286 0.339687
v -0.802882 1.06464 0.358407
v -0.798936 1.05895 0.334081
v -0.786561 1.05805 0.346652
v -0.811488 1.07568 0.347304
v -0.801367 1.07727 0.357324
v -0.801377 1.0755 0.338418
v -0.794538 1.07762 0.3482
v -0.813834 1.05624 0.323518
v -0.805602 1.0522 0.339881
v -0.801214 1.05829 0.317278
v -0.796557 1.05771 0.330013
v -0.828791 1.05417 0.329996
v -0.821349 1.05356 0.342502
v -0.821613 1.05214 0.324119
v -0.809639 1.05736 0.330317
v -0.850193 1.06895 0.3456
v -0.838594 1.06933 0.358232
v -0.83914 1.06707 0.340729
v -0.832776 1.0675 0.34764
v -0.735704 1.03335 0.340265
v -0.72932 1.03661 0.347623
v -0.722717 1.03789 0.334268
v -0.7154 1.03636 0.342457
v -0.748445 1.06606 0.343601
v -0.740832 1.05993 0.346885
v -0.742832 1.06416 0.332943
v -0.732445 1.06158 0.337696
v -0.746724 1.06194 0.327619
v -0.737869 1.06017 0.335405
v -0.734123 1.06161 0.321874
v -0.730255 1.06112 0.327097
v -0.7842 1.08297 0.329068
v -0.77126 1.08531 0.336942
v -0.769632 1.08653 0.317913
v -0.757907 1.08749 0.330624
v -0.782591 1.07195 0.354329
v -0.769237 1.06872 0.357341
v -0.772711 1.07723 0.341109
v -0.762529 1.06896 0.347007
v -0.843654 1.05479 0.345049
v -0.837311 1.05708 0.350128
v -0.840232 1.05561 0.334823
v -0.828261 1.05619 0.342457
v -0.740329 1.05994 0.340484
v -0.734925 1.06113 0.346806
v -0.729165 1.057 0.333191
v -0.724068 1.05787 0.343101
v -0.759605 1.05578 0.324502
v -0.753715 1.06332 0.330649
v -0.746712 1.05568 0.317392
v -0.745308 1.06014 0.324394
v -0.785269 1.08582 0.338382
v -0.778105 1.08031 0.348876
v -0.771616 1.08335 0.33378
v -0.76755 1.0792 0.339238
v -0.808987 1.07518 0.339169
v -0.795773 1.07278 0.352591
v -0.795604 1.07492 0.330637
v -0.784381 1.07216 0.34291
v -0.822081 1.06158 0.335011
v -0.811669 1.05551 0.344127
v -0.813826 1.05813 0.321379
v -0.799602 1.05672 0.335096
v -0.837215 1.06514 0.334545
v -0.824891 1.07193 0.342123
v -0.828908 1.06478 0.326635
v -0.816842 1.07189 0.331433
v -0.737989 1.04995 0.324532
v -0.730455 1.05178 0.336177
v -0.727823 1.04529 0.317472
v -0.721807 1.04769 0.327516
v -0.75559 1.04136 0.323626
v -0.749023 1.04339 0.334568
v -0.752009 1.04423 0.317832
v -0.737903 1.04471 0.324364
v -0.742613 1.05341 0.345202
v -0.72924 1.05275 0.351509
v -0.737896 1.05621 0.33562
v -0.724384 1.05259 0.337694
v -0.760617 1.061 0.338507
v -0.753956 1.06063 0.347625
v -0.754041 1.05679 0.329904
v -0.741892 1.05612 0.340462
v -0.770588 1.07841 0.332257
v -0.76716 1.07753 0.343511
v -0.764461 1.07921 0.322666
v -0.756201 1.07847 0.334713
v -0.792716 1.07863 0.327292
v -0.790885 1.07208 0.340756
v -0.779247 1.08005 0.323092
v -0.773172 1.07028 0.338439
v -0.806819 1.07252 0.332126
v -0.799798 1.06763 0.344817
v -0.791449 1.06607 0.326343
v -0.788312 1.06858 0.340956
v -0.821052 1.06905 0.350168
v -0.810842 1.06631 0.358771
v -0.809505 1.06228 0.33831
v -0.797272 1.06665 0.34709
v -0.835786 1.06288 0.357231
v -0.826937 1.06345 0.365694
v -0.83497 1.06473 0.348452
v -0.82254 1.06744 0.353644
v -0.749218 1.03233 0.323447
v -0.74398 1.03999 0.335629
v -0.738102 1.03607 0.318505
v -0.734997 1.03938 0.326815
v -0.746844 1.0591 0.339858
v -0.73551 1.06147 0.345478
v -0.739669 1.06121 0.330584
v -0.726241 1.05806 0.339768
v -0.768756 1.07745 0.336973
v -0.761107 1.08541 0.341995
v -0.75853 1.08268 0.325855
v -0.751049 1.07961 0.335721
v -0.793267 1.06299 0.334902
v -0.783971 1.0669 0.349573
v -0.780027 1.06933 0.328097
v -0.765585 1.06856 0.338236
v -0.815041 1.06225 0.346599
v -0.805455 1.06525 0.358604
v -0.798134 1.06332 0.335503
v -0.794963 1.06315 0.351785
v -0.814277 1.05364 0.327998
v -0.811205 1.05924 0.340136
v -0.801961 1.05507 0.320654
v -0.793953 1.05874 0.332129
v -0.832715 1.06468 0.356094
v -0.817175 1.0603 0.359926
v -0.827863 1.0652 0.34214
v -0.813647 1.06539 0.348617
v -0.836446 1.05813 0.355169
v -0.834562 1.0576 0.364992
v -0.82931 1.06087 0.347784
v -0.819314 1.05865 0.360202
v -0.731079 1.03507 0.333793
v -0.723051 1.03262 0.337618
v -0.724689 1.02998 0.322607
v -0.719185 1.0354 0.328821
v -0.753163 1.03441 0.337244
v -0.741256 1.03727 0.346672
v -0.745789 1.03829 0.328346
v -0.737066 1.04009 0.337632
v -0.752878 1.06414 0.330155
v -0.745928 1.06396 0.33473
v -0.74523 1.06589 0.318853
v -0.736038 1.06261 0.325957
v -0.741382 1.06386 0.330488
v -0.735535 1.06614 0.340417
v -0.736415 1.06617 0.324312
v -0.723862 1.06182 0.334867
v -0.780588 1.07752 0.347827
v -0.770961 1.08471 0.350774
v -0.77781 1.07589 0.333112
v -0.765519 1.0791 0.34072
v -0.784644 1.08915 0.339601
v -0.777881 1.08695 0.356865
v -0.775916 1.084 0.33506
v -0.762952 1.08808 0.347873
v -0.793463 1.06828 0.341847
v -0.782173 1.06962 0.359644
v -0.775901 1.06235 0.332556
v -0.770246 1.06882 0.343283
v -0.824143 1.06157 0.352084
v -0.811571 1.05828 0.358272
v -0.817764 1.05733 0.333185
v -0.808568 1.05999 0.343856
v -0.84882 1.05308 0.360032
v -0.837469 1.05062 0.363666
v -0.84124 1.0506 0.347748
v -0.832934 1.04637 0.350004
v -0.723825 1.05338 0.340663
v -0.711698 1.05655 0.346303
v -0.714475 1.05383 0.333515
v -0.706638 1.05698 0.341152
v -0.746505 1.066 0.315044
v -0.740264 1.0591 0.322605
v -0.739049 1.0666 0.307539
v -0.73292 1.06128 0.315931
v -0.737841 1.05891 0.315388
v -0.724842 1.06017 0.322029
v -0.725977 1.0567 0.30575
v -0.71604 1.06152 0.316111
v -0.734898 1.07779 0.325924
v -0.730104 1.07903 0.342222
v -0.72141 1.07969 0.320138
v -0.721619 1.08307 0.335347
v -0.745211 1.08342 0.335388
v -0.729016 1.08042 0.344973
v -0.736521 1.08256 0.321708
v -0.724019 1.07718 0.32935
v -0.765306 1.08509 0.328983
v -0.748996 1.08705 0.334375
v -0.749383 1.09036 0.315331
v -0.742215 1.08808 0.323194
v -0.753835 1.08901 0.358716
v -0.745034 1.0891 0.365557
v -0.749033 1.08841 0.351866
v -0.735211 1.08852 0.357522
v -0.750688 1.07434 0.343018
v -0.73961 1.07765 0.351831
v -0.743007 1.07488 0.336687
v -0.731296 1.07935 0.343409
v -0.767169 1.08705 0.338433
v -0.759316 1.08792 0.351539
v -0.757757 1.08814 0.330431
v -0.746301 1.08643 0.340755
v -0.725459 1.05467 0.341533
v -0.714027 1.05341 0.348567
v -0.717978 1.0561 0.333068
v -0.710011 1.05442 0.341744
v -0.735602 1.06771 0.316929
v -0.719006 1.0696 0.327118
v -0.732367 1.07198 0.307262
v -0.71902 1.06847 0.31374
v -0.761385 1.08653 0.315316
v -0.747704 1.09332 0.326019
v -0.751991 1.0867 0.304531
v -0.732955 1.09052 0.315688
v -0.742876 1.08491 0.319629
v -0.738304 1.08745 0.327224
v -0.72669 1.08439 0.309273
v -0.726371 1.08488 0.32187
v -0.741134 1.07796 0.331571
v -0.733282 1.07478 0.336113
v -0.730643 1.07741 0.313367
v -0.723228 1.07324 0.323445
v -0.745117 1.09206 0.340401
v -0.732113 1.0952 0.344396
v -0.739019 1.09218 0.324498
v -0.730107 1.09545 0.330961
v -0.75424 1.09453 0.352401
v -0.742174 1.09036 0.362155
v -0.745196 1.09208 0.347768
v -0.736386 1.09139 0.352158
v -0.761887 1.07831 0.358157
v -0.752741 1.07282 0.365783
v -0.758714 1.07474 0.349082
v -0.748633 1.07396 0.349503
v -0.770272 1.09227 0.356273
v -0.761234 1.09384 0.363589
v -0.764762 1.09315 0.349402
v -0.755547 1.09273 0.358513
v -0.730884 1.03953 0.332408
v -0.723403 1.03928 0.34147
v -0.721412 1.03855 0.322951
v -0.715722 1.03812 0.329271
v -0.739213 1.06411 0.33423
v -0.731062 1.06006 0.343834
v -0.729531 1.06603 0.326074
v -0.719659 1.06466 0.336409
v -0.735436 1.06048 0.321532
v -0.718577 1.06458 0.322477
v -0.725811 1.06448 0.306965
v -0.717018 1.06668 0.314237
v -0.754312 1.09229 0.344078
v -0.746315 1.09806 0.350745
v -0.748237 1.0933 0.332644
v -0.737787 1.09399 0.343377
v -0.761133 1.07781 0.340062
v -0.755902 1.0752 0.351535
v -0.75307 1.07405 0.334277
v -0.746175 1.07147 0.338843
v -0.769454 1.0845 0.349159
v -0.766043 1.08261 0.362039
v -0.757277 1.08448 0.344731
v -0.752985 1.0774 0.356814
v -0.735522 1.05022 0.332059
v -0.72494 1.05389 0.339009
v -0.729008 1.05443 0.326333
v -0.720409 1.05041 0.333117
v -0.728626 1.05915 0.345296
v -0.724348 1.06029 0.356924
v -0.715373 1.06335 0.340603
v -0.711382 1.06182 0.350464
v -0.73554 1.05712 0.323874
v -0.721797 1.05311 0.334725
v -0.729976 1.05738 0.313667
v -0.716012 1.05692 0.324215
v -0.751649 1.08727 0.329793
v -0.740134 1.08289 0.338047
v -0.740336 1.0818 0.320363
v -0.727912 1.08463 0.328786
v -0.744763 1.07827 0.337518
v -0.735485 1.08087 0.353695
v -0.727472 1.08296 0.329933
v -0.720807 1.07506 0.350237
v -0.757504 1.07437 0.342447
v -0.752223 1.07341 0.351765
v -0.743479 1.07581 0.337436
v -0.739673 1.07657 0.344821
v -0.755689 1.09736 0.352895
v -0.748157 1.09196 0.359668
v -0.750644 1.09282 0.342146
v -0.737337 1.09616 0.352108
v -0.751971 1.0907 0.357172
v -0.746071 1.08871 0.365836
v -0.746554 1.09399 0.350529
v -0.734974 1.08759 0.357185
v -0.729662 1.05344 0.335201
v -0.721989 1.05288 0.3409
v -0.72492 1.0554 0.323255
v -0.710983 1.04971 0.331218
v -0.7259 1.04541 0.333443
v -0.722674 1.04624 0.33942
v -0.71685 1.04709 0.328138
v -0.713032 1.04563 0.333763
v -0.749265 1.0715 0.327834
v -0.74248 1.06833 0.331321
v -0.744847 1.07204 0.314732
v -0.733556 1.06663 0.322627
v -0.740056 1.06432 0.330921
v -0.7328 1.06171 0.345528
v -0.731606 1.06265 0.326532
v -0.724032 1.05909 0.331287
v -0.746047 1.08412 0.323316
v -0.73444 1.08235 0.337444
v -0.733994 1.08745 0.317534
v -0.72189 1.08842 0.32829
v -0.762736 1.07026 0.326942
v -0.751302 1.07424 0.336968
v -0.754196 1.07589 0.312385
v -0.736955 1.07026 0.323217
v -0.756229 1.08291 0.316755
v -0.746865 1.08937 0.336848
v -0.741141 1.0807 0.311887
v -0.735859 1.08386 0.328294
v -0.749794 1.08951 0.331403
v -0.740138 1.09807 0.343497
v -0.740938 1.09326 0.328222
v -0.728148 1.09386 0.335841
v -0.759243 1.08252 0.345781
v -0.75353 1.07831 0.352882
v -0.75577 1.07825 0.338402
v -0.741437 1.07946 0.343615
v -0.728236 1.05284 0.333515
v -0.719975 1.05853 0.339932
v -0.713031 1.05562 0.326609
v -0.710307 1.05495 0.339139
v -0.720918 1.05337 0.326069
v -0.716736 1.04934 0.339417
v -0.710241 1.04956 0.319874
v -0.707244 1.0517 0.329119
v -0.725203 1.06169 0.328731
v -0.716252 1.06182 0.337888
v -0.715518 1.05909 0.321669
v -0.707329 1.06073 0.326628
v -0.750298 1.0765 0.326398
v -0.740523 1.07158 0.33493
v -0.739503 1.07183 0.320155
v -0.732262 1.07171 0.327545
v -0.753881 1.08354 0.323934
v -0.740724 1.0786 0.329617
v -0.742517 1.07955 0.309844
v -0.727417 1.07994 0.3141
v -0.737906 1.07467 0.318656
v -0.737037 1.08157 0.338848
v -0.724867 1.07719 0.312778
v -0.717498 1.08255 0.329605
v -0.744272 1.0809 0.335946
v -0.733115 1.07567 0.347439
v -0.733941 1.08166 0.322683
v -0.721906 1.07077 0.33062
v -0.759879 1.0839 0.328464
v -0.747348 1.08325 0.3354
v -0.74968 1.08334 0.31671
v -0.731876 1.08382 0.320355
v -0.741858 1.07665 0.350202
v -0.731729 1.08213 0.359621
v -0.730473 1.08048 0.339745
v -0.726321 1.08522 0.351243
v -0.748449 1.07639 0.343361
v -0.738249 1.07752 0.349634
v -0.738545 1.08172 0.335854
v -0.728079 1.077 0.341344
v -0.767105 1.09003 0.344577
v -0.758062 1.09152 0.352089
v -0.762182 1.09055 0.333654
v -0.75471 1.09099 0.339881
v -0.77081 1.0907 0.343794
v -0.764447 1.0887 0.3525
v -0.761488 1.08828 0.33632
v -0.758339 1.08789 0.348969
v -0.731035 1.05626 0.333807
v -0.724274 1.05908 0.345812
v -0.719049 1.06054 0.330236
v -0.717187 1.06036 0.340694
v -0.735406 1.05627 0.327005
v -0.729712 1.05488 0.335167
v -0.721977 1.05586 0.319626
v -0.722169 1.05348 0.33065
v -0.749142 1.06966 0.316589
v -0.731918 1.063 0.324638
v -0.735028 1.07017 0.30581
v -0.726292 1.06326 0.317423
v -0.745333 1.07679 0.33915
v -0.737579 1.0776 0.351553
v -0.736681 1.07689 0.333143
v -0.730715 1.08053 0.344336
v -0.763438 1.10103 0.341466
v -0.755766 1.10114 0.351874
v -0.748887 1.09819 0.338252
v -0.745124 1.09889 0.346566
v -0.733748 1.03782 0.351451
v -0.719817 1.03988 0.353238
v -0.725409 1.03607 0.343036
v -0.718287 1.03673 0.344427
v -0.728928 1.06421 0.350707
v -0.717708 1.06159 0.35284
v -0.728572 1.06382 0.33905
v -0.716699 1.05909 0.34513
v -0.736724 1.07289 0.32069
v -0.728797 1.0752 0.328505
v -0.729434 1.07344 0.313512
v -0.715818 1.07532 0.321049
v -0.739546 1.0744 0.312315
v -0.726971 1.07574 0.32227
v -0.733481 1.07674 0.304053
v -0.722799 1.07693 0.312009
v -0.737181 1.06823 0.325575
v -0.733772 1.06318 0.338062
v -0.721702 1.06663 0.318302
v -0.71783 1.06183 0.33589
v -0.742858 1.07483 0.315027
v -0.738554 1.07098 0.329355
v -0.733853 1.07776 0.307524
v -0.720927 1.07638 0.32028
v -0.763493 1.07641 0.356203
v -0.747958 1.07865 0.364988
v -0.755525 1.07511 0.348442
v -0.746842 1.07518 0.35392
v -0.770991 1.08308 0.347084
v -0.76168 1.08429 0.352024
v -0.768148 1.08243 0.338439
v -0.757102 1.08425 0.344982
v -0.764296 1.07695 0.36145
v -0.75557 1.08286 0.367836
v -0.758157 1.07897 0.352825
v -0.747303 1.08207 0.357938
v -0.716552 1.04713 0.337568
v -0.709466 1.0487 0.342895
v -0.711902 1.04982 0.326152
v -0.702107 1.05318 0.337982
v -0.738973 1.06137 0.342714
v -0.728093 1.06365 0.349258
v -0.730543 1.06387 0.334023
v -0.724644 1.05976 0.335744
v -0.74028 1.05455 0.342147
v -0.727256 1.05536 0.344027
v -0.738059 1.05355 0.327277
v -0.722395 1.05726 0.334059
v -0.732633 1.06149 0.324616
v -0.724244 1.06145 0.334076
v -0.718819 1.06495 0.314624
v -0.714434 1.05999 0.32467
v -0.749453 1.07311 0.329242
v -0.736639 1.07256 0.336001
v -0.742938 1.07615 0.319793
v -0.726626 1.07081 0.327068
v -0.756988 1.09189 0.313146
v -0.741701 1.08704 0.327573
v -0.738086 1.08802 0.306346
v -0.73116 1.09076 0.320774
v -0.744811 1.08808 0.336524
v -0.737755 1.0916 0.343184
v -0.732899 1.0927 0.322251
v -0.723362 1.09072 0.332855
v -0.759889 1.07957 0.359655
v -0.753046 1.07751 0.368101
v -0.757292 1.07743 0.344964
v -0.742868 1.07629 0.35653
v -0.761703 1.07013 0.352946
v -0.753087 1.076 0.359417
v -0.75215 1.07215 0.341407
v -0.748455 1.07234 0.353329
v -0.735227 1.05648 0.346611
v -0.725971 1.05319 0.35232
v -0.729673 1.05625 0.338692
v -0.715246 1.05456 0.346127
v -0.734475 1.05588 0.324248
v -0.725107 1.05268 0.330047
v -0.730682 1.05531 0.314474
v -0.718896 1.05786 0.322736
v -0.7318 1.06812 0.331758
v -0.721485 1.07034 0.341727
v -0.722569 1.06325 0.319908
v -0.71165 1.06981 0.330097
v -0.747406 1.09163 0.337494
v -0.739092 1.09316 0.351747
v -0.738448 1.09563 0.328401
v -0.725589 1.09223 0.342843
v -0.747372 1.08305 0.332509
v -0.738518 1.07748 0.349489
v -0.731015 1.08048 0.326414
v -0.726134 1.08012 0.339444
v -0.747166 1.0923 0.354914
v -0.736286 1.09375 0.363961
v -0.742411 1.08762 0.344739
v -0.727935 1.09077 0.35562
v -0.750172 1.08819 0.352338
v -0.746259 1.09023 0.361242
v -0.73672 1.09232 0.347039
v -0.735884 1.09072 0.355392
v -0.737563 1.02758 0.338326
v -0.731022 1.03428 0.345916
v -0.726114 1.02743 0.329722
v -0.722964 1.03339 0.339271
v -0.742825 1.05074 0.332636
v -0.737242 1.05086 0.341605
v -0.737424 1.0482 0.327499
v -0.72906 1.04984 0.33927
v -0.737409 1.05238 0.324765
v -0.726165 1.04765 0.331509
v -0.730053 1.0516 0.318941
v -0.716358 1.04678 0.322846
v -0.756935 1.07776 0.333701
v -0.742934 1.07996 0.351452
v -0.74492 1.07711 0.32674
v -0.732041 1.0782 0.337713
v -0.756642 1.08115 0.32717
v -0.749815 1.08495 0.341042
v -0.749072 1.08497 0.320957
v -0.738051 1.08656 0.329836
v -0.746939 1.09683 0.310308
v -0.742112 1.09765 0.318913
v -0.742926 1.10011 0.296676
v -0.726397 1.09642 0.304598
v -0.760314 1.09506 0.313683
v -0.746685 1.09733 0.318014
v -0.75159 1.09703 0.298798
v -0.744565 1.10179 0.304034
v -0.730374 1.03746 0.320601
v -0.722378 1.03657 0.332829
v -0.723427 1.04066 0.316268
v -0.715826 1.03486 0.321002
v -0.743082 1.06779 0.340896
v -0.730825 1.06626 0.347819
v -0.735544 1.063 0.329145
v -0.728531 1.07018 0.336492
v -0.759377 1.0711 0.319582
v -0.748859 1.07594 0.331572
v -0.744597 1.07559 0.30804
v -0.734234 1.0822 0.323879
v -0.755543 1.08998 0.31628
v -0.746421 1.08229 0.326201
v -0.746796 1.09072 0.308061
v -0.738119 1.08524 0.312311
v -0.741918 1.08857 0.307784
v -0.726807 1.09263 0.320418
v -0.735155 1.09162 0.296515
v -0.716069 1.09624 0.305983
v -0.752145 1.09652 0.304765
v -0.749394 1.09823 0.318757
v -0.740576 1.09315 0.299584
v -0.73957 1.09672 0.310465
v -0.741485 1.03986 0.322929
v -0.733708 1.03585 0.330961
v -0.739421 1.04257 0.312202
v -0.726855 1.03882 0.320248
v -0.72782 1.06514 0.333526
v -0.717905 1.06434 0.342579
v -0.718929 1.0698 0.321982
v -0.711681 1.06238 0.332242
v -0.725979 1.05628 0.323511
v -0.722797 1.05795 0.337102
v -0.718404 1.05137 0.319264
v -0.71166 1.05867 0.329795
v -0.736924 1.0705 0.315158
v -0.731135 1.06637 0.322361
v -0.727851 1.06566 0.307518
v -0.72032 1.06632 0.320439
v -0.753801 1.07717 0.318941
v -0.73987 1.07289 0.32602
v -0.743349 1.0735 0.306325
v -0.728666 1.07356 0.317721
v -0.75247 1.10382 0.313867
v -0.746286 1.10635 0.320557
v -0.746871 1.10792 0.303206
v -0.738229 1.10845 0.310722
v -0.753161 1.1032 0.298539
v -0.748992 1.10901 0.306436
v -0.743834 1.10733 0.294502
v -0.739859 1.10675 0.303616
v -0.740129 1.05056 0.324274
v -0.732499 1.05071 0.329381
v -0.736488 1.04935 0.314554
v -0.728706 1.05221 0.323121
v -0.736001 1.05607 0.323173
v -0.72479 1.05478 0.32818
v -0.729402 1.05181 0.315523
v -0.71963 1.05481 0.318906
v -0.728172 1.05667 0.318297
v -0.728274 1.05372 0.331526
v -0.7208 1.0534 0.316049
v -0.715544 1.051 0.329261
v -0.741254 1.07854 0.319617
v -0.735184 1.07322 0.326908
v -0.736435 1.08035 0.310593
v -0.72608 1.0785 0.31818
v -0.754227 1.08438 0.332907
v -0.742666 1.08374 0.342911
v -0.745767 1.08583 0.317321
v -0.736513 1.08977 0.33092
v -0.739492 1.09123 0.301605
v -0.730729 1.09306 0.314053
v -0.731258 1.09014 0.294546
v -0.72455 1.09086 0.308033
v -0.734249 1.10639 0.317149
v -0.721504 1.10953 0.3266
v -0.729938 1.10775 0.305457
v -0.715816 1.10857 0.311717
v -0.753616 1.09697 0.31503
v -0.745982 1.10121 0.32161
v -0.747504 1.10138 0.307091
v -0.734884 1.10013 0.313867
v -0.753232 1.09777 0.307959
v -0.747189 1.10202 0.316917
v -0.748911 1.09636 0.297212
v -0.738441 1.09764 0.307172
v -0.731465 1.04426 0.328391
v -0.72145 1.04755 0.333308
v -0.728874 1.04543 0.320963
v -0.715804 1.04952 0.327405
v -0.73461 1.03845 0.32157
v -0.724026 1.04296 0.329338
v -0.728649 1.04011 0.310246
v -0.71463 1.04075 0.320456
v -0.740136 1.04731 0.340068
v -0.729412 1.05109 0.347589
v -0.730706 1.04537 0.332495
v -0.722158 1.04674 0.340632
v -0.728727 1.06257 0.341321
v -0.719086 1.05589 0.351089
v -0.720895 1.05765 0.329027
v -0.709527 1.05781 0.337312
v -0.737446 1.0664 0.321637
v -0.727997 1.06049 0.324122
v -0.727355 1.06448 0.304131
v -0.715982 1.06537 0.31389
v -0.736765 1.06757 0.322195
v -0.736955 1.06873 0.336151
v -0.723331 1.07193 0.313501
v -0.721751 1.07425 0.330723
v -0.73822 1.07693 0.321391
v -0.73447 1.08201 0.336814
v -0.723094 1.07447 0.316694
v -0.72047 1.07687 0.329875
v -0.752458 1.04286 0.324343
v -0.741225 1.04115 0.332115
v -0.740243 1.04118 0.317339
v -0.731755 1.04085 0.325663
v -0.730076 1.05151 0.340741
v -0.721404 1.04857 0.349897
v -0.717021 1.05271 0.335958
v -0.71014 1.05408 0.343714
v -0.744375 1.06577 0.322322
v -0.730792 1.0644 0.334233
v -0.733729 1.06816 0.314939
v -0.727304 1.06788 0.324419
v -0.745683 1.07132 0.316463
v -0.735265 1.07682 0.329382
v -0.728891 1.07688 0.309256
v -0.724357 1.07079 0.318726
v -0.747101 1.08267 0.304777
v -0.739543 1.0867 0.313186
v -0.733598 1.08925 0.293411
v -0.728322 1.0924 0.307807
v -0.736324 1.08795 0.305742
v -0.73149 1.09508 0.312772
v -0.725728 1.08871 0.30086
v -0.723335 1.09069 0.310242
v -0.739219 1.06123 0.3288
v -0.73399 1.06537 0.335401
v -0.730469 1.06537 0.323065
v -0.722826 1.06604 0.330903
v -0.743265 1.05829 0.337451
v -0.742561 1.0655 0.348463
v -0.731698 1.05914 0.329486
v -0.726991 1.06247 0.344997
v -0.733608 1.07046 0.337588
v -0.719198 1.06626 0.345468
v -0.72792 1.06535 0.322049
v -0.712012 1.06743 0.332872
v -0.744442 1.07029 0.325036
v -0.724961 1.07221 0.33237
v -0.731096 1.06856 0.309725
v -0.718322 1.07685 0.319788
v -0.740673 1.08726 0.316159
v -0.73376 1.09003 0.326243
v -0.73609 1.086 0.300769
v -0.722225 1.08459 0.316478
v -0.752957 1.09318 0.306692
v -0.745176 1.0961 0.316483
v -0.742727 1.09103 0.300171
v -0.732664 1.09898 0.304052
v -0.753124 1.09163 0.30516
v -0.74573 1.09357 0.315101
v -0.742066 1.09291 0.302398
v -0.736677 1.09292 0.312917
v -0.729486 1.0485 0.331662
v -0.723189 1.04646 0.343795
v -0.716766 1.05007 0.324578
v -0.709585 1.04754 0.335773
v -0.742144 1.06985 0.321736
v -0.732998 1.06866 0.332036
v -0.729631 1.07044 0.312621
v -0.720433 1.0678 0.323223
v -0.734476 1.06949 0.317826
v -0.722738 1.06398 0.326618
v -0.725337 1.0646 0.308827
v -0.710868 1.06313 0.318202
v -0.748877 1.06834 0.342064
v -0.730591 1.07357 0.351998
v -0.737674 1.06819 0.331559
v -0.729199 1.07322 0.336731
v -0.760803 1.08132 0.32771
v -0.747163 1.08914 0.335357
v -0.747608 1.08522 0.316907
v -0.736586 1.09067 0.323379
v -0.746044 1.10229 0.308818
v -0.738863 1.09999 0.315793
v -0.737864 1.10246 0.295004
v -0.724972 1.09564 0.307786
v -0.751403 1.10313 0.316585
v -0.745731 1.09983 0.331031
v -0.73633 1.10171 0.308572
v -0.731223 1.0997 0.325114
v -0.742489 1.0969 0.319031
v -0.727819 1.09774 0.323216
v -0.73829 1.0937 0.303962
v -0.72702 1.09903 0.308823
v -0.747792 1.11031 0.302396
v -0.742569 1.11361 0.311443
v -0.736107 1.10968 0.29688
v -0.73052 1.11419 0.302773
v -0.74423 1.03226 0.33937
v -0.737323 1.03449 0.345814
v -0.736787 1.0283 0.331194
v -0.727486 1.03474 0.336798
v -0.736741 1.05097 0.337157
v -0.732756 1.05399 0.350135
v -0.728276 1.05094 0.334614
v -0.720705 1.05392 0.342995
v -0.756568 1.08885 0.315996
v -0.746498 1.08844 0.324601
v -0.740939 1.09024 0.309657
v -0.730336 1.09186 0.322381
v -0.749351 1.10897 0.318309
v -0.737648 1.11317 0.323988
v -0.742865 1.10785 0.307942
v -0.727462 1.10884 0.316933
v -0.755062 1.09256 0.30821
v -0.749799 1.09645 0.319103
v -0.74106 1.09455 0.302817
v -0.734881 1.09402 0.313569
v -0.740625 1.10365 0.295166
v -0.73025 1.1066 0.30071
v -0.731042 1.1016 0.281827
v -0.721971 1.10119 0.290135
v -0.744516 1.03017 0.329497
v -0.734999 1.03345 0.333155
v -0.741441 1.03059 0.318158
v -0.730733 1.03759 0.32266
v -0.733223 1.03469 0.323986
v -0.730233 1.03797 0.33409
v -0.727138 1.03498 0.313422
v -0.719427 1.03492 0.323945
v -0.740673 1.04918 0.329739
v -0.727316 1.04833 0.33546
v -0.728858 1.04763 0.316843
v -0.717748 1.04572 0.328657
v -0.740436 1.06945 0.328193
v -0.73038 1.06823 0.336109
v -0.733661 1.06992 0.314279
v -0.717706 1.06887 0.318808
v -0.749571 1.0672 0.323161
v -0.731005 1.06837 0.335639
v -0.738358 1.07128 0.31003
v -0.721934 1.07157 0.322962
v -0.742701 1.08125 0.319875
v -0.727985 1.07806 0.326141
v -0.732196 1.08478 0.306363
v -0.717662 1.08148 0.308544
v -0.744874 1.0809 0.314914
v -0.731332 1.07805 0.322513
v -0.736259 1.08 0.300397
v -0.724627 1.08227 0.310215
v -0.752238 1.10542 0.314007
v -0.745965 1.1053 0.320536
v -0.740523 1.10875 0.30374
v -0.730743 1.10662 0.319085
v -0.757507 1.10029 0.304261
v -0.749765 1.09716 0.310984
v -0.747816 1.09929 0.296102
v -0.74013 1.09664 0.305345
v -0.739752 1.04034 0.321071
v -0.730666 1.04359 0.32811
v -0.730196 1.03871 0.310373
v -0.719487 1.04204 0.317891
v -0.755877 1.05906 0.324764
v -0.744737 1.06523 0.330387
v -0.747104 1.06254 0.311942
v -0.738829 1.06311 0.318951
v -0.754865 1.08199 0.320812
v -0.740062 1.07875 0.333794
v -0.743976 1.08064 0.310179
v -0.735338 1.08076 0.322089
v -0.736447 1.07393 0.328672
v -0.731376 1.07841 0.344395
v -0.722322 1.08055 0.323696
v -0.713873 1.07604 0.331417
v -0.746741 1.09928 0.341431
v -0.733404 1.09709 0.342373
v -0.744079 1.09831 0.323641
v -0.731451 1.09826 0.332652
v -0.761294 1.11357 0.342234
v -0.751445 1.11121 0.351802
v -0.754434 1.1166 0.335176
v -0.745926 1.11216 0.340093
v -0.744993 1.05374 0.334079
v -0.739275 1.05319 0.342871
v -0.735281 1.05118 0.327587
v -0.728857 1.05246 0.340443
v -0.742635 1.06283 0.331388
v -0.736516 1.06376 0.34415
v -0.729146 1.0606 0.326044
v -0.727452 1.06791 0.337191
v -0.75247 1.08309 0.329265
v -0.744818 1.08489 0.340303
v -0.740452 1.07819 0.324787
v -0.733602 1.08064 0.333493
v -0.750654 1.07216 0.324303
v -0.743073 1.0776 0.328737
v -0.74355 1.07187 0.310887
v -0.731375 1.08053 0.321291
v -0.737076 1.0758 0.341045
v -0.725504 1.07183 0.353429
v -0.728387 1.07685 0.327883
v -0.713747 1.07615 0.338499
v -0.755754 1.10226 0.352396
v -0.74856 1.0971 0.366383
v -0.742191 1.10245 0.341734
v -0.735121 1.09644 0.35859
v -0.759223 1.11779 0.346464
v -0.7549 1.11504 0.354423
v -0.75104 1.11788 0.341087
v -0.746647 1.11564 0.35046
v -0.764099 1.12232 0.327975
v -0.752644 1.11796 0.331792
v -0.761117 1.1247 0.321371
v -0.748373 1.12054 0.319718
v -0.738223 1.06173 0.319602
v -0.730941 1.06504 0.333428
v -0.732313 1.06444 0.315846
v -0.720555 1.06161 0.323878
v -0.741214 1.06086 0.328225
v -0.732887 1.06652 0.340242
v -0.728381 1.06282 0.318374
v -0.722936 1.06871 0.329675
v -0.744002 1.08859 0.330032
v -0.730624 1.09039 0.334998
v -0.731436 1.0837 0.313532
v -0.717723 1.09326 0.326411
v -0.748922 1.08783 0.340779
v -0.733416 1.08668 0.349878
v -0.7382 1.08741 0.328976
v -0.723536 1.0883 0.337683
v -0.756616 1.10276 0.346203
v -0.748918 1.10117 0.352229
v -0.743794 1.09863 0.333349
v -0.733131 1.10235 0.345241
v -0.766255 1.1222 0.330728
v -0.759744 1.12665 0.343603
v -0.756379 1.1244 0.327765
v -0.749529 1.12693 0.331337
v -0.734594 1.04166 0.332413
v -0.72515 1.0436 0.341509
v -0.72975 1.04635 0.322538
v -0.721251 1.04105 0.32909
v -0.753041 1.07377 0.324074
v -0.746795 1.07684 0.337622
v -0.741591 1.0723 0.316327
v -0.732503 1.07454 0.324423
v -0.751612 1.08296 0.346801
v -0.742979 1.08949 0.352428
v -0.747853 1.08251 0.329093
v -0.728635 1.08474 0.33912
v -0.772044 1.11538 0.324897
v -0.757413 1.11692 0.332171
v -0.762727 1.11217 0.317258
v -0.752408 1.11535 0.318404
v -0.737024 1.07104 0.325923
v -0.731496 1.0746 0.329458
v -0.730634 1.07048 0.312434
v -0.725491 1.07168 0.318224
v -0.743832 1.08041 0.31838
v -0.737228 1.08122 0.336015
v -0.728584 1.07823 0.314621
v -0.723381 1.08039 0.325612
v -0.743355 1.10283 0.336046
v -0.730397 1.10446 0.350463
v -0.72613 1.10766 0.331946
v -0.716758 1.10383 0.341961
v -0.755208 1.10926 0.347287
v -0.747787 1.10795 0.359536
v -0.742016 1.11295 0.339965
v -0.738706 1.10436 0.35379
v -0.762189 1.10159 0.345349
v -0.756772 1.10194 0.356996
v -0.754752 1.10308 0.340729
v -0.745918 1.10018 0.348573
v -0.772172 1.11388 0.34524
v -0.76536 1.11723 0.347431
v -0.770677 1.11681 0.331851
v -0.76067 1.12116 0.337654
v -0.762688 1.11569 0.319793
v -0.755655 1.11229 0.33499
v -0.748498 1.11469 0.319196
v -0.748453 1.11325 0.330002
v -0.736858 1.04056 0.327569
v -0.728913 1.03972 0.330899
v -0.733876 1.04199 0.312934
v -0.720437 1.0352 0.321008
v -0.753351 1.06881 0.330832
v -0.745086 1.0662 0.336475
v -0.749419 1.0686 0.320506
v -0.73979 1.06564 0.324991
v -0.743305 1.07821 0.32383
v -0.731858 1.0755 0.328119
v -0.73497 1.07847 0.311344
v -0.723576 1.07682 0.320523
v -0.736064 1.07312 0.338953
v -0.71877 1.07041 0.344411
v -0.724973 1.07441 0.327468
v -0.716428 1.06873 0.329105
v -0.747806 1.09462 0.353608
v -0.73375 1.09751 0.360722
v -0.734488 1.09465 0.342714
v -0.722281 1.09751 0.35134
v -0.74664 1.11301 0.341842
v -0.742645 1.11095 0.354388
v -0.735862 1.11271 0.333231
v -0.725351 1.11387 0.347005
v -0.774915 1.11147 0.328438
v -0.764553 1.11522 0.336921
v -0.772777 1.11322 0.321244
v -0.75795 1.11619 0.324958
v -0.741593 1.06528 0.323212
v -0.732686 1.06823 0.327071
v -0.735327 1.06961 0.308883
v -0.723399 1.065 0.316146
v -0.746203 1.06465 0.323396
v -0.736414 1.06408 0.340875
v -0.736435 1.06626 0.315629
v -0.724514 1.06777 0.326751
v -0.746453 1.08063 0.341265
v -0.734621 1.08853 0.352318
v -0.735144 1.08408 0.328926
v -0.71903 1.08783 0.344681
v -0.745391 1.10626 0.343864
v -0.732463 1.10886 0.359728
v -0.733065 1.10776 0.334957
v -0.721787 1.10637 0.343243
v -0.75094 1.06426 0.331893
v -0.747292 1.06692 0.342449
v -0.742397 1.06398 0.332386
v -0.740093 1.0649 0.339795
v -0.76117 1.08615 0.348762
v -0.747747 1.09293 0.361237
v -0.744786 1.09096 0.335046
v -0.733999 1.08789 0.349235
v -0.761186 1.11368 0.350149
v -0.750112 1.11055 0.356601
v -0.758195 1.1127 0.334764
v -0.74463 1.11097 0.339511
v -0.756123 1.11016 0.339888
v -0.745676 1.11252 0.34843
v -0.751138 1.11495 0.32899
v -0.743113 1.11361 0.337043
v -0.774896 1.10482 0.336741
v -0.768597 1.10134 0.342001
v -0.767177 1.1022 0.32599
v -0.760069 1.10565 0.335489
v -0.742623 1.05415 0.317088
v -0.738589 1.05087 0.32634
v -0.729513 1.05902 0.313893
v -0.726282 1.05162 0.320074
v -0.750725 1.06074 0.317574
v -0.741414 1.06212 0.323242
v -0.741443 1.06248 0.311726
v -0.731898 1.05837 0.316778
v -0.743601 1.0908 0.327284
v -0.735006 1.08752 0.337148
v -0.733279 1.09215 0.314303
v -0.722786 1.08489 0.326795
v -0.747187 1.09059 0.342375
v -0.739794 1.09475 0.355196
v -0.738048 1.09218 0.333732
v -0.725821 1.08961 0.344268
v -0.754324 1.11292 0.332109
v -0.74366 1.1057 0.344189
v -0.741486 1.11434 0.325884
v -0.732497 1.10847 0.328216
v -0.740706 1.05265 0.316764
v -0.736182 1.04759 0.331281
v -0.731711 1.05371 0.311941
v -0.72757 1.04849 0.322789
v -0.758973 1.06804 0.326071
v -0.751736 1.07379 0.333237
v -0.752351 1.06769 0.312775
v -0.740866 1.07311 0.324715
v -0.7577 1.08053 0.333612
v -0.740142 1.07999 0.337919
v -0.752029 1.08005 0.318102
v -0.73718 1.07548 0.327244
v -0.762642 1.10302 0.336532
v -0.7484 1.11093 0.346556
v -0.756023 1.10795 0.32322
v -0.743264 1.11135 0.329514
v -0.765673 1.10732 0.344867
v -0.754919 1.10697 0.348754
v -0.76525 1.1064 0.332709
v -0.753199 1.1087 0.340682
v -0.740979 1.06603 0.327161
v -0.733234 1.0645 0.333973
v -0.730576 1.06416 0.318188
v -0.725204 1.06688 0.331938
v -0.74177 1.06133 0.316049
v -0.735674 1.06049 0.330476
v -0.731988 1.06061 0.312283
v -0.725242 1.0641 0.321075
v -0.737012 1.07446 0.327255
v -0.726179 1.07225 0.334156
v -0.724207 1.07232 0.314084
v -0.715665 1.07615 0.32507
v -0.751664 1.085 0.321975
v -0.732878 1.08706 0.331655
v -0.742055 1.08779 0.309533
v -0.727385 1.08975 0.314227
v -0.730674 1.0914 0.334193
v -0.723068 1.09532 0.338955
v -0.722674 1.09371 0.317417
v -0.712206 1.09052 0.332005
v -0.753294 1.09367 0.344497
v -0.738877 1.08652 0.349883
v -0.742261 1.08962 0.330016
v -0.733916 1.08179 0.337673
v -0.758731 1.08958 0.331995
v -0.747939 1.08376 0.34268
v -0.742045 1.08714 0.325881
v -0.736799 1.08664 0.331562
v -0.741863 1.10016 0.356291
v -0.729543 1.09649 0.366421
v -0.734962 1.10035 0.348058
v -0.723137 1.09614 0.355859
v -0.737396 1.09123 0.350081
v -0.724153 1.09347 0.355869
v -0.727138 1.09465 0.340275
v -0.720643 1.08928 0.348798
v -0.732495 1.07026 0.320907
v -0.727422 1.07427 0.329665
v -0.723368 1.06645 0.311476
v -0.720533 1.07179 0.321605
v -0.745387 1.07519 0.322756
v -0.734709 1.08164 0.324146
v -0.737781 1.07621 0.303671
v -0.727981 1.08206 0.312294
v -0.737689 1.06791 0.327925
v -0.72985 1.0701 0.337747
v -0.730074 1.06724 0.318408
v -0.719196 1.07186 0.32963
v -0.735596 1.0777 0.323498
v -0.725733 1.07937 0.337707
v -0.731386 1.07515 0.309046
v -0.714598 1.07693 0.318875
v -0.739466 1.08297 0.358195
v -0.736348 1.0878 0.365597
v -0.733011 1.08447 0.351698
v -0.728372 1.08653 0.365411
v -0.75048 1.07815 0.316243
v -0.74981 1.07455 0.32914
v -0.740819 1.0792 0.310934
v -0.730725 1.07847 0.321687
v -0.745417 1.09282 0.317845
v -0.731278 1.0979 0.33547
v -0.733739 1.09525 0.313564
v -0.717954 1.09789 0.323769
v -0.736735 1.07319 0.336424
v -0.722686 1.08141 0.340205
v -0.732173 1.07269 0.31954
v -0.724261 1.08057 0.325146
v -0.751497 1.10716 0.355673
v -0.740737 1.10429 0.363525
v -0.748737 1.1051 0.344247
v -0.739162 1.10207 0.354554
v -0.730023 1.06156 0.332371
v -0.725264 1.05472 0.342
v -0.723985 1.06028 0.327137
v -0.719645 1.05575 0.33501
v -0.739334 1.05671 0.327042
v -0.727636 1.0538 0.327363
v -0.731223 1.05702 0.314028
v -0.72169 1.0503 0.320779
v -0.735128 1.07227 0.331752
v -0.719484 1.06788 0.337267
v -0.726517 1.07292 0.318844
v -0.716455 1.06914 0.330696
v -0.746914 1.0879 0.32679
v -0.736756 1.09332 0.339074
v -0.732879 1.08984 0.317286
v -0.725143 1.09392 0.330645
v -0.737619 1.09385 0.332318
v -0.71949 1.09247 0.346151
v -0.721978 1.09113 0.319918
v -0.713099 1.09448 0.335153
v -0.757381 1.08959 0.342259
v -0.744453 1.08673 0.347846
v -0.74658 1.0872 0.330736
v -0.73835 1.08209 0.338921
v -0.740803 1.07666 0.341708
v -0.730482 1.07466 0.354675
v -0.728347 1.07638 0.333266
v -0.716145 1.07692 0.345551
v -0.742835 1.08875 0.349617
v -0.736735 1.0837 0.365272
v -0.732068 1.08936 0.347848
v -0.725827 1.08219 0.353523
v -0.747379 1.08561 0.368935
v -0.735676 1.09333 0.370758
v -0.744279 1.08668 0.354099
v -0.733216 1.08834 0.360544
v -0.736488 1.0654 0.319369
v -0.726109 1.06433 0.322726
v -0.731781 1.06318 0.30851
v -0.719525 1.06418 0.316274
v -0.734643 1.06152 0.330536
v -0.726538 1.06279 0.342389
v -0.725622 1.06372 0.324038
v -0.714233 1.06654 0.332015
v -0.733209 1.06525 0.328087
v -0.718469 1.06565 0.332024
v -0.725109 1.06805 0.316222
v -0.713922 1.06305 0.321568
v -0.735622 1.09179 0.316071
v -0.73059 1.09059 0.328035
v -0.729348 1.09233 0.308003
v -0.719741 1.09497 0.320353
v -0.733369 1.08359 0.33938
v -0.723647 1.08759 0.349985
v -0.717767 1.08216 0.325687
v -0.714499 1.08773 0.339046
v -0.749151 1.09077 0.335794
v -0.737102 1.08177 0.343634
v -0.737679 1.08679 0.328169
v -0.730575 1.08575 0.337795
v -0.741455 1.04431 0.331923
v -0.731237 1.04535 0.335803
v -0.735053 1.04492 0.318375
v -0.727951 1.04544 0.328972
v -0.744745 1.05806 0.329396
v -0.743579 1.05475 0.34132
v -0.735525 1.05763 0.321365
v -0.729479 1.05225 0.332309
v -0.740702 1.06788 0.315696
v -0.729115 1.06985 0.327702
v -0.728102 1.0685 0.312019
v -0.719449 1.07178 0.323037
v -0.739564 1.08653 0.323033
v -0.726974 1.09106 0.332479
v -0.728298 1.08689 0.306351
v -0.717456 1.09025 0.32052
v -0.761385 1.09559 0.342127
v -0.746624 1.09417 0.347909
v -0.749866 1.09142 0.331153
v -0.737581 1.09162 0.339639
v -0.747696 1.04541 0.325861
v -0.732793 1.04839 0.33397
v -0.741433 1.04897 0.316174
v -0.730629 1.05017 0.323509
v -0.735645 1.0579 0.311005
v -0.729509 1.05946 0.323513
v -0.727849 1.06058 0.307853
v -0.719679 1.05591 0.318068
v -0.731461 1.07581 0.326687
v -0.718739 1.07821 0.335184
v -0.724225 1.08088 0.312831
v -0.715239 1.08101 0.321689
v -0.736021 1.09561 0.329839
v -0.720887 1.09748 0.341331
v -0.724007 1.09516 0.318809
v -0.715285 1.09777 0.328056
v -0.740499 1.10323 0.349279
v -0.728836 1.09666 0.350829
v -0.735687 1.10067 0.334068
v -0.723996 1.10063 0.342616
v -0.723718 1.05131 0.3195
v -0.717473 1.04902 0.326699
v -0.716615 1.05512 0.310787
v -0.710194 1.05346 0.321298
v -0.73347 1.07283 0.325175
v -0.725754 1.076 0.332153
v -0.727906 1.07285 0.316838
v -0.716159 1.07398 0.322471
v -0.751542 1.06522 0.331696
v -0.740597 1.07125 0.342462
v -0.744451 1.06925 0.320214
v -0.730699 1.07373 0.327299
v -0.740219 1.09179 0.340851
v -0.734078 1.0904 0.351693
v -0.734966 1.08782 0.325571
v -0.720221 1.0955 0.34116
v -0.757147 1.08361 0.355593
v -0.743281 1.08481 0.362664
v -0.74564 1.08489 0.34255
v -0.739733 1.08669 0.347653
v -0.737942 1.08829 0.359893
v -0.732481 1.08465 0.365614
v -0.732219 1.0901 0.350834
v -0.727183 1.08482 0.358418
v -0.751752 1.05573 0.320531
v -0.738723 1.0571 0.326313
v -0.74205 1.0569 0.314289
v -0.736273 1.05639 0.319541
v -0.743497 1.08456 0.329923
v -0.737721 1.08094 0.342862
v -0.729193 1.08331 0.323742
v -0.724932 1.07574 0.337369
v -0.747926 1.08875 0.324592
v -0.739054 1.09303 0.32984
v -0.741215 1.09344 0.313907
v -0.727359 1.09719 0.317049
v -0.743695 1.10628 0.338549
v -0.733196 1.10262 0.347354
v -0.730503 1.10403 0.331784
v -0.724249 1.10028 0.336685
v -0.744976 1.10092 0.346267
v -0.73569 1.09567 0.352777
v -0.741474 1.09621 0.338406
v -0.730424 1.09758 0.343148
v -0.745949 1.06094 0.322651
v -0.740339 1.06012 0.33011
v -0.742074 1.05875 0.313846
v -0.732252 1.06258 0.316886
v -0.747536 1.06682 0.339804
v -0.734429 1.06854 0.340506
v -0.742503 1.06676 0.325939
v -0.727496 1.06896 0.333005
v -0.736988 1.09064 0.333574
v -0.730315 1.08608 0.353027
v -0.724313 1.09201 0.326981
v -0.721016 1.08662 0.342709
v -0.740219 1.09643 0.334471
v -0.732247 1.09262 0.337139
v -0.737447 1.09237 0.320186
v -0.720434 1.09173 0.323471
v -0.734613 1.0399 0.312607
v -0.729865 1.04358 0.326016
v -0.724994 1.04407 0.307078
v -0.718898 1.04424 0.318933
v -0.734523 1.06423 0.328239
v -0.725569 1.06636 0.335861
v -0.726679 1.06568 0.316664
v -0.717971 1.06345 0.32534
v -0.737701 1.06864 0.323504
v -0.731626 1.06945 0.336082
v -0.726846 1.06785 0.320625
v -0.717188 1.06955 0.328029
v -0.740955 1.07069 0.311201
v -0.730018 1.06901 0.320051
v -0.728186 1.07311 0.296331
v -0.718139 1.07347 0.31103
v -0.760119 1.07257 0.305185
v -0.743803 1.08119 0.31451
v -0.748987 1.07287 0.298772
v -0.737614 1.08304 0.305106
v -0.729105 1.08478 0.306327
v -0.717639 1.07656 0.309364
v -0.728738 1.08157 0.291944
v -0.710143 1.08242 0.299777
v -0.734686 1.09745 0.298435
v -0.732627 1.09444 0.306906
v -0.725707 1.09749 0.292493
v -0.719108 1.09482 0.303131
v -0.754489 1.09054 0.283486
v -0.744365 1.08788 0.293729
v -0.745797 1.08532 0.274472
v -0.735072 1.08823 0.281809
v -0.746816 1.06014 0.330171
v -0.739635 1.05707 0.338569
v -0.742563 1.06024 0.318706
v -0.734081 1.06133 0.328949
v -0.737842 1.06172 0.337423
v -0.724722 1.06208 0.34554
v -0.732407 1.0634 0.325792
v -0.718708 1.05906 0.335299
v -0.737945 1.06042 0.302374
v -0.732151 1.05903 0.316873
v -0.725807 1.05668 0.295751
v -0.724189 1.06277 0.306923
v -0.732837 1.07963 0.305671
v -0.724522 1.07121 0.313667
v -0.729047 1.07846 0.292465
v -0.718603 1.07271 0.304887
v -0.739215 1.08663 0.283057
v -0.735115 1.08354 0.290481
v -0.729804 1.08801 0.274071
v -0.720989 1.08389 0.283043
v -0.730016 1.05417 0.31708
v -0.722831 1.05062 0.321037
v -0.728986 1.0508 0.306569
v -0.718517 1.05267 0.311253
v -0.747632 1.06178 0.336981
v -0.735899 1.06229 0.343321
v -0.73918 1.06153 0.327539
v -0.727786 1.06409 0.334695
v -0.730179 1.05777 0.319051
v -0.72527 1.05755 0.326761
v -0.722172 1.05969 0.314334
v -0.716424 1.05575 0.321471
v -0.738784 1.05927 0.311679
v -0.721823 1.06401 0.317124
v -0.732692 1.05844 0.297332
v -0.720178 1.05885 0.306894
v -0.737775 1.08157 0.298047
v -0.722533 1.07851 0.304638
v -0.728228 1.08083 0.280931
v -0.720372 1.07749 0.289248
v -0.735523 1.09804 0.294763
v -0.731182 1.097 0.303419
v -0.727872 1.09901 0.293014
v -0.7185 1.09735 0.298173
v -0.734443 1.04656 0.32244
v -0.730064 1.04245 0.329291
v -0.720734 1.04547 0.318314
v -0.718745 1.03972 0.326982
v -0.743943 1.07352 0.317038
v -0.735574 1.06798 0.323346
v -0.73329 1.07226 0.308528
v -0.724142 1.07063 0.321082
v -0.741146 1.0663 0.325117
v -0.726849 1.05736 0.333786
v -0.729539 1.06229 0.314979
v -0.717377 1.06289 0.319473
v -0.756922 1.06659 0.297604
v -0.749312 1.07623 0.312156
v -0.742882 1.07376 0.288042
v -0.735347 1.07705 0.295691
v -0.738054 1.07202 0.300926
v -0.723784 1.07196 0.305067
v -0.723357 1.07497 0.288493
v -0.714495 1.07131 0.292668
v -0.7553 1.0537 0.327993
v -0.746313 1.05252 0.336962
v -0.747141 1.05324 0.319163
v -0.734316 1.0532 0.327774
v -0.750795 1.05788 0.320757
v -0.745347 1.05555 0.33331
v -0.740039 1.05743 0.313651
v -0.735362 1.05092 0.323766
v -0.736059 1.07385 0.325134
v -0.72632 1.06975 0.325922
v -0.726766 1.07233 0.313334
v -0.720608 1.067 0.317273
v -0.737386 1.06782 0.308245
v -0.730914 1.06811 0.312552
v -0.731691 1.06398 0.294424
v -0.723068 1.06974 0.301092
v -0.760189 1.07142 0.308449
v -0.74677 1.07854 0.324081
v -0.740616 1.07229 0.300626
v -0.738263 1.07462 0.315715
v -0.753152 1.08028 0.293941
v -0.74414 1.07639 0.301401
v -0.73877 1.07848 0.280163
v -0.727615 1.07905 0.293912
v -0.731531 1.05046 0.320534
v -0.724956 1.05056 0.333238
v -0.719349 1.05461 0.318345
v -0.713307 1.05157 0.328832
v -0.739705 1.0724 0.317406
v -0.729973 1.07584 0.331724
v -0.729368 1.07087 0.313057
v -0.719576 1.07318 0.325796
v -0.741136 1.07366 0.316815
v -0.735545 1.07501 0.334086
v -0.732095 1.07169 0.313082
v -0.725319 1.07173 0.321933
v -0.737325 1.07824 0.295004
v -0.731161 1.08197 0.31141
v -0.725195 1.07986 0.285322
v -0.718281 1.07651 0.295304
v -0.740656 1.09044 0.285455
v -0.7244 1.09199 0.290789
v -0.733879 1.09304 0.273661
v -0.721431 1.09141 0.279892
v -0.741277 1.07373 0.322556
v -0.736754 1.06916 0.33195
v -0.731119 1.07405 0.316028
v -0.728649 1.07284 0.324161
v -0.739411 1.07867 0.326171
v -0.734114 1.0725 0.336428
v -0.732936 1.07536 0.320199
v -0.726957 1.07376 0.323288
v -0.751805 1.06798 0.311887
v -0.738815 1.06611 0.321116
v -0.741502 1.06367 0.299688
v -0.725288 1.06719 0.310561
v -0.740752 1.0847 0.287586
v -0.734698 1.08304 0.296415
v -0.731814 1.08002 0.278336
v -0.723832 1.0821 0.289362
v -0.734835 1.07507 0.282994
v -0.734171 1.07708 0.297415
v -0.726537 1.07887 0.281258
v -0.720178 1.07908 0.28879
v -0.749107 1.0882 0.293026
v -0.745201 1.08431 0.308574
v -0.735834 1.08436 0.289953
v -0.731212 1.08243 0.303807
v -0.748317 1.04615 0.311975
v -0.741929 1.05014 0.325167
v -0.741494 1.04536 0.303582
v -0.731181 1.0465 0.313983
v -0.744916 1.06903 0.315737
v -0.736154 1.06958 0.327685
v -0.734336 1.06986 0.308535
v -0.725607 1.07332 0.31768
v -0.744768 1.06839 0.318031
v -0.733893 1.06709 0.318776
v -0.743997 1.07301 0.305803
v -0.729691 1.06548 0.307684
v -0.747904 1.07986 0.290427
v -0.73805 1.06835 0.301201
v -0.729637 1.07857 0.281357
v -0.727303 1.07076 0.289181
v -0.754325 1.09148 0.306318
v -0.743432 1.08582 0.318001
v -0.74309 1.09223 0.292846
v -0.734913 1.08537 0.307846
v -0.737408 1.08356 0.301861
v -0.724067 1.07903 0.307284
v -0.726629 1.08686 0.291763
v -0.715732 1.08196 0.300157
v -0.735339 1.09803 0.285879
v -0.728746 1.09948 0.295213
v -0.732897 1.09862 0.275997
v -0.718366 1.09801 0.284449
v -0.735619 1.05823 0.326831
v -0.730687 1.05756 0.33815
v -0.721689 1.06153 0.322062
v -0.720675 1.05671 0.329259
v -0.740182 1.06821 0.333873
v -0.734999 1.07333 0.343084
v -0.728015 1.06974 0.326025
v -0.724789 1.07302 0.335711
v -0.740701 1.06937 0.336123
v -0.734125 1.06085 0.341442
v -0.73203 1.06399 0.326842
v -0.726703 1.06214 0.334812
v -0.754312 1.07162 0.310354
v -0.741976 1.06588 0.318115
v -0.750252 1.07009 0.298147
v -0.733533 1.06866 0.299675
v -0.741602 1.08566 0.297168
v -0.73068 1.08787 0.30601
v -0.731735 1.08548 0.288204
v -0.725158 1.08402 0.300157
v -0.740686 1.0726 0.329447
v -0.735934 1.07416 0.33329
v -0.737249 1.07537 0.318864
v -0.727975 1.07607 0.320561
v -0.752654 1.07736 0.318022
v -0.743913 1.07323 0.325662
v -0.74445 1.07342 0.307825
v -0.737087 1.07069 0.313655
v -0.748875 1.08763 0.306218
v -0.735314 1.08447 0.318802
v -0.732881 1.08631 0.295517
v -0.723934 1.08849 0.300763
v -0.738268 1.0753 0.309039
v -0.725992 1.07641 0.315158
v -0.726553 1.07045 0.292123
v -0.711461 1.07562 0.303102
v -0.735021 1.09687 0.283113
v -0.733437 1.09914 0.2973
v -0.72471 1.10063 0.282038
v -0.722339 1.09762 0.294945
v -0.739981 1.06945 0.325433
v -0.732537 1.06814 0.334308
v -0.732815 1.07062 0.317837
v -0.726655 1.06789 0.326662
v -0.748208 1.06402 0.322407
v -0.741829 1.05806 0.325451
v -0.743082 1.06357 0.314276
v -0.735673 1.06174 0.318379
v -0.740877 1.07895 0.334725
v -0.735966 1.08015 0.344518
v -0.729712 1.07992 0.318576
v -0.723528 1.07881 0.330728
v -0.759002 1.0977 0.307553
v -0.745411 1.10049 0.313413
v -0.749672 1.09372 0.298888
v -0.737325 1.09623 0.302759
v -0.747855 1.08303 0.327044
v -0.734772 1.08888 0.335672
v -0.740238 1.08231 0.317626
v -0.726649 1.08392 0.322218
v -0.755863 1.10146 0.31708
v -0.749136 1.09974 0.324995
v -0.746548 1.10128 0.311698
v -0.740686 1.10001 0.320564
v -0.761107 1.0943 0.330195
v -0.743222 1.09077 0.334294
v -0.74762 1.09496 0.313312
v -0.737805 1.08763 0.320431
v -0.760913 1.10346 0.314378
v -0.748991 1.10229 0.324768
v -0.748216 1.0997 0.305994
v -0.740611 1.09791 0.3152
v -0.739199 1.09048 0.31531
v -0.730685 1.08198 0.328891
v -0.724275 1.08902 0.308727
v -0.718247 1.0855 0.321562
v -0.75194 1.07889 0.329741
v -0.74394 1.07644 0.336833
v -0.747072 1.0832 0.320905
v -0.734069 1.08212 0.325055
v -0.745224 1.08049 0.311269
v -0.740282 1.07999 0.326685
v -0.735963 1.07502 0.303346
v -0.727961 1.08297 0.313322
v -0.762761 1.08577 0.317403
v -0.749049 1.0908 0.323084
v -0.75218 1.08437 0.302188
v -0.74413 1.08568 0.309392
v -0.741124 1.10211 0.322105
v -0.736724 1.1019 0.330958
v -0.731029 1.09987 0.314825
v -0.724363 1.10195 0.326985
v -0.73434 1.07578 0.308178
v -0.727248 1.07445 0.317233
v -0.72029 1.07527 0.306251
v -0.719103 1.07438 0.315514
v -0.736521 1.06306 0.330701
v -0.728203 1.05806 0.334968
v -0.728551 1.06064 0.318396
v -0.723082 1.06122 0.330424
v -0.748874 1.0728 0.32436
v -0.73672 1.07382 0.339879
v -0.737453 1.0753 0.315604
v -0.726097 1.06717 0.326583
v -0.743255 1.09655 0.317781
v -0.735748 1.1005 0.325729
v -0.733795 1.09602 0.304583
v -0.722052 1.09878 0.322674
v -0.746723 1.09328 0.32122
v -0.742067 1.08837 0.334627
v -0.7328 1.09067 0.312862
v -0.729385 1.0869 0.328451
v -0.746397 1.06772 0.315465
v -0.740348 1.06879 0.318286
v -0.745694 1.06703 0.300482
v -0.732128 1.06499 0.305973
v -0.743206 1.07976 0.311897
v -0.734617 1.07955 0.326706
v -0.734182 1.07305 0.30117
v -0.726171 1.0825 0.310454
v -0.75332 1.08295 0.317595
v -0.748038 1.08418 0.330614
v -0.741499 1.07821 0.311954
v -0.731834 1.08295 0.324287
v -0.739754 1.08665 0.327409
v -0.737143 1.08465 0.338337
v -0.728978 1.08705 0.322752
v -0.726565 1.08355 0.331099
v -0.740399 1.07137 0.30733
v -0.734922 1.07195 0.316139
v -0.730616 1.07134 0.301266
v -0.725553 1.07104 0.315138
v -0.755466 1.08046 0.312025
v -0.746076 1.0749 0.32522
v -0.741987 1.07656 0.311166
v -0.738625 1.07793 0.323209
v -0.754947 1.08316 0.318016
v -0.742608 1.08183 0.328683
v -0.754716 1.08361 0.303253
v -0.741016 1.0799 0.313938
v -0.75636 1.09388 0.332251
v -0.738863 1.09581 0.34136
v -0.747165 1.09793 0.314119
v -0.735725 1.09093 0.326746
v -0.75815 1.09625 0.322629
v -0.7436 1.0983 0.330322
v -0.74903 1.09331 0.314079
v -0.738252 1.09411 0.32199
v -0.742512 1.10351 0.315094
v -0.73711 1.10397 0.321967
v -0.736393 1.10345 0.30596
v -0.730029 1.10047 0.319553
v -0.749497 1.06755 0.338827
v -0.733011 1.07104 0.3451
v -0.736576 1.0673 0.324694
v -0.728471 1.07211 0.337709
v -0.751769 1.08271 0.316588
v -0.73906 1.07952 0.323316
v -0.735608 1.08388 0.301716
v -0.724719 1.08532 0.314172
v -0.753906 1.09317 0.305217
v -0.739383 1.09606 0.308779
v -0.747188 1.09341 0.291811
v -0.736533 1.09482 0.30045
v -0.746272 1.07954 0.327221
v -0.739584 1.08225 0.328083
v -0.74505 1.07816 0.315922
v -0.729544 1.08256 0.318745
v -0.746146 1.08643 0.3292
v -0.735134 1.08286 0.339181
v -0.735292 1.08905 0.323879
v -0.729539 1.0859 0.326945
v -0.725806 1.05743 0.309099
v -0.719474 1.05706 0.316072
v -0.71599 1.05629 0.302655
v -0.710088 1.05661 0.309521
v -0.75078 1.10452 0.320027
v -0.742587 1.09887 0.328075
v -0.741843 1.10052 0.313117
v -0.735864 1.09869 0.319342
v -0.756787 1.09318 0.31827
v -0.747591 1.09262 0.331067
v -0.748448 1.0927 0.308679
v -0.738314 1.09277 0.321841
v -0.729446 1.06045 0.306337
v -0.723064 1.06036 0.31335
v -0.723228 1.05784 0.295873
v -0.715397 1.06068 0.303791
v -0.744611 1.05458 0.313116
v -0.740527 1.05962 0.322974
v -0.737261 1.05407 0.30537
v -0.732511 1.05908 0.310437
v -0.757853 1.07678 0.320402
v -0.742807 1.07878 0.331698
v -0.751476 1.07883 0.304681
v -0.735896 1.07844 0.312752
v -0.748253 1.09266 0.313425
v -0.736412 1.09362 0.322702
v -0.740964 1.09229 0.300929
v -0.723076 1.0963 0.307628
v -0.740751 1.09532 0.303985
v -0.731634 1.09969 0.315534
v -0.731614 1.09532 0.302246
v -0.723332 1.09604 0.308106
v -0.738576 1.09545 0.302775
v -0.733782 1.0971 0.312186
v -0.730849 1.09529 0.295071
v -0.727643 1.09598 0.308547
v -0.745708 1.07846 0.312393
v -0.738945 1.07877 0.322109
v -0.740392 1.08057 0.304397
v -0.72988 1.08332 0.315413
v -0.738703 1.06429 0.324746
v -0.734003 1.07102 0.331673
v -0.730339 1.06787 0.319728
v -0.721913 1.06819 0.324642
v -0.743921 1.09009 0.315727
v -0.728809 1.08612 0.322016
v -0.731194 1.08571 0.298879
v -0.71845 1.07991 0.312656
v -0.738771 1.08269 0.313307
v -0.731271 1.08802 0.319611
v -0.728228 1.08102 0.30614
v -0.723969 1.09008 0.312539
v -0.751605 1.08867 0.325765
v -0.743832 1.08824 0.332455
v -0.749107 1.09219 0.318796
v -0.738999 1.08848 0.322332
v -0.712037 1.07137 0.341299
v -0.707153 1.07197 0.352816
v -0.696924 1.06904 0.339234
v -0.697149 1.06774 0.349939
v -0.724832 1.06864 0.343896
v -0.715418 1.06258 0.359769
v -0.713391 1.06602 0.340309
v -0.708747 1.06492 0.348968
v -0.725328 1.07185 0.340079
v -0.718974 1.07479 0.360234
v -0.708784 1.07513 0.336607
v -0.703919 1.07207 0.351198
v -0.725748 1.07692 0.343872
v -0.719016 1.07538 0.356166
v -0.717582 1.07822 0.338009
v -0.709397 1.07661 0.345085
v -0.710336 1.08234 0.336382
v -0.702349 1.07809 0.342272
v -0.70439 1.07956 0.329256
v -0.695454 1.0745 0.336097
v -0.71397 1.09311 0.327749
v -0.703067 1.08406 0.334356
v -0.706926 1.08828 0.315182
v -0.69644 1.08439 0.3215
v -0.705244 1.05227 0.344302
v -0.700756 1.05701 0.348212
v -0.698112 1.05613 0.332435
v -0.69321 1.06022 0.339905
v -0.724174 1.05944 0.332296
v -0.714458 1.05695 0.344233
v -0.710283 1.05813 0.326765
v -0.706187 1.05372 0.337584
v -0.725243 1.07709 0.330171
v -0.71453 1.07893 0.335731
v -0.717893 1.08167 0.318301
v -0.71058 1.08293 0.328519
v -0.709903 1.07456 0.333649
v -0.706135 1.0733 0.339675
v -0.707508 1.07765 0.324687
v -0.695517 1.07166 0.332598
v -0.721273 1.07679 0.352779
v -0.709288 1.08561 0.353342
v -0.717483 1.07781 0.33982
v -0.70004 1.0845 0.341312
v -0.715819 1.07809 0.321962
v -0.71241 1.07838 0.334185
v -0.707536 1.07986 0.31821
v -0.698746 1.0798 0.331517
v -0.705925 1.05705 0.347301
v -0.699754 1.0599 0.350969
v -0.704674 1.05574 0.333971
v -0.694157 1.05736 0.342321
v -0.729646 1.07364 0.339839
v -0.717763 1.07895 0.35622
v -0.715284 1.0701 0.336502
v -0.705726 1.07874 0.344453
v -0.717087 1.08337 0.343849
v -0.711994 1.07876 0.351489
v -0.70539 1.08113 0.332857
v -0.702343 1.07874 0.345731
v -0.709102 1.07855 0.326506
v -0.698478 1.07855 0.333372
v -0.703071 1.07551 0.315769
v -0.695933 1.07788 0.327147
v -0.718457 1.07538 0.33277
v -0.708991 1.07308 0.339104
v -0.710058 1.07886 0.324882
v -0.697249 1.07473 0.331584
v -0.711079 1.07487 0.344786
v -0.704987 1.07546 0.354131
v -0.702824 1.07571 0.338841
v -0.696148 1.08065 0.343189
v -0.713996 1.07798 0.336992
v -0.705475 1.07649 0.348045
v -0.699487 1.07788 0.329095
v -0.693685 1.08119 0.340643
v -0.725736 1.07779 0.333857
v -0.722024 1.07879 0.343248
v -0.715381 1.07867 0.326564
v -0.7074 1.07633 0.333546
v -0.714305 1.0735 0.331496
v -0.702207 1.07773 0.336882
v -0.701516 1.07238 0.32228
v -0.693088 1.07754 0.330728
v -0.727338 1.07202 0.337602
v -0.715769 1.0711 0.345559
v -0.709976 1.0707 0.3248
v -0.70215 1.07319 0.339237
v -0.709481 1.08885 0.32687
v -0.699958 1.09058 0.334581
v -0.701958 1.09032 0.319751
v -0.695028 1.09633 0.324494
v -0.724547 1.08814 0.324992
v -0.719236 1.09154 0.332422
v -0.717048 1.0915 0.320555
v -0.709313 1.09052 0.331573
v -0.726133 1.06764 0.330444
v -0.716388 1.07266 0.339612
v -0.713193 1.06806 0.321251
v -0.704875 1.07189 0.326542
v -0.728502 1.07575 0.329391
v -0.719711 1.07235 0.342814
v -0.720185 1.07268 0.325255
v -0.708007 1.07751 0.338053
v -0.715611 1.06444 0.346446
v -0.714597 1.06325 0.354371
v -0.705003 1.06128 0.338631
v -0.700712 1.06768 0.350394
v -0.710279 1.08783 0.325043
v -0.704364 1.08391 0.336194
v -0.697354 1.0882 0.315956
v -0.694864 1.07895 0.330091
v -0.713 1.08197 0.322092
v -0.702432 1.08276 0.329268
v -0.70384 1.08581 0.310878
v -0.696602 1.08637 0.321582
v -0.716648 1.0733 0.322185
v -0.713145 1.06701 0.336961
v -0.704371 1.06932 0.320026
v -0.701103 1.06649 0.332104
v -0.714711 1.07676 0.337541
v -0.707823 1.0789 0.346296
v -0.709041 1.08037 0.32751
v -0.697537 1.08323 0.334261
v -0.717553 1.07806 0.333948
v -0.702743 1.08069 0.344084
v -0.707297 1.07899 0.323243
v -0.700497 1.08041 0.328547
v -0.720561 1.08013 0.337112
v -0.708419 1.07835 0.337206
v -0.711848 1.08368 0.318094
v -0.702156 1.07659 0.323508
v -0.719336 1.0631 0.337856
v -0.701489 1.06963 0.34698
v -0.710993 1.06252 0.32374
v -0.6966 1.07097 0.326152
v -0.713697 1.09295 0.344198
v -0.704618 1.09135 0.353327
v -0.704494 1.09353 0.338205
v -0.697206 1.08592 0.344109
v -0.689306 1.05479 0.337925
v -0.675943 1.04911 0.343204
v -0.683097 1.05314 0.330947
v -0.673518 1.04838 0.335362
v -0.698817 1.05691 0.332238
v -0.690405 1.05687 0.347134
v -0.687251 1.05502 0.329411
v -0.680067 1.06119 0.342487
v -0.704089 1.06771 0.337958
v -0.690844 1.06786 0.3443
v -0.694173 1.06903 0.326535
v -0.684897 1.06923 0.334508
v -0.702986 1.06275 0.34004
v -0.695166 1.06745 0.347834
v -0.690749 1.06674 0.332488
v -0.688137 1.06989 0.340795
v -0.681705 1.07184 0.350086
v -0.670634 1.07052 0.357517
v -0.67578 1.06917 0.338723
v -0.665737 1.06892 0.350259
v -0.696792 1.0847 0.344397
v -0.683747 1.08106 0.355769
v -0.681438 1.0841 0.334428
v -0.676288 1.08144 0.348824
v -0.697638 1.07157 0.335868
v -0.690544 1.07114 0.346662
v -0.692196 1.06806 0.329685
v -0.680083 1.07327 0.33705
v -0.69938 1.07169 0.341558
v -0.686292 1.06864 0.351982
v -0.689176 1.07207 0.335173
v -0.68343 1.06924 0.338765
v -0.685749 1.0624 0.329364
v -0.68093 1.06467 0.341301
v -0.671513 1.06007 0.324045
v -0.66505 1.06738 0.334464
v -0.702257 1.06626 0.339727
v -0.694228 1.06943 0.357194
v -0.683024 1.06605 0.336428
v -0.682345 1.06885 0.354086
v -0.696077 1.08692 0.331528
v -0.686885 1.08533 0.343234
v -0.684469 1.08638 0.32473
v -0.680598 1.08923 0.332536
v -0.685165 1.07773 0.345235
v -0.668407 1.07787 0.353047
v -0.675758 1.0777 0.334181
v -0.665087 1.0779 0.335783
v -0.696228 1.0882 0.320498
v -0.691988 1.08888 0.33145
v -0.686907 1.08752 0.318308
v -0.679583 1.08749 0.328001
v -0.690323 1.05859 0.357143
v -0.68248 1.05849 0.362881
v -0.684742 1.06325 0.347306
v -0.676425 1.05977 0.348421
v -0.705451 1.06425 0.34609
v -0.688848 1.06447 0.36221
v -0.694629 1.06388 0.33494
v -0.67783 1.06507 0.350777
v -0.695605 1.05826 0.332357
v -0.682854 1.05771 0.341474
v -0.686651 1.05926 0.32788
v -0.678506 1.05861 0.337108
v -0.692856 1.07653 0.351078
v -0.687318 1.0838 0.360811
v -0.677882 1.07981 0.340623
v -0.669028 1.08024 0.35156
v -0.700092 1.08235 0.344746
v -0.688964 1.08104 0.359104
v -0.691675 1.08065 0.33582
v -0.682688 1.08201 0.346997
v -0.71138 1.08637 0.327102
v -0.700563 1.08516 0.331723
v -0.702089 1.08463 0.313166
v -0.69201 1.08465 0.321149
v -0.707158 1.06128 0.342953
v -0.693216 1.066 0.348615
v -0.700453 1.06489 0.33381
v -0.691047 1.06403 0.342333
v -0.700364 1.07955 0.337983
v -0.694083 1.07585 0.345598
v -0.698174 1.07831 0.325953
v -0.683712 1.07604 0.337355
v -0.69471 1.08174 0.332571
v -0.679767 1.08597 0.34729
v -0.684184 1.0842 0.327256
v -0.670223 1.08108 0.334644
v -0.707189 1.08869 0.333171
v -0.702297 1.08672 0.342486
v -0.697444 1.0874 0.323162
v -0.691432 1.09038 0.331926
v -0.689923 1.05505 0.334301
v -0.679013 1.04838 0.342639
v -0.679268 1.05529 0.325569
v -0.674014 1.04961 0.337739
v -0.688733 1.0684 0.354875
v -0.680633 1.06735 0.365437
v -0.681401 1.06897 0.345883
v -0.66978 1.06669 0.349833
v -0.695023 1.08773 0.33998
v -0.681764 1.08896 0.345598
v -0.687581 1.08392 0.326226
v -0.677481 1.09163 0.330525
v -0.691198 1.06438 0.329115
v -0.687501 1.06917 0.338229
v -0.677205 1.0684 0.325507
v -0.672086 1.06626 0.336273
v -0.699577 1.0607 0.34881
v -0.690025 1.05737 0.356768
v -0.687536 1.05919 0.33711
v -0.681602 1.05968 0.351477
v -0.689746 1.08041 0.332413
v -0.681944 1.08284 0.346625
v -0.679431 1.0768 0.32598
v -0.668791 1.07789 0.332708
v -0.698677 1.07347 0.328757
v -0.688279 1.07002 0.344708
v -0.689734 1.07823 0.316956
v -0.67662 1.07455 0.326499
v -0.699722 1.09047 0.344986
v -0.686757 1.08661 0.353659
v -0.688334 1.09082 0.334492
v -0.676576 1.08786 0.343537
v -0.740556 1.05457 0.334137
v -0.7316 1.04971 0.343296
v -0.729679 1.05441 0.327933
v -0.724123 1.0478 0.332652
v -0.721493 1.05502 0.32492
v -0.71171 1.05553 0.329288
v -0.717099 1.05462 0.313634
v -0.704118 1.05637 0.32195
v -0.738799 1.07095 0.321286
v -0.731125 1.06975 0.328105
v -0.733297 1.07314 0.310405
v -0.722488 1.07303 0.312584
v -0.736414 1.06757 0.318018
v -0.724557 1.0654 0.327016
v -0.730504 1.06895 0.311075
v -0.717833 1.06845 0.321947
v -0.73974 1.05621 0.329233
v -0.732632 1.06064 0.335066
v -0.738648 1.05129 0.316263
v -0.727012 1.05968 0.32127
v -0.736024 1.08072 0.327543
v -0.731402 1.08222 0.333513
v -0.726509 1.07862 0.321125
v -0.723175 1.07843 0.328132
v -0.721712 1.08635 0.312556
v -0.71999 1.0879 0.321548
v -0.712394 1.08744 0.308747
v -0.709195 1.09203 0.314866
v -0.720683 1.05256 0.326134
v -0.709553 1.04983 0.329406
v -0.715899 1.0503 0.313941
v -0.706733 1.05105 0.313408
v -0.738495 1.06432 0.328279
v -0.725325 1.06165 0.341216
v -0.726338 1.06986 0.31772
v -0.715095 1.06604 0.331167
v -0.743041 1.06715 0.307903
v -0.738228 1.05913 0.326744
v -0.725622 1.06556 0.307181
v -0.724337 1.05921 0.31671
v -0.723361 1.06838 0.321772
v -0.720908 1.07033 0.33054
v -0.712285 1.06862 0.316255
v -0.712442 1.06756 0.326242
v -0.73112 1.04547 0.324184
v -0.724816 1.04819 0.334348
v -0.719639 1.04488 0.316915
v -0.714008 1.04622 0.330147
v -0.746467 1.0682 0.323314
v -0.73955 1.06142 0.334719
v -0.729225 1.06541 0.315542
v -0.726723 1.05937 0.324806
v -0.74454 1.06488 0.317388
v -0.738218 1.05807 0.329032
v -0.729035 1.06565 0.306524
v -0.724402 1.06354 0.320408
v -0.729286 1.05061 0.315345
v -0.720138 1.0475 0.321553
v -0.718405 1.04955 0.309449
v -0.711689 1.04808 0.316729
v -0.732938 1.05524 0.310622
v -0.716492 1.063 0.319727
v -0.722646 1.05871 0.297149
v -0.710419 1.05843 0.303485
v -0.737551 1.07573 0.308079
v -0.725724 1.08104 0.325183
v -0.718807 1.0794 0.306007
v -0.71752 1.07907 0.314993
v -0.729762 1.08624 0.314316
v -0.71792 1.08978 0.317734
v -0.721162 1.08856 0.304604
v -0.712172 1.0882 0.311284
v -0.750172 1.05799 0.323143
v -0.738054 1.0583 0.33303
v -0.743539 1.06154 0.313558
v -0.73294 1.06079 0.322851
v -0.721689 1.0558 0.317847
v -0.721625 1.0566 0.329216
v -0.710183 1.06045 0.307871
v -0.702529 1.06027 0.324477
v -0.73197 1.06698 0.326634
v -0.727413 1.06375 0.3448
v -0.717439 1.07077 0.321421
v -0.713079 1.06583 0.338386
v -0.719377 1.07683 0.317689
v -0.715726 1.0716 0.32763
v -0.710775 1.07362 0.309819
v -0.705337 1.07386 0.320409
v -0.740125 1.05483 0.313584
v -0.734422 1.05366 0.324298
v -0.727349 1.05778 0.304732
v -0.723558 1.05211 0.316287
v -0.7275 1.06499 0.314253
v -0.717521 1.06556 0.31729
v -0.726043 1.06606 0.303044
v -0.711598 1.06476 0.308575
v -0.726319 1.07675 0.325263
v -0.719426 1.07326 0.334085
v -0.715669 1.07379 0.316896
v -0.701129 1.06969 0.325848
v -0.728427 1.07045 0.319276
v -0.723131 1.06531 0.329914
v -0.718032 1.06886 0.314836
v -0.709751 1.06559 0.324537
v -0.734104 1.07017 0.323256
v -0.726996 1.06423 0.329576
v -0.727258 1.06918 0.31143
v -0.716516 1.06736 0.317389
v -0.736987 1.06717 0.309648
v -0.732638 1.06927 0.321036
v -0.726445 1.06642 0.300785
v -0.721775 1.07016 0.318101
v -0.734277 1.06564 0.32894
v -0.723118 1.06127 0.341739
v -0.728429 1.06804 0.318744
v -0.714998 1.06118 0.325294
v -0.718071 1.07876 0.312679
v -0.709837 1.07847 0.3198
v -0.712837 1.07578 0.305402
v -0.701229 1.07856 0.313678
v -0.745586 1.07703 0.306773
v -0.739545 1.07488 0.317686
v -0.729783 1.07642 0.30139
v -0.726645 1.07515 0.313147
v -0.717095 1.07383 0.307105
v -0.712398 1.07547 0.316646
v -0.705305 1.07402 0.298214
v -0.702453 1.0751 0.309963
v -0.735597 1.07149 0.294515
v -0.732493 1.07752 0.308026
v -0.726084 1.07603 0.291169
v -0.720606 1.07882 0.297792
v -0.756564 1.09108 0.307046
v -0.750604 1.08477 0.321781
v -0.747225 1.0882 0.306134
v -0.739772 1.08425 0.315316
v -0.728017 1.06663 0.305545
v -0.722864 1.06142 0.314695
v -0.722786 1.06525 0.300076
v -0.713359 1.06135 0.307821
v -0.735138 1.07582 0.303804
v -0.726499 1.06737 0.308992
v -0.726155 1.07563 0.289187
v -0.719663 1.06863 0.299437
v -0.740666 1.0794 0.300638
v -0.73475 1.07651 0.314294
v -0.732216 1.08352 0.29732
v -0.721691 1.07576 0.306033
v -0.741745 1.09667 0.304853
v -0.731035 1.09464 0.306612
v -0.731205 1.09606 0.293699
v -0.724728 1.09701 0.298775
v -0.738171 1.07064 0.309529
v -0.730852 1.07625 0.312732
v -0.73823 1.07477 0.293826
v -0.725595 1.07493 0.29664
v -0.743953 1.07993 0.317245
v -0.732852 1.07557 0.32622
v -0.739136 1.07885 0.307543
v -0.726592 1.07572 0.315665
v -0.723659 1.08124 0.317675
v -0.715762 1.08102 0.326136
v -0.710438 1.07991 0.311017
v -0.704892 1.08228 0.32336
v -0.749906 1.0802 0.307572
v -0.736278 1.08355 0.317338
v -0.744967 1.07786 0.294031
v -0.729134 1.07815 0.304137
v -0.735499 1.09194 0.300183
v -0.72797 1.08619 0.308609
v -0.727126 1.09248 0.295002
v -0.717378 1.08685 0.303206
v -0.732458 1.09685 0.303885
v -0.732408 1.09312 0.315518
v -0.723466 1.09196 0.30052
v -0.71846 1.09234 0.308704
v -0.739978 1.08134 0.314303
v -0.728004 1.08224 0.323923
v -0.730387 1.08283 0.304078
v -0.713519 1.08632 0.316451
v -0.737134 1.08299 0.296615
v -0.734462 1.08831 0.306834
v -0.726025 1.08317 0.293094
v -0.725594 1.08443 0.306311
v -0.734922 1.07185 0.320045
v -0.733543 1.07187 0.328461
v -0.721993 1.07108 0.311286
v -0.720683 1.07375 0.32235
v -0.743575 1.0822 0.304671
v -0.736893 1.08552 0.321308
v -0.730063 1.08178 0.299835
v -0.727353 1.08766 0.308245
v -0.738083 1.09128 0.298133
v -0.72422 1.09791 0.305411
v -0.727173 1.09668 0.286495
v -0.719234 1.09688 0.296565
v -0.721955 1.06772 0.307124
v -0.714886 1.0609 0.319299
v -0.711911 1.06375 0.30249
v -0.702493 1.06247 0.31394
v -0.723214 1.07483 0.304351
v -0.709465 1.08074 0.309956
v -0.716554 1.07571 0.292523
v -0.704454 1.08309 0.297853
v -0.724627 1.06147 0.313268
v -0.717817 1.0632 0.321927
v -0.71478 1.0622 0.310327
v -0.708974 1.06242 0.318059
v -0.739393 1.09996 0.306498
v -0.732546 1.09798 0.322679
v -0.731589 1.09807 0.301995
v -0.718647 1.09896 0.313573
v -0.734787 1.06678 0.302248
v -0.725562 1.0671 0.31002
v -0.721732 1.06836 0.296578
v -0.716781 1.07065 0.306906
v -0.730781 1.07124 0.32279
v -0.719655 1.06984 0.326528
v -0.724636 1.07516 0.306579
v -0.715361 1.07477 0.310194
v -0.743168 1.07902 0.313666
v -0.735257 1.08476 0.323395
v -0.732293 1.07631 0.30866
v -0.727239 1.08184 0.322164
v -0.730345 1.07058 0.332211
v -0.722503 1.06737 0.338325
v -0.723928 1.07012 0.321456
v -0.717232 1.06865 0.328257
v -0.731362 1.06943 0.321124
v -0.722783 1.077 0.331409
v -0.718754 1.07074 0.315212
v -0.714542 1.07527 0.322432
v -0.736601 1.08029 0.299523
v -0.730574 1.07447 0.31411
v -0.728114 1.08034 0.297702
v -0.719716 1.07788 0.309278
v -0.740182 1.05941 0.307246
v -0.72808 1.05826 0.312221
v -0.733785 1.06094 0.2953
v -0.72545 1.05996 0.298423
v -0.747976 1.06528 0.318301
v -0.742723 1.06208 0.327551
v -0.737076 1.06388 0.308495
v -0.732325 1.06273 0.319734
v -0.746396 1.0751 0.320011
v -0.733703 1.07386 0.332574
v -0.734736 1.07696 0.317341
v -0.72781 1.07505 0.325507
v -0.744387 1.06913 0.310523
v -0.738599 1.07445 0.315601
v -0.739045 1.06975 0.299835
v -0.730557 1.07134 0.305993
v -0.748809 1.06 0.31738
v -0.740854 1.06371 0.322754
v -0.737339 1.05674 0.300409
v -0.72733 1.06413 0.316357
v -0.740528 1.06154 0.300157
v -0.73551 1.06021 0.311589
v -0.734367 1.06531 0.295773
v -0.725834 1.06156 0.304898
v -0.741973 1.07915 0.315246
v -0.740026 1.07737 0.329701
v -0.733209 1.07507 0.308889
v -0.727783 1.08089 0.324289
v -0.752836 1.06136 0.316084
v -0.743805 1.06179 0.325209
v -0.739676 1.05846 0.31314
v -0.732541 1.06208 0.320507
v -0.734595 1.06167 0.323048
v -0.726157 1.0556 0.325072
v -0.72986 1.06129 0.306524
v -0.718541 1.05386 0.310379
v -0.747583 1.07202 0.332742
v -0.735255 1.07673 0.339047
v -0.739744 1.06902 0.322206
v -0.732965 1.07571 0.324962
v -0.727994 1.05971 0.319916
v -0.715495 1.06081 0.325562
v -0.722185 1.06038 0.305739
v -0.710048 1.06202 0.315523
v -0.737661 1.05892 0.31028
v -0.723131 1.0614 0.317082
v -0.724239 1.05595 0.30161
v -0.71363 1.06212 0.304739
v -0.742812 1.05408 0.305549
v -0.734964 1.05904 0.316325
v -0.728343 1.05365 0.300267
v -0.723772 1.06254 0.314742
v -0.728707 1.06744 0.318552
v -0.71917 1.06659 0.330356
v -0.720505 1.06826 0.313096
v -0.715999 1.06755 0.319341
v -0.745944 1.06986 0.314798
v -0.738543 1.06799 0.31931
v -0.737837 1.06663 0.304033
v -0.730178 1.06845 0.309942
v -0.748024 1.0635 0.30787
v -0.74405 1.06442 0.319757
v -0.732847 1.06822 0.300491
v -0.729969 1.0649 0.314105
v -0.737579 1.08065 0.309263
v -0.725672 1.07949 0.316302
v -0.726379 1.08354 0.298424
v -0.719455 1.07536 0.305535
v -0.738357 1.06982 0.300428
v -0.73081 1.07038 0.309709
v -0.725526 1.06943 0.292302
v -0.720417 1.07092 0.304254
v -0.718285 1.06661 0.309739
v -0.714883 1.0661 0.319321
v -0.709147 1.06763 0.303945
v -0.703082 1.06423 0.316997
v -0.737502 1.06897 0.321371
v -0.727313 1.07218 0.327679
v -0.723854 1.07163 0.314656
v -0.716367 1.07415 0.321999
v -0.739639 1.08607 0.309335
v -0.731694 1.08214 0.312117
v -0.732731 1.08871 0.297455
v -0.72732 1.0868 0.302746
v -0.727376 1.07139 0.322846
v -0.717848 1.07259 0.333236
v -0.718513 1.07235 0.314889
v -0.707862 1.07063 0.319424
v -0.737044 1.06874 0.314102
v -0.730464 1.07161 0.320641
v -0.728375 1.0649 0.305034
v -0.719497 1.07196 0.314449
v -0.737872 1.06865 0.316525
v -0.732724 1.06992 0.326529
v -0.72609 1.0687 0.312415
v -0.71879 1.06688 0.321535
v -0.746893 1.074 0.310346
v -0.737685 1.08165 0.318958
v -0.740513 1.07326 0.301283
v -0.727484 1.08047 0.30891
v -0.723726 1.07359 0.317457
v -0.720246 1.07387 0.323924
v -0.715633 1.072 0.306749
v -0.709897 1.07309 0.315839
v -0.728262 1 0.328346
v -0.735775 0.997843 0.340406
v -0.722084 1.00214 0.341205
v -0.727194 1.01664 0.34018
v -0.73416 1.01411 0.3291
v -0.740332 1.01914 0.339789
v -0.73512 1.02786 0.325996
v -0.735416 1.02706 0.338571
v -0.724398 1.02867 0.332665
v -0.727623 1.04083 0.329107
v -0.738023 1.03618 0.33227
v -0.733696 1.04545 0.338199
v -0.732312 1.04664 0.331261
v -0.737913 1.04223 0.322539
v -0.742248 1.05102 0.328101
v -0.734389 1.05163 0.328567
v -0.730202 1.04727 0.319635
v -0.736539 1.05597 0.318879
v -0.723427 1.05513 0.325228
v -0.730121 1.05194 0.317887
v -0.733408 1.05829 0.325483
v -0.722858 1.06443 0.320828
v -0.724801 1.06136 0.311797
v -0.730936 1.06747 0.316251
v -0.721545 1.07389 0.31677
v -0.715051 1.07326 0.310561
v -0.723591 1.07451 0.307985
v -0.715293 1.08185 0.308846
v -0.721373 1.07765 0.313096
v -0.720363 1.08602 0.314337
v -0.721474 1.08281 0.312981
v -0.720125 1.07965 0.305516
v -0.725325 1.08595 0.306394
v -0.713815 1.08706 0.304547
v -0.720579 1.08395 0.306963
v -0.717589 1.09014 0.310709
v -0.717339 1.09176 0.304581
v -0.723045 1.08807 0.301747
v -0.723109 1.09543 0.301768
v -0.713549 1.09181 0.295065
v -0.719595 1.08897 0.293467
v -0.719417 1.09464 0.297336
v -0.714523 1.09808 0.28682
v -0.719583 1.09516 0.284718
v -0.720041 1.10097 0.286843
v -0.71271 1.10236 0.274406
v -0.717649 1.10023 0.273394
v -0.717178 1.10448 0.276804
v -0.718174 1.108 0.270516
v -0.718053 1.10662 0.265773
v -0.714383 1.10936 0.267625
v -0.714261 1.10671 0.270481
v -0.718222 1.10488 0.268373
v -0.715845 1.10853 0.266256
v -0.70949 1.10202 0.264676
v -0.713231 1.10023 0.266214
v -0.713412 1.10379 0.26359
v -0.710334 1.09692 0.257123
v -0.713787 1.09514 0.257571
v -0.713205 1.09868 0.259134
v -0.714152 1.09993 0.253905
v -0.714243 1.09841 0.250771
v -0.715886 1.10144 0.251269
v -0.736422 1.02786 0.336383
v -0.726149 1.02549 0.33415
v -0.732291 1.03022 0.326666
v -0.730971 1.03889 0.341761
v -0.723968 1.03488 0.335461
v -0.729577 1.04287 0.332389
v -0.71949 1.04575 0.346105
v -0.716488 1.04471 0.33688
v -0.725844 1.04677 0.338724
v -0.714335 1.05593 0.343585
v -0.719499 1.05154 0.337224
v -0.721551 1.0603 0.339584
v -0.715637 1.05808 0.340631
v -0.711454 1.05444 0.333522
v -0.71669 1.0617 0.3324
v -0.709648 1.06458 0.340565
v -0.704977 1.06048 0.334717
v -0.703294 1.06865 0.33651
v -0.702718 1.06323 0.345427
v -0.705726 1.05998 0.338372
v -0.700493 1.06645 0.338041
v -0.70024 1.06038 0.345069
v -0.69964 1.05634 0.33804
v -0.698519 1.06439 0.338173
v -0.686481 1.0586 0.34688
v -0.685696 1.05509 0.340225
v -0.688572 1.06208 0.340465
v -0.677368 1.06305 0.345355
v -0.676645 1.05967 0.339205
v -0.674593 1.0664 0.339769
v -0.664851 1.05862 0.348537
v -0.66197 1.05542 0.343798
v -0.661578 1.06181 0.344007
v -0.651609 1.05768 0.35636
v -0.652375 1.05496 0.351289
v -0.650284 1.06038 0.351368
v -0.636236 1.05164 0.356788
v -0.636842 1.04942 0.352272
v -0.634383 1.05384 0.352593
v -0.617845 1.04175 0.358764
v -0.619665 1.03994 0.355465
v -0.617601 1.04354 0.35498
v -0.607686 1.03553 0.356193
v -0.608791 1.03379 0.353194
v -0.607703 1.03726 0.352973
v -0.597554 1.03202 0.35397
v -0.597516 1.0305 0.351232
v -0.596733 1.03353 0.351336
v -0.729315 1.04083 0.328246
v -0.73759 1.03653 0.333652
v -0.732433 1.04509 0.337688
v -0.742962 1.04567 0.325885
v -0.738334 1.0431 0.334717
v -0.733075 1.04821 0.327492
v -0.740925 1.05372 0.327471
v -0.745102 1.05151 0.33598
v -0.736423 1.05591 0.33586
v -0.74854 1.06489 0.328458
v -0.747565 1.06103 0.336495
v -0.74333 1.06874 0.334722
v -0.754857 1.07065 0.332292
v -0.758416 1.06762 0.339142
v -0.752763 1.07365 0.339766
v -0.765035 1.07883 0.331946
v -0.763192 1.07504 0.338232
v -0.763703 1.08259 0.338411
v -0.775995 1.07801 0.335089
v -0.773743 1.0747 0.340672
v -0.775609 1.0813 0.34114
v -0.788492 1.07393 0.338602
v -0.787599 1.07123 0.34387
v -0.790228 1.07661 0.343693
v -0.79262 1.07161 0.338503
v -0.792803 1.06901 0.343534
v -0.795028 1.07419 0.342964
v -0.804579 1.06593 0.335794
v -0.805591 1.06372 0.33995
v -0.807326 1.06813 0.33911
v -0.811816 1.06348 0.333375
v -0.810218 1.06126 0.336875
v -0.810491 1.06569 0.337019
v -0.820198 1.06281 0.33722
v -0.819814 1.06089 0.340542
v -0.81936 1.06472 0.340484
v -0.834167 1.06439 0.340713
v -0.831534 1.06319 0.341664
v -0.832708 1.06559 0.343122
v -0.715125 1.04575 0.339864
v -0.723911 1.04381 0.336571
v -0.722841 1.04767 0.345272
v -0.716825 1.05631 0.333554
v -0.724818 1.05311 0.33457
v -0.722042 1.05948 0.339753
v -0.722719 1.0636 0.325143
v -0.726544 1.0597 0.330737
v -0.725802 1.06747 0.331235
v -0.728581 1.06459 0.325967
v -0.733568 1.06212 0.321516
v -0.735289 1.06705 0.326371
v -0.734964 1.06633 0.320426
v -0.732589 1.06518 0.326843
v -0.72826 1.06747 0.321928
v -0.732903 1.07346 0.321332
v -0.736177 1.07128 0.326303
v -0.731645 1.07563 0.327182
v -0.743857 1.08118 0.323163
v -0.739128 1.07843 0.323705
v -0.739132 1.08392 0.323982
v -0.744014 1.08099 0.328672
v -0.739656 1.07845 0.327428
v -0.740111 1.0835 0.326303
v -0.741126 1.08264 0.33326
v -0.737334 1.08043 0.334732
v -0.73703 1.08484 0.333354
v -0.741847 1.0861 0.342628
v -0.739549 1.0843 0.344957
v -0.740394 1.08789 0.345585
v -0.746691 1.08387 0.346986
v -0.746815 1.08231 0.34967
v -0.746876 1.08542 0.349687
v -0.753032 1.08378 0.347903
v -0.751292 1.08305 0.349873
v -0.750396 1.0845 0.347749
v -0.729691 1.04083 0.338409
v -0.732043 1.03653 0.328808
v -0.737561 1.04509 0.332331
v -0.731519 1.04566 0.334218
v -0.722316 1.04392 0.33053
v -0.729552 1.0474 0.324459
v -0.72425 1.05596 0.32694
v -0.72839 1.05272 0.334353
v -0.72204 1.05917 0.335186
v -0.724636 1.05947 0.328434
v -0.732435 1.05666 0.330875
v -0.728136 1.06226 0.335865
v -0.734627 1.06746 0.322534
v -0.734374 1.06459 0.329679
v -0.729609 1.07031 0.327684
v -0.740115 1.07359 0.333154
v -0.735506 1.07227 0.328213
v -0.741642 1.07491 0.326543
v -0.733259 1.07918 0.329163
v -0.73902 1.07663 0.328391
v -0.738294 1.0817 0.332135
v -0.73495 1.08393 0.324452
v -0.739262 1.08184 0.321483
v -0.740165 1.08601 0.325171
v -0.733863 1.09094 0.317289
v -0.736846 1.08959 0.313904
v -0.738393 1.09227 0.317449
v -0.732565 1.09958 0.309074
v -0.735162 1.09778 0.311126
v -0.734313 1.10137 0.311912
v -0.737926 1.102 0.306273
v -0.74072 1.10075 0.306313
v -0.740199 1.10324 0.304618
v -0.740036 1.04664 0.321625
v -0.741054 1.04551 0.332295
v -0.731407 1.04777 0.328054
v -0.742063 1.05868 0.323247
v -0.743187 1.05835 0.332828
v -0.734323 1.05901 0.329065
v -0.741517 1.07063 0.333557
v -0.737097 1.06767 0.326856
v -0.743176 1.07357 0.325659
v -0.739283 1.07671 0.330839
v -0.731968 1.07452 0.332371
v -0.733459 1.07889 0.326099
v -0.733052 1.08522 0.331435
v -0.73679 1.08362 0.336947
v -0.730778 1.08681 0.337726
v -0.740246 1.09178 0.333564
v -0.735997 1.08922 0.337228
v -0.734623 1.09433 0.334066
v -0.74005 1.09695 0.338933
v -0.741917 1.09523 0.343617
v -0.737831 1.09865 0.34349
v -0.744494 1.10368 0.339839
v -0.747264 1.10182 0.342895
v -0.744894 1.10552 0.34397
v -0.750848 1.10879 0.337644
v -0.753543 1.10714 0.339589
v -0.752223 1.11043 0.340694
v -0.759767 1.11344 0.332247
v -0.757508 1.11312 0.333862
v -0.759966 1.11376 0.335027
v -0.732191 1.05513 0.317538
v -0.731317 1.05225 0.327888
v -0.723457 1.05799 0.323249
v -0.728386 1.06393 0.327251
v -0.735087 1.06268 0.320495
v -0.737698 1.06516 0.329389
v -0.736329 1.07332 0.319669
v -0.732756 1.06948 0.326346
v -0.729993 1.07713 0.32391
v -0.735968 1.07654 0.331736
v -0.738161 1.0728 0.325432
v -0.739777 1.08024 0.326195
v -0.738702 1.07704 0.330222
v -0.732029 1.07576 0.327291
v -0.737491 1.07832 0.323004
v -0.735721 1.08659 0.326315
v -0.73207 1.08345 0.330294
v -0.732098 1.0897 0.330376
v -0.740249 1.08652 0.333742
v -0.735638 1.0837 0.332129
v -0.735754 1.08933 0.331737
v -0.736851 1.08705 0.337755
v -0.73418 1.08511 0.341261
v -0.732561 1.08897 0.338877
v -0.740961 1.093 0.346562
v -0.737716 1.09128 0.346262
v -0.738102 1.0947 0.344952
v -0.739619 1.05163 0.320364
v -0.732402 1.04959 0.328105
v -0.729125 1.05366 0.318676
v -0.72971 1.06217 0.326686
v -0.737713 1.05766 0.325038
v -0.737894 1.06665 0.327561
v -0.729932 1.06319 0.321693
v -0.737681 1.05893 0.32212
v -0.737192 1.06742 0.324591
v -0.732251 1.06565 0.314933
v -0.738813 1.0628 0.31195
v -0.739132 1.06849 0.31721
v -0.733178 1.07405 0.307464
v -0.736681 1.07187 0.302856
v -0.73894 1.07621 0.306642
v -0.735332 1.0815 0.299799
v -0.730815 1.08057 0.301314
v -0.731537 1.08243 0.296886
v -0.729801 1.084 0.300049
v -0.733751 1.08183 0.299855
v -0.733635 1.08615 0.30113
v -0.732603 1.08653 0.290048
v -0.735117 1.08572 0.292153
v -0.732393 1.08733 0.293335
v -0.727941 1.06443 0.31032
v -0.727048 1.05932 0.319769
v -0.723624 1.0695 0.318848
v -0.736833 1.06652 0.315203
v -0.731148 1.06288 0.322169
v -0.727898 1.07012 0.316592
v -0.735245 1.07349 0.320233
v -0.739709 1.07184 0.32656
v -0.73257 1.07512 0.327535
v -0.736108 1.08185 0.325407
v -0.740509 1.08018 0.321137
v -0.742206 1.0835 0.326283
v -0.735705 1.08712 0.320258
v -0.740549 1.08496 0.320205
v -0.739617 1.08926 0.323165
v -0.740914 1.09233 0.316532
v -0.742406 1.09125 0.313224
v -0.739292 1.09341 0.313267
v -0.74119 1.09004 0.3143
v -0.738344 1.08843 0.314826
v -0.738289 1.09163 0.314012
v -0.707886 1.06458 0.332072
v -0.70784 1.06082 0.340884
v -0.702215 1.06831 0.338884
v -0.711474 1.06978 0.344064
v -0.710311 1.0664 0.336979
v -0.714493 1.07312 0.3375
v -0.705502 1.07179 0.336714
v -0.70913 1.06927 0.342376
v -0.712101 1.07429 0.338186
v -0.710678 1.06975 0.341215
v -0.706564 1.06894 0.336098
v -0.712886 1.07055 0.335004
v -0.7052 1.07872 0.336942
v -0.709692 1.07712 0.336544
v -0.708599 1.08031 0.339941
v -0.711458 1.08557 0.33182
v -0.708949 1.08414 0.33251
v -0.708842 1.08699 0.331674
v -0.687324 1.0586 0.348053
v -0.682836 1.05578 0.340073
v -0.690567 1.0614 0.339443
v -0.682671 1.06578 0.338411
v -0.685054 1.06485 0.34594
v -0.677477 1.06671 0.344401
v -0.682712 1.0737 0.339672
v -0.68466 1.07052 0.344948
v -0.683405 1.07685 0.345296
v -0.687548 1.07494 0.339473
v -0.691603 1.07274 0.342131
v -0.689265 1.07713 0.344039
v -0.693751 1.0805 0.33676
v -0.69678 1.07878 0.337298
v -0.696837 1.08221 0.336476
v -0.728244 1.05513 0.329066
v -0.727816 1.04994 0.319626
v -0.73088 1.06027 0.31992
v -0.718845 1.05675 0.319707
v -0.727663 1.05389 0.32024
v -0.724265 1.05959 0.326738
v -0.729581 1.06186 0.317274
v -0.724632 1.061 0.322955
v -0.722124 1.06271 0.316006
v -0.72575 1.07106 0.32366
v -0.72423 1.06966 0.318996
v -0.728474 1.07244 0.319553
v -0.716178 1.07389 0.306913
v -0.725223 1.07038 0.311612
v -0.718863 1.07737 0.316799
v -0.723782 1.08086 0.303559
v -0.728288 1.07846 0.309657
v -0.722078 1.08325 0.310985
v -0.732451 1.08934 0.304515
v -0.730188 1.08699 0.307868
v -0.730264 1.09167 0.307955
v -0.726881 1.06633 0.324243
v -0.734175 1.06198 0.321322
v -0.734769 1.07065 0.323589
v -0.727512 1.06795 0.31896
v -0.732222 1.06491 0.316602
v -0.731972 1.07097 0.316082
v -0.718037 1.07389 0.305887
v -0.723763 1.06928 0.313771
v -0.718453 1.07846 0.315683
vn -0.204793 0.94633 -0.25004
vn -0.313691 0.911954 -0.264459
vn -0.313691 0.911954 -0.264459
vn -0.418432 0.865496 -0.275374
vn -0.0975659 0.950121 -0.296227
vn -0.290866 0.926491 -0.238772
vn -0.290866 0.926491 -0.238772
vn -0.472175 0.864666 -0.171473
vn 0.43749 0.876449 0.201099
vn 0.10475 0.954269 0.279995
vn 0.10475 0.954269 0.279995
vn -0.240873 0.914719 0.324454
vn 0.189813 0.9628 0.192319
vn 0.0532999 0.976075 0.2108
vn 0.0532999 0.976075 0.2108
vn -0.0842342 0.970654 0.225244
vn 0.217062 0.953031 0.211224
vn 0.296081 0.932687 0.205988
vn 0.296081 0.932687 0.205988
vn 0.373121 0.906108 0.199374
vn -0.136406 0.989431 0.0492005
vn 0.0314058 0.999321 -0.0192428
vn 0.0314058 0.999321 -0.0192428
vn 0.198183 0.976292 -0.087052
vn -0.00601028 0.989614 0.143624
vn 0.0554856 0.991406 0.118474
vn 0.0554856 0.991406 0.118474
vn 0.116736 0.988818 0.0928003
vn -0.314268 0.94506 0.0899866
vn -0.163909 0.984483 0.0626731
vn -0.163909 0.984483 0.0626731
vn -0.00946686 0.999384 0.0337986
vn -0.456604 0.815923 -0.354659
vn -0.318952 0.886779 -0.334504
vn -0.318952 0.886779 -0.334504
vn -0.173526 0.93602 -0.306196
vn 0.178848 0.983786 -0.013399
vn 0.0471203 0.998373 0.0321009
vn 0.0471203 0.998373 0.0321009
vn -0.0855324 0.993358 0.0769705
vn 0.441946 0.86147 0.250106
vn 0.420112 0.871586 0.252673
vn 0.420112 0.871586 0.252673
vn 0.398032 0.881191 0.255092
vn 0.23223 0.894946 0.380972
vn 0.0333011 0.941969 0.334044
vn 0.0333011 0.941969 0.334044
vn -0.167093 0.947558 0.272421
vn 0.179491 0.97901 0.0965509
vn 0.191527 0.976359 0.100198
vn 0.191527 0.976359 0.100198
vn 0.203532 0.973547 0.103828
vn -0.104778 0.983464 0.147716
vn 0.0651669 0.988807 0.134217
vn 0.0651669 0.988807 0.134217
vn 0.233216 0.965383 0.116813
vn -0.12426 0.986769 -0.104142
vn 0.120253 0.988713 -0.0893607
vn 0.120253 0.988713 -0.0893607
vn 0.35755 0.931325 -0.0692165
vn 0.221969 0.973919 -0.047028
vn 0.109463 0.988607 -0.10332
vn 0.109463 0.988607 -0.10332
vn -0.00479994 0.987435 -0.157954
vn -0.436228 0.880118 -0.187345
vn -0.0769749 0.987344 -0.138663
vn -0.0769749 0.987344 -0.138663
vn 0.293281 0.953448 -0.0701614
vn -0.394594 0.918848 -0.00367307
vn -0.407853 0.913047 0.00117805
vn -0.407853 0.913047 0.00117805
vn -0.421017 0.907033 0.00602888
vn 0.12964 0.988448 0.0785135
vn 0.0618412 0.99492 0.0794297
vn 0.0618412 0.99492 0.0794297
vn -0.0062442 0.996777 0.0799774
vn 0.64029 0.755392 0.139326
vn 0.349737 0.926133 0.141286
vn 0.349737 0.926133 0.141286
vn 0.0194609 0.991686 0.127198
vn 0.0223977 0.985616 0.167511
vn -0.200109 0.979595 0.018694
vn -0.200109 0.979595 0.018694
vn -0.40827 0.903346 -0.131463
vn 0.00037561 0.912795 0.408417
vn 0.100523 0.911441 0.398961
vn 0.100523 0.911441 0.398961
vn 0.199654 0.900863 0.385467
vn -0.0817423 0.995956 -0.03727
vn -0.0320521 0.999199 -0.0239412
vn -0.0320521 0.999199 -0.0239412
vn 0.0177232 0.999787 -0.0105487
vn -0.463312 0.8848 -0.0497139
vn -0.142173 0.98633 0.0833061
vn -0.142173 0.98633 0.0833061
vn 0.19761 0.95852 0.205402
vn -0.347219 0.799805 -0.489643
vn -0.246424 0.836341 -0.489704
vn -0.246424 0.836341 -0.489704
vn -0.142797 0.863263 -0.484135
vn -0.162831 0.958949 0.232172
vn 0.115109 0.982487 0.146525
vn 0.115109 0.982487 0.146525
vn 0.383249 0.922376 0.0484024
vn 0.167219 0.97743 -0.129104
vn -0.232977 0.970597 -0.0605164
vn -0.232977 0.970597 -0.0605164
vn -0.594754 0.803705 0.0180504
vn -0.513045 0.854216 -0.0842543
vn -0.272274 0.962048 -0.0181789
vn -0.272274 0.962048 -0.0181789
vn -0.0113632 0.998722 0.049241
vn 0.156593 0.976615 0.147316
vn 0.329202 0.937595 0.111986
vn 0.329202 0.937595 0.111986
vn 0.491091 0.868044 0.0730107
vn 0.0318542 0.949926 0.310846
vn 0.315557 0.94082 0.123619
vn 0.315557 0.94082 0.123619
vn 0.562774 0.822932 -0.0779007
vn -0.316747 0.889379 -0.329662
vn -0.252162 0.917799 -0.30669
vn -0.252162 0.917799 -0.30669
vn -0.186188 0.941166 -0.282029
vn -0.102461 0.99007 0.0962484
vn -0.0346941 0.992552 0.116775
vn -0.0346941 0.992552 0.116775
vn 0.0332472 0.990052 0.136715
vn 0.0784758 0.981355 0.175456
vn 0.216382 0.95596 0.198289
vn 0.216382 0.95596 0.198289
vn 0.349921 0.911271 0.21712
vn -0.447865 0.885291 -0.125209
vn -0.372575 0.922163 -0.103942
vn -0.372575 0.922163 -0.103942
vn -0.294497 0.952137 -0.0818985
vn 0.185677 0.980529 -0.0639325
vn 0.0225223 0.999249 -0.0315402
vn 0.0225223 0.999249 -0.0315402
vn -0.141264 0.989971 0.00173587
vn -0.424808 0.884327 -0.193658
vn -0.34282 0.920669 -0.186664
vn -0.34282 0.920669 -0.186664
vn -0.258058 0.949561 -0.17816
vn 0.126463 0.923185 0.362955
vn 0.191757 0.901334 0.388363
vn 0.191757 0.901334 0.388363
vn 0.256018 0.874629 0.411679
vn -0.211603 0.972782 -0.0944454
vn 0.0216188 0.980726 -0.194189
vn 0.0216188 0.980726 -0.194189
vn 0.253448 0.925507 -0.281425
vn -0.614534 0.785848 0.0692185
vn -0.272281 0.957311 -0.0970483
vn -0.272281 0.957311 -0.0970483
vn 0.117399 0.962029 -0.246411
vn 0.0482484 0.896407 0.440599
vn 0.00744728 0.902534 0.430555
vn 0.00744728 0.902534 0.430555
vn -0.0333673 0.907033 0.419735
vn 0.133087 0.929075 -0.345119
vn -0.146283 0.916966 -0.37118
vn -0.146283 0.916966 -0.37118
vn -0.414115 0.832532 -0.367965
vn 0.176182 0.853682 0.490088
vn -0.016314 0.920608 0.390147
vn -0.016314 0.920608 0.390147
vn -0.20797 0.940102 0.270104
vn 0.0393527 0.953641 0.298363
vn 0.220705 0.948344 0.227888
vn 0.220705 0.948344 0.227888
vn 0.393696 0.907121 0.148779
vn 0.337099 0.936111 -0.100304
vn 0.244256 0.961981 -0.122199
vn 0.244256 0.961981 -0.122199
vn 0.149027 0.978453 -0.142899
vn 0.202992 0.955664 0.21331
vn 0.265772 0.943153 0.19957
vn 0.265772 0.943153 0.19957
vn 0.327412 0.926599 0.184975
vn -0.00410007 0.965415 -0.260684
vn -0.0541564 0.965424 -0.254996
vn -0.0541564 0.965424 -0.254996
vn -0.104075 0.962983 -0.248661
vn -0.259378 0.958485 0.118444
vn -0.176295 0.975864 0.128874
vn -0.176295 0.975864 0.128874
vn -0.0919232 0.986107 0.138362
vn 0.123886 0.97896 0.16214
vn 0.13742 0.975325 0.172792
vn 0.13742 0.975325 0.172792
vn 0.150912 0.971388 0.18339
vn -0.215215 0.972861 -0.0849895
vn -0.269661 0.954946 -0.123936
vn -0.269661 0.954946 -0.123936
vn -0.322813 0.932445 -0.162288
vn 0.438746 0.898471 0.0158883
vn 0.420127 0.907355 0.0141735
vn 0.420127 0.907355 0.0141735
vn 0.401328 0.91585 0.0124526
vn 0.255135 0.964081 -0.0738534
vn 0.294291 0.951296 -0.0918128
vn 0.294291 0.951296 -0.0918128
vn 0.332853 0.936589 -0.109587
vn -0.419466 0.772671 -0.476475
vn -0.133551 0.890944 -0.434031
vn -0.133551 0.890944 -0.434031
vn 0.16539 0.922317 -0.349254
vn 0.0637043 0.99785 -0.015382
vn -0.058176 0.998299 0.00392945
vn -0.058176 0.998299 0.00392945
vn -0.17917 0.983545 0.023181
vn -0.455221 0.889979 -0.0266583
vn 0.0920564 0.9944 0.0519
vn 0.0920564 0.9944 0.0519
vn 0.61019 0.784007 0.114028
vn 0.466498 0.881844 -0.0687804
vn 0.217179 0.973228 -0.0752345
vn 0.217179 0.973228 -0.0752345
vn -0.0474633 0.995948 -0.0763806
vn -0.333162 0.930815 -0.150288
vn -0.137339 0.985502 -0.0996146
vn -0.137339 0.985502 -0.0996146
vn 0.0645137 0.996921 -0.0445676
vn 0.275429 0.956505 0.0961053
vn 0.0175006 0.989765 0.141629
vn 0.0175006 0.989765 0.141629
vn -0.241648 0.954033 0.177279
vn -0.138632 0.980503 -0.139265
vn 0.0509902 0.990414 -0.128373
vn 0.0509902 0.990414 -0.128373
vn 0.238768 0.964499 -0.112837
vn 0.00149278 0.987468 0.157811
vn -0.16837 0.970984 0.169829
vn -0.16837 0.970984 0.169829
vn -0.333304 0.926079 0.176877
vn 0.105963 0.975703 -0.191769
vn -0.123975 0.970188 -0.208242
vn -0.123975 0.970188 -0.208242
vn -0.347322 0.913085 -0.213642
vn 0.0877803 0.993287 0.0753384
vn 0.293989 0.955558 -0.0219013
vn 0.293989 0.955558 -0.0219013
vn 0.484498 0.866802 -0.117971
vn 0.0919953 0.995627 0.0162579
vn 0.271775 0.961768 0.0337807
vn 0.271775 0.961768 0.0337807
vn 0.442375 0.895426 0.0501626
vn -0.288115 0.928008 -0.236202
vn -0.102777 0.956345 -0.273571
vn -0.102777 0.956345 -0.273571
vn 0.0863168 0.949728 -0.300942
vn 0.295571 0.936701 0.187696
vn 0.111366 0.974203 0.196278
vn 0.111366 0.974203 0.196278
vn -0.076782 0.977208 0.197911
vn 0.476141 0.844535 0.245052
vn 0.21789 0.964905 0.146566
vn 0.21789 0.964905 0.146566
vn -0.0601638 0.997583 0.0347597
vn -0.0624642 0.978978 -0.194168
vn -0.0376624 0.980279 -0.193997
vn -0.0376624 0.980279 -0.193997
vn -0.0128374 0.980976 -0.193706
vn -0.167454 0.900465 -0.401401
vn -0.216458 0.888228 -0.405212
vn -0.216458 0.888228 -0.405212
vn -0.264907 0.873713 -0.407983
vn -0.318847 0.947793 0.00498245
vn -0.267614 0.963501 -0.00691463
vn -0.267614 0.963501 -0.00691463
vn -0.215574 0.976307 -0.0187909
vn -0.00530547 0.994534 -0.104279
vn 0.0308951 0.994458 -0.100497
vn 0.0308951 0.994458 -0.100497
vn 0.0670547 0.993064 -0.0965829
vn -0.25779 0.965899 0.0241441
vn -0.134956 0.989289 0.0556299
vn -0.134956 0.989289 0.0556299
vn -0.00987859 0.99623 0.0861907
vn 0.162232 0.974136 0.157287
vn 0.189846 0.970742 0.147035
vn 0.189846 0.970742 0.147035
vn 0.217293 0.966493 0.136653
vn -0.112857 0.990111 0.0833299
vn -0.234285 0.965878 0.110414
vn -0.234285 0.965878 0.110414
vn -0.351948 0.926127 0.135724
vn -0.0797353 0.994685 -0.0651495
vn -0.120366 0.99048 -0.0667888
vn -0.120366 0.99048 -0.0667888
vn -0.160796 0.984621 -0.0683164
vn -0.235946 0.970932 0.040247
vn -0.0254364 0.998878 0.0399514
vn -0.0254364 0.998878 0.0399514
vn 0.18622 0.981779 0.0378541
vn 0.284863 0.94424 0.165121
vn 0.252713 0.954688 0.157184
vn 0.252713 0.954688 0.157184
vn 0.220259 0.963985 0.149058
vn -0.322916 0.914276 -0.244592
vn -0.0163665 0.977657 -0.209568
vn -0.0163665 0.977657 -0.209568
vn 0.291807 0.944039 -0.153751
vn 0.336036 0.941847 0.00212456
vn 0.0481384 0.995492 -0.0817257
vn 0.0481384 0.995492 -0.0817257
vn -0.244226 0.956761 -0.157992
vn 0.0912945 0.992277 0.0839794
vn 0.106119 0.989659 0.09651
vn 0.106119 0.989659 0.09651
vn 0.120903 0.986661 0.109004
vn -0.459478 0.887294 -0.0398601
vn -0.295078 0.945716 -0.136196
vn -0.295078 0.945716 -0.136196
vn -0.118958 0.966574 -0.227122
vn -0.0427444 0.947764 0.316095
vn -0.0731725 0.948526 0.308131
vn -0.0731725 0.948526 0.308131
vn -0.103528 0.948348 0.299863
vn 0.381671 0.745733 0.546087
vn 0.0603033 0.862829 0.501887
vn 0.0603033 0.862829 0.501887
vn -0.268237 0.877298 0.397991
vn -0.0242621 0.991933 -0.124423
vn -0.196257 0.962564 -0.186957
vn -0.196257 0.962564 -0.186957
vn -0.36151 0.900127 -0.243067
vn -0.023908 0.990531 0.135193
vn -0.164648 0.980792 0.104581
vn -0.164648 0.980792 0.104581
vn -0.301957 0.950615 0.0717895
vn -0.491497 0.775364 -0.396537
vn -0.137486 0.933543 -0.33105
vn -0.137486 0.933543 -0.33105
vn 0.237785 0.947366 -0.214373
vn 0.412314 0.909112 0.0592717
vn 0.289695 0.948829 0.125702
vn 0.289695 0.948829 0.125702
vn 0.160985 0.968596 0.189488
vn -0.411325 0.90931 0.0629792
vn -0.0706155 0.98569 0.153063
vn -0.0706155 0.98569 0.153063
vn 0.279276 0.933899 0.223243
vn 0.3841 0.915745 -0.117804
vn 0.291872 0.951781 -0.094464
vn 0.291872 0.951781 -0.094464
vn 0.196623 0.977967 -0.0701464
vn -0.342784 0.939397 -0.00573568
vn -0.0724774 0.99737 -0.000120725
vn -0.0724774 0.99737 -0.000120725
vn 0.203371 0.979086 0.00550346
vn 0.258538 0.899244 0.352871
vn 0.15634 0.899144 0.408777
vn 0.15634 0.899144 0.408777
vn 0.0520194 0.886842 0.459136
vn 0.0605451 0.938593 -0.339672
vn -0.224451 0.954699 -0.195377
vn -0.224451 0.954699 -0.195377
vn -0.486484 0.873136 -0.0310938
vn 0.288687 0.956959 0.0298279
vn 0.146706 0.988844 0.0257946
vn 0.146706 0.988844 0.0257946
vn 0.00161499 0.999774 0.0212147
vn -0.294346 0.928787 -0.225201
vn -0.154107 0.970184 -0.187068
vn -0.154107 0.970184 -0.187068
vn -0.0103477 0.989427 -0.144662
vn 0.342447 0.923634 -0.172137
vn 0.138596 0.975406 -0.171388
vn 0.138596 0.975406 -0.171388
vn -0.0713851 0.984031 -0.163058
vn -0.0359623 0.986506 -0.159724
vn -0.16067 0.977631 -0.135728
vn -0.16067 0.977631 -0.135728
vn -0.282775 0.952912 -0.109532
vn -0.00484343 0.997188 -0.074781
vn 0.000403659 0.997367 -0.0725126
vn 0.000403659 0.997367 -0.0725126
vn 0.00565074 0.997514 -0.0702417
vn 0.00966886 0.961425 -0.274897
vn -0.185819 0.949915 -0.251263
vn -0.185819 0.949915 -0.251263
vn -0.374077 0.901447 -0.217853
vn 0.340087 0.927292 -0.156431
vn 0.333215 0.929789 -0.156399
vn 0.333215 0.929789 -0.156399
vn 0.326326 0.932236 -0.156359
vn -0.614966 0.74533 0.257487
vn -0.188265 0.976422 0.105623
vn -0.188265 0.976422 0.105623
vn 0.287111 0.95507 -0.0735488
vn -0.412371 0.90226 -0.126002
vn -0.322365 0.936093 -0.140751
vn -0.322365 0.936093 -0.140751
vn -0.229309 0.961067 -0.154168
vn -0.161615 0.986265 0.0340815
vn -0.0586672 0.997655 0.0352513
vn -0.0586672 0.997655 0.0352513
vn 0.04491 0.998341 0.0360429
vn 0.12897 0.991591 0.0107036
vn -0.186726 0.96789 -0.168295
vn -0.186726 0.96789 -0.168295
vn -0.477724 0.81617 -0.325033
vn 0.229429 0.954354 -0.191233
vn 0.0167628 0.980283 -0.196884
vn 0.0167628 0.980283 -0.196884
vn -0.196673 0.961187 -0.193492
vn -0.398821 0.82287 -0.404755
vn -0.180715 0.901074 -0.394217
vn -0.180715 0.901074 -0.394217
vn 0.0471127 0.930803 -0.362472
vn 0.41463 0.888564 0.196307
vn 0.422733 0.886101 0.190057
vn 0.422733 0.886101 0.190057
vn 0.430789 0.88354 0.183785
vn 0.509895 0.850612 0.128323
vn 0.487846 0.860809 0.144962
vn 0.487846 0.860809 0.144962
vn 0.465374 0.87026 0.161476
vn -0.274313 0.933708 -0.230092
vn -0.207183 0.956475 -0.205499
vn -0.207183 0.956475 -0.205499
vn -0.138887 0.973859 -0.179749
vn 0.0729558 0.979892 0.185711
vn 0.00766845 0.987726 0.15601
vn 0.00766845 0.987726 0.15601
vn -0.0576588 0.990417 0.125497
vn -0.0261571 0.978533 0.204425
vn 0.0488928 0.971474 0.232053
vn 0.0488928 0.971474 0.232053
vn 0.123628 0.958152 0.258186
vn -0.148865 0.981609 -0.119508
vn 0.17114 0.979547 -0.105821
vn 0.17114 0.979547 -0.105821
vn 0.473588 0.876988 -0.0812774
vn 0.136186 0.900682 -0.412584
vn -0.119016 0.852664 -0.508723
vn -0.119016 0.852664 -0.508723
vn -0.365093 0.739266 -0.565856
vn 0.730303 0.665952 0.152201
vn 0.474318 0.854839 0.210412
vn 0.474318 0.854839 0.210412
vn 0.168721 0.954314 0.246615
vn 0.478434 0.800787 0.360335
vn 0.422718 0.823327 0.378738
vn 0.422718 0.823327 0.378738
vn 0.365332 0.842613 0.395646
vn -0.0230723 0.998386 0.0518928
vn -0.0703077 0.996291 0.0496126
vn -0.0703077 0.996291 0.0496126
vn -0.117386 0.991963 0.0472213
vn -0.349055 0.923254 0.16051
vn 0.112335 0.937497 0.329364
vn 0.112335 0.937497 0.329364
vn 0.546586 0.725245 0.418645
vn -0.50433 0.729261 -0.462416
vn -0.220487 0.885016 -0.41004
vn -0.220487 0.885016 -0.41004
vn 0.0870737 0.945569 -0.313555
vn -0.196271 0.948603 -0.248256
vn -0.110186 0.961601 -0.25136
vn -0.110186 0.961601 -0.25136
vn -0.0232643 0.967303 -0.252556
vn -0.483426 0.87215 -0.0751881
vn -0.286087 0.94491 -0.15906
vn -0.286087 0.94491 -0.15906
vn -0.0740796 0.969222 -0.234777
vn 0.632163 0.742018 0.223113
vn 0.275023 0.956937 0.0929156
vn 0.275023 0.956937 0.0929156
vn -0.134562 0.989378 -0.0550001
vn -0.216932 0.954569 -0.204301
vn -0.357561 0.911542 -0.20308
vn -0.357561 0.911542 -0.20308
vn -0.490456 0.848799 -0.197466
vn 0.352429 0.902726 0.246738
vn 0.285443 0.933111 0.218694
vn 0.285443 0.933111 0.218694
vn 0.216689 0.957713 0.189294
vn 0.128549 0.939611 0.317185
vn 0.0111786 0.956522 0.291446
vn 0.0111786 0.956522 0.291446
vn -0.106356 0.959349 0.261416
vn -0.476379 0.876136 0.0738185
vn -0.205901 0.978011 0.0331571
vn -0.205901 0.978011 0.0331571
vn 0.0821163 0.996569 -0.0103289
vn 0.313359 0.949219 0.0281006
vn -0.0038144 0.996618 0.0820857
vn -0.0038144 0.996618 0.0820857
vn -0.320585 0.938615 0.127389
vn 0.351476 0.935122 -0.0448369
vn 0.0723502 0.996024 -0.051983
vn 0.0723502 0.996024 -0.051983
vn -0.212685 0.975578 -0.0548837
vn -0.35151 0.932618 0.0816315
vn -0.00456035 0.995175 -0.0980123
vn -0.00456035 0.995175 -0.0980123
vn 0.343103 0.901927 -0.262311
vn -0.123266 0.982585 -0.139043
vn 0.0957304 0.985868 -0.137479
vn 0.0957304 0.985868 -0.137479
vn 0.310134 0.941856 -0.12932
vn -0.262568 0.893907 -0.363301
vn -0.396441 0.842317 -0.365152
vn -0.396441 0.842317 -0.365152
vn -0.522153 0.773386 -0.359487
vn 0.0514033 0.998333 -0.0262368
vn -0.11807 0.992976 0.00760804
vn -0.11807 0.992976 0.00760804
vn -0.284013 0.957934 0.0412255
vn 0.135384 0.933305 0.332586
vn 0.263653 0.905541 0.332389
vn 0.263653 0.905541 0.332389
vn 0.38738 0.86218 0.326468
vn 0.16725 0.933369 0.317568
vn 0.00442079 0.97556 0.219687
vn 0.00442079 0.97556 0.219687
vn -0.158576 0.980803 0.113485
vn -0.156897 0.964452 -0.212641
vn -0.244907 0.944002 -0.22109
vn -0.244907 0.944002 -0.22109
vn -0.3309 0.915778 -0.227717
vn -0.185214 0.979765 0.0758742
vn -0.320658 0.943954 0.0782845
vn -0.320658 0.943954 0.0782845
vn -0.449807 0.889611 0.0791578
vn 0.0245516 0.998584 -0.04719
vn 0.104986 0.992586 -0.0612402
vn 0.104986 0.992586 -0.0612402
vn 0.184717 0.979935 -0.07488
vn 0.418984 0.885115 -0.202542
vn -0.0433408 0.998796 -0.022975
vn -0.0433408 0.998796 -0.022975
vn -0.494445 0.853877 0.162541
vn 0.0776841 0.995905 0.0462412
vn -0.130753 0.99064 0.0391978
vn -0.130753 0.99064 0.0391978
vn -0.333499 0.942259 0.0304484
vn 0.154747 0.964453 0.214207
vn 0.134968 0.968134 0.210952
vn 0.134968 0.968134 0.210952
vn 0.115134 0.971413 0.207608
vn -0.0662249 0.988312 -0.137309
vn -0.130943 0.984682 -0.115128
vn -0.130943 0.984682 -0.115128
vn -0.195046 0.976431 -0.0924074
vn 0.138473 0.946065 -0.292891
vn 0.0837062 0.95266 -0.292287
vn 0.0837062 0.95266 -0.292287
vn 0.0286844 0.956356 -0.290792
vn -0.141384 0.988317 -0.0569196
vn -0.154319 0.986522 -0.0544128
vn -0.154319 0.986522 -0.0544128
vn -0.167227 0.984552 -0.0518964
vn 0.0947964 0.989996 -0.104509
vn 0.129328 0.985723 -0.107814
vn 0.129328 0.985723 -0.107814
vn 0.163702 0.980246 -0.110988
vn 0.133686 0.986466 -0.0949419
vn 0.013012 0.994525 -0.103683
vn 0.013012 0.994525 -0.103683
vn -0.107853 0.987962 -0.110899
vn -0.010776 0.999702 0.0219013
vn 0.255375 0.965978 0.0408726
vn 0.255375 0.965978 0.0408726
vn 0.503054 0.862381 0.0568873
vn 0.190662 0.961136 0.199664
vn 0.1667 0.96539 0.200584
vn 0.1667 0.96539 0.200584
vn 0.142639 0.969071 0.201386
vn -0.136981 0.98981 0.038883
vn -0.23095 0.972346 0.0347291
vn -0.23095 0.972346 0.0347291
vn -0.322806 0.945982 0.0302574
vn 0.0168768 0.997923 -0.062171
vn -0.0974844 0.994552 -0.0369143
vn -0.0974844 0.994552 -0.0369143
vn -0.210507 0.977529 -0.0111509
vn 0.0369925 0.995436 0.0879693
vn 0.220318 0.967088 0.127282
vn 0.220318 0.967088 0.127282
vn 0.395722 0.903966 0.162018
vn -0.0591306 0.973328 -0.221669
vn -0.0325873 0.973726 -0.225379
vn -0.0325873 0.973726 -0.225379
vn -0.00602048 0.973425 -0.228927
vn -0.0160438 0.96439 0.263996
vn -0.0507599 0.963386 0.263271
vn -0.0507599 0.963386 0.263271
vn -0.0854148 0.961218 0.262228
vn 0.0828456 0.995913 -0.0359614
vn -0.0140448 0.999723 -0.0188813
vn -0.0140448 0.999723 -0.0188813
vn -0.110799 0.993842 -0.0016181
vn 0.0594954 0.988858 0.136457
vn -0.0427131 0.995184 0.0882344
vn -0.0427131 0.995184 0.0882344
vn -0.144374 0.988759 0.0388817
vn 0.2123 0.951508 -0.222624
vn 0.250484 0.940716 -0.228715
vn 0.250484 0.940716 -0.228715
vn 0.288264 0.928409 -0.234438
vn 0.0926108 0.940009 0.328338
vn -0.00953586 0.950493 0.310599
vn -0.00953586 0.950493 0.310599
vn -0.111579 0.950656 0.289487
vn -0.423509 0.893447 0.14964
vn -0.341525 0.933024 0.113255
vn -0.341525 0.933024 0.113255
vn -0.256258 0.963633 0.0757809
vn 0.203821 0.95802 -0.201631
vn 0.119668 0.977202 -0.175375
vn 0.119668 0.977202 -0.175375
vn 0.0345421 0.98843 -0.147691
vn -0.151421 0.983152 -0.102391
vn 0.00134735 0.997783 -0.0665403
vn 0.00134735 0.997783 -0.0665403
vn 0.154082 0.987631 -0.029037
vn -0.044153 0.997201 -0.0603324
vn -0.00511265 0.998316 -0.05778
vn -0.00511265 0.998316 -0.05778
vn 0.0339356 0.997902 -0.055139
vn 0.0333724 0.984886 0.16996
vn -0.103266 0.984483 0.141875
vn -0.103266 0.984483 0.141875
vn -0.237894 0.964924 0.111029
vn -0.120985 0.894591 -0.430196
vn -0.163198 0.881433 -0.443219
vn -0.163198 0.881433 -0.443219
vn -0.205064 0.866401 -0.4553
vn -0.362304 0.884331 0.29444
vn 0.0358615 0.988887 0.144276
vn 0.0358615 0.988887 0.144276
vn 0.427141 0.903561 -0.0335903
vn -0.112865 0.992743 0.041516
vn -0.0251596 0.998971 0.0377475
vn -0.0251596 0.998971 0.0377475
vn 0.0627403 0.997461 0.0336865
vn 0.280932 0.955236 0.0927484
vn 0.346402 0.934819 0.0782201
vn 0.346402 0.934819 0.0782201
vn 0.410171 0.909809 0.0633074
vn -0.0206558 0.961679 -0.2734
vn -0.0586253 0.954394 -0.292738
vn -0.0586253 0.954394 -0.292738
vn -0.0964853 0.945325 -0.311529
vn -0.134618 0.990072 -0.0404351
vn 0.0493904 0.997642 -0.0476635
vn 0.0493904 0.997642 -0.0476635
vn 0.231721 0.971322 -0.0532729
vn -0.21283 0.938908 -0.270472
vn -0.202144 0.94258 -0.26586
vn -0.202144 0.94258 -0.26586
vn -0.191428 0.946111 -0.261208
vn 0.158007 0.964025 -0.21375
vn 0.0598829 0.962811 -0.263455
vn 0.0598829 0.962811 -0.263455
vn -0.0389661 0.949947 -0.309973
vn 0.260271 0.965502 0.00800859
vn 0.115679 0.992363 -0.0428246
vn 0.115679 0.992363 -0.0428246
vn -0.0317136 0.995196 -0.0926209
vn 0.0537599 0.978326 0.199972
vn -0.0407066 0.979489 0.197344
vn -0.0407066 0.979489 0.197344
vn -0.13481 0.971903 0.192953
vn 0.336726 0.938074 0.0814438
vn -0.0261093 0.996556 -0.0787003
vn -0.0261093 0.996556 -0.0787003
vn -0.384748 0.894877 -0.226196
vn -0.21497 0.976149 -0.0303598
vn -0.27798 0.960049 -0.0321355
vn -0.27798 0.960049 -0.0321355
vn -0.339813 0.939887 -0.0337752
vn 0.0571422 0.998354 0.00498907
vn -0.0328402 0.998925 -0.0327043
vn -0.0328402 0.998925 -0.0327043
vn -0.12251 0.98999 -0.0700865
vn 0.0891618 0.925923 -0.367039
vn -0.0257374 0.913464 -0.406104
vn -0.0257374 0.913464 -0.406104
vn -0.140254 0.887411 -0.439125
vn 0.246083 0.96686 0.0680131
vn 0.0201501 0.986874 0.160228
vn 0.0201501 0.986874 0.160228
vn -0.206991 0.947726 0.242838
vn -0.194953 0.968632 0.154093
vn -0.208469 0.965844 0.153904
vn -0.208469 0.965844 0.153904
vn -0.221946 0.962871 0.153686
vn 0.0652759 0.98292 -0.17207
vn 0.146472 0.97354 -0.175399
vn 0.146472 0.97354 -0.175399
vn 0.226688 0.957647 -0.177554
vn 0.418959 0.881831 0.216441
vn 0.141391 0.98701 0.0762821
vn 0.141391 0.98701 0.0762821
vn -0.151413 0.985838 -0.0720962
vn 0.368921 0.927464 0.0608895
vn 0.13297 0.990583 -0.0326235
vn 0.13297 0.990583 -0.0326235
vn -0.112077 0.985944 -0.123905
vn -0.0114641 0.924568 0.380845
vn 0.0263077 0.926066 0.376444
vn 0.0263077 0.926066 0.376444
vn 0.0640413 0.926222 0.371499
vn 0.0159619 0.994046 0.107782
vn -0.0275395 0.995297 0.0928695
vn -0.0275395 0.995297 0.0928695
vn -0.0709826 0.994442 0.0777604
vn -0.360059 0.880077 -0.309552
vn -0.28424 0.903222 -0.321554
vn -0.28424 0.903222 -0.321554
vn -0.206595 0.920561 -0.331489
vn 0.354296 0.917746 -0.179488
vn 0.0962126 0.976567 -0.192508
vn 0.0962126 0.976567 -0.192508
vn -0.168628 0.966798 -0.192007
vn -0.0597007 0.973325 0.221528
vn -0.0767672 0.973748 0.214294
vn -0.0767672 0.973748 0.214294
vn -0.0938073 0.973836 0.206987
vn 0.0696355 0.994275 0.0810397
vn 0.0957017 0.991956 0.0828527
vn 0.0957017 0.991956 0.0828527
vn 0.121702 0.988954 0.0846087
vn 0.536863 0.788906 0.299009
vn 0.317167 0.92285 0.218523
vn 0.317167 0.92285 0.218523
vn 0.0744184 0.989717 0.122154
vn -0.157898 0.97608 -0.149451
vn -0.33416 0.923975 -0.186029
vn -0.33416 0.923975 -0.186029
vn -0.498687 0.839419 -0.216074
vn -0.0743797 0.972762 -0.219551
vn -0.222418 0.960616 -0.166573
vn -0.222418 0.960616 -0.166573
vn -0.364926 0.924581 -0.109452
vn -0.171019 0.970828 -0.168066
vn -0.287999 0.947366 -0.139837
vn -0.287999 0.947366 -0.139837
vn -0.400651 0.909663 -0.109507
vn -0.211246 0.977333 -0.0139984
vn -0.11903 0.992854 0.00852954
vn -0.11903 0.992854 0.00852954
vn -0.0257122 0.999189 0.0309785
vn 0.0550237 0.971586 0.2302
vn 0.343516 0.934319 0.0951011
vn 0.343516 0.934319 0.0951011
vn 0.596671 0.80094 -0.0497811
vn 0.2168 0.937265 0.273006
vn 0.217539 0.937097 0.272993
vn 0.217539 0.937097 0.272993
vn 0.218277 0.93693 0.27298
vn -0.296627 0.942892 0.151552
vn 0.259224 0.964394 0.0524103
vn 0.259224 0.964394 0.0524103
vn 0.732315 0.678002 -0.0634641
vn -0.123471 0.971323 -0.20319
vn 0.0344852 0.982235 -0.184458
vn 0.0344852 0.982235 -0.184458
vn 0.191565 0.968179 -0.161037
vn 0.379374 0.922632 -0.0694628
vn 0.146148 0.981883 -0.120605
vn 0.146148 0.981883 -0.120605
vn -0.095923 0.98171 -0.164449
vn -0.0927973 0.995585 0.0141428
vn 0.00819026 0.999949 0.00586112
vn 0.00819026 0.999949 0.00586112
vn 0.109094 0.994028 -0.0024809
vn 0.424255 0.899251 -0.106557
vn 0.270217 0.955479 -0.118503
vn 0.270217 0.955479 -0.118503
vn 0.108874 0.985878 -0.127244
vn -0.167312 0.965428 -0.199887
vn -0.190116 0.961649 -0.197703
vn -0.190116 0.961649 -0.197703
vn -0.212817 0.957352 -0.195412
vn 0.0272321 0.996946 -0.0731888
vn -0.154213 0.987986 -0.0101178
vn -0.154213 0.987986 -0.0101178
vn -0.329954 0.942489 0.0533273
vn -0.174707 0.956544 -0.233453
vn -0.200247 0.952587 -0.229081
vn -0.200247 0.952587 -0.229081
vn -0.225651 0.947976 -0.224552
vn -0.149543 0.976589 -0.154632
vn -0.436597 0.894686 -0.0944512
vn -0.436597 0.894686 -0.0944512
vn -0.683165 0.729818 -0.025512
vn -0.364929 0.918836 0.150223
vn -0.258155 0.954559 0.148908
vn -0.258155 0.954559 0.148908
vn -0.148107 0.978179 0.145705
vn 0.253929 0.959087 0.125189
vn 0.122218 0.986412 0.109793
vn 0.122218 0.986412 0.109793
vn -0.0117332 0.995654 0.0923848
vn 0.159763 0.962371 0.219815
vn 0.018747 0.96548 0.259801
vn 0.018747 0.96548 0.259801
vn -0.122672 0.947838 0.294202
vn -0.14974 0.923956 -0.351971
vn 0.0354774 0.943385 -0.329796
vn 0.0354774 0.943385 -0.329796
vn 0.219447 0.929631 -0.296021
vn 0.284354 0.957838 -0.0411063
vn 0.23447 0.971565 -0.032946
vn 0.23447 0.971565 -0.032946
vn 0.183943 0.982627 -0.0246953
vn -0.028544 0.90613 -0.422035
vn -0.116009 0.888765 -0.44344
vn -0.116009 0.888765 -0.44344
vn -0.202498 0.863925 -0.461116
vn 0.0925127 0.990345 0.103243
vn 0.26501 0.96197 0.066205
vn 0.26501 0.96197 0.066205
vn 0.429044 0.902878 0.0270528
vn 0.38888 0.885883 0.252951
vn 0.354812 0.90019 0.252519
vn 0.354812 0.90019 0.252519
vn 0.320261 0.913269 0.251742
vn -0.111173 0.916219 0.384945
vn -0.0585392 0.921747 0.383347
vn -0.0585392 0.921747 0.383347
vn -0.00574181 0.924691 0.380675
vn -0.373687 0.894339 -0.246
vn -0.0136048 0.959529 -0.281279
vn -0.0136048 0.959529 -0.281279
vn 0.348316 0.895036 -0.278543
vn -0.389538 0.905118 0.170359
vn -0.150738 0.979667 0.132401
vn -0.150738 0.979667 0.132401
vn 0.0977133 0.991495 0.0859664
vn 0.528961 0.83712 0.13939
vn 0.238784 0.958186 0.157677
vn 0.238784 0.958186 0.157677
vn -0.0750781 0.984205 0.160322
vn -0.158951 0.949461 -0.270661
vn -0.111997 0.956138 -0.270661
vn -0.111997 0.956138 -0.270661
vn -0.0647898 0.960664 -0.270051
vn 0.103867 0.993547 -0.0455707
vn 0.266814 0.963421 -0.0250995
vn 0.266814 0.963421 -0.0250995
vn 0.422324 0.906437 -0.00392859
vn -0.0250649 0.976668 0.213287
vn 0.144207 0.951072 0.273252
vn 0.144207 0.951072 0.273252
vn 0.308734 0.894182 0.324225
vn 0.470969 0.881518 0.0333775
vn 0.0169996 0.99585 0.0894058
vn 0.0169996 0.99585 0.0894058
vn -0.440749 0.888806 0.125559
vn -0.431484 0.902118 0.00227744
vn -0.363197 0.93138 0.0248879
vn -0.363197 0.93138 0.0248879
vn -0.292719 0.955025 0.0473483
vn -0.0606192 0.96969 0.236699
vn 0.277913 0.928945 0.244595
vn 0.277913 0.928945 0.244595
vn 0.584116 0.780138 0.224038
vn 0.263956 0.964039 -0.0309148
vn 0.280736 0.958995 -0.0389218
vn 0.280736 0.958995 -0.0389218
vn 0.297413 0.953596 -0.0469143
vn 0.22851 0.921465 0.314142
vn 0.0473655 0.976031 0.212416
vn 0.0473655 0.976031 0.212416
vn -0.135964 0.985563 0.100889
vn 0.0605725 0.993827 -0.0929425
vn 0.00506605 0.996953 -0.0778385
vn 0.00506605 0.996953 -0.0778385
vn -0.0504572 0.99677 -0.0624763
vn -0.205948 0.951336 0.229229
vn -0.136128 0.967433 0.213408
vn -0.136128 0.967433 0.213408
vn -0.0655742 0.978321 0.196438
vn -0.0662951 0.993201 0.095693
vn -0.0298806 0.995428 0.0907253
vn -0.0298806 0.995428 0.0907253
vn 0.00657445 0.996305 0.0856346
vn 0.315442 0.866182 0.387589
vn 0.059115 0.92757 0.368944
vn 0.059115 0.92757 0.368944
vn -0.201339 0.924195 0.324539
vn -0.225402 0.973498 -0.0386852
vn 0.0362953 0.991181 -0.127447
vn 0.0362953 0.991181 -0.127447
vn 0.295209 0.932864 -0.206437
vn -0.254834 0.959716 -0.118344
vn -0.0864243 0.987654 -0.130654
vn -0.0864243 0.987654 -0.130654
vn 0.0845166 0.98666 -0.139136
vn -0.243522 0.947267 0.208286
vn 0.137062 0.943805 0.300744
vn 0.137062 0.943805 0.300744
vn 0.496621 0.795558 0.347066
vn -0.280764 0.959544 0.0211294
vn -0.100106 0.987055 0.125308
vn -0.100106 0.987055 0.125308
vn 0.0849818 0.97089 0.223942
vn 0.0448469 0.929595 0.365843
vn 0.244598 0.933556 0.262001
vn 0.244598 0.933556 0.262001
vn 0.431949 0.890186 0.144875
vn 0.375514 0.916762 -0.136151
vn 0.326952 0.934529 -0.140564
vn 0.326952 0.934529 -0.140564
vn 0.277509 0.949779 -0.144597
vn 0.387242 0.90111 -0.195049
vn 0.0277075 0.986652 -0.160466
vn 0.0277075 0.986652 -0.160466
vn -0.335644 0.936255 -0.103774
vn 0.400748 0.914416 -0.0569607
vn 0.208235 0.978075 0.00269062
vn 0.208235 0.978075 0.00269062
vn 0.00641972 0.998042 0.0622217
vn -0.296524 0.888758 -0.349547
vn -0.28087 0.891511 -0.355415
vn -0.28087 0.891511 -0.355415
vn -0.265134 0.894009 -0.36118
vn -0.190542 0.942223 -0.275519
vn -0.0371018 0.962204 -0.269792
vn -0.0371018 0.962204 -0.269792
vn 0.117228 0.959115 -0.257596
vn 0.0152947 0.959041 0.282853
vn 0.115072 0.935196 0.334913
vn 0.115072 0.935196 0.334913
vn 0.213327 0.898974 0.382541
vn 0.104809 0.969327 -0.222306
vn 0.000661367 0.962301 -0.271984
vn 0.000661367 0.962301 -0.271984
vn -0.103495 0.942416 -0.318027
vn -0.0692793 0.991269 -0.112188
vn -0.297181 0.947133 -0.120927
vn -0.297181 0.947133 -0.120927
vn -0.509045 0.851886 -0.123139
vn 0.185696 0.981403 0.048636
vn 0.257311 0.965942 0.0273354
vn 0.257311 0.965942 0.0273354
vn 0.327429 0.944857 0.00587558
vn 0.144828 0.986801 -0.0724515
vn 0.263157 0.964606 -0.0168615
vn 0.263157 0.964606 -0.0168615
vn 0.376859 0.925448 0.039025
vn -0.339316 0.934428 0.108209
vn -0.0756004 0.995464 -0.0577511
vn -0.0756004 0.995464 -0.0577511
vn 0.195737 0.956144 -0.217889
vn 0.350411 0.899394 0.261347
vn 0.107447 0.931375 0.347844
vn 0.107447 0.931375 0.347844
vn -0.142774 0.900455 0.410849
vn 0.158469 0.914113 -0.373208
vn -0.00168933 0.872572 -0.488482
vn -0.00168933 0.872572 -0.488482
vn -0.161779 0.795548 -0.583892
vn -0.25951 0.937565 0.231573
vn -0.0411697 0.98227 0.182893
vn -0.0411697 0.98227 0.182893
vn 0.179313 0.975858 0.124695
vn -0.179374 0.927489 -0.328007
vn -0.346475 0.893331 -0.286208
vn -0.346475 0.893331 -0.286208
vn -0.502892 0.831625 -0.235583
vn -0.466238 0.884078 -0.0320571
vn -0.190336 0.981121 -0.0342727
vn -0.190336 0.981121 -0.0342727
vn 0.101848 0.994234 -0.0335564
vn -0.139756 0.971677 0.190559
vn 0.018523 0.966528 0.255893
vn 0.018523 0.966528 0.255893
vn 0.176258 0.933014 0.313716
vn 0.555623 0.831215 0.0191101
vn 0.243425 0.965241 -0.0951498
vn 0.243425 0.965241 -0.0951498
vn -0.100049 0.975248 -0.197184
vn -0.250102 0.900455 -0.35585
vn -0.0232945 0.934331 -0.355645
vn -0.0232945 0.934331 -0.355645
vn 0.204738 0.919071 -0.336737
vn -0.583192 0.792563 -0.178128
vn -0.227234 0.957023 -0.180201
vn -0.227234 0.957023 -0.180201
vn 0.163664 0.974332 -0.154566
vn 0.452204 0.872513 0.185021
vn 0.0223155 0.975416 0.219238
vn 0.0223155 0.975416 0.219238
vn -0.411959 0.886588 0.210361
vn -0.208585 0.925227 -0.316935
vn 0.0779768 0.975669 -0.204915
vn 0.0779768 0.975669 -0.204915
vn 0.356959 0.931265 -0.0729758
vn -0.0086712 0.921977 -0.387148
vn -0.303865 0.917215 -0.257648
vn -0.303865 0.917215 -0.257648
vn -0.567477 0.817125 -0.10137
vn 0.36871 0.860608 0.351294
vn 0.34408 0.869566 0.35421
vn 0.34408 0.869566 0.35421
vn 0.319211 0.877919 0.356879
vn 0.260523 0.965207 0.0224401
vn 0.206952 0.978248 0.0142232
vn 0.206952 0.978248 0.0142232
vn 0.152737 0.988249 0.00596202
vn 0.325966 0.944126 0.048712
vn 0.05713 0.98383 0.169748
vn 0.05713 0.98383 0.169748
vn -0.216762 0.936467 0.275762
vn -0.0509113 0.998702 -0.00129373
vn -0.229838 0.970959 0.0664338
vn -0.229838 0.970959 0.0664338
vn -0.400176 0.906929 0.131679
vn 0.260148 0.931738 0.253351
vn 0.0207326 0.955743 0.293473
vn 0.0207326 0.955743 0.293473
vn -0.219917 0.922875 0.316131
vn 0.308051 0.936256 -0.168907
vn 0.280704 0.94369 -0.175081
vn 0.280704 0.94369 -0.175081
vn 0.253121 0.950331 -0.181108
vn -0.0640655 0.993593 -0.0931069
vn -0.118311 0.988648 -0.0926156
vn -0.118311 0.988648 -0.0926156
vn -0.172205 0.98077 -0.0918496
vn -0.0310048 0.96659 0.254447
vn -0.201363 0.954898 0.218226
vn -0.201363 0.954898 0.218226
vn -0.365585 0.914111 0.175356
vn 0.210953 0.97437 -0.0781172
vn -0.0830385 0.99369 -0.0753977
vn -0.0830385 0.99369 -0.0753977
vn -0.369821 0.926746 -0.0661328
vn 0.109845 0.985337 -0.130557
vn 0.0925777 0.987149 -0.130252
vn 0.0925777 0.987149 -0.130252
vn 0.0752829 0.988664 -0.129907
vn -0.366201 0.925948 -0.0922865
vn -0.155119 0.987732 0.0180035
vn -0.155119 0.987732 0.0180035
vn 0.065352 0.989721 0.127204
vn 0.576395 0.801226 0.160642
vn 0.355627 0.907262 0.224513
vn 0.355627 0.907262 0.224513
vn 0.112076 0.955177 0.274001
vn 0.084212 0.988161 0.128241
vn 0.0357565 0.992686 0.115307
vn 0.0357565 0.992686 0.115307
vn -0.0127898 0.994694 0.10208
vn -0.20407 0.977916 0.0451173
vn -0.170712 0.984133 0.0483694
vn -0.170712 0.984133 0.0483694
vn -0.137155 0.989206 0.0515652
vn 0.115273 0.889876 0.441398
vn 0.300243 0.86989 0.391338
vn 0.300243 0.86989 0.391338
vn 0.474067 0.817614 0.326753
vn -0.317343 0.947813 -0.0307285
vn -0.153556 0.985956 -0.065667
vn -0.153556 0.985956 -0.065667
vn 0.0147623 0.995011 -0.0986682
vn 0.0865384 0.963004 -0.255216
vn 0.15354 0.96183 -0.226515
vn 0.15354 0.96183 -0.226515
vn 0.219725 0.955545 -0.19661
vn -0.322139 0.736513 -0.59479
vn -0.198355 0.800127 -0.566084
vn -0.198355 0.800127 -0.566084
vn -0.0705662 0.847585 -0.525947
vn 0.266082 0.916448 0.29887
vn 0.335916 0.884944 0.322545
vn 0.335916 0.884944 0.322545
vn 0.403589 0.847749 0.344146
vn 0.0811543 0.991906 0.0976546
vn 0.108881 0.989251 0.0976088
vn 0.108881 0.989251 0.0976088
vn 0.136523 0.985828 0.0974873
vn 0.463982 0.883961 0.0577367
vn 0.232621 0.96845 0.0894002
vn 0.232621 0.96845 0.0894002
vn -0.0130863 0.993215 0.11555
vn -0.284913 0.896368 -0.33963
vn -0.339507 0.884498 -0.319997
vn -0.339507 0.884498 -0.319997
vn -0.39291 0.869527 -0.299241
vn 0.224441 0.929987 -0.291119
vn 0.181323 0.936703 -0.299514
vn 0.181323 0.936703 -0.299514
vn 0.137847 0.94157 -0.307318
vn -0.482975 0.865964 0.129775
vn -0.279829 0.955033 0.0980183
vn -0.279829 0.955033 0.0980183
vn -0.0626323 0.99615 0.0613397
vn -0.0692113 0.966279 0.248021
vn 0.0903668 0.982219 0.164558
vn 0.0903668 0.982219 0.164558
vn 0.246991 0.966055 0.0757154
vn 0.328137 0.922843 -0.201708
vn 0.280374 0.937806 -0.204722
vn 0.280374 0.937806 -0.204722
vn 0.231906 0.95041 -0.207221
vn -0.00423683 0.996793 0.0799127
vn -0.0137767 0.996805 0.0786785
vn -0.0137767 0.996805 0.0786785
vn -0.0233153 0.996725 0.0774371
vn 0.0394966 0.900801 0.432431
vn 0.0957085 0.882188 0.461069
vn 0.0957085 0.882188 0.461069
vn 0.151506 0.859757 0.487713
vn 0.420406 0.900163 0.113864
vn 0.153128 0.988102 -0.014361
vn 0.153128 0.988102 -0.014361
vn -0.12879 0.981566 -0.141213
vn 0.376531 0.913291 -0.155318
vn 0.0931585 0.97801 -0.186596
vn 0.0931585 0.97801 -0.186596
vn -0.198176 0.959141 -0.201927
vn -0.232922 0.955835 0.179241
vn -0.26129 0.946027 0.191732
vn -0.26129 0.946027 0.191732
vn -0.289382 0.935218 0.204021
vn -0.431707 0.835687 -0.339494
vn -0.328661 0.889833 -0.316511
vn -0.328661 0.889833 -0.316511
vn -0.220988 0.931451 -0.289073
vn -0.226601 0.972872 0.0466022
vn 0.0329617 0.99911 -0.0263256
vn 0.0329617 0.99911 -0.0263256
vn 0.290105 0.952033 -0.0973216
vn -0.626939 0.745535 -0.226108
vn -0.0989456 0.978464 -0.181157
vn -0.0989456 0.978464 -0.181157
vn 0.462199 0.883555 -0.0755088
vn -0.421159 0.906642 0.0250131
vn -0.227019 0.971514 0.0679933
vn -0.227019 0.971514 0.0679933
vn -0.0229472 0.993886 0.107999
vn -0.145923 0.980967 -0.128099
vn 0.0175807 0.996829 -0.0776058
vn 0.0175807 0.996829 -0.0776058
vn 0.180565 0.98325 -0.0248201
vn -0.303688 0.892047 -0.334702
vn -0.19691 0.935514 -0.293325
vn -0.19691 0.935514 -0.293325
vn -0.0871778 0.964946 -0.247548
vn 0.241581 0.962911 0.120169
vn 0.0342959 0.968587 0.246299
vn 0.0342959 0.968587 0.246299
vn -0.17501 0.917205 0.35792
vn -0.263631 0.959231 0.101861
vn -0.138036 0.979886 0.144119
vn -0.138036 0.979886 0.144119
vn -0.00995849 0.982916 0.183784
vn 0.371678 0.90653 -0.200146
vn -0.173659 0.972951 -0.152342
vn -0.173659 0.972951 -0.152342
vn -0.666188 0.743509 -0.058213
vn -0.329972 0.934492 0.133578
vn -0.333043 0.933302 0.134272
vn -0.333043 0.933302 0.134272
vn -0.33611 0.932102 0.134964
vn -0.0516895 0.991608 0.118495
vn 0.0974964 0.987412 0.124546
vn 0.0974964 0.987412 0.124546
vn 0.244507 0.961186 0.127818
vn -0.397077 0.917489 0.0233101
vn -0.0307533 0.999521 0.00343418
vn -0.0307533 0.999521 0.00343418
vn 0.339916 0.940303 -0.0169271
vn -0.548195 0.813588 -0.193793
vn -0.261147 0.900243 -0.348373
vn -0.261147 0.900243 -0.348373
vn 0.0556201 0.88445 -0.463308
vn 0.477482 0.875401 -0.0753928
vn 0.166817 0.978972 -0.117413
vn 0.166817 0.978972 -0.117413
vn -0.162033 0.97583 -0.146635
vn 0.213352 0.954844 -0.20677
vn -0.0887044 0.956708 -0.277203
vn -0.0887044 0.956708 -0.277203
vn -0.382227 0.866535 -0.320968
vn 0.302035 0.946888 -0.110353
vn -0.0117318 0.999323 -0.0348748
vn -0.0117318 0.999323 -0.0348748
vn -0.324245 0.944934 0.0443313
vn 0.227823 0.972128 -0.0553449
vn 0.354901 0.930996 -0.0853987
vn 0.354901 0.930996 -0.0853987
vn 0.475326 0.872412 -0.113852
vn -0.174834 0.970117 -0.168246
vn -0.20599 0.965309 -0.160458
vn -0.20599 0.965309 -0.160458
vn -0.236929 0.959483 -0.152501
vn 0.374827 0.81769 0.436908
vn 0.263273 0.855151 0.446548
vn 0.263273 0.855151 0.446548
vn 0.148049 0.88069 0.449963
vn 0.0119186 0.977788 -0.209258
vn -0.129303 0.971617 -0.198094
vn -0.129303 0.971617 -0.198094
vn -0.267925 0.94591 -0.182948
vn -0.152349 0.987853 -0.0306147
vn -0.356675 0.927387 -0.112856
vn -0.356675 0.927387 -0.112856
vn -0.542394 0.81854 -0.189211
vn 0.159053 0.986498 0.039042
vn 0.293595 0.955903 -0.00716456
vn 0.293595 0.955903 -0.00716456
vn 0.42192 0.90507 -0.0532194
vn -0.173302 0.969723 0.172056
vn -0.0233468 0.984882 0.171645
vn -0.0233468 0.984882 0.171645
vn 0.127139 0.977668 0.167335
vn 0.0371822 0.997441 -0.0610723
vn 0.0258513 0.997994 -0.0577898
vn 0.0258513 0.997994 -0.0577898
vn 0.0145168 0.998408 -0.0544993
vn -0.181786 0.973724 -0.137167
vn -0.241874 0.96265 -0.121666
vn -0.241874 0.96265 -0.121666
vn -0.301001 0.94775 -0.105682
vn -0.112575 0.993641 0.0021324
vn 0.00875318 0.999899 0.011155
vn 0.00875318 0.999899 0.011155
vn 0.129951 0.991318 0.0200121
vn 0.0036788 0.985487 0.169714
vn 0.0168038 0.985908 0.16644
vn 0.0168038 0.985908 0.16644
vn 0.0299258 0.98615 0.163136
vn -0.28963 0.907559 0.304059
vn 0.0001492 0.992855 0.119326
vn 0.0001492 0.992855 0.119326
vn 0.289909 0.953674 -0.0803678
vn -0.28182 0.931296 -0.230793
vn -0.153053 0.952569 -0.263035
vn -0.153053 0.952569 -0.263035
vn -0.0215196 0.956626 -0.290523
vn -0.126026 0.961251 -0.245183
vn 0.0338036 0.988642 -0.146439
vn 0.0338036 0.988642 -0.146439
vn 0.192414 0.980397 -0.0424174
vn 0.29938 0.943254 0.143679
vn 0.313222 0.938584 0.144746
vn 0.313222 0.938584 0.144746
vn 0.326997 0.933714 0.145781
vn -0.211908 0.974487 -0.0739559
vn -0.268699 0.961802 -0.0523262
vn -0.268699 0.961802 -0.0523262
vn -0.324455 0.945409 -0.0304949
vn 0.286907 0.956457 0.0536025
vn 0.155425 0.984225 0.0845274
vn 0.155425 0.984225 0.0845274
vn 0.0209879 0.993277 0.113845
vn 0.579589 0.806792 -0.11473
vn 0.340638 0.940091 -0.0139673
vn 0.340638 0.940091 -0.0139673
vn 0.0727261 0.993464 0.0879828
vn -0.165747 0.986146 -0.00659133
vn -0.0213727 0.998842 -0.0431026
vn -0.0213727 0.998842 -0.0431026
vn 0.123479 0.989226 -0.0786511
vn 0.0723537 0.996884 -0.0314056
vn 0.0887957 0.99561 -0.029588
vn 0.0887957 0.99561 -0.029588
vn 0.105213 0.994062 -0.0277622
vn 0.0859999 0.942097 0.324124
vn -0.0492297 0.947997 0.314448
vn -0.0492297 0.947997 0.314448
vn -0.183553 0.93644 0.29898
vn -0.240581 0.964852 0.105742
vn -0.304248 0.942895 0.135579
vn -0.304248 0.942895 0.135579
vn -0.366265 0.915822 0.164681
vn -0.474723 0.862302 -0.176276
vn -0.138707 0.961313 -0.237989
vn -0.138707 0.961313 -0.237989
vn 0.214858 0.938699 -0.269592
vn 0.428638 0.903423 0.00985232
vn 0.390852 0.92045 0.00250962
vn 0.390852 0.92045 0.00250962
vn 0.352374 0.935847 -0.00483752
vn 0.0501265 0.989955 0.132198
vn 0.262251 0.936242 0.233829
vn 0.262251 0.936242 0.233829
vn 0.459111 0.828029 0.321848
vn -0.422082 0.889874 0.173123
vn 0.0434663 0.998654 0.0283093
vn 0.0434663 0.998654 0.0283093
vn 0.498168 0.85823 -0.123569
vn -0.297022 0.954743 0.0156094
vn -0.167314 0.981604 0.0919737
vn -0.167314 0.981604 0.0919737
vn -0.0336946 0.985518 0.166188
vn 0.184616 0.974714 0.125896
vn 0.0113251 0.980847 0.19445
vn 0.0113251 0.980847 0.19445
vn -0.162359 0.952879 0.256244
vn 0.392565 0.917695 -0.0610539
vn 0.109003 0.992082 -0.0623833
vn 0.109003 0.992082 -0.0623833
vn -0.183927 0.981206 -0.0583513
vn -0.263026 0.964781 -0.00381291
vn 0.0745703 0.99087 0.112322
vn 0.0745703 0.99087 0.112322
vn 0.402611 0.889989 0.214064
vn -0.0544273 0.989712 0.132319
vn -0.145043 0.986465 0.0764786
vn -0.145043 0.986465 0.0764786
vn -0.234014 0.972032 0.0197706
vn 0.609693 0.791183 -0.0479939
vn 0.172339 0.984757 0.0235043
vn 0.172339 0.984757 0.0235043
vn -0.305319 0.948034 0.0895058
vn -0.164925 0.930802 0.326201
vn 0.0817379 0.942989 0.32263
vn 0.0817379 0.942989 0.32263
vn 0.323414 0.89765 0.299378
vn -0.0374712 0.988423 0.147022
vn 0.153518 0.981511 0.114316
vn 0.153518 0.981511 0.114316
vn 0.338735 0.9377 0.0773128
vn -0.198791 0.979609 -0.0291241
vn -0.024697 0.997764 0.0621045
vn -0.024697 0.997764 0.0621045
vn 0.150359 0.977045 0.150913
vn 0.351407 0.923086 0.156288
vn 0.342466 0.926109 0.15824
vn 0.342466 0.926109 0.15824
vn 0.333493 0.929046 0.160177
vn 0.224038 0.972585 0.0623298
vn 0.307464 0.949239 0.0664154
vn 0.307464 0.949239 0.0664154
vn 0.388577 0.918753 0.0700015
vn -0.148853 0.958679 0.242439
vn -0.215236 0.94712 0.237987
vn -0.215236 0.94712 0.237987
vn -0.280638 0.931241 0.23245
vn -0.410534 0.90528 0.109227
vn -0.0627578 0.995256 0.0743415
vn -0.0627578 0.995256 0.0743415
vn 0.293193 0.95559 0.0297724
vn 0.0353861 0.946558 -0.320586
vn 0.149058 0.944204 -0.293702
vn 0.149058 0.944204 -0.293702
vn 0.260695 0.928962 -0.262809
vn -0.451957 0.857379 -0.246243
vn -0.165166 0.943193 -0.288282
vn -0.165166 0.943193 -0.288282
vn 0.136718 0.942818 -0.303977
vn 0.672463 0.732348 -0.10705
vn 0.320235 0.945828 -0.0534658
vn 0.320235 0.945828 -0.0534658
vn -0.087236 0.996144 0.00934164
vn -0.323476 0.875146 -0.359838
vn 0.0116952 0.978132 -0.207657
vn 0.0116952 0.978132 -0.207657
vn 0.345158 0.938208 -0.0251365
vn 0.406222 0.902144 0.145328
vn 0.033214 0.999196 0.0224609
vn 0.033214 0.999196 0.0224609
vn -0.34523 0.932729 -0.104082
vn 0.147485 0.976387 -0.157851
vn 0.0270414 0.985938 -0.164909
vn 0.0270414 0.985938 -0.164909
vn -0.0937982 0.981047 -0.169552
vn 0.418219 0.907288 0.0438303
vn 0.21396 0.976355 0.0308617
vn 0.21396 0.976355 0.0308617
vn -0.000281288 0.999865 0.0164531
vn 0.346294 0.938021 0.0140692
vn 0.155978 0.987185 0.0337042
vn 0.155978 0.987185 0.0337042
vn -0.0404237 0.997827 0.052024
vn -0.30771 0.904353 -0.295736
vn -0.23439 0.93486 -0.266641
vn -0.23439 0.93486 -0.266641
vn -0.159393 0.95868 -0.235639
vn 0.216041 0.950573 0.223018
vn 0.415971 0.886902 0.20093
vn 0.415971 0.886902 0.20093
vn 0.597385 0.783751 0.169899
vn 0.0525189 0.998618 -0.00181961
vn 0.0117852 0.999925 0.00326857
vn 0.0117852 0.999925 0.00326857
vn -0.0289683 0.999545 0.00835123
vn -0.399483 0.911147 -0.101116
vn -0.508133 0.85506 -0.10331
vn -0.508133 0.85506 -0.10331
vn -0.609183 0.786186 -0.10396
vn -0.276783 0.91745 0.285791
vn -0.00288527 0.956468 0.291823
vn -0.00288527 0.956468 0.291823
vn 0.271234 0.922241 0.275506
vn -0.147299 0.988908 -0.0190916
vn -0.0827505 0.995994 -0.0338887
vn -0.0827505 0.995994 -0.0338887
vn -0.017835 0.998662 -0.0485355
vn 0.268992 0.962834 0.0243792
vn 0.200013 0.979728 0.0113331
vn 0.200013 0.979728 0.0113331
vn 0.129992 0.991513 -0.00177201
vn -0.343318 0.938832 -0.0269774
vn -0.246524 0.969101 0.00833064
vn -0.246524 0.969101 0.00833064
vn -0.146887 0.988195 0.0435426
vn 0.0892945 0.99023 0.107105
vn 0.19449 0.968087 0.158056
vn 0.19449 0.968087 0.158056
vn 0.296932 0.932243 0.206771
vn 0.209191 0.92478 0.317837
vn 0.269005 0.913959 0.303834
vn 0.269005 0.913959 0.303834
vn 0.327772 0.899582 0.28865
vn -0.0398849 0.99838 -0.0405664
vn -0.245735 0.968076 -0.049439
vn -0.245735 0.968076 -0.049439
vn -0.440926 0.895784 -0.0561674
vn 0.161906 0.978195 -0.13008
vn 0.148996 0.979323 -0.136844
vn 0.148996 0.979323 -0.136844
vn 0.136056 0.980242 -0.143578
vn -0.101766 0.948841 -0.298907
vn -0.0613144 0.94549 -0.319827
vn -0.0613144 0.94549 -0.319827
vn -0.0207352 0.940167 -0.340081
vn 0.232419 0.972271 -0.0258939
vn 0.348609 0.928971 -0.124433
vn 0.348609 0.928971 -0.124433
vn 0.456055 0.862368 -0.219852
vn -0.178811 0.977979 -0.107623
vn -0.126755 0.985732 -0.11075
vn -0.126755 0.985732 -0.11075
vn -0.0743466 0.990745 -0.113569
vn -0.204059 0.970786 0.12623
vn -0.141821 0.984336 0.104734
vn -0.141821 0.984336 0.104734
vn -0.0789422 0.993437 0.0827653
vn 0.239605 0.921071 0.30695
vn 0.177554 0.945404 0.273289
vn 0.177554 0.945404 0.273289
vn 0.114513 0.964465 0.238103
vn -0.0781469 0.956657 0.280536
vn -0.117619 0.955201 0.271583
vn -0.117619 0.955201 0.271583
vn -0.156898 0.952178 0.262185
vn -0.0310228 0.980152 -0.195803
vn 0.069262 0.968504 -0.239171
vn 0.069262 0.968504 -0.239171
vn 0.168711 0.945162 -0.279651
vn -0.0755093 0.99208 -0.100378
vn -0.095606 0.991279 -0.0906982
vn -0.095606 0.991279 -0.0906982
vn -0.115655 0.989983 -0.0809736
vn -0.482697 0.864413 -0.140693
vn -0.33122 0.9257 -0.182681
vn -0.33122 0.9257 -0.182681
vn -0.170315 0.960639 -0.219469
vn -0.290392 0.950994 0.106218
vn -0.373713 0.920229 0.116266
vn -0.373713 0.920229 0.116266
vn -0.454048 0.882111 0.125386
vn -0.234993 0.970598 0.0521374
vn 0.193797 0.9809 -0.0166674
vn 0.193797 0.9809 -0.0166674
vn 0.586017 0.806106 -0.082327
vn -0.0505215 0.995925 -0.0747076
vn -0.153753 0.988083 -0.00727921
vn -0.153753 0.988083 -0.00727921
vn -0.254637 0.965157 0.0602603
vn -0.147864 0.979796 0.134668
vn 0.124551 0.969977 0.208882
vn 0.124551 0.969977 0.208882
vn 0.387025 0.88274 0.266424
vn -0.0896552 0.964374 0.248889
vn 0.0891604 0.979123 0.182672
vn 0.0891604 0.979123 0.182672
vn 0.264715 0.958058 0.109774
vn 0.228724 0.969879 0.0837824
vn -0.05908 0.997602 0.0360536
vn -0.05908 0.997602 0.0360536
vn -0.34181 0.939653 -0.0147715
vn -0.410066 0.910819 -0.0474883
vn -0.152346 0.988192 0.0163535
vn -0.152346 0.988192 0.0163535
vn 0.117025 0.989986 0.0789445
vn 0.365853 0.927994 -0.0705607
vn 0.233061 0.971357 -0.0463522
vn 0.233061 0.971357 -0.0463522
vn 0.0955839 0.995195 -0.0212119
vn -0.438114 0.87412 -0.209691
vn 0.0197926 0.977915 -0.208062
vn 0.0197926 0.977915 -0.208062
vn 0.473336 0.866124 -0.160565
vn 0.25006 0.957017 0.146931
vn 0.12697 0.974631 0.18432
vn 0.12697 0.974631 0.18432
vn 0.00173891 0.975812 0.218602
vn 0.291347 0.954909 0.0571432
vn -0.0531956 0.981308 0.184948
vn -0.0531956 0.981308 0.184948
vn -0.390518 0.874503 0.287648
vn 0.0977538 0.945073 -0.311899
vn -0.0955734 0.948096 -0.303283
vn -0.0955734 0.948096 -0.303283
vn -0.28532 0.915603 -0.283306
vn -0.327798 0.940376 0.0907833
vn -0.0969979 0.99 0.102427
vn -0.0969979 0.99 0.102427
vn 0.139221 0.984316 0.108348
vn 0.223492 0.954712 0.196409
vn 0.0404196 0.989135 0.141344
vn 0.0404196 0.989135 0.141344
vn -0.144178 0.986236 0.0809447
vn 0.165559 0.923052 -0.347224
vn 0.0968291 0.938872 -0.330369
vn 0.0968291 0.938872 -0.330369
vn 0.0275897 0.949755 -0.311777
vn -0.3194 0.944595 -0.0756497
vn -0.135489 0.989282 0.0544408
vn -0.135489 0.989282 0.0544408
vn 0.0555686 0.98179 0.18166
vn -0.327508 0.830439 -0.450677
vn -0.299596 0.842664 -0.447391
vn -0.299596 0.842664 -0.447391
vn -0.271403 0.854098 -0.443686
vn 0.271587 0.945082 -0.181824
vn 0.171266 0.967738 -0.184801
vn 0.171266 0.967738 -0.184801
vn 0.0691317 0.980149 -0.185821
vn 0.268006 0.939616 0.212826
vn 0.269174 0.939381 0.21239
vn 0.269174 0.939381 0.21239
vn 0.270342 0.939144 0.211954
vn -0.0118838 0.993485 -0.113338
vn 0.00145889 0.993433 -0.114404
vn 0.00145889 0.993433 -0.114404
vn 0.0148013 0.993203 -0.115451
vn -0.460703 0.887402 -0.0164484
vn -0.30447 0.952463 -0.0106315
vn -0.30447 0.952463 -0.0106315
vn -0.139507 0.990211 -0.00450976
vn -0.363557 0.924388 0.115468
vn -0.100564 0.988501 0.112929
vn -0.100564 0.988501 0.112929
vn 0.169797 0.980174 0.102115
vn -0.173002 0.984498 0.0288747
vn -0.415028 0.905156 0.0918972
vn -0.415028 0.905156 0.0918972
vn -0.628481 0.763499 0.148593
vn -0.274365 0.929373 0.246961
vn 0.138476 0.963467 0.229252
vn 0.138476 0.963467 0.229252
vn 0.527511 0.831927 0.172131
vn 0.245557 0.942617 -0.226217
vn -0.299878 0.949759 -0.0896159
vn -0.299878 0.949759 -0.0896159
vn -0.750489 0.656577 0.0753228
vn -0.343565 0.936045 -0.0760502
vn -0.388366 0.917678 -0.0838943
vn -0.388366 0.917678 -0.0838943
vn -0.432233 0.897104 -0.0915365
vn 0.299189 0.867689 0.396991
vn 0.323838 0.860552 0.393165
vn 0.323838 0.860552 0.393165
vn 0.348268 0.852837 0.389074
vn -0.312266 0.947471 0.0691945
vn -0.285228 0.95662 0.0593662
vn -0.285228 0.95662 0.0593662
vn -0.257929 0.964896 0.0494838
vn 0.210215 0.964593 -0.159279
vn 0.0519776 0.970912 -0.233728
vn 0.0519776 0.970912 -0.233728
vn -0.107852 0.9475 -0.301019
vn 0.199143 0.940246 0.276189
vn 0.140278 0.944899 0.295785
vn 0.140278 0.944899 0.295785
vn 0.0808703 0.945894 0.314236
vn -0.160715 0.951998 0.260522
vn 0.216039 0.946356 0.240286
vn 0.216039 0.946356 0.240286
vn 0.562032 0.805968 0.185837
vn 0.445332 0.870163 -0.210942
vn 0.0706188 0.941509 -0.329505
vn 0.0706188 0.941509 -0.329505
vn -0.315362 0.862631 -0.395494
vn 0.516853 0.852915 0.0734802
vn 0.267319 0.96352 0.0129862
vn 0.267319 0.96352 0.0129862
vn -0.00310773 0.998817 -0.0485228
vn 0.30477 0.952111 -0.024486
vn 0.138105 0.990399 0.00613555
vn 0.138105 0.990399 0.00613555
vn -0.032729 0.998795 0.036572
vn -0.463728 0.88084 0.0952803
vn -0.307648 0.946649 0.0959643
vn -0.307648 0.946649 0.0959643
vn -0.142741 0.985296 0.0938949
vn -0.497823 0.802963 -0.327755
vn -0.146915 0.968856 -0.199332
vn -0.146915 0.968856 -0.199332
vn 0.22855 0.972806 -0.0375911
vn 0.0503611 0.993247 -0.104516
vn -0.155466 0.986648 -0.048536
vn -0.155466 0.986648 -0.048536
vn -0.354212 0.935115 0.00965421
vn 0.242105 0.921117 -0.304843
vn -0.00310903 0.973692 -0.227845
vn -0.00310903 0.973692 -0.227845
vn -0.248109 0.959256 -0.135165
vn 0.447806 0.871913 0.198084
vn 0.338539 0.92985 0.144117
vn 0.338539 0.92985 0.144117
vn 0.223108 0.970856 0.0875259
vn 0.338374 0.871463 0.355041
vn 0.104471 0.914166 0.391645
vn 0.104471 0.914166 0.391645
vn -0.135479 0.903962 0.405582
vn -0.017289 0.996374 0.0833072
vn -0.294585 0.948916 0.113043
vn -0.294585 0.948916 0.113043
vn -0.548305 0.825516 0.133731
vn 0.00315996 0.988965 -0.148118
vn 0.101315 0.983487 -0.149959
vn 0.101315 0.983487 -0.149959
vn 0.198491 0.968502 -0.150349
vn -0.252802 0.967321 0.0195134
vn -0.140198 0.989747 -0.0272899
vn -0.140198 0.989747 -0.0272899
vn -0.0254396 0.996958 -0.0736736
vn -0.526474 0.847691 0.0651569
vn -0.226396 0.9734 0.0351829
vn -0.226396 0.9734 0.0351829
vn 0.0978487 0.9952 0.00145316
vn -0.29432 0.925125 -0.239831
vn -0.0709308 0.960391 -0.269478
vn -0.0709308 0.960391 -0.269478
vn 0.156149 0.945692 -0.285104
vn -0.327227 0.944324 0.0342793
vn -0.317931 0.947697 0.0281082
vn -0.317931 0.947697 0.0281082
vn -0.308592 0.950942 0.0219334
vn -0.359122 0.931809 -0.0525672
vn -0.145691 0.982981 -0.111906
vn -0.145691 0.982981 -0.111906
vn 0.0752713 0.98334 -0.16546
vn -0.0861249 0.934109 -0.346444
vn 0.0567602 0.932032 -0.357903
vn 0.0567602 0.932032 -0.357903
vn 0.198479 0.9108 -0.362007
vn 0.55525 0.831417 0.0210529
vn 0.253408 0.965704 0.056564
vn 0.253408 0.965704 0.056564
vn -0.0764094 0.993375 0.0858304
vn 0.48562 0.85409 0.186288
vn 0.135956 0.970655 0.198353
vn 0.135956 0.970655 0.198353
vn -0.232198 0.955214 0.183443
vn -0.355134 0.931203 -0.082099
vn -0.361826 0.92822 -0.086546
vn -0.361826 0.92822 -0.086546
vn -0.368492 0.925168 -0.0909866
vn 0.052722 0.944662 -0.32378
vn 0.14641 0.95078 -0.273097
vn 0.14641 0.95078 -0.273097
vn 0.238431 0.946074 -0.219306
vn 0.1426 0.989715 0.0113488
vn 0.0883593 0.996058 0.00775476
vn 0.0883593 0.996058 0.00775476
vn 0.0338543 0.999418 0.00413748
vn 0.0186175 0.956876 0.289899
vn -0.175191 0.957499 0.229136
vn -0.175191 0.957499 0.229136
vn -0.361773 0.918621 0.158921
vn -0.0784124 0.976229 0.202059
vn -0.18698 0.958516 0.215139
vn -0.18698 0.958516 0.215139
vn -0.293254 0.92904 0.22558
vn -0.354474 0.928622 -0.109585
vn 0.151737 0.987108 0.0509197
vn 0.151737 0.987108 0.0509197
vn 0.614636 0.763843 0.196891
vn -0.451769 0.89189 -0.0209017
vn -0.456836 0.88926 -0.0227635
vn -0.456836 0.88926 -0.0227635
vn -0.461886 0.886598 -0.0246245
vn -0.313726 0.766005 -0.561082
vn 0.0381452 0.888874 -0.456561
vn 0.0381452 0.888874 -0.456561
vn 0.384301 0.878559 -0.283632
vn -0.497258 0.855885 -0.14211
vn -0.290917 0.953121 -0.0832278
vn -0.290917 0.953121 -0.0832278
vn -0.0684298 0.997461 -0.0197264
vn -0.392475 0.780734 -0.486228
vn -0.136635 0.913117 -0.384121
vn -0.136635 0.913117 -0.384121
vn 0.131967 0.960209 -0.246136
vn 0.359929 0.917373 -0.169934
vn 0.114981 0.990014 -0.0815535
vn 0.114981 0.990014 -0.0815535
vn -0.138371 0.990298 0.0127876
vn -0.0417179 0.988135 -0.147811
vn -0.309356 0.948446 -0.0689091
vn -0.309356 0.948446 -0.0689091
vn -0.552422 0.833421 0.0154663
vn -0.190965 0.972114 -0.136111
vn 0.0532823 0.985583 -0.160584
vn 0.0532823 0.985583 -0.160584
vn 0.294309 0.939486 -0.175352
vn 0.0124349 0.955404 -0.295038
vn -0.256293 0.911484 -0.32173
vn -0.256293 0.911484 -0.32173
vn -0.505836 0.799334 -0.324338
vn -0.137202 0.986414 -0.0903523
vn -0.0372764 0.997374 -0.0620929
vn -0.0372764 0.997374 -0.0620929
vn 0.0630554 0.997459 -0.0331564
vn -0.0223268 0.983872 0.177476
vn 0.00763783 0.982293 0.187194
vn 0.00763783 0.982293 0.187194
vn 0.0375948 0.979738 0.196725
vn 0.0219028 0.995207 0.0953035
vn 0.0854332 0.990699 0.105907
vn 0.0854332 0.990699 0.105907
vn 0.148607 0.982061 0.11607
vn 0.445502 0.894635 -0.0339983
vn 0.271134 0.962522 -0.00616476
vn 0.271134 0.962522 -0.00616476
vn 0.0870631 0.995962 0.0218894
vn -0.169834 0.965918 -0.195345
vn -0.330312 0.934666 -0.131506
vn -0.330312 0.934666 -0.131506
vn -0.480615 0.874621 -0.0636161
vn -0.411114 0.893599 -0.180185
vn -0.378176 0.907285 -0.183892
vn -0.378176 0.907285 -0.183892
vn -0.344752 0.919805 -0.187362
vn 0.191189 0.973542 0.125149
vn 0.278013 0.952174 0.126778
vn 0.278013 0.952174 0.126778
vn 0.362614 0.923191 0.127394
vn 0.173326 0.972793 0.153729
vn 0.112805 0.985152 0.129426
vn 0.112805 0.985152 0.129426
vn 0.0517874 0.99317 0.104553
vn 0.00339946 0.978323 -0.207059
vn -0.229497 0.970124 -0.0786758
vn -0.229497 0.970124 -0.0786758
vn -0.446147 0.893251 0.055277
vn -0.0884315 0.951075 -0.296035
vn -0.201279 0.919521 -0.33759
vn -0.201279 0.919521 -0.33759
vn -0.311015 0.873755 -0.373928
vn 0.0634109 0.919794 -0.387244
vn -0.154511 0.907711 -0.390112
vn -0.154511 0.907711 -0.390112
vn -0.365071 0.85238 -0.374394
vn -0.0590685 0.976148 -0.208916
vn -0.0942962 0.971351 -0.218141
vn -0.0942962 0.971351 -0.218141
vn -0.129397 0.965244 -0.227071
vn -0.0472571 0.993615 0.102453
vn -0.12476 0.989489 0.0731209
vn -0.12476 0.989489 0.0731209
vn -0.201405 0.978551 0.0432853
vn -0.221927 0.944844 -0.240868
vn -0.0381934 0.95221 -0.303047
vn -0.0381934 0.95221 -0.303047
vn 0.146979 0.923697 -0.353808
vn -0.223517 0.947081 -0.230387
vn -0.0386803 0.989927 -0.136196
vn -0.0386803 0.989927 -0.136196
vn 0.147892 0.988352 -0.0358926
vn -0.139588 0.958641 -0.248039
vn 0.0702116 0.963554 -0.258137
vn 0.0702116 0.963554 -0.258137
vn 0.276912 0.925934 -0.25684
vn -0.309045 0.949816 -0.0483697
vn -0.445946 0.894815 0.0209244
vn -0.445946 0.894815 0.0209244
vn -0.570999 0.81604 0.0896627
vn -0.367175 0.911271 -0.18646
vn -0.103899 0.982079 -0.157247
vn -0.103899 0.982079 -0.157247
vn 0.167188 0.979052 -0.116211
vn 0.0818454 0.995656 -0.0443998
vn 0.154594 0.986708 -0.0500865
vn 0.154594 0.986708 -0.0500865
vn 0.226507 0.972427 -0.0555025
vn 0.0675069 0.995493 0.066613
vn 0.0565165 0.996062 0.0683088
vn 0.0565165 0.996062 0.0683088
vn 0.0455192 0.996508 0.0699961
vn -0.168184 0.972922 0.158546
vn -0.151816 0.976302 0.154229
vn -0.151816 0.976302 0.154229
vn -0.135403 0.979391 0.149867
vn 0.0751083 0.948927 0.306425
vn 0.123731 0.947291 0.295518
vn 0.123731 0.947291 0.295518
vn 0.172046 0.9433 0.283877
vn 0.180712 0.982455 0.0460971
vn -0.067738 0.992442 0.102328
vn -0.067738 0.992442 0.102328
vn -0.311785 0.93793 0.151909
vn -0.142431 0.977641 0.154699
vn -0.105262 0.980274 0.167281
vn -0.105262 0.980274 0.167281
vn -0.0679305 0.981391 0.179605
vn 0.240354 0.955968 0.16839
vn 0.193108 0.967402 0.163838
vn 0.193108 0.967402 0.163838
vn 0.145402 0.97653 0.158895
vn -0.134957 0.954351 -0.266459
vn -0.122873 0.955949 -0.266579
vn -0.122873 0.955949 -0.266579
vn -0.11077 0.957404 -0.26666
vn -0.455138 0.887583 -0.0710275
vn -0.205191 0.971894 -0.11541
vn -0.205191 0.971894 -0.11541
vn 0.0594381 0.986663 -0.151534
vn 0.171698 0.98386 0.0503916
vn 0.00636529 0.996867 0.0788405
vn 0.00636529 0.996867 0.0788405
vn -0.159147 0.981649 0.105057
vn -0.452212 0.885546 -0.10636
vn -0.0876886 0.99407 0.0643006
vn -0.0876886 0.99407 0.0643006
vn 0.292073 0.929846 0.223787
vn 0.163701 0.98608 -0.0291377
vn 0.0468925 0.998169 0.0382115
vn 0.0468925 0.998169 0.0382115
vn -0.0707752 0.991965 0.10486
vn -0.0859054 0.943088 0.321256
vn 0.129944 0.94979 0.284628
vn 0.129944 0.94979 0.284628
vn 0.339559 0.910924 0.234344
vn 0.207491 0.975403 -0.0744068
vn 0.125247 0.987326 -0.0974711
vn 0.125247 0.987326 -0.0974711
vn 0.0420729 0.991905 -0.11981
vn 0.112504 0.985602 -0.126217
vn -0.26996 0.923911 -0.271126
vn -0.26996 0.923911 -0.271126
vn -0.606238 0.704154 -0.36965
vn 0.25217 0.912204 -0.322946
vn 0.191467 0.919541 -0.343197
vn 0.191467 0.919541 -0.343197
vn 0.129968 0.923064 -0.362025
vn -0.457982 0.849898 -0.260625
vn -0.425681 0.864808 -0.266276
vn -0.425681 0.864808 -0.266276
vn -0.392827 0.878596 -0.271581
vn 0.147424 0.973499 0.174831
vn 0.0236566 0.98143 0.190357
vn 0.0236566 0.98143 0.190357
vn -0.100481 0.974029 0.202909
vn 0.186631 0.948981 0.254174
vn 0.190834 0.947915 0.255029
vn 0.190834 0.947915 0.255029
vn 0.195034 0.94683 0.255879
vn 0.151899 0.956864 0.247665
vn 0.0928117 0.968051 0.232944
vn 0.0928117 0.968051 0.232944
vn 0.0333683 0.975528 0.217329
vn 0.201504 0.88904 0.411101
vn 0.267345 0.893615 0.360527
vn 0.267345 0.893615 0.360527
vn 0.331336 0.892011 0.30746
vn -0.415834 0.90944 0.00120822
vn -0.0786923 0.996503 -0.0280886
vn -0.0786923 0.996503 -0.0280886
vn 0.268058 0.961891 -0.0539558
vn -0.310706 0.924525 -0.220717
vn -0.377535 0.897021 -0.229827
vn -0.377535 0.897021 -0.229827
vn -0.442362 0.864758 -0.237717
vn -0.0185562 0.95467 -0.297088
vn -0.199013 0.937654 -0.284955
vn -0.199013 0.937654 -0.284955
vn -0.372902 0.889694 -0.263418
vn 0.062193 0.997853 0.0205271
vn -0.0159573 0.999133 0.0384585
vn -0.0159573 0.999133 0.0384585
vn -0.0940049 0.993987 0.0561427
vn 0.248571 0.966582 -0.0627073
vn 0.0511936 0.991497 -0.119635
vn 0.0511936 0.991497 -0.119635
vn -0.148376 0.973957 -0.171441
vn -0.26782 0.944413 -0.190674
vn -0.260036 0.946849 -0.189365
vn -0.260036 0.946849 -0.189365
vn -0.252235 0.949219 -0.188044
vn -0.399876 0.88834 0.225726
vn 0.0756508 0.989262 0.125049
vn 0.0756508 0.989262 0.125049
vn 0.532533 0.846384 -0.00644625
vn -0.0180631 0.976953 -0.212688
vn -0.0319192 0.975905 -0.21585
vn -0.0319192 0.975905 -0.21585
vn -0.0457688 0.974658 -0.218969
vn -0.539741 0.830839 -0.135597
vn -0.261201 0.938467 -0.22595
vn -0.261201 0.938467 -0.22595
vn 0.0427617 0.954752 -0.294312
vn 0.0610925 0.944689 -0.322228
vn -0.104712 0.957897 -0.267338
vn -0.104712 0.957897 -0.267338
vn -0.267303 0.941718 -0.204246
vn -0.416062 0.878718 -0.233982
vn -0.19581 0.95075 -0.240278
vn -0.19581 0.95075 -0.240278
vn 0.0349643 0.971689 -0.233661
vn 0.119269 0.988773 -0.0900123
vn 0.0277646 0.991468 -0.12736
vn 0.0277646 0.991468 -0.12736
vn -0.0640113 0.984471 -0.163462
vn -0.243919 0.963476 0.110529
vn -0.0363025 0.986078 0.162275
vn -0.0363025 0.986078 0.162275
vn 0.172995 0.96303 0.206509
vn -0.159417 0.966729 0.200052
vn 0.198346 0.933994 0.297178
vn 0.198346 0.933994 0.297178
vn 0.528638 0.771901 0.353144
vn -0.167581 0.984668 0.0484361
vn 0.0328322 0.996706 0.0741616
vn 0.0328322 0.996706 0.0741616
vn 0.2319 0.967906 0.0968485
vn -0.472628 0.870467 0.137512
vn -0.465951 0.874432 0.135125
vn -0.465951 0.874432 0.135125
vn -0.459242 0.878339 0.132729
vn 0.0767572 0.979899 0.184135
vn 0.0179979 0.987176 0.158618
vn 0.0179979 0.987176 0.158618
vn -0.0408363 0.990349 0.132441
vn 0.0596077 0.992215 0.109348
vn 0.264952 0.96302 0.0489216
vn 0.264952 0.96302 0.0489216
vn 0.45793 0.888881 -0.0137885
vn 0.253024 0.964432 0.0764848
vn 0.257252 0.963415 0.0751841
vn 0.257252 0.963415 0.0751841
vn 0.261476 0.962378 0.0738819
vn 0.178699 0.974002 0.13924
vn 0.090771 0.983385 0.15721
vn 0.090771 0.983385 0.15721
vn 0.00210382 0.984761 0.173899
vn 0.0905237 0.976073 0.197702
vn 0.334476 0.93717 0.0991864
vn 0.334476 0.93717 0.0991864
vn 0.55477 0.83198 -0.00634512
vn -0.125661 0.980609 -0.150382
vn -0.124333 0.980766 -0.150461
vn -0.124333 0.980766 -0.150461
vn -0.123004 0.980922 -0.15054
vn 0.124515 0.984746 0.121539
vn -0.0142979 0.996848 0.078036
vn -0.0142979 0.996848 0.078036
vn -0.152806 0.987709 0.0328705
vn -0.408405 0.90747 0.0985021
vn -0.302193 0.952527 0.0370369
vn -0.302193 0.952527 0.0370369
vn -0.190817 0.981306 -0.0250613
vn -0.359297 0.925175 0.122301
vn -0.00510408 0.99707 0.076326
vn -0.00510408 0.99707 0.076326
vn 0.349766 0.936619 0.0202195
vn -0.095085 0.991792 0.0854834
vn -0.14908 0.985169 0.0849575
vn -0.14908 0.985169 0.0849575
vn -0.202634 0.97563 0.0841802
vn -0.442087 0.882958 -0.157936
vn -0.249727 0.952295 -0.175415
vn -0.249727 0.952295 -0.175415
vn -0.0468499 0.981526 -0.185506
vn -0.149507 0.987948 -0.0400901
vn 0.00369272 0.999011 -0.0443003
vn 0.00369272 0.999011 -0.0443003
vn 0.156805 0.986488 -0.0474645
vn 0.0465852 0.964722 -0.259118
vn 0.125105 0.967077 -0.22161
vn 0.125105 0.967077 -0.22161
vn 0.202677 0.962104 -0.182423
vn -0.363989 0.924807 -0.110653
vn -0.025419 0.996647 -0.0777714
vn -0.025419 0.996647 -0.0777714
vn 0.316223 0.948021 -0.0354893
vn 0.276149 0.961083 -0.00781715
vn 0.192083 0.981053 0.0252624
vn 0.192083 0.981053 0.0252624
vn 0.106373 0.992626 0.0581257
vn -0.382782 0.897345 0.219657
vn -0.167288 0.971427 0.168357
vn -0.167288 0.971427 0.168357
vn 0.0573325 0.99251 0.107872
vn 0.425868 0.90065 0.0864065
vn -0.0113082 0.998534 0.0529268
vn -0.0113082 0.998534 0.0529268
vn -0.446202 0.894889 0.00876513
vn -0.228008 0.882425 0.411507
vn 0.0361548 0.823796 0.565733
vn 0.0361548 0.823796 0.565733
vn 0.29681 0.685253 0.66508
vn -0.165207 0.985778 0.0308026
vn 0.113051 0.993126 0.0303321
vn 0.113051 0.993126 0.0303321
vn 0.382549 0.923525 0.0275114
vn 0.132762 0.969429 0.206355
vn 0.254894 0.943802 0.210397
vn 0.254894 0.943802 0.210397
vn 0.373052 0.903462 0.211159
vn -0.293747 0.945934 -0.137553
vn -0.00718852 0.992763 -0.119871
vn -0.00718852 0.992763 -0.119871
vn 0.279979 0.955583 -0.0920461
vn 0.112311 0.893527 0.434736
vn 0.266262 0.859229 0.436842
vn 0.266262 0.859229 0.436842
vn 0.413588 0.803551 0.428079
vn 0.0564758 0.948141 0.312792
vn 0.151161 0.931954 0.329564
vn 0.151161 0.931954 0.329564
vn 0.244409 0.906905 0.343203
vn -0.4441 0.862212 -0.243649
vn -0.304651 0.915247 -0.26365
vn -0.304651 0.915247 -0.26365
vn -0.158299 0.947543 -0.277677
vn 0.0354562 0.999206 -0.0181487
vn 0.235525 0.961981 -0.138276
vn 0.235525 0.961981 -0.138276
vn 0.422442 0.871035 -0.250681
vn -0.516336 0.854323 0.0594129
vn -0.381113 0.924507 0.0062604
vn -0.381113 0.924507 0.0062604
vn -0.235968 0.970621 -0.0470551
vn 0.0581726 0.995653 -0.0727411
vn -0.111374 0.993107 0.0365167
vn -0.111374 0.993107 0.0365167
vn -0.27639 0.950152 0.144289
vn 0.185001 0.982688 0.00998635
vn -0.0591281 0.997755 -0.0314466
vn -0.0591281 0.997755 -0.0314466
vn -0.299618 0.951418 -0.0709442
vn 0.082831 0.996296 0.0231053
vn -0.154816 0.987624 -0.0251095
vn -0.154816 0.987624 -0.0251095
vn -0.383349 0.920805 -0.0718459
vn 0.186376 0.982243 0.0215187
vn -0.0968877 0.995276 -0.00627655
vn -0.0968877 0.995276 -0.00627655
vn -0.372286 0.927511 -0.0335623
vn -0.158587 0.982467 0.0980226
vn -0.160744 0.982028 0.0989033
vn -0.160744 0.982028 0.0989033
vn -0.162901 0.981584 0.0997834
vn -0.419204 0.904745 -0.0755225
vn -0.0268698 0.996803 -0.0752487
vn -0.0268698 0.996803 -0.0752487
vn 0.369829 0.926978 -0.0627543
vn 0.42249 0.903728 0.0691292
vn 0.561702 0.826666 0.0333839
vn 0.561702 0.826666 0.0333839
vn 0.685975 0.727618 -0.00324928
vn 0.235666 0.9333 0.270948
vn 0.0753543 0.972014 0.222508
vn 0.0753543 0.972014 0.222508
vn -0.0871839 0.98201 0.167495
vn 0.161257 0.974368 0.156854
vn 0.209995 0.967478 0.141027
vn 0.209995 0.967478 0.141027
vn 0.258172 0.958001 0.124822
vn -0.214132 0.970061 0.114578
vn 0.273978 0.961517 0.0205067
vn 0.273978 0.961517 0.0205067
vn 0.694368 0.715311 -0.0786335
vn -0.0322431 0.915567 -0.400871
vn -0.102475 0.905345 -0.412129
vn -0.102475 0.905345 -0.412129
vn -0.172178 0.890447 -0.421258
vn -0.496639 0.854536 -0.152045
vn -0.43898 0.882623 -0.168144
vn -0.43898 0.882623 -0.168144
vn -0.379401 0.906851 -0.183508
vn -0.0939311 0.985044 -0.144448
vn -0.179042 0.973574 -0.141769
vn -0.179042 0.973574 -0.141769
vn -0.26283 0.954916 -0.138044
vn 0.0590186 0.985892 -0.156631
vn 0.0184647 0.988659 -0.14904
vn 0.0184647 0.988659 -0.14904
vn -0.0221208 0.989735 -0.141194
vn -0.502826 0.805488 -0.313616
vn -0.188258 0.94392 -0.271244
vn -0.188258 0.94392 -0.271244
vn 0.148884 0.969165 -0.196347
vn 0.0419414 0.962919 0.266512
vn -0.0429482 0.972915 0.227139
vn -0.0429482 0.972915 0.227139
vn -0.127457 0.974294 0.185756
vn -0.234193 0.967909 -0.0911406
vn -0.165031 0.981153 -0.100518
vn -0.165031 0.981153 -0.100518
vn -0.0950361 0.989446 -0.109388
vn -0.468095 0.870416 -0.152526
vn -0.602924 0.79561 -0.0590452
vn -0.602924 0.79561 -0.0590452
vn -0.718151 0.694937 0.0363552
vn 0.31943 0.943064 -0.0927028
vn 0.378269 0.918122 -0.118172
vn 0.378269 0.918122 -0.118172
vn 0.435317 0.888835 -0.143082
vn 0.471122 0.812089 0.344319
vn 0.377802 0.856062 0.352737
vn 0.377802 0.856062 0.352737
vn 0.280434 0.890864 0.357377
vn 0.233231 0.957696 0.168589
vn 0.397881 0.910465 0.112893
vn 0.397881 0.910465 0.112893
vn 0.549624 0.833695 0.0535335
vn 0.204926 0.961152 0.184913
vn 0.149712 0.966708 0.207512
vn 0.149712 0.966708 0.207512
vn 0.0939608 0.968794 0.229367
vn -0.264614 0.943892 -0.197605
vn -0.225281 0.955109 -0.192396
vn -0.225281 0.955109 -0.192396
vn -0.185564 0.964702 -0.186859
vn 0.122967 0.990452 -0.0623167
vn -0.104547 0.993678 -0.0409023
vn -0.104547 0.993678 -0.0409023
vn -0.3266 0.945003 -0.0173514
vn 0.215708 0.976458 -6.00337e-006
vn 0.395065 0.918342 -0.0239059
vn 0.395065 0.918342 -0.0239059
vn 0.560154 0.827057 -0.0469424
vn 0.082013 0.992745 0.0879318
vn -0.0154812 0.996791 0.0785325
vn -0.0154812 0.996791 0.0785325
vn -0.112827 0.991259 0.0683786
vn -0.00349667 0.951245 0.308415
vn 0.270131 0.892002 0.362439
vn 0.270131 0.892002 0.362439
vn 0.521797 0.760237 0.386997
vn -0.544167 0.837276 -0.0533883
vn -0.235941 0.938277 -0.252919
vn -0.235941 0.938277 -0.252919
vn 0.1065 0.903212 -0.415771
vn 0.14528 0.979787 -0.137516
vn 0.0528483 0.993406 -0.101746
vn 0.0528483 0.993406 -0.101746
vn -0.0401126 0.997081 -0.0649581
vn -0.210422 0.976829 0.0390864
vn -0.237347 0.970704 0.0374313
vn -0.237347 0.970704 0.0374313
vn -0.26409 0.963835 0.0357475
vn -0.0752029 0.980785 0.180014
vn 0.18131 0.980769 0.0722368
vn 0.18131 0.980769 0.0722368
vn 0.423787 0.904828 -0.0411321
vn 0.0271906 0.995736 0.0881451
vn -0.157342 0.984635 0.0757413
vn -0.157342 0.984635 0.0757413
vn -0.336473 0.939732 0.0607374
vn -0.127523 0.96091 -0.245744
vn -0.242987 0.932467 -0.267326
vn -0.242987 0.932467 -0.267326
vn -0.354903 0.890403 -0.285003
vn 0.465181 0.84686 0.257748
vn 0.0993714 0.947454 0.304066
vn 0.0993714 0.947454 0.304066
vn -0.280955 0.909642 0.305967
vn -0.0998685 0.994997 -0.002712
vn -0.0764829 0.99704 -0.00788212
vn -0.0764829 0.99704 -0.00788212
vn -0.0530531 0.998506 -0.0130477
vn 0.249232 0.939148 0.236399
vn 0.289637 0.923779 0.250485
vn 0.289637 0.923779 0.250485
vn 0.329443 0.906501 0.264052
vn -0.0753637 0.993091 -0.0899462
vn -0.158346 0.982858 -0.0944296
vn -0.158346 0.982858 -0.0944296
vn -0.240219 0.965734 -0.0982509
vn -0.23976 0.960537 -0.141009
vn -0.173425 0.97389 -0.146502
vn -0.173425 0.97389 -0.146502
vn -0.106291 0.982754 -0.151319
vn 0.167994 0.967029 -0.191397
vn 0.13874 0.972581 -0.186649
vn 0.13874 0.972581 -0.186649
vn 0.10936 0.977248 -0.181731
vn -0.279882 0.945455 0.166674
vn -0.237002 0.960424 0.14634
vn -0.237002 0.960424 0.14634
vn -0.193536 0.973015 0.125644
vn -0.311412 0.949636 0.0348496
vn 0.0413787 0.99628 0.0755866
vn 0.0413787 0.99628 0.0755866
vn 0.38886 0.915106 0.106626
vn -0.299953 0.935775 0.185345
vn -0.235561 0.956515 0.172017
vn -0.235561 0.956515 0.172017
vn -0.17005 0.972707 0.157871
vn -0.0504034 0.994155 -0.0954726
vn -0.133734 0.987515 -0.0832436
vn -0.133734 0.987515 -0.0832436
vn -0.21611 0.973826 -0.0704204
vn 0.489582 0.871919 0.00817234
vn 0.143549 0.974219 0.174041
vn 0.143549 0.974219 0.174041
vn -0.225125 0.922869 0.31246
vn -0.0654943 0.932949 0.354001
vn -0.186276 0.920751 0.342811
vn -0.186276 0.920751 0.342811
vn -0.304289 0.894868 0.326527
vn -0.246724 0.955469 -0.161886
vn -0.122782 0.975342 -0.183389
vn -0.122782 0.975342 -0.183389
vn 0.00315053 0.979397 -0.201918
vn -0.487194 0.873273 0.00597862
vn -0.392336 0.919706 -0.0146262
vn -0.392336 0.919706 -0.0146262
vn -0.292934 0.95549 -0.0350616
vn 0.389787 0.915058 -0.103604
vn -0.0028994 0.995166 -0.0981603
vn -0.0028994 0.995166 -0.0981603
vn -0.39512 0.915401 -0.0769471
vn -0.0937504 0.995489 0.0145883
vn -0.210361 0.977217 0.0281988
vn -0.210361 0.977217 0.0281988
vn -0.324001 0.94515 0.0414112
vn 0.25021 0.907133 0.338387
vn 0.331107 0.883577 0.331149
vn 0.331107 0.883577 0.331149
vn 0.409637 0.853702 0.321543
vn -0.110724 0.993758 0.013646
vn 0.0130566 0.9997 -0.020711
vn 0.0130566 0.9997 -0.020711
vn 0.136621 0.989111 -0.0547256
vn 0.168574 0.966222 0.19493
vn 0.324123 0.910327 0.257388
vn 0.324123 0.910327 0.257388
vn 0.469553 0.826011 0.311809
vn -0.474074 0.876197 0.0867854
vn -0.376176 0.92353 0.0747236
vn -0.376176 0.92353 0.0747236
vn -0.273774 0.959809 0.0617673
vn 0.229768 0.964867 0.127429
vn 0.324813 0.935183 0.141173
vn 0.324813 0.935183 0.141173
vn 0.416576 0.89605 0.15349
vn 0.587565 0.782263 -0.206959
vn 0.232113 0.971031 -0.0567603
vn 0.232113 0.971031 -0.0567603
vn -0.166173 0.980606 0.103913
vn 0.286792 0.951561 -0.110827
vn -0.0344103 0.996175 -0.0803217
vn -0.0344103 0.996175 -0.0803217
vn -0.351962 0.935103 -0.0412954
vn -0.127658 0.990531 -0.0505112
vn -0.123554 0.99093 -0.0528352
vn -0.123554 0.99093 -0.0528352
vn -0.119447 0.991307 -0.055158
vn 0.0116866 0.974447 0.224314
vn 0.128754 0.960156 0.248038
vn 0.128754 0.960156 0.248038
vn 0.243958 0.93197 0.268171
vn 0.467535 0.870023 -0.15643
vn 0.262377 0.960292 -0.0948509
vn 0.262377 0.960292 -0.0948509
vn 0.0430422 0.998677 -0.0281472
vn -0.438567 0.894185 -0.0899514
vn -0.250642 0.967263 -0.0397475
vn -0.250642 0.967263 -0.0397475
vn -0.0518961 0.998578 0.0121725
vn -0.213507 0.976681 -0.0225457
vn 0.04235 0.998376 -0.0381086
vn 0.04235 0.998376 -0.0381086
vn 0.295405 0.954002 -0.0511496
vn 0.0487782 0.994973 -0.0874618
vn -0.014506 0.994159 -0.106951
vn -0.014506 0.994159 -0.106951
vn -0.0777266 0.988984 -0.12597
vn 0.012183 0.985143 0.171303
vn -0.119098 0.979865 0.160252
vn -0.119098 0.979865 0.160252
vn -0.248309 0.957552 0.146414
vn -0.247429 0.887997 -0.387608
vn -0.419807 0.85231 -0.311978
vn -0.419807 0.85231 -0.311978
vn -0.576775 0.785336 -0.224895
vn 0.602735 0.78186 -0.159387
vn 0.228437 0.964624 0.131594
vn 0.228437 0.964624 0.131594
vn -0.204837 0.898349 0.388602
vn 0.185932 0.939444 0.287878
vn 0.110677 0.960281 0.256148
vn 0.110677 0.960281 0.256148
vn 0.0346354 0.974295 0.222598
vn 0.390497 0.908273 -0.150171
vn 0.107192 0.984437 -0.13926
vn 0.107192 0.984437 -0.13926
vn -0.185351 0.97576 -0.116347
vn 0.277892 0.954132 0.111391
vn -0.0419913 0.985638 0.16357
vn -0.0419913 0.985638 0.16357
vn -0.357422 0.912625 0.198404
vn -0.089698 0.990827 0.101079
vn 0.13215 0.99112 0.0147696
vn 0.13215 0.99112 0.0147696
vn 0.34651 0.93525 -0.0723762
vn 0.283083 0.958854 -0.0214977
vn -0.225321 0.958592 -0.174162
vn -0.225321 0.958592 -0.174162
vn -0.670234 0.688216 -0.27775
vn 0.647907 0.752366 0.119008
vn 0.430168 0.878327 0.20856
vn 0.430168 0.878327 0.20856
vn 0.181761 0.941667 0.283241
vn 0.154403 0.939465 0.305885
vn 0.144649 0.941829 0.303373
vn 0.144649 0.941829 0.303373
vn 0.134879 0.944092 0.300828
vn 0.52498 0.824074 -0.212834
vn 0.166981 0.984223 -0.0585038
vn 0.166981 0.984223 -0.0585038
vn -0.220678 0.969546 0.106218
vn -0.0201232 0.998824 -0.0441177
vn -0.119521 0.992562 -0.0231474
vn -0.119521 0.992562 -0.0231474
vn -0.217681 0.976018 -0.0019373
vn -0.157981 0.979014 0.128736
vn 0.0882787 0.977822 0.189923
vn 0.0882787 0.977822 0.189923
vn 0.328854 0.913669 0.23888
vn -0.221224 0.963688 -0.149551
vn 0.028302 0.958106 -0.285011
vn 0.028302 0.958106 -0.285011
vn 0.275546 0.87526 -0.397486
vn 0.173789 0.983262 0.0547126
vn 0.286929 0.957625 0.0250207
vn 0.286929 0.957625 0.0250207
vn 0.395955 0.918256 -0.00503
vn -0.0873758 0.982844 0.162429
vn -0.0142625 0.982518 0.185622
vn -0.0142625 0.982518 0.185622
vn 0.0589346 0.976411 0.207723
vn 0.194118 0.890971 0.410474
vn 0.246101 0.86041 0.446238
vn 0.246101 0.86041 0.446238
vn 0.296874 0.825621 0.479808
vn 0.351678 0.883582 0.3092
vn 0.0932038 0.952693 0.289292
vn 0.0932038 0.952693 0.289292
vn -0.17198 0.953226 0.248561
vn 0.448564 0.878199 0.166005
vn 0.158182 0.960463 0.229104
vn 0.158182 0.960463 0.229104
vn -0.147238 0.951416 0.270422
vn -0.562845 0.793549 -0.23127
vn -0.413018 0.888263 -0.20101
vn -0.413018 0.888263 -0.20101
vn -0.249836 0.954256 -0.16425
vn -0.0477794 0.983028 0.177122
vn 0.129942 0.975002 0.180239
vn 0.129942 0.975002 0.180239
vn 0.30355 0.936108 0.177651
vn 0.0943651 0.994891 0.035871
vn 0.0350824 0.998632 0.038779
vn 0.0350824 0.998632 0.038779
vn -0.0243244 0.99884 0.0415499
vn 0.125214 0.983841 0.127975
vn 0.366369 0.911654 0.186175
vn 0.366369 0.911654 0.186175
vn 0.583068 0.778609 0.231947
vn 0.370007 0.912556 0.174171
vn 0.486255 0.859209 0.159109
vn 0.486255 0.859209 0.159109
vn 0.594437 0.791611 0.141408
vn 0.107697 0.968312 -0.225329
vn -0.176381 0.961318 -0.21156
vn -0.176381 0.961318 -0.21156
vn -0.446183 0.876516 -0.180668
vn -0.158989 0.94281 -0.292972
vn 0.0484088 0.968229 -0.245336
vn 0.0484088 0.968229 -0.245336
vn 0.253583 0.949178 -0.186433
vn 0.274211 0.947763 0.162952
vn 0.073638 0.990463 0.116454
vn 0.073638 0.990463 0.116454
vn -0.130191 0.989369 0.0648056
vn -0.295482 0.944159 0.145786
vn -0.14085 0.967429 0.210337
vn -0.14085 0.967429 0.210337
vn 0.0178127 0.963012 0.268869
vn 0.0348022 0.966089 -0.255852
vn 0.0682083 0.964692 -0.254397
vn 0.0682083 0.964692 -0.254397
vn 0.101538 0.962213 -0.252657
vn 0.160585 0.978621 -0.128501
vn 0.161199 0.978535 -0.128387
vn 0.161199 0.978535 -0.128387
vn 0.161813 0.978449 -0.128272
vn -0.233568 0.963418 -0.13142
vn 0.0945725 0.993778 -0.0588291
vn 0.0945725 0.993778 -0.0588291
vn 0.411944 0.910979 0.0204608
vn -0.138644 0.980852 0.136774
vn -0.000417237 0.998117 0.0613405
vn -0.000417237 0.998117 0.0613405
vn 0.13782 0.990334 -0.0156323
vn 0.195909 0.915642 0.351025
vn -0.0172481 0.957348 0.288422
vn -0.0172481 0.957348 0.288422
vn -0.229524 0.950139 0.211082
vn 0.575859 0.79706 0.181882
vn 0.379932 0.905957 0.1868
vn 0.379932 0.905957 0.1868
vn 0.164906 0.96931 0.182328
vn 0.237567 0.961369 -0.139038
vn 0.0438812 0.992015 -0.118241
vn 0.0438812 0.992015 -0.118241
vn -0.15151 0.984086 -0.0928452
vn 0.385447 0.918133 -0.0919936
vn 0.184925 0.973675 -0.133268
vn 0.184925 0.973675 -0.133268
vn -0.0239171 0.985404 -0.168545
vn -0.432387 0.89557 -0.104862
vn -0.273454 0.961624 -0.0224312
vn -0.273454 0.961624 -0.0224312
vn -0.104562 0.992657 0.060817
vn 0.307698 0.938339 0.157612
vn 0.235125 0.964381 0.121185
vn 0.235125 0.964381 0.121185
vn 0.160842 0.98341 0.0838772
vn -0.154088 0.963947 -0.21694
vn -0.0235394 0.975896 -0.216963
vn -0.0235394 0.975896 -0.216963
vn 0.107414 0.971073 -0.213258
vn -0.0735811 0.997261 0.00756283
vn -0.214081 0.976797 -0.00608016
vn -0.214081 0.976797 -0.00608016
vn -0.350226 0.93646 -0.0195994
vn 0.0872421 0.930195 0.356546
vn 0.282432 0.936589 0.207443
vn 0.282432 0.936589 0.207443
vn 0.46057 0.88644 0.0458161
vn 0.322182 0.77917 0.537674
vn 0.394201 0.738362 0.547199
vn 0.394201 0.738362 0.547199
vn 0.463482 0.692428 0.552926
vn 0.228605 0.942626 0.243303
vn 0.280441 0.92923 0.240594
vn 0.280441 0.92923 0.240594
vn 0.33147 0.913163 0.237193
vn 0.129035 0.893601 0.429915
vn 0.0957339 0.894825 0.43603
vn 0.0957339 0.894825 0.43603
vn 0.0623233 0.895023 0.441645
vn -0.219953 0.975503 0.00383055
vn -0.0719265 0.996985 -0.0291016
vn -0.0719265 0.996985 -0.0291016
vn 0.0777876 0.99508 -0.0613512
vn -0.183376 0.973314 0.13796
vn 0.150454 0.936869 0.315659
vn 0.150454 0.936869 0.315659
vn 0.462567 0.765188 0.447793
vn -0.317317 0.893457 -0.317877
vn -0.24157 0.924937 -0.293489
vn -0.24157 0.924937 -0.293489
vn -0.164054 0.949644 -0.266951
vn 0.687177 0.683629 0.245844
vn 0.380276 0.891407 0.246545
vn 0.380276 0.891407 0.246545
vn 0.0211408 0.97674 0.213381
vn 0.410531 0.911574 0.0222898
vn 0.243705 0.964409 0.10258
vn 0.243705 0.964409 0.10258
vn 0.0678454 0.981495 0.179067
vn -0.0976356 0.987108 -0.126825
vn 0.188003 0.971892 -0.141706
vn 0.188003 0.971892 -0.141706
vn 0.458217 0.87694 -0.144961
vn -0.3905 0.913767 0.111978
vn -0.244322 0.964222 0.102872
vn -0.244322 0.964222 0.102872
vn -0.0922806 0.991539 0.0912968
vn 0.429483 0.903068 -0.00363211
vn 0.389255 0.921127 -0.00223542
vn 0.389255 0.921127 -0.00223542
vn 0.348269 0.937394 -0.000834378
vn 0.143505 0.98527 0.0930004
vn -0.061131 0.995499 0.0724253
vn -0.061131 0.995499 0.0724253
vn -0.263175 0.963514 0.0487792
vn 0.0380825 0.967199 -0.251151
vn -0.0565204 0.966911 -0.248773
vn -0.0565204 0.966911 -0.248773
vn -0.150617 0.957965 -0.244168
vn -0.35096 0.929929 -0.109814
vn -0.0934685 0.99466 0.0437656
vn -0.0934685 0.99466 0.0437656
vn 0.172816 0.965814 0.193228
vn -0.00348644 0.988854 0.148844
vn 0.111535 0.982974 0.146018
vn 0.111535 0.982974 0.146018
vn 0.225076 0.964048 0.141253
vn 0.563729 0.764088 0.313655
vn 0.283615 0.872244 0.398438
vn 0.283615 0.872244 0.398438
vn -0.0241097 0.895488 0.444433
vn -0.151357 0.987451 -0.0450835
vn -0.00931124 0.999897 -0.010943
vn -0.00931124 0.999897 -0.010943
vn 0.132934 0.990848 0.0234328
vn -0.00457017 0.907041 -0.421017
vn -0.0309943 0.909552 -0.414434
vn -0.0309943 0.909552 -0.414434
vn -0.0573953 0.911382 -0.40754
vn -0.241689 0.933111 -0.266251
vn -0.119195 0.944102 -0.30735
vn -0.119195 0.944102 -0.30735
vn 0.00530256 0.939218 -0.343281
vn 0.0958784 0.986534 0.132509
vn 0.0636743 0.989904 0.12663
vn 0.0636743 0.989904 0.12663
vn 0.0314013 0.992203 0.120614
vn 0.154957 0.974521 0.162162
vn 0.377254 0.920171 0.104715
vn 0.377254 0.920171 0.104715
vn 0.578549 0.814594 0.0414388
vn 0.2043 0.970838 -0.125438
vn 0.281002 0.952213 -0.119702
vn 0.281002 0.952213 -0.119702
vn 0.355945 0.927623 -0.113216
vn 0.258857 0.883268 0.390935
vn 0.0858288 0.931729 0.352865
vn 0.0858288 0.931729 0.352865
vn -0.090095 0.948757 0.302891
vn -0.0774271 0.912103 0.402583
vn -0.0643375 0.913913 0.400778
vn -0.0643375 0.913913 0.400778
vn -0.0512365 0.915561 0.398901
vn 0.433821 0.894241 -0.110148
vn -0.0321382 0.976338 -0.21385
vn -0.0321382 0.976338 -0.21385
vn -0.490557 0.829374 -0.267381
vn -0.239037 0.937589 -0.252564
vn -0.0594221 0.95659 -0.285316
vn -0.0594221 0.95659 -0.285316
vn 0.122195 0.943358 -0.308454
vn 0.172263 0.983066 -0.0625084
vn 0.0616572 0.992792 -0.102771
vn 0.0616572 0.992792 -0.102771
vn -0.0498089 0.98867 -0.1416
vn 0.0502849 0.99312 0.105757
vn 0.0392441 0.994328 0.0988525
vn 0.0392441 0.994328 0.0988525
vn 0.0281966 0.995366 0.0919306
vn 0.462286 0.877601 0.126915
vn 0.0231411 0.987907 0.153309
vn 0.0231411 0.987907 0.153309
vn -0.420764 0.894989 0.148165
vn -0.165447 0.984074 0.0650036
vn 0.212527 0.975713 0.0530791
vn 0.212527 0.975713 0.0530791
vn 0.560093 0.827749 0.0335603
vn -0.258188 0.939971 -0.223143
vn -0.0913771 0.972414 -0.214617
vn -0.0913771 0.972414 -0.214617
vn 0.078079 0.976705 -0.199878
vn 0.310727 0.92228 0.229888
vn 0.257331 0.943366 0.209385
vn 0.257331 0.943366 0.209385
vn 0.202978 0.960946 0.188103
vn -0.149857 0.987304 -0.0526716
vn 0.0302727 0.993756 -0.107391
vn 0.0302727 0.993756 -0.107391
vn 0.209328 0.964947 -0.1583
vn 0.400443 0.889649 -0.219474
vn -0.142242 0.958702 -0.246288
vn -0.142242 0.958702 -0.246288
vn -0.642255 0.740149 -0.199217
vn 0.279794 0.938555 -0.202065
vn 0.114919 0.957158 -0.265787
vn 0.114919 0.957158 -0.265787
vn -0.0535861 0.945524 -0.321113
vn 0.0372143 0.984569 0.170992
vn 0.168688 0.957088 0.235643
vn 0.168688 0.957088 0.235643
vn 0.296413 0.90834 0.295057
vn -0.0268249 0.998463 -0.0484929
vn 0.0341269 0.998941 -0.0308654
vn 0.0341269 0.998941 -0.0308654
vn 0.0949412 0.995396 -0.0131137
vn 0.283744 0.939145 0.193637
vn -0.049249 0.993443 0.103175
vn -0.049249 0.993443 0.103175
vn -0.376233 0.926525 0.000122911
vn 0.0799467 0.996292 0.0318075
vn 0.203724 0.978617 -0.0283641
vn 0.203724 0.978617 -0.0283641
vn 0.323579 0.942101 -0.0879895
vn -0.174923 0.976036 0.129446
vn 0.244079 0.969754 0.00125739
vn 0.244079 0.969754 0.00125739
vn 0.61621 0.777246 -0.127173
vn 0.0246277 0.953192 -0.301362
vn 0.10464 0.940212 -0.324117
vn 0.10464 0.940212 -0.324117
vn 0.18391 0.920568 -0.344574
vn -0.0423086 0.998513 -0.0343911
vn 0.205636 0.978367 -0.022634
vn 0.205636 0.978367 -0.022634
vn 0.440827 0.897542 -0.00947314
vn -0.148608 0.976949 -0.153252
vn -0.266979 0.955089 -0.128562
vn -0.266979 0.955089 -0.128562
vn -0.381318 0.918807 -0.101931
vn 0.129074 0.967797 0.216121
vn -0.0826711 0.979328 0.184616
vn -0.0826711 0.979328 0.184616
vn -0.290617 0.945846 0.144625
vn -0.177957 0.981449 -0.071337
vn -0.0937804 0.989353 -0.111294
vn -0.0937804 0.989353 -0.111294
vn -0.00878406 0.988605 -0.150278
vn -0.355209 0.922484 -0.151159
vn -0.293346 0.938088 -0.184224
vn -0.293346 0.938088 -0.184224
vn -0.229968 0.948848 -0.216338
vn -0.039762 0.926022 0.375369
vn 0.130312 0.919463 0.370954
vn 0.130312 0.919463 0.370954
vn 0.296609 0.886251 0.355785
vn 0.0941561 0.995025 -0.0325675
vn 0.0516237 0.997707 -0.0437641
vn 0.0516237 0.997707 -0.0437641
vn 0.00899101 0.998453 -0.0548757
vn 0.481521 0.868205 0.119823
vn 0.334061 0.9349 0.119855
vn 0.334061 0.9349 0.119855
vn 0.177851 0.977107 0.116748
vn 0.0589798 0.998258 0.00130298
vn 0.0235021 0.99972 0.00266662
vn 0.0235021 0.99972 0.00266662
vn -0.0120053 0.99992 0.00402689
vn 0.169779 0.975185 -0.142087
vn -0.0215942 0.989579 -0.142359
vn -0.0215942 0.989579 -0.142359
vn -0.212173 0.967526 -0.137387
vn -0.29302 0.895036 -0.336228
vn -0.390121 0.855034 -0.341646
vn -0.390121 0.855034 -0.341646
vn -0.482908 0.805577 -0.343286
vn -0.173933 0.983064 0.0577204
vn -0.0730247 0.997007 0.0253679
vn -0.0730247 0.997007 0.0253679
vn 0.0287175 0.999561 -0.00727432
vn -0.0399469 0.997814 -0.0526392
vn -0.127108 0.991305 -0.034019
vn -0.127108 0.991305 -0.034019
vn -0.213254 0.97688 -0.0151271
vn -0.0594738 0.948112 -0.312323
vn 0.0388281 0.949122 -0.312507
vn 0.0388281 0.949122 -0.312507
vn 0.136755 0.940958 -0.30967
vn -0.101312 0.987369 -0.121813
vn 0.015436 0.994606 -0.102569
vn 0.015436 0.994606 -0.102569
vn 0.131967 0.987866 -0.0818842
vn -0.211474 0.970467 0.116076
vn -0.292064 0.948784 0.120451
vn -0.292064 0.948784 0.120451
vn -0.370614 0.920474 0.123985
vn -0.542809 0.756058 -0.365699
vn -0.238398 0.918618 -0.315132
vn -0.238398 0.918618 -0.315132
vn 0.0950136 0.969429 -0.22623
vn 0.271043 0.961507 -0.045168
vn 0.372723 0.92631 -0.0550203
vn 0.372723 0.92631 -0.0550203
vn 0.470051 0.880299 -0.0642302
vn -0.195492 0.851321 -0.486863
vn -0.424133 0.760693 -0.491382
vn -0.424133 0.760693 -0.491382
vn -0.627109 0.624036 -0.466168
vn -0.259738 0.896199 0.359672
vn 0.0159964 0.962094 0.272249
vn 0.0159964 0.962094 0.272249
vn 0.290323 0.943311 0.160863
vn 0.136959 0.984469 -0.109833
vn 0.281194 0.959642 0.004159
vn 0.281194 0.959642 0.004159
vn 0.415751 0.90179 0.118008
vn 0.276149 0.941069 0.195271
vn 0.101707 0.977729 0.183582
vn 0.101707 0.977729 0.183582
vn -0.0759812 0.983188 0.166035
vn -0.209301 0.974866 -0.0763486
vn 0.0187925 0.999573 0.0223829
vn 0.0187925 0.999573 0.0223829
vn 0.245714 0.961921 0.119718
vn -0.0483663 0.98738 0.1508
vn 0.00393983 0.987904 0.155015
vn 0.00393983 0.987904 0.155015
vn 0.0562351 0.985708 0.158802
vn 0.452429 0.891306 0.0296941
vn 0.465606 0.884584 0.0268692
vn 0.465606 0.884584 0.0268692
vn 0.478678 0.877661 0.0240383
vn 0.620787 0.782562 0.0471141
vn 0.44928 0.887242 0.10464
vn 0.44928 0.887242 0.10464
vn 0.258148 0.953165 0.157595
vn -0.653029 0.742114 -0.151063
vn -0.58275 0.800054 -0.142537
vn -0.58275 0.800054 -0.142537
vn -0.507593 0.851298 -0.132819
vn 0.132205 0.986305 0.0986146
vn 0.309059 0.941005 0.137811
vn 0.309059 0.941005 0.137811
vn 0.475137 0.862897 0.172203
vn -0.265239 0.943341 0.199388
vn -0.365083 0.906319 0.212836
vn -0.365083 0.906319 0.212836
vn -0.460721 0.858857 0.223832
vn -0.144186 0.946638 0.288249
vn 0.0810389 0.959096 0.271233
vn 0.0810389 0.959096 0.271233
vn 0.302117 0.922477 0.240338
vn -0.586165 0.802984 -0.107832
vn -0.457757 0.861571 -0.219442
vn -0.457757 0.861571 -0.219442
vn -0.314528 0.892262 -0.323947
vn -0.194467 0.980403 0.0314961
vn -0.142825 0.988583 0.0480118
vn -0.142825 0.988583 0.0480118
vn -0.0907535 0.99379 0.0643831
vn -0.353352 0.927199 -0.124274
vn -0.154801 0.96911 -0.191994
vn -0.154801 0.96911 -0.191994
vn 0.050834 0.96667 -0.250927
vn 0.132757 0.910411 -0.391825
vn -0.135146 0.897533 -0.419727
vn -0.135146 0.897533 -0.419727
vn -0.393222 0.819388 -0.417108
vn 0.408349 0.876126 0.25623
vn 0.256862 0.943119 0.211066
vn 0.256862 0.943119 0.211066
vn 0.0978037 0.982312 0.159681
vn 0.13055 0.970662 -0.201922
vn 0.018096 0.98441 -0.174958
vn 0.018096 0.98441 -0.174958
vn -0.0946038 0.984807 -0.145621
vn -0.0285739 0.925413 0.377882
vn 0.0383691 0.926858 0.373445
vn 0.0383691 0.926858 0.373445
vn 0.105139 0.92413 0.367327
vn -0.0989916 0.995087 0.0017885
vn -0.343112 0.938691 -0.0336494
vn -0.343112 0.938691 -0.0336494
vn -0.565263 0.822191 -0.0669328
vn 0.0565146 0.994294 0.0904775
vn -0.178153 0.98388 0.0155613
vn -0.178153 0.98388 0.0155613
vn -0.401991 0.913656 -0.060301
vn -0.124708 0.990572 -0.0567063
vn 0.0468052 0.998838 0.0115194
vn 0.0468052 0.998838 0.0115194
vn 0.216721 0.973003 0.0793519
vn -0.168638 0.922998 -0.345883
vn -0.191103 0.918789 -0.345407
vn -0.191103 0.918789 -0.345407
vn -0.213468 0.9141 -0.34475
vn 0.0773231 0.997004 0.00200167
vn -0.0531963 0.99799 -0.0344387
vn -0.0531963 0.99799 -0.0344387
vn -0.182739 0.980649 -0.0702466
vn -0.184964 0.982711 0.00820828
vn -0.45276 0.890451 0.0458874
vn -0.45276 0.890451 0.0458874
vn -0.683589 0.725489 0.0798199
vn -0.448984 0.88947 -0.0851899
vn -0.180389 0.982939 -0.0359424
vn -0.180389 0.982939 -0.0359424
vn 0.103234 0.994524 0.0162993
vn -0.224351 0.935449 -0.273133
vn -0.237799 0.931709 -0.274537
vn -0.237799 0.931709 -0.274537
vn -0.2512 0.927785 -0.275887
vn 0.35027 0.936611 0.00844406
vn -0.023614 0.999526 0.0197316
vn -0.023614 0.999526 0.0197316
vn -0.394101 0.918635 0.0281802
vn 0.347703 0.932752 0.095268
vn -0.0135096 0.991131 -0.1322
vn -0.0135096 0.991131 -0.1322
vn -0.372214 0.865532 -0.335129
vn 0.152222 0.954822 0.255232
vn 0.391185 0.863402 0.318608
vn 0.391185 0.863402 0.318608
vn 0.602969 0.711996 0.359847
vn -0.191373 0.965895 0.174422
vn -0.264511 0.94799 0.177059
vn -0.264511 0.94799 0.177059
vn -0.336147 0.924703 0.17869
vn 0.341053 0.891366 0.298577
vn 0.232947 0.940014 0.249219
vn 0.232947 0.940014 0.249219
vn 0.120999 0.97316 0.195751
vn -0.406247 0.908573 0.0972544
vn -0.349298 0.932142 0.0954018
vn -0.349298 0.932142 0.0954018
vn -0.291021 0.952168 0.0931865
vn -0.141608 0.988678 -0.0496236
vn -0.157461 0.986454 -0.0459784
vn -0.157461 0.986454 -0.0459784
vn -0.173271 0.983965 -0.0423208
vn 0.138686 0.960115 0.242788
vn 0.344292 0.918536 0.194305
vn 0.344292 0.918536 0.194305
vn 0.533939 0.834381 0.136815
vn -0.251741 0.949465 -0.187465
vn -0.378601 0.916991 -0.125653
vn -0.378601 0.916991 -0.125653
vn -0.497523 0.865289 -0.061206
vn 0.0307272 0.989208 0.143261
vn 0.375376 0.916894 0.13564
vn 0.375376 0.916894 0.13564
vn 0.673452 0.730821 0.111191
vn 0.356343 0.929248 0.0975562
vn 0.391637 0.917219 0.0729998
vn 0.391637 0.917219 0.0729998
vn 0.426151 0.903362 0.0482978
vn 0.14248 0.986752 -0.0775861
vn -0.158437 0.978732 -0.13031
vn -0.158437 0.978732 -0.13031
vn -0.444556 0.879304 -0.170864
vn -0.0470822 0.996125 0.0742901
vn -0.0695741 0.994491 0.0783978
vn -0.0695741 0.994491 0.0783978
vn -0.0920295 0.992336 0.0824642
vn -0.39092 0.907423 -0.154159
vn -0.434132 0.885499 -0.165591
vn -0.434132 0.885499 -0.165591
vn -0.476269 0.86138 -0.176613
vn 0.19952 0.971983 -0.124265
vn 0.176618 0.977137 -0.118363
vn 0.176618 0.977137 -0.118363
vn 0.153614 0.981718 -0.112392
vn 0.138287 0.978239 0.154675
vn 0.113678 0.981742 0.152512
vn 0.113678 0.981742 0.152512
vn 0.0889986 0.984633 0.150255
vn 0.360423 0.911029 -0.200302
vn 0.0222613 0.983321 -0.18051
vn 0.0222613 0.983321 -0.18051
vn -0.318571 0.937643 -0.139061
vn 0.0803312 0.97923 0.186159
vn 0.23075 0.960347 0.156489
vn 0.23075 0.960347 0.156489
vn 0.375662 0.918547 0.123084
vn 0.0777207 0.973108 -0.216842
vn -0.124131 0.939879 -0.318149
vn -0.124131 0.939879 -0.318149
vn -0.319514 0.857671 -0.402878
vn -0.0184631 0.985169 -0.170591
vn -0.00569577 0.986458 -0.163913
vn -0.00569577 0.986458 -0.163913
vn 0.0070727 0.987541 -0.157201
vn 0.0855965 0.994054 0.0673024
vn -0.251153 0.967701 0.0218327
vn -0.251153 0.967701 0.0218327
vn -0.558728 0.828938 -0.0261732
vn -0.00504343 0.99996 -0.00735453
vn -0.0119517 0.999918 -0.00466251
vn -0.0119517 0.999918 -0.00466251
vn -0.0188593 0.99982 -0.00197023
vn 0.053463 0.995175 -0.0822689
vn 0.0727721 0.994544 -0.074738
vn 0.0727721 0.994544 -0.074738
vn 0.09205 0.993486 -0.067175
vn -0.217557 0.924011 0.314442
vn 0.0692425 0.956678 0.282795
vn 0.0692425 0.956678 0.282795
vn 0.350203 0.908676 0.227301
vn 0.00949781 0.999674 -0.0236805
vn -0.026493 0.99952 -0.016047
vn -0.026493 0.99952 -0.016047
vn -0.062448 0.998013 -0.00839187
vn -0.0472006 0.990948 0.125672
vn -0.0589366 0.989914 0.128832
vn -0.0589366 0.989914 0.128832
vn -0.0706638 0.988731 0.131972
vn -0.435768 0.822131 -0.366343
vn -0.165342 0.949904 -0.265226
vn -0.165342 0.949904 -0.265226
vn 0.121565 0.98299 -0.137671
vn 0.161821 0.986182 -0.0354821
vn 0.00607115 0.999827 -0.0175788
vn 0.00607115 0.999827 -0.0175788
vn -0.149829 0.988712 0.000759745
vn 0.127742 0.991056 -0.0386085
vn 0.0750895 0.996582 -0.0344345
vn 0.0750895 0.996582 -0.0344345
vn 0.0222251 0.999298 -0.0301633
vn -0.356785 0.928313 0.104588
vn -0.0465049 0.997549 -0.0522793
vn -0.0465049 0.997549 -0.0522793
vn 0.269619 0.941418 -0.202577
vn 0.504663 0.863311 0.00306949
vn 0.294957 0.953744 0.0580807
vn 0.294957 0.953744 0.0580807
vn 0.0689751 0.991548 0.109887
vn -0.243336 0.969429 -0.031543
vn 0.0240553 0.995397 -0.0927733
vn 0.0240553 0.995397 -0.0927733
vn 0.289621 0.945792 -0.14696
vn 0.220437 0.971274 0.0896345
vn -0.0793688 0.996729 0.0152475
vn -0.0793688 0.996729 0.0152475
vn -0.37155 0.926433 -0.0606043
vn 0.272936 0.893231 0.357273
vn 0.205289 0.908336 0.364392
vn 0.205289 0.908336 0.364392
vn 0.136645 0.919032 0.369742
vn 0.0231396 0.996376 0.0818564
vn 0.0954408 0.992321 0.078678
vn 0.0954408 0.992321 0.078678
vn 0.167241 0.983053 0.0750862
vn 0.019495 0.966078 -0.257515
vn -0.308178 0.939093 -0.152085
vn -0.308178 0.939093 -0.152085
vn -0.599113 0.800157 -0.0285232
vn -0.338033 0.882479 -0.327055
vn -0.0752359 0.989813 -0.120872
vn -0.0752359 0.989813 -0.120872
vn 0.196822 0.975307 0.100189
vn 0.236909 0.964174 0.119344
vn 0.00445251 0.995672 0.0928273
vn 0.00445251 0.995672 0.0928273
vn -0.228252 0.971681 0.0611369
vn 0.173102 0.950718 -0.257238
vn 0.123362 0.956342 -0.264939
vn 0.123362 0.956342 -0.264939
vn 0.0733051 0.959512 -0.271961
vn -0.125934 0.949488 0.287424
vn -0.0306843 0.958048 0.28496
vn -0.0306843 0.958048 0.28496
vn 0.0648458 0.95784 0.279888
vn 0.154544 0.967624 0.199547
vn 0.120245 0.971712 0.203265
vn 0.120245 0.971712 0.203265
vn 0.0858012 0.974627 0.206738
vn 0.190156 0.931973 0.308655
vn 0.4135 0.854997 0.313047
vn 0.4135 0.854997 0.313047
vn 0.613759 0.73029 0.299962
vn -0.0304492 0.998416 -0.0473079
vn -0.0771676 0.996532 -0.0311151
vn -0.0771676 0.996532 -0.0311151
vn -0.123697 0.992209 -0.0148461
vn -0.0143904 0.981703 0.189875
vn -0.0216292 0.981409 0.190707
vn -0.0216292 0.981409 0.190707
vn -0.0288668 0.981062 0.191528
vn 0.0193501 0.977465 0.21021
vn -0.0950735 0.963615 0.249816
vn -0.0950735 0.963615 0.249816
vn -0.208085 0.935452 0.285712
vn -0.261673 0.894878 -0.361554
vn -0.37895 0.871155 -0.312228
vn -0.37895 0.871155 -0.312228
vn -0.48988 0.83284 -0.257673
vn 0.032558 0.963158 -0.266959
vn 0.18901 0.96047 -0.204382
vn 0.18901 0.96047 -0.204382
vn 0.340094 0.930505 -0.136
vn -0.169677 0.976137 -0.135521
vn -0.347542 0.906804 -0.238582
vn -0.347542 0.906804 -0.238582
vn -0.50905 0.794792 -0.330415
vn 0.259294 0.962713 -0.0771368
vn 0.0921844 0.995713 -0.0075584
vn 0.0921844 0.995713 -0.0075584
vn -0.0780458 0.995003 0.0622759
vn -0.136974 0.933297 0.331958
vn -0.107086 0.937173 0.332024
vn -0.107086 0.937173 0.332024
vn -0.0771018 0.940198 0.331789
vn 0.0994212 0.924488 0.368019
vn 0.226004 0.872802 0.432596
vn 0.226004 0.872802 0.432596
vn 0.34742 0.801159 0.487281
vn -0.113341 0.976096 -0.185447
vn 0.126767 0.99103 -0.0423008
vn 0.126767 0.99103 -0.0423008
vn 0.356941 0.928302 0.104161
vn -0.0828316 0.974334 -0.209314
vn 0.0189935 0.983339 -0.180784
vn 0.0189935 0.983339 -0.180784
vn 0.120605 0.981269 -0.150217
vn 0.300085 0.888835 0.346296
vn 0.37161 0.848638 0.376455
vn 0.37161 0.848638 0.376455
vn 0.440296 0.801956 0.403739
vn 0.231836 0.889406 0.393966
vn -0.00200081 0.947995 0.318279
vn -0.00200081 0.947995 0.318279
vn -0.235709 0.946063 0.222272
vn 0.196906 0.961648 0.190946
vn 0.113944 0.976743 0.181629
vn 0.113944 0.976743 0.181629
vn 0.0301615 0.984808 0.171005
vn -0.395786 0.915947 -0.0662861
vn -0.134989 0.979511 -0.149453
vn -0.134989 0.979511 -0.149453
vn 0.136469 0.96572 -0.220817
vn -0.206669 0.965763 -0.156809
vn 0.0154252 0.996729 -0.0793337
vn 0.0154252 0.996729 -0.0793337
vn 0.236651 0.971591 0.00260749
vn -0.281409 0.959389 -0.0195359
vn -0.0766807 0.994355 -0.0733384
vn -0.0766807 0.994355 -0.0733384
vn 0.131578 0.983549 -0.123765
vn -0.200736 0.955611 0.215669
vn -0.14903 0.967745 0.203124
vn -0.14903 0.967745 0.203124
vn -0.0968796 0.976998 0.189974
vn -0.418511 0.906158 -0.061039
vn -0.29617 0.955042 0.0133537
vn -0.29617 0.955042 0.0133537
vn -0.167048 0.982064 0.0874407
vn -0.173264 0.961187 0.214706
vn -0.0933234 0.96384 0.249605
vn -0.0933234 0.96384 0.249605
vn -0.0126725 0.959154 0.282602
vn 0.522987 0.818366 0.238246
vn 0.190605 0.968067 0.16284
vn 0.190605 0.968067 0.16284
vn -0.168189 0.983618 0.0648679
vn -0.11134 0.979825 0.165972
vn 0.127029 0.960384 0.248045
vn 0.127029 0.960384 0.248045
vn 0.357276 0.879542 0.31426
vn -0.0832253 0.992935 0.084581
vn 0.00798292 0.99951 0.0302517
vn 0.00798292 0.99951 0.0302517
vn 0.0991008 0.994778 -0.0244199
vn 0.340675 0.934467 0.103499
vn 0.283515 0.95458 0.0916285
vn 0.283515 0.95458 0.0916285
vn 0.225273 0.971054 0.0794085
vn 0.270665 0.9126 0.306434
vn 0.177036 0.942963 0.281919
vn 0.177036 0.942963 0.281919
vn 0.0815844 0.963624 0.254504
vn 0.502467 0.835873 0.221003
vn 0.26877 0.930161 0.250127
vn 0.26877 0.930161 0.250127
vn 0.0177776 0.96459 0.263155
vn -0.0619159 0.985565 -0.157567
vn -0.0949921 0.981355 -0.167091
vn -0.0949921 0.981355 -0.167091
vn -0.127954 0.975964 -0.176413
vn 0.0710136 0.961132 0.266802
vn 0.226528 0.947233 0.226792
vn 0.226528 0.947233 0.226792
vn 0.376157 0.908727 0.18089
vn 0.227611 0.947438 -0.224843
vn 0.0533563 0.979445 -0.194528
vn 0.0533563 0.979445 -0.194528
vn -0.122622 0.979807 -0.157928
vn 0.0871179 0.985523 0.145446
vn 0.0514557 0.990873 0.12459
vn 0.0514557 0.990873 0.12459
vn 0.0157042 0.994504 0.103518
vn -0.105432 0.987375 -0.118216
vn -0.062782 0.992778 -0.102229
vn -0.062782 0.992778 -0.102229
vn -0.0199998 0.996092 -0.0860262
vn -0.48869 0.832908 -0.259704
vn -0.378427 0.898225 -0.223575
vn -0.378427 0.898225 -0.223575
vn -0.261455 0.947616 -0.183481
vn 0.307539 0.913417 0.266625
vn 0.251767 0.93255 0.258774
vn 0.251767 0.93255 0.258774
vn 0.195103 0.948383 0.250008
vn 0.462987 0.856829 0.226906
vn 0.328804 0.913145 0.240942
vn 0.328804 0.913145 0.240942
vn 0.187593 0.949944 0.249828
vn 0.551609 0.766314 0.32938
vn 0.454476 0.819216 0.349767
vn 0.454476 0.819216 0.349767
vn 0.351595 0.861756 0.365729
vn -0.309291 0.894429 0.323012
vn -0.002657 0.924489 0.381198
vn -0.002657 0.924489 0.381198
vn 0.304238 0.86366 0.401908
vn 0.168796 0.979986 0.105521
vn -0.0299809 0.99352 0.109632
vn -0.0299809 0.99352 0.109632
vn -0.227567 0.967599 0.10939
vn -0.64889 0.735283 0.195706
vn -0.347578 0.935568 0.0624725
vn -0.347578 0.935568 0.0624725
vn 0.00540395 0.996776 -0.0800477
vn 0.32465 0.944125 0.0568363
vn 0.248267 0.96485 0.0861827
vn 0.248267 0.96485 0.0861827
vn 0.170115 0.978701 0.114915
vn 0.0770718 0.99596 -0.0460924
vn -0.0340859 0.995779 -0.0852203
vn -0.0340859 0.995779 -0.0852203
vn -0.14477 0.98177 -0.123165
vn -0.0945455 0.974686 -0.202606
vn 0.038155 0.967416 -0.250302
vn 0.038155 0.967416 -0.250302
vn 0.170095 0.940858 -0.293007
vn 0.203789 0.883686 0.421389
vn 0.1816 0.888178 0.422091
vn 0.1816 0.888178 0.422091
vn 0.159317 0.892215 0.422575
vn 0.534402 0.805519 0.256034
vn 0.294805 0.950104 0.10194
vn 0.294805 0.950104 0.10194
vn 0.0251216 0.997725 -0.0625573
vn -0.109119 0.993123 0.0424354
vn -0.1763 0.983055 0.0502041
vn -0.1763 0.983055 0.0502041
vn -0.242656 0.968393 0.0577382
vn -0.149749 0.892424 -0.425623
vn 0.128576 0.952205 -0.277081
vn 0.128576 0.952205 -0.277081
vn 0.393644 0.913811 -0.0999712
vn 0.051858 0.998595 -0.0108706
vn -0.0930193 0.989801 -0.107898
vn -0.0930193 0.989801 -0.107898
vn -0.235061 0.950836 -0.201637
vn -0.0345062 0.982618 -0.182405
vn -0.335263 0.904263 -0.2644
vn -0.335263 0.904263 -0.2644
vn -0.601382 0.732482 -0.319077
vn -0.435369 0.900205 0.00924808
vn -0.18854 0.981456 -0.0345812
vn -0.18854 0.981456 -0.0345812
vn 0.071382 0.994549 -0.076009
vn 0.446501 0.865839 0.225744
vn 0.201908 0.959125 0.198273
vn 0.201908 0.959125 0.198273
vn -0.0566743 0.985961 0.157065
vn -0.347523 0.929032 -0.126991
vn -0.429153 0.899206 -0.0851815
vn -0.429153 0.899206 -0.0851815
vn -0.506791 0.861017 -0.0425794
vn -0.107274 0.98772 -0.113588
vn -0.0253228 0.995364 -0.0927912
vn -0.0253228 0.995364 -0.0927912
vn 0.0568109 0.995834 -0.0713253
vn 0.243391 0.969803 0.0155691
vn 0.0880467 0.99608 0.00849188
vn 0.0880467 0.99608 0.00849188
vn -0.0694876 0.997582 0.00120342
vn -0.0911288 0.993567 0.0672255
vn -0.239441 0.970643 0.0228138
vn -0.239441 0.970643 0.0228138
vn -0.381889 0.923943 -0.0221567
vn 0.038332 0.967773 0.248891
vn -0.0137015 0.965189 0.261193
vn -0.0137015 0.965189 0.261193
vn -0.0656957 0.95984 0.272747
vn -0.0139103 0.866004 -0.499844
vn 0.116851 0.871323 -0.476595
vn 0.116851 0.871323 -0.476595
vn 0.245547 0.861248 -0.444925
vn 0.286912 0.949036 0.13043
vn 0.173455 0.97424 0.14412
vn 0.173455 0.97424 0.14412
vn 0.0576222 0.986101 0.155836
vn -0.280519 0.869655 -0.406212
vn -0.26738 0.874442 -0.404796
vn -0.26738 0.874442 -0.404796
vn -0.254188 0.879055 -0.403299
vn 0.0688595 0.935938 0.345367
vn -0.0435849 0.942655 0.33091
vn -0.0435849 0.942655 0.33091
vn -0.155467 0.937214 0.312184
vn 0.0336396 0.988829 0.145211
vn 0.0501793 0.988929 0.139651
vn 0.0501793 0.988929 0.139651
vn 0.0667038 0.988727 0.134047
vn 0.276214 0.945735 0.17115
vn 0.14448 0.980204 0.135369
vn 0.14448 0.980204 0.135369
vn 0.00988324 0.995245 0.0969045
vn -0.108466 0.972709 0.205115
vn -0.0349315 0.97889 0.201382
vn -0.0349315 0.97889 0.201382
vn 0.0387936 0.979726 0.19655
vn -0.544774 0.807746 -0.22532
vn -0.270405 0.924711 -0.267937
vn -0.270405 0.924711 -0.267937
vn 0.0285103 0.957736 -0.286232
vn -0.213102 0.92263 -0.321467
vn -0.196295 0.926815 -0.320129
vn -0.196295 0.926815 -0.320129
vn -0.17943 0.93072 -0.318694
vn -0.361552 0.894552 0.262787
vn -0.143138 0.94478 0.294791
vn -0.143138 0.94478 0.294791
vn 0.0826118 0.946587 0.311686
vn 0.451283 0.891016 0.0493439
vn 0.0519635 0.994321 -0.0928688
vn 0.0519635 0.994321 -0.0928688
vn -0.357247 0.908356 -0.217404
vn 0.165324 0.963698 -0.209653
vn 0.00590192 0.964401 -0.264378
vn 0.00590192 0.964401 -0.264378
vn -0.153688 0.937705 -0.311592
vn 0.555745 0.819403 0.140453
vn 0.529546 0.834838 0.150418
vn 0.529546 0.834838 0.150418
vn 0.502806 0.849419 0.160229
vn -0.156297 0.913285 -0.376141
vn -0.425954 0.860316 -0.280034
vn -0.425954 0.860316 -0.280034
vn -0.659508 0.734431 -0.160192
vn -0.0920394 0.995712 0.00930865
vn -0.125864 0.991829 0.0208091
vn -0.125864 0.991829 0.0208091
vn -0.159525 0.986666 0.0322827
vn -0.00561628 0.9432 -0.332178
vn -0.218586 0.925088 -0.310536
vn -0.218586 0.925088 -0.310536
vn -0.421468 0.86428 -0.274562
vn -0.101447 0.929777 -0.353868
vn -0.21461 0.895833 -0.389135
vn -0.21461 0.895833 -0.389135
vn -0.324511 0.84827 -0.418487
vn -0.0341222 0.994557 0.0984526
vn -0.00438759 0.99535 0.0962281
vn -0.00438759 0.99535 0.0962281
vn 0.0253509 0.995257 0.093918
vn 0.284696 0.955913 -0.0719643
vn 0.0637642 0.994288 -0.0855924
vn 0.0637642 0.994288 -0.0855924
vn -0.160385 0.982482 -0.0949007
vn -0.287147 0.957641 0.0216751
vn -0.11742 0.985085 0.12578
vn -0.11742 0.985085 0.12578
vn 0.0570515 0.972732 0.224804
vn -0.035955 0.97434 0.22219
vn 0.359421 0.913071 0.19266
vn 0.359421 0.913071 0.19266
vn 0.696949 0.704845 0.132121
vn -0.00500833 0.998415 -0.0560581
vn -0.0501243 0.996312 -0.0696395
vn -0.0501243 0.996312 -0.0696395
vn -0.0951287 0.991993 -0.0830661
vn -0.0633384 0.995101 0.0759089
vn 0.0618636 0.99058 0.122167
vn 0.0618636 0.99058 0.122167
vn 0.185962 0.968391 0.166246
vn -0.239224 0.965394 -0.103854
vn -0.233223 0.967024 -0.102329
vn -0.233223 0.967024 -0.102329
vn -0.227212 0.968615 -0.100799
vn 0.303835 0.877445 0.371179
vn 0.112799 0.909892 0.399216
vn 0.112799 0.909892 0.399216
vn -0.08256 0.907458 0.41195
vn -0.116136 0.993193 -0.00898091
vn 0.0257327 0.999568 -0.0142078
vn 0.0257327 0.999568 -0.0142078
vn 0.167082 0.985757 -0.0191477
vn -0.00701673 0.918367 -0.395667
vn -0.134528 0.90372 -0.406439
vn -0.134528 0.90372 -0.406439
vn -0.259807 0.87408 -0.410468
vn -0.0412235 0.993578 -0.105368
vn 0.0899445 0.994981 -0.0438419
vn 0.0899445 0.994981 -0.0438419
vn 0.219224 0.975497 0.0186048
vn -0.389375 0.854678 -0.343385
vn -0.330031 0.872145 -0.361169
vn -0.330031 0.872145 -0.361169
vn -0.26932 0.885998 -0.377457
vn 0.0812046 0.992949 -0.0863627
vn 0.0344895 0.994482 -0.0990767
vn 0.0344895 0.994482 -0.0990767
vn -0.0123065 0.993682 -0.111558
vn 0.556614 0.149007 -0.817299
vn -0.962776 -0.269451 0.0214262
vn 0.544527 0.630427 0.55322
vn 0.924434 -0.346793 -0.158606
vn -0.17263 0.182156 -0.967997
vn -0.525093 0.520003 0.673702
vn -0.322246 -0.492578 -0.808409
vn -0.489979 -0.452716 0.744962
vn 0.900283 0.329101 0.284926
vn 0.811533 -0.0519382 -0.581993
vn -0.96229 -0.248504 -0.11065
vn 0.205766 0.402649 0.891927
vn 0.631421 0.0809662 0.771201
vn -0.212388 -0.498752 -0.84032
vn -0.885359 0.232784 0.402432
vn 0.220448 -0.0184058 0.975225
vn 0.853333 -0.0451492 -0.519408
vn -0.811006 0.37748 -0.446966
vn 0.705842 -0.0759985 0.704281
vn -0.263126 -0.775672 -0.57367
vn -0.682074 0.658955 0.317101
vn 0.415684 0.324844 0.84952
vn 0.363331 -0.521634 -0.771939
vn -0.839456 0.527488 0.130649
vn 0.0722884 0.270924 0.959883
vn 0.986152 0.0135701 0.165286
vn -0.755003 0.401607 -0.518346
vn 0.677675 -0.362374 -0.639877
vn -0.131792 -0.877623 0.460878
vn -0.0311246 0.726771 0.686175
vn 0.796449 -0.436722 0.418262
vn 0.505336 -0.469965 -0.723718
vn -0.947208 0.138166 -0.289321
vn 0.749745 -0.63307 -0.192627
vn -0.27727 -0.806684 0.521902
vn -0.0491137 0.542491 0.838625
vn 0.951944 -0.171343 0.253857
vn -0.582265 -0.395814 -0.71014
vn -0.757827 0.456956 0.465714
vn 0.995593 0.0363355 0.0864577
vn -0.544445 -0.813165 -0.205773
vn -0.407762 0.912511 -0.0324568
vn 0.996489 0.0169721 0.0819829
vn -0.453245 -0.676764 -0.580138
vn -0.54114 0.757347 0.365504
vn 0.947206 -0.0898316 -0.307785
vn -0.596098 -0.683989 -0.420507
vn -0.441006 0.864162 0.242359
vn 0.0706478 -0.862638 0.500864
vn -0.575052 0.670482 -0.468795
vn -0.894677 0.294725 0.335695
vn 0.602344 0.241893 0.760703
vn -0.694678 -0.718567 -0.0329183
vn 0.732435 0.503543 -0.45824
vn 0.990898 0.128725 0.0393787
vn -0.589976 -0.672966 0.446145
vn -0.212637 0.517981 -0.828541
vn 0.889635 -0.0921023 -0.447289
vn -0.481655 -0.855696 0.18919
vn -0.580689 0.767264 -0.272225
vn 0.345997 -0.443704 -0.826687
vn 0.199611 -0.592867 -0.78017
vn -0.968269 -0.233782 0.088324
vn -0.652691 0.0157514 0.75746
vn 0.945722 -0.0450587 -0.321838
vn -0.0970922 0.427527 -0.898774
vn -0.382867 -0.10156 0.918204
vn 0.955458 -0.293962 0.0261892
vn -0.203722 0.600852 -0.772964
vn 0.236057 0.0683765 0.969331
vn 0.645376 -0.763416 -0.0261819
vn -0.583654 0.696081 -0.418113
vn 0.776898 -0.117773 0.618514
vn 0.181696 -0.921197 -0.344069
vn -0.836724 0.409395 0.363717
vn -0.0751412 0.156957 0.984743
vn 0.617718 -0.358914 -0.699718
vn -0.656566 0.221019 -0.721159
vn -0.631054 0.200859 0.749284
vn 0.576107 -0.776404 -0.255532
vn -0.104898 0.748917 -0.654308
vn -0.143323 0.00620891 0.989657
vn -0.319953 -0.873541 -0.366819
vn 0.771468 0.63282 -0.0661465
vn -0.0739181 -0.0410199 0.99642
vn -0.32367 -0.751628 -0.574712
vn 0.537005 0.669887 -0.512715
vn 0.0659431 0.0606696 0.995977
vn 0.0171703 -0.821661 -0.569718
vn 0.0774252 0.874518 -0.478773
vn -0.162439 0.00681785 0.986695
vn 0.330979 -0.776399 -0.536338
vn -0.132848 0.86057 -0.491702
vn -0.441194 -0.00108227 0.897411
vn 0.110332 -0.88233 -0.457516
vn 0.402854 0.835168 -0.374436
vn -0.203876 0.0108903 0.978936
vn -0.085623 -0.880259 -0.466705
vn 0.394091 0.815708 -0.423453
vn -0.0641462 0.0323586 0.997416
vn -0.274841 -0.814532 -0.510882
vn 0.416362 0.784901 -0.458882
vn 0.147803 0.0366586 0.988337
vn -0.497601 -0.758278 -0.421198
vn 0.451546 0.711392 -0.538542
vn 0.201888 -0.0462029 0.978318
vn -0.440598 -0.784223 -0.436884
vn 0.295287 0.761809 -0.576587
vn 0.177544 -0.107033 0.978275
vn -0.291681 -0.956399 0.0149217
vn 0.21654 0.835633 -0.504805
vn 0.0866364 -0.229179 -0.969521
vn -0.783785 0.618876 -0.0517155
vn 0.0067512 0.956365 0.292096
vn -0.363607 -0.268561 -0.892
vn 0.0407663 -0.794288 0.606172
vn 0.769031 0.623874 -0.139188
vn -0.134039 0.0814908 -0.98762
vn -0.667234 -0.164287 0.726504
vn 0.909141 0.27851 0.309668
vn -0.335588 0.0946005 -0.937247
vn -0.463739 -0.604101 0.64808
vn 0.744463 0.571007 0.346013
vn -0.133121 0.158951 -0.978271
vn -0.665156 -0.588497 0.459607
vn 0.547269 0.687626 0.477144
vn -0.218387 -0.0329676 -0.975305
vn -0.391696 -0.743219 0.542402
vn 0.293945 0.778824 0.554103
vn -0.255229 -0.0425449 -0.965944
vn 0.180412 -0.853768 0.488398
vn -0.0372835 0.847614 0.529302
vn -0.0364889 -0.0749261 -0.996521
vn 0.203274 -0.828221 0.522235
vn -0.275623 0.825332 0.492807
vn 0.19138 -0.0663108 -0.979273
vn 0.206752 -0.795109 0.570137
vn -0.479003 0.773058 0.415858
vn 0.313559 0.0336177 -0.948974
vn 0.0483172 -0.82535 0.56255
vn -0.566201 0.766645 0.302773
vn -0.180674 0.069148 -0.981109
vn 0.359429 -0.812604 0.458788
vn -0.431954 0.82039 0.374668
vn -0.305224 0.0189184 -0.952093
vn 0.00419505 -0.920848 0.3899
vn 0.115881 0.857942 0.500506
vn -0.23695 0.0500785 -0.97023
vn -0.197665 -0.979262 -0.0444321
vn 0.0795351 0.806551 0.58579
vn 0.955369 0.0253463 -0.294327
vn -0.969707 -0.0285311 -0.242598
vn -0.396667 0.410667 0.82098
vn 0.826611 -0.0363641 -0.561598
vn -0.789853 -0.389237 -0.473948
vn -0.227881 0.508046 0.830638
vn 0.323812 0.0995823 -0.940866
vn -0.548872 -0.834384 -0.0504229
vn -0.191823 0.789904 0.582456
vn 0.141543 0.15237 -0.978135
vn -0.103009 0.0426823 -0.993764
vn -0.742589 0.656269 -0.13369
vn -0.225635 -0.660846 -0.715801
vn 0.128829 -0.671838 0.729409
vn 0.926466 0.159213 -0.341045
vn -0.108653 -0.199172 -0.973923
vn -0.876394 -0.151679 0.457086
vn 0.808852 0.324704 0.490231
vn -0.936287 -0.203619 -0.286193
vn -0.183642 -0.903704 0.386775
vn 0.112672 0.927632 0.356095
vn -0.950531 0.0895643 0.297438
vn 0.484483 -0.869847 -0.0929645
vn 0.432622 0.900164 0.0504335
vn -0.983662 0.160832 0.0808817
vn 0.48102 -0.761409 0.434599
vn 0.486666 0.840582 -0.23786
vn -0.788384 -0.0119332 -0.615068
vn 0.240841 -0.76531 0.596905
vn 0.397615 0.912301 0.0980254
vn -0.292313 -0.246939 -0.923891
vn -0.0587038 -0.913503 0.402573
vn -0.179743 0.842127 0.508443
vn -0.121858 -0.446366 -0.886515
vn -0.0381063 -0.976442 -0.212386
vn -0.209454 0.977541 0.0232792
vn 0.272772 0.234024 0.933182
vn 0.182954 -0.710082 -0.679935
vn -0.534952 0.784055 -0.314776
vn -0.691293 0.274741 0.668305
vn 0.872488 -0.26463 0.410774
vn -0.415192 0.244082 -0.876379
vn 0.289602 0.0468924 -0.955998
vn -0.415573 -0.342989 0.842412
vn 0.79921 0.368851 0.474565
vn 0.513719 -0.0548258 -0.856205
vn -0.987112 -0.124094 -0.101045
vn 0.218834 0.428259 0.876759
vn -0.391806 -0.719193 -0.573803
vn -0.819462 -0.529549 -0.219228
vn 0.435642 0.784126 0.441998
vn 0.181732 -0.586347 0.789412
vn 0.511453 -0.855576 0.0800371
vn -0.436078 0.50764 -0.74306
vn 0.985722 -0.161145 0.0488257
vn -0.506047 -0.838596 0.201677
vn -0.452365 0.456505 0.766139
vn 0.977639 0.161575 0.134595
vn -0.372342 -0.603471 -0.705113
vn -0.553454 0.666062 0.50005
vn 0.992416 -0.0685115 0.102058
vn -0.255717 -0.481295 -0.838429
vn -0.680395 0.622923 0.386044
vn 0.427469 -0.543393 -0.722492
vn -0.780577 -0.572538 -0.250796
vn -0.41704 0.752886 0.509157
vn 0.0155513 -0.742075 -0.670136
vn -0.0387312 -0.725607 -0.687019
vn -0.635395 0.459248 0.620777
vn -0.409415 0.0575346 -0.910532
vn -0.11137 -0.0637604 0.991731
vn 0.963451 0.238959 0.121082
vn -0.736866 0.0524992 -0.673997
vn -0.966545 0.0885251 0.240735
vn 0.934165 0.341361 0.103962
vn -0.525884 -0.136774 0.839487
vn 0.371265 -0.746151 -0.552649
vn -0.404927 0.475249 -0.781136
vn -0.956133 0.292621 0.0135468
vn 0.542867 -0.447177 0.710864
vn 0.117127 0.380663 -0.917266
vn -0.251854 -0.0355714 -0.967111
vn -0.507376 -0.0416263 0.860719
vn 0.927997 0.155531 0.338574
vn -0.696711 0.142243 -0.703107
vn 0.101445 -0.863238 0.494498
vn 0.818513 0.554542 -0.150068
vn -0.0398563 0.386032 -0.921624
vn -0.590505 -0.484135 0.645691
vn 0.827812 0.516717 0.218474
vn 0.342762 0.153924 -0.926726
vn -0.807096 -0.532707 0.254597
vn 0.46589 0.60615 0.644615
vn 0.484233 0.564554 -0.668428
vn -0.56313 -0.782467 -0.265764
vn 0.0849686 0.74477 0.66189
vn -0.0996863 0.666619 0.738703
vn -0.528203 -0.825146 -0.200339
vn -0.026157 0.999099 0.0334221
vn -0.256407 0.247129 -0.934442
vn -0.815911 -0.389061 0.427692
vn 0.521599 0.812823 0.259332
vn 0.910756 -0.251237 -0.327723
vn -0.279441 0.0670712 -0.957818
vn -0.518668 0.225382 0.824734
vn -0.760864 -0.27186 -0.589218
vn 0.180734 -0.776558 0.603567
vn 0.762674 0.646575 0.0163911
vn -0.858307 0.00601585 0.513102
vn -0.664787 -0.731521 -0.151447
vn -0.606761 0.53554 0.587399
vn -0.0899432 0.157504 0.983414
vn 0.984042 -0.156303 -0.0850301
vn -0.0170598 -0.0633455 -0.997846
vn -0.741141 0.00623151 -0.671321
vn 0.409968 -0.199709 0.889968
vn 0.796296 0.504362 -0.333962
vn -0.946737 0.265661 0.181971
vn 0.321951 -0.944932 -0.0587476
vn 0.16204 0.933808 0.318977
vn -0.978206 0.201187 0.0513571
vn 0.235051 -0.588672 0.773445
vn 0.616861 0.786535 -0.0290716
vn -0.922907 -0.31934 -0.215091
vn -0.160574 -0.77649 0.609326
vn 0.530542 0.822462 -0.205136
vn -0.951036 0.302891 -0.061545
vn -0.319943 -0.0901546 0.943137
vn 0.594482 0.687148 -0.417635
vn 0.990136 0.12784 0.0573323
vn -0.986914 -0.161135 0.0060631
vn -0.4049 0.562019 0.721242
vn 0.971312 0.0548858 -0.231387
vn -0.508141 -0.840856 -0.186426
vn -0.473929 0.86395 0.170239
vn 0.982659 0.185386 -0.00366012
vn -0.426552 -0.751868 -0.502741
vn -0.529903 0.78041 0.331909
vn 0.877899 0.288084 0.382493
vn 0.312133 -0.611992 -0.726663
vn -0.655185 0.689373 0.309027
vn -0.434785 0.251001 0.864847
vn 0.684838 0.154172 0.7122
vn 0.0598966 0.253553 -0.965465
vn 0.798614 -0.335443 0.499694
vn -0.591871 0.0938838 0.800546
vn -0.329849 0.671887 0.66315
vn 0.814786 -0.46521 -0.345983
vn -0.0566938 -0.963121 -0.263026
vn -0.0739503 0.981549 0.176331
vn -0.421079 -0.0827293 -0.903243
vn -0.353538 -0.10858 0.929097
vn -0.00916063 0.959078 0.282994
vn -0.539496 0.182491 -0.821974
vn -0.0369249 -0.820098 0.57103
vn 0.381094 0.920319 0.0882083
vn 0.327904 0.380756 -0.864583
vn -0.894326 -0.369978 0.251591
vn 0.812311 0.404523 0.420133
vn 0.995427 0.0111502 0.0948708
vn -0.698074 -0.022997 -0.715656
vn -0.530177 0.227097 0.816908
vn 0.829642 -0.181424 -0.527996
vn -0.642833 -0.389466 -0.659607
vn -0.453143 0.685778 0.569535
vn 0.937919 -0.346843 -0.00273868
vn 0.204422 -0.369229 -0.906577
vn -0.339534 0.933427 0.115892
vn 0.99615 -0.074469 -0.046261
vn 0.0351587 -0.233374 -0.971751
vn 0.836407 -0.342108 -0.428234
vn -0.75443 0.188608 -0.628699
vn -0.871171 -0.397267 0.288515
vn 0.318785 0.899551 0.298638
vn -0.200955 0.591189 0.781097
vn -0.366029 -0.313601 -0.876172
vn -0.914114 0.380309 -0.140573
vn 0.816087 0.576341 -0.0428156
vn 0.517029 -0.63275 0.576461
vn 0.0773625 0.970324 -0.229101
vn 0.405994 -0.907548 0.107357
vn 0.233696 -0.967547 -0.0961178
vn -0.723054 -0.42592 -0.543862
vn 0.960702 -0.108199 -0.255626
vn -0.784543 -0.534925 -0.313605
vn -0.543288 0.481113 0.688018
vn 0.807018 0.468562 -0.359404
vn -0.770811 0.256459 -0.583163
vn -0.890128 0.211443 -0.403689
vn -0.105612 0.277963 0.954768
vn 0.929162 -0.238632 0.282336
vn -0.190129 0.878337 -0.438605
vn -0.36396 -0.0313139 -0.930888
vn -0.533356 -0.0624444 0.843583
vn 0.960725 0.147241 0.235217
vn 0.105162 0.134726 -0.985287
vn -0.920919 -0.219457 0.322097
vn 0.399146 0.642112 0.654503
vn 0.403034 0.252342 -0.879709
vn -0.67276 -0.724842 0.148314
vn -0.0981487 0.820049 0.563815
vn 0.693567 0.542855 -0.473575
vn -0.444039 -0.650108 -0.616594
vn -0.106205 0.622595 0.775304
vn 0.710286 -0.263532 0.652721
vn 0.979992 0.160188 -0.118137
vn 0.242451 0.960238 -0.138419
vn 0.529114 -0.832934 -0.162048
vn 0.451625 -0.891785 0.0274816
vn -0.0240749 0.795856 0.605008
vn -0.72775 -0.684518 0.0426137
vn 0.002512 -0.922054 -0.387052
vn 0.75195 0.426055 -0.503039
vn -0.111842 -0.534817 0.837533
vn -0.454542 -0.849704 0.267198
vn -0.525902 0.206239 -0.825162
vn 0.429045 0.0360805 -0.902562
vn -0.891642 -0.00426504 0.452721
vn 0.106602 0.728227 0.676994
vn 0.0400148 0.0110398 -0.999138
vn -0.908502 -0.386483 0.158918
vn 0.329165 0.70727 0.625635
vn -0.300138 -0.201851 -0.932295
vn -0.901995 -0.431744 0.00165641
vn 0.14246 0.887004 0.439237
vn 0.992548 0.10518 -0.0615209
vn -0.723782 -0.419885 -0.547573
vn -0.469583 0.872014 -0.138147
vn 0.988489 0.129465 -0.078282
vn 0.146057 -0.84211 -0.519152
vn -0.470714 0.869149 -0.151684
vn 0 0 0
vn 0 0 0
vn 0 0 0
vt 0 1
vt 1 1
vt 0 0
vt 1 0
vt 0 1
vt 1 1
vt 0 0
vt 1 0
vt 0 1
vt 1 1
vt 0 0
vt 1 0
vt 0 1
vt 1 1
vt 0 0
vt 1 0
vt 0 1
vt 1 1
vt 0 0
vt 1 0
vt 0 1
vt 1 1
vt 0 0
vt 1 0
vt 0 1
vt 1 1
vt 0 0
vt 1 0
vt 0 1
vt 1 1
vt 0 0
vt 1 0
vt 0 1
vt 1 1
vt 0 0
vt 1 0
vt 0 1
vt 1 1
vt 0 0
vt 1 0
vt 0 1
vt 1 1
vt 0 0
vt 1 0
vt 0 1
vt 1 1
vt 0 0
vt 1 0
vt 0 1
vt 1 1
vt 0 0
vt 1 0
vt 0 1
vt 1 1
vt 0 0
vt 1 0
vt 0 1
vt 1 1
vt 0 0
vt 1 0
vt 0 1
vt 1 1
vt 0 0
vt 1 0
vt 0 1
vt 1 1
vt 0 0
vt 1 0
vt 0 1
vt 1 1
vt 0 0
vt 1 0
vt 0 1
vt 1 1
vt 0 0
vt 1 0
vt 0 1
vt 1 1
vt 0 0
vt 1 0
vt 0 1
vt 1 1
vt 0 0
vt 1 0
vt 0 1
vt 1 1
vt 0 0
vt 1 0
vt 0 1
vt 1 1
vt 0 0
vt 1 0
vt 0 1
vt 1 1
vt 0 0
vt 1 0
vt 0 1
vt 1 1
vt 0 0
vt 1 0
vt 0 1
vt 1 1
vt 0 0
vt 1 0
vt 0 1
vt 1 1
vt 0 0
vt 1 0
vt 0 1
vt 1 1
vt 0 0
vt 1 0
vt 0 1
vt 1 1
vt 0 0
vt 1 0
vt 0 1
vt 1 1
vt 0 0
vt 1 0
vt 0 1
vt 1 1
vt 0 0
vt 1 0
vt 0 1
vt 1 1
vt 0 0
vt 1 0
vt 0 1
vt 1 1
vt 0 0
vt 1 0
vt 0 1
vt 1 1
vt 0 0
vt 1 0
vt 0 1
vt 1 1
vt 0 0
vt 1 0
vt 0 1
vt 1 1
vt 0 0
vt 1 0
vt 0 1
vt 1 1
vt 0 0
vt 1 0
vt 0 1
vt 1 1
vt 0 0
vt 1 0
vt 0 1
vt 1 1
vt 0 0
vt 1 0
vt 0 1
vt 1 1
vt 0 0
vt 1 0
vt 0 1
vt 1 1
vt 0 0
vt 1 0
vt 0 1
vt 1 1
vt 0 0
vt 1 0
vt 0 1
vt 1 1
vt 0 0
vt 1 0
vt 0 1
vt 1 1
vt 0 0
vt 1 0
vt 0 1
vt 1 1
vt 0 0
vt 1 0
vt 0 1
vt 1 1
vt 0 0
vt 1 0
vt 0 1
vt 1 1
vt 0 0
vt 1 0
vt 0 1
vt 1 1
vt 0 0
vt 1 0
vt 0 1
vt 1 1
vt 0 0
vt 1 0
vt 0 1
vt 1 1
vt 0 0
vt 1 0
vt 0 1
vt 1 1
vt 0 0
vt 1 0
vt 0 1
vt 1 1
vt 0 0
vt 1 0
vt 0 1
vt 1 1
vt 0 0
vt 1 0
vt 0 1
vt 1 1
vt 0 0
vt 1 0
vt 0 1
vt 1 1
vt 0 0
vt 1 0
vt 0 1
vt 1 1
vt 0 0
vt 1 0
vt 0 1
vt 1 1
vt 0 0
vt 1 0
vt 0 1
vt 1 1
vt 0 0
vt 1 0
vt 0 1
vt 1 1
vt 0 0
vt 1 0
vt 0 1
vt 1 1
vt 0 0
vt 1 0
vt 0 1
vt 1 1
vt 0 0
vt 1 0
vt 0 1
vt 1 1
vt 0 0
vt 1 0
vt 0 1
vt 1 1
vt 0 0
vt 1 0
vt 0 1
vt 1 1
vt 0 0
vt 1 0
vt 0 1
vt 1 1
vt 0 0
vt 1 0
vt 0 1
vt 1 1
vt 0 0
vt 1 0
vt 0 1
vt 1 1
vt 0 0
vt 1 0
vt 0 1
vt 1 1
vt 0 0
vt 1 0
vt 0 1
vt 1 1
vt 0 0
vt 1 0
vt 0 1
vt 1 1
vt 0 0
vt 1 0
vt 0 1
vt 1 1
vt 0 0
vt 1 0
vt 0 1
vt 1 1
vt 0 0
vt 1 0
vt 0 1
vt 1 1
vt 0 0
vt 1 0
vt 0 1
vt 1 1
vt 0 0
vt 1 0
vt 0 1
vt 1 1
vt 0 0
vt 1 0
vt 0 1
vt 1 1
vt 0 0
vt 1 0
vt 0 1
vt 1 1
vt 0 0
vt 1 0
vt 0 1
vt 1 1
vt 0 0
vt 1 0
vt 0 1
vt 1 1
vt 0 0
vt 1 0
vt 0 1
vt 1 1
vt 0 0
vt 1 0
vt 0 1
vt 1 1
vt 0 0
vt 1 0
vt 0 1
vt 1 1
vt 0 0
vt 1 0
vt 0 1
vt 1 1
vt 0 0
vt 1 0
vt 0 1
vt 1 1
vt 0 0
vt 1 0
vt 0 1
vt 1 1
vt 0 0
vt 1 0
vt 0 1
vt 1 1
vt 0 0
vt 1 0
vt 0 1
vt 1 1
vt 0 0
vt 1 0
vt 0 1
vt 1 1
vt 0 0
vt 1 0
vt 0 1
vt 1 1
vt 0 0
vt 1 0
vt 0 1
vt 1 1
vt 0 0
vt 1 0
vt 0 1
vt 1 1
vt 0 0
vt 1 0
vt 0 1
vt 1 1
vt 0 0
vt 1 0
vt 0 1
vt 1 1
vt 0 0
vt 1 0
vt 0 1
vt 1 1
vt 0 0
vt 1 0
vt 0 1
vt 1 1
vt 0 0
vt 1 0
vt 0 1
vt 1 1
vt 0 0
vt 1 0
vt 0 1
vt 1 1
vt 0 0
vt 1 0
vt 0 1
vt 1 1
vt 0 0
vt 1 0
vt 0 1
vt 1 1
vt 0 0
vt 1 0
vt 0 1
vt 1 1
vt 0 0
vt 1 0
vt 0 1
vt 1 1
vt 0 0
vt 1 0
vt 0 1
vt 1 1
vt 0 0
vt 1 0
vt 0 1
vt 1 1
vt 0 0
vt 1 0
vt 0 1
vt 1 1
vt 0 0
vt 1 0
vt 0 1
vt 1 1
vt 0 0
vt 1 0
vt 0 1
vt 1 1
vt 0 0
vt 1 0
vt 0 1
vt 1 1
vt 0 0
vt 1 0
vt 0 1
vt 1 1
vt 0 0
vt 1 0
vt 0 1
vt 1 1
vt 0 0
vt 1 0
vt 0 1
vt 1 1
vt 0 0
vt 1 0
vt 0 1
vt 1 1
vt 0 0
vt 1 0
vt 0 1
vt 1 1
vt 0 0
vt 1 0
vt 0 1
vt 1 1
vt 0 0
vt 1 0
vt 0 1
vt 1 1
vt 0 0
vt 1 0
vt 0 1
vt 1 1
vt 0 0
vt 1 0
vt 0 1
vt 1 1
vt 0 0
vt 1 0
vt 0 1
vt 1 1
vt 0 0
vt 1 0
vt 0 1
vt 1 1
vt 0 0
vt 1 0
vt 0 1
vt 1 1
vt 0 0
vt 1 0
vt 0 1
vt 1 1
vt 0 0
vt 1 0
vt 0 1
vt 1 1
vt 0 0
vt 1 0
vt 0 1
vt 1 1
vt 0 0
vt 1 0
vt 0 1
vt 1 1
vt 0 0
vt 1 0
vt 0 1
vt 1 1
vt 0 0
vt 1 0
vt 0 1
vt 1 1
vt 0 0
vt 1 0
vt 0 1
vt 1 1
vt 0 0
vt 1 0
vt 0 1
vt 1 1
vt 0 0
vt 1 0
vt 0 1
vt 1 1
vt 0 0
vt 1 0
vt 0 1
vt 1 1
vt 0 0
vt 1 0
vt 0 1
vt 1 1
vt 0 0
vt 1 0
vt 0 1
vt 1 1
vt 0 0
vt 1 0
vt 0 1
vt 1 1
vt 0 0
vt 1 0
vt 0 1
vt 1 1
vt 0 0
vt 1 0
vt 0 1
vt 1 1
vt 0 0
vt 1 0
vt 0 1
vt 1 1
vt 0 0
vt 1 0
vt 0 1
vt 1 1
vt 0 0
vt 1 0
vt 0 1
vt 1 1
vt 0 0
vt 1 0
vt 0 1
vt 1 1
vt 0 0
vt 1 0
vt 0 1
vt 1 1
vt 0 0
vt 1 0
vt 0 1
vt 1 1
vt 0 0
vt 1 0
vt 0 1
vt 1 1
vt 0 0
vt 1 0
vt 0 1
vt 1 1
vt 0 0
vt 1 0
vt 0 1
vt 1 1
vt 0 0
vt 1 0
vt 0 1
vt 1 1
vt 0 0
vt 1 0
vt 0 1
vt 1 1
vt 0 0
vt 1 0
vt 0 1
vt 1 1
vt 0 0
vt 1 0
vt 0 1
vt 1 1
vt 0 0
vt 1 0
vt 0 1
vt 1 1
vt 0 0
vt 1 0
vt 0 1
vt 1 1
vt 0 0
vt 1 0
vt 0 1
vt 1 1
vt 0 0
vt 1 0
vt 0 1
vt 1 1
vt 0 0
vt 1 0
vt 0 1
vt 1 1
vt 0 0
vt 1 0
vt 0 1
vt 1 1
vt 0 0
vt 1 0
vt 0 1
vt 1 1
vt 0 0
vt 1 0
vt 0 1
vt 1 1
vt 0 0
vt 1 0
vt 0 1
vt 1 1
vt 0 0
vt 1 0
vt 0 1
vt 1 1
vt 0 0
vt 1 0
vt 0 1
vt 1 1
vt 0 0
vt 1 0
vt 0 1
vt 1 1
vt 0 0
vt 1 0
vt 0 1
vt 1 1
vt 0 0
vt 1 0
vt 0 1
vt 1 1
vt 0 0
vt 1 0
vt 0 1
vt 1 1
vt 0 0
vt 1 0
vt 0 1
vt 1 1
vt 0 0
vt 1 0
vt 0 1
vt 1 1
vt 0 0
vt 1 0
vt 0 1
vt 1 1
vt 0 0
vt 1 0
vt 0 1
vt 1 1
vt 0 0
vt 1 0
vt 0 1
vt 1 1
vt 0 0
vt 1 0
vt 0 1
vt 1 1
vt 0 0
vt 1 0
vt 0 1
vt 1 1
vt 0 0
vt 1 0
vt 0 1
vt 1 1
vt 0 0
vt 1 0
vt 0 1
vt 1 1
vt 0 0
vt 1 0
vt 0 1
vt 1 1
vt 0 0
vt 1 0
vt 0 1
vt 1 1
vt 0 0
vt 1 0
vt 0 1
vt 1 1
vt 0 0
vt 1 0
vt 0 1
vt 1 1
vt 0 0
vt 1 0
vt 0 1
vt 1 1
vt 0 0
vt 1 0
vt 0 1
vt 1 1
vt 0 0
vt 1 0
vt 0 1
vt 1 1
vt 0 0
vt 1 0
vt 0 1
vt 1 1
vt 0 0
vt 1 0
vt 0 1
vt 1 1
vt 0 0
vt 1 0
vt 0 1
vt 1 1
vt 0 0
vt 1 0
vt 0 1
vt 1 1
vt 0 0
vt 1 0
vt 0 1
vt 1 1
vt 0 0
vt 1 0
vt 0 1
vt 1 1
vt 0 0
vt 1 0
vt 0 1
vt 1 1
vt 0 0
vt 1 0
vt 0 1
vt 1 1
vt 0 0
vt 1 0
vt 0 1
vt 1 1
vt 0 0
vt 1 0
vt 0 1
vt 1 1
vt 0 0
vt 1 0
vt 0 1
vt 1 1
vt 0 0
vt 1 0
vt 0 1
vt 1 1
vt 0 0
vt 1 0
vt 0 1
vt 1 1
vt 0 0
vt 1 0
vt 0 1
vt 1 1
vt 0 0
vt 1 0
vt 0 1
vt 1 1
vt 0 0
vt 1 0
vt 0 1
vt 1 1
vt 0 0
vt 1 0
vt 0 1
vt 1 1
vt 0 0
vt 1 0
vt 0 1
vt 1 1
vt 0 0
vt 1 0
vt 0 1
vt 1 1
vt 0 0
vt 1 0
vt 0 1
vt 1 1
vt 0 0
vt 1 0
vt 0 1
vt 1 1
vt 0 0
vt 1 0
vt 0 1
vt 1 1
vt 0 0
vt 1 0
vt 0 1
vt 1 1
vt 0 0
vt 1 0
vt 0 1
vt 1 1
vt 0 0
vt 1 0
vt 0 1
vt 1 1
vt 0 0
vt 1 0
vt 0 1
vt 1 1
vt 0 0
vt 1 0
vt 0 1
vt 1 1
vt 0 0
vt 1 0
vt 0 1
vt 1 1
vt 0 0
vt 1 0
vt 0 1
vt 1 1
vt 0 0
vt 1 0
vt 0 1
vt 1 1
vt 0 0
vt 1 0
vt 0 1
vt 1 1
vt 0 0
vt 1 0
vt 0 1
vt 1 1
vt 0 0
vt 1 0
vt 0 1
vt 1 1
vt 0 0
vt 1 0
vt 0 1
vt 1 1
vt 0 0
vt 1 0
vt 0 1
vt 1 1
vt 0 0
vt 1 0
vt 0 1
vt 1 1
vt 0 0
vt 1 0
vt 0 1
vt 1 1
vt 0 0
vt 1 0
vt 0 1
vt 1 1
vt 0 0
vt 1 0
vt 0 1
vt 1 1
vt 0 0
vt 1 0
vt 0 1
vt 1 1
vt 0 0
vt 1 0
vt 0 1
vt 1 1
vt 0 0
vt 1 0
vt 0 1
vt 1 1
vt 0 0
vt 1 0
vt 0 1
vt 1 1
vt 0 0
vt 1 0
vt 0 1
vt 1 1
vt 0 0
vt 1 0
vt 0 1
vt 1 1
vt 0 0
vt 1 0
vt 0 1
vt 1 1
vt 0 0
vt 1 0
vt 0 1
vt 1 1
vt 0 0
vt 1 0
vt 0 1
vt 1 1
vt 0 0
vt 1 0
vt 0 1
vt 1 1
vt 0 0
vt 1 0
vt 0 1
vt 1 1
vt 0 0
vt 1 0
vt 0 1
vt 1 1
vt 0 0
vt 1 0
vt 0 1
vt 1 1
vt 0 0
vt 1 0
vt 0 1
vt 1 1
vt 0 0
vt 1 0
vt 0 1
vt 1 1
vt 0 0
vt 1 0
vt 0 1
vt 1 1
vt 0 0
vt 1 0
vt 0 1
vt 1 1
vt 0 0
vt 1 0
vt 0 1
vt 1 1
vt 0 0
vt 1 0
vt 0 1
vt 1 1
vt 0 0
vt 1 0
vt 0 1
vt 1 1
vt 0 0
vt 1 0
vt 0 1
vt 1 1
vt 0 0
vt 1 0
vt 0 1
vt 1 1
vt 0 0
vt 1 0
vt 0 1
vt 1 1
vt 0 0
vt 1 0
vt 0 1
vt 1 1
vt 0 0
vt 1 0
vt 0 1
vt 1 1
vt 0 0
vt 1 0
vt 0 1
vt 1 1
vt 0 0
vt 1 0
vt 0 1
vt 1 1
vt 0 0
vt 1 0
vt 0 1
vt 1 1
vt 0 0
vt 1 0
vt 0 1
vt 1 1
vt 0 0
vt 1 0
vt 0 1
vt 1 1
vt 0 0
vt 1 0
vt 0 1
vt 1 1
vt 0 0
vt 1 0
vt 0 1
vt 1 1
vt 0 0
vt 1 0
vt 0 1
vt 1 1
vt 0 0
vt 1 0
vt 0 1
vt 1 1
vt 0 0
vt 1 0
vt 0 1
vt 1 1
vt 0 0
vt 1 0
vt 0 1
vt 1 1
vt 0 0
vt 1 0
vt 0 1
vt 1 1
vt 0 0
vt 1 0
vt 0 1
vt 1 1
vt 0 0
vt 1 0
vt 0 1
vt 1 1
vt 0 0
vt 1 0
vt 0 1
vt 1 1
vt 0 0
vt 1 0
vt 0 1
vt 1 1
vt 0 0
vt 1 0
vt 0 1
vt 1 1
vt 0 0
vt 1 0
vt 0 1
vt 1 1
vt 0 0
vt 1 0
vt 0 1
vt 1 1
vt 0 0
vt 1 0
vt 0 1
vt 1 1
vt 0 0
vt 1 0
vt 0 1
vt 1 1
vt 0 0
vt 1 0
vt 0 1
vt 1 1
vt 0 0
vt 1 0
vt 0 1
vt 1 1
vt 0 0
vt 1 0
vt 0 1
vt 1 1
vt 0 0
vt 1 0
vt 0 1
vt 1 1
vt 0 0
vt 1 0
vt 0 1
vt 1 1
vt 0 0
vt 1 0
vt 0 1
vt 1 1
vt 0 0
vt 1 0
vt 0 1
vt 1 1
vt 0 0
vt 1 0
vt 0 1
vt 1 1
vt 0 0
vt 1 0
vt 0 1
vt 1 1
vt 0 0
vt 1 0
vt 0 1
vt 1 1
vt 0 0
vt 1 0
vt 0 1
vt 1 1
vt 0 0
vt 1 0
vt 0 1
vt 1 1
vt 0 0
vt 1 0
vt 0 1
vt 1 1
vt 0 0
vt 1 0
vt 0 1
vt 1 1
vt 0 0
vt 1 0
vt 0 1
vt 1 1
vt 0 0
vt 1 0
vt 0 1
vt 1 1
vt 0 0
vt 1 0
vt 0 1
vt 1 1
vt 0 0
vt 1 0
vt 0 1
vt 1 1
vt 0 0
vt 1 0
vt 0 1
vt 1 1
vt 0 0
vt 1 0
vt 0 1
vt 1 1
vt 0 0
vt 1 0
vt 0 1
vt 1 1
vt 0 0
vt 1 0
vt 0 1
vt 1 1
vt 0 0
vt 1 0
vt 0 1
vt 1 1
vt 0 0
vt 1 0
vt 0 1
vt 1 1
vt 0 0
vt 1 0
vt 0 1
vt 1 1
vt 0 0
vt 1 0
vt 0 1
vt 1 1
vt 0 0
vt 1 0
vt 0 1
vt 1 1
vt 0 0
vt 1 0
vt 0 1
vt 1 1
vt 0 0
vt 1 0
vt 0 1
vt 1 1
vt 0 0
vt 1 0
vt 0 1
vt 1 1
vt 0 0
vt 1 0
vt 0 1
vt 1 1
vt 0 0
vt 1 0
vt 0 1
vt 1 1
vt 0 0
vt 1 0
vt 0 1
vt 1 1
vt 0 0
vt 1 0
vt 0 1
vt 1 1
vt 0 0
vt 1 0
vt 0 1
vt 1 1
vt 0 0
vt 1 0
vt 0 1
vt 1 1
vt 0 0
vt 1 0
vt 0 1
vt 1 1
vt 0 0
vt 1 0
vt 0 1
vt 1 1
vt 0 0
vt 1 0
vt 0 1
vt 1 1
vt 0 0
vt 1 0
vt 0 1
vt 1 1
vt 0 0
vt 1 0
vt 0 1
vt 1 1
vt 0 0
vt 1 0
vt 0 1
vt 1 1
vt 0 0
vt 1 0
vt 0 1
vt 1 1
vt 0 0
vt 1 0
vt 0 1
vt 1 1
vt 0 0
vt 1 0
vt 0 1
vt 1 1
vt 0 0
vt 1 0
vt 0 1
vt 1 1
vt 0 0
vt 1 0
vt 0 1
vt 1 1
vt 0 0
vt 1 0
vt 0 1
vt 1 1
vt 0 0
vt 1 0
vt 0 1
vt 1 1
vt 0 0
vt 1 0
vt 0 1
vt 1 1
vt 0 0
vt 1 0
vt 0 1
vt 1 1
vt 0 0
vt 1 0
vt 0 1
vt 1 1
vt 0 0
vt 1 0
vt 0 1
vt 1 1
vt 0 0
vt 1 0
vt 0 1
vt 1 1
vt 0 0
vt 1 0
vt 0 1
vt 1 1
vt 0 0
vt 1 0
vt 0 1
vt 1 1
vt 0 0
vt 1 0
vt 0 1
vt 1 1
vt 0 0
vt 1 0
vt 0 1
vt 1 1
vt 0 0
vt 1 0
vt 0 1
vt 1 1
vt 0 0
vt 1 0
vt 0 1
vt 1 1
vt 0 0
vt 1 0
vt 0 1
vt 1 1
vt 0 0
vt 1 0
vt 0 1
vt 1 1
vt 0 0
vt 1 0
vt 0 1
vt 1 1
vt 0 0
vt 1 0
vt 0 1
vt 1 1
vt 0 0
vt 1 0
vt 0 1
vt 1 1
vt 0 0
vt 1 0
vt 0 1
vt 1 1
vt 0 0
vt 1 0
vt 0 1
vt 1 1
vt 0 0
vt 1 0
vt 0 1
vt 1 1
vt 0 0
vt 1 0
vt 0 1
vt 1 1
vt 0 0
vt 1 0
vt 0 1
vt 1 1
vt 0 0
vt 1 0
vt 0 1
vt 1 1
vt 0 0
vt 1 0
vt 0 1
vt 1 1
vt 0 0
vt 1 0
vt 0 1
vt 1 1
vt 0 0
vt 1 0
vt 0 1
vt 1 1
vt 0 0
vt 1 0
vt 0 1
vt 1 1
vt 0 0
vt 1 0
vt 0 1
vt 1 1
vt 0 0
vt 1 0
vt 0 1
vt 1 1
vt 0 0
vt 1 0
vt 0 1
vt 1 1
vt 0 0
vt 1 0
vt 0 1
vt 1 1
vt 0 0
vt 1 0
vt 0 1
vt 1 1
vt 0 0
vt 1 0
vt 0 1
vt 1 1
vt 0 0
vt 1 0
vt 0 1
vt 1 1
vt 0 0
vt 1 0
vt 0 1
vt 1 1
vt 0 0
vt 1 0
vt 0 1
vt 1 1
vt 0 0
vt 1 0
vt 0 1
vt 1 1
vt 0 0
vt 1 0
vt 0 1
vt 1 1
vt 0 0
vt 1 0
vt 0 1
vt 1 1
vt 0 0
vt 1 0
vt 0 1
vt 1 1
vt 0 0
vt 1 0
vt 0 1
vt 1 1
vt 0 0
vt 1 0
vt 0 1
vt 1 1
vt 0 0
vt 1 0
vt 0 1
vt 1 1
vt 0 0
vt 1 0
vt 0 1
vt 1 1
vt 0 0
vt 1 0
vt 0 1
vt 1 1
vt 0 0
vt 1 0
vt 0 1
vt 1 1
vt 0 0
vt 1 0
vt 0 1
vt 1 1
vt 0 0
vt 1 0
vt 0 1
vt 1 1
vt 0 0
vt 1 0
vt 0 1
vt 1 1
vt 0 0
vt 1 0
vt 0 1
vt 1 1
vt 0 0
vt 1 0
vt 0 1
vt 1 1
vt 0 0
vt 1 0
vt 0 1
vt 1 1
vt 0 0
vt 1 0
vt 0 1
vt 1 1
vt 0 0
vt 1 0
vt 0 1
vt 1 1
vt 0 0
vt 1 0
vt 0 1
vt 1 1
vt 0 0
vt 1 0
vt 0 1
vt 1 1
vt 0 0
vt 1 0
vt 0 1
vt 1 1
vt 0 0
vt 1 0
vt 0 1
vt 1 1
vt 0 0
vt 1 0
vt 0 1
vt 1 1
vt 0 0
vt 1 0
vt 0 1
vt 1 1
vt 0 0
vt 1 0
vt 0 1
vt 1 1
vt 0 0
vt 1 0
vt 0 1
vt 1 1
vt 0 0
vt 1 0
vt 0 1
vt 1 1
vt 0 0
vt 1 0
vt 0 1
vt 1 1
vt 0 0
vt 1 0
vt 0 1
vt 1 1
vt 0 0
vt 1 0
vt 0 1
vt 1 1
vt 0 0
vt 1 0
vt 0 1
vt 1 1
vt 0 0
vt 1 0
vt 0 1
vt 1 1
vt 0 0
vt 1 0
vt 0 1
vt 1 1
vt 0 0
vt 1 0
vt 0 1
vt 1 1
vt 0 0
vt 1 0
vt 0 1
vt 1 1
vt 0 0
vt 1 0
vt 0 1
vt 1 1
vt 0 0
vt 1 0
vt 0 1
vt 1 1
vt 0 0
vt 1 0
vt 0 1
vt 1 1
vt 0 0
vt 1 0
vt 0 1
vt 1 1
vt 0 0
vt 1 0
vt 0 1
vt 1 1
vt 0 0
vt 1 0
vt 0 1
vt 1 1
vt 0 0
vt 1 0
vt 0 1
vt 1 1
vt 0 0
vt 1 0
vt 0 1
vt 1 1
vt 0 0
vt 1 0
vt 0 1
vt 1 1
vt 0 0
vt 1 0
vt 0 1
vt 1 1
vt 0 0
vt 1 0
vt 0 1
vt 1 1
vt 0 0
vt 1 0
vt 0 1
vt 1 1
vt 0 0
vt 1 0
vt 0 1
vt 1 1
vt 0 0
vt 1 0
vt 0 1
vt 1 1
vt 0 0
vt 1 0
vt 0 1
vt 1 1
vt 0 0
vt 1 0
vt 0 1
vt 1 1
vt 0 0
vt 1 0
vt 0 1
vt 1 1
vt 0 0
vt 1 0
vt 0 1
vt 1 1
vt 0 0
vt 1 0
vt 0 1
vt 1 1
vt 0 0
vt 1 0
vt 0 1
vt 1 1
vt 0 0
vt 1 0
vt 0 1
vt 1 1
vt 0 0
vt 1 0
vt 0 1
vt 1 1
vt 0 0
vt 1 0
vt 0 1
vt 1 1
vt 0 0
vt 1 0
vt 0 1
vt 1 1
vt 0 0
vt 1 0
vt 0 1
vt 1 1
vt 0 0
vt 1 0
vt 0 1
vt 1 1
vt 0 0
vt 1 0
vt 0 1
vt 1 1
vt 0 0
vt 1 0
vt 0 1
vt 1 1
vt 0 0
vt 1 0
vt 0 1
vt 1 1
vt 0 0
vt 1 0
vt 0 1
vt 1 1
vt 0 0
vt 1 0
vt 0 1
vt 1 1
vt 0 0
vt 1 0
vt 0 1
vt 1 1
vt 0 0
vt 1 0
vt 0 1
vt 1 1
vt 0 0
vt 1 0
vt 0 1
vt 1 1
vt 0 0
vt 1 0
vt 0 1
vt 1 1
vt 0 0
vt 1 0
vt 0 1
vt 1 1
vt 0 0
vt 1 0
vt 0 1
vt 1 1
vt 0 0
vt 1 0
vt 0 1
vt 1 1
vt 0 0
vt 1 0
vt 0 1
vt 1 1
vt 0 0
vt 1 0
vt 0 1
vt 1 1
vt 0 0
vt 1 0
vt 0 1
vt 1 1
vt 0 0
vt 1 0
vt 0 1
vt 1 1
vt 0 0
vt 1 0
vt 0 1
vt 1 1
vt 0 0
vt 1 0
vt 0 1
vt 1 1
vt 0 0
vt 1 0
vt 0 1
vt 1 1
vt 0 0
vt 1 0
vt 0 1
vt 1 1
vt 0 0
vt 1 0
vt 0 1
vt 1 1
vt 0 0
vt 1 0
vt 0 1
vt 1 1
vt 0 0
vt 1 0
vt 0 1
vt 1 1
vt 0 0
vt 1 0
vt 0 1
vt 1 1
vt 0 0
vt 1 0
vt 0 1
vt 1 1
vt 0 0
vt 1 0
vt 0 1
vt 1 1
vt 0 0
vt 1 0
vt 0 1
vt 1 1
vt 0 0
vt 1 0
vt 0 1
vt 1 1
vt 0 0
vt 1 0
vt 0 1
vt 1 1
vt 0 0
vt 1 0
vt 0 1
vt 1 1
vt 0 0
vt 1 0
vt 0 1
vt 1 1
vt 0 0
vt 1 0
vt 0 1
vt 1 1
vt 0 0
vt 1 0
vt 0 1
vt 1 1
vt 0 0
vt 1 0
vt 0 1
vt 1 1
vt 0 0
vt 1 0
vt 0 1
vt 1 1
vt 0 0
vt 1 0
vt 0 1
vt 1 1
vt 0 0
vt 1 0
vt 0 1
vt 1 1
vt 0 0
vt 1 0
vt 0 1
vt 1 1
vt 0 0
vt 1 0
vt 0 1
vt 1 1
vt 0 0
vt 1 0
vt 0 1
vt 1 1
vt 0 0
vt 1 0
vt 0 1
vt 1 1
vt 0 0
vt 1 0
vt 0 1
vt 1 1
vt 0 0
vt 1 0
vt 0 1
vt 1 1
vt 0 0
vt 1 0
vt 0 1
vt 1 1
vt 0 0
vt 1 0
vt 0 1
vt 1 1
vt 0 0
vt 1 0
vt 0 1
vt 1 1
vt 0 0
vt 1 0
vt 0 1
vt 1 1
vt 0 0
vt 1 0
vt 0 1
vt 1 1
vt 0 0
vt 1 0
vt 0 1
vt 1 1
vt 0 0
vt 1 0
vt 0 1
vt 1 1
vt 0 0
vt 1 0
vt 0 1
vt 1 1
vt 0 0
vt 1 0
vt 0 1
vt 1 1
vt 0 0
vt 1 0
vt 0 1
vt 1 1
vt 0 0
vt 1 0
vt 0 1
vt 1 1
vt 0 0
vt 1 0
vt 0 1
vt 1 1
vt 0 0
vt 1 0
vt 0 1
vt 1 1
vt 0 0
vt 1 0
vt 0 1
vt 1 1
vt 0 0
vt 1 0
vt 0 1
vt 1 1
vt 0 0
vt 1 0
vt 0 1
vt 1 1
vt 0 0
vt 1 0
vt 0 1
vt 1 1
vt 0 0
vt 1 0
vt 0 1
vt 1 1
vt 0 0
vt 1 0
vt 0 1
vt 1 1
vt 0 0
vt 1 0
vt 0 1
vt 1 1
vt 0 0
vt 1 0
vt 0 1
vt 1 1
vt 0 0
vt 1 0
vt 0 1
vt 1 1
vt 0 0
vt 1 0
vt 0 1
vt 1 1
vt 0 0
vt 1 0
vt 0 1
vt 1 1
vt 0 0
vt 1 0
vt 0 1
vt 1 1
vt 0 0
vt 1 0
vt 0 1
vt 1 1
vt 0 0
vt 1 0
vt 0 1
vt 1 1
vt 0 0
vt 1 0
vt 0 1
vt 1 1
vt 0 0
vt 1 0
vt 0 1
vt 1 1
vt 0 0
vt 1 0
vt 0 1
vt 1 1
vt 0 0
vt 1 0
vt 0 1
vt 1 1
vt 0 0
vt 1 0
vt 0 1
vt 1 1
vt 0 0
vt 1 0
vt 0 1
vt 1 1
vt 0 0
vt 1 0
vt 0 1
vt 1 1
vt 0 0
vt 1 0
vt 0 1
vt 1 1
vt 0 0
vt 1 0
vt 0 1
vt 1 1
vt 0 0
vt 1 0
vt 0 1
vt 1 1
vt 0 0
vt 1 0
vt 0 1
vt 1 1
vt 0 0
vt 1 0
vt 0 1
vt 1 1
vt 0 0
vt 1 0
vt 0 1
vt 1 1
vt 0 0
vt 1 0
vt 0 1
vt 1 1
vt 0 0
vt 1 0
vt 0 1
vt 1 1
vt 0 0
vt 1 0
vt 0 1
vt 1 1
vt 0 0
vt 1 0
vt 0 1
vt 1 1
vt 0 0
vt 1 0
vt 0 1
vt 1 1
vt 0 0
vt 1 0
vt 0 1
vt 1 1
vt 0 0
vt 1 0
vt 0 1
vt 1 1
vt 0 0
vt 1 0
vt 0 1
vt 1 1
vt 0 0
vt 1 0
vt 0 1
vt 1 1
vt 0 0
vt 1 0
vt 0 1
vt 1 1
vt 0 0
vt 1 0
vt 0 1
vt 1 1
vt 0 0
vt 1 0
vt 0 1
vt 1 1
vt 0 0
vt 1 0
vt 0 1
vt 1 1
vt 0 0
vt 1 0
vt 0 1
vt 1 1
vt 0 0
vt 1 0
vt 0 1
vt 1 1
vt 0 0
vt 1 0
vt 0 1
vt 1 1
vt 0 0
vt 1 0
vt 0 1
vt 1 1
vt 0 0
vt 1 0
vt 0 1
vt 1 1
vt 0 0
vt 1 0
vt 0 1
vt 1 1
vt 0 0
vt 1 0
vt 0 1
vt 1 1
vt 0 0
vt 1 0
vt 0 1
vt 1 1
vt 0 0
vt 1 0
vt 0 1
vt 1 1
vt 0 0
vt 1 0
vt 0 1
vt 1 1
vt 0 0
vt 1 0
vt 0 1
vt 1 1
vt 0 0
vt 1 0
vt 0 1
vt 1 1
vt 0 0
vt 1 0
vt 0 1
vt 1 1
vt 0 0
vt 1 0
vt 0 1
vt 1 1
vt 0 0
vt 1 0
vt 0 1
vt 1 1
vt 0 0
vt 1 0
vt 0 1
vt 1 1
vt 0 0
vt 1 0
vt 0 1
vt 1 1
vt 0 0
vt 1 0
vt 0 1
vt 1 1
vt 0 0
vt 1 0
vt 0 1
vt 1 1
vt 0 0
vt 1 0
vt 0 1
vt 1 1
vt 0 0
vt 1 0
vt 0 1
vt 1 1
vt 0 0
vt 1 0
vt 0 1
vt 1 1
vt 0 0
vt 1 0
vt 0 1
vt 1 1
vt 0 0
vt 1 0
vt 0 1
vt 1 1
vt 0 0
vt 1 0
vt 0 1
vt 1 1
vt 0 0
vt 1 0
vt 0 1
vt 1 1
vt 0 0
vt 1 0
vt 0 1
vt 1 1
vt 0 0
vt 1 0
vt 0 1
vt 1 1
vt 0 0
vt 1 0
vt 0 1
vt 1 1
vt 0 0
vt 1 0
vt 0 1
vt 1 1
vt 0 0
vt 1 0
vt 0 1
vt 1 1
vt 0 0
vt 1 0
vt 0 1
vt 1 1
vt 0 0
vt 1 0
vt 0 1
vt 1 1
vt 0 0
vt 1 0
vt 0 1
vt 1 1
vt 0 0
vt 1 0
vt 0 1
vt 1 1
vt 0 0
vt 1 0
vt 0 1
vt 1 1
vt 0 0
vt 1 0
vt 0 1
vt 1 1
vt 0 0
vt 1 0
vt 0 1
vt 1 1
vt 0 0
vt 1 0
vt 0 1
vt 1 1
vt 0 0
vt 1 0
vt 0 1
vt 1 1
vt 0 0
vt 1 0
vt 0 1
vt 1 1
vt 0 0
vt 1 0
vt 0 1
vt 1 1
vt 0 0
vt 1 0
vt 0 1
vt 1 1
vt 0 0
vt 1 0
vt 0 1
vt 1 1
vt 0 0
vt 1 0
vt 0 1
vt 1 1
vt 0 0
vt 1 0
vt 0 1
vt 1 1
vt 0 0
vt 1 0
vt 0 1
vt 1 1
vt 0 0
vt 1 0
vt 0 1
vt 1 1
vt 0 0
vt 1 0
vt 0 1
vt 1 1
vt 0 0
vt 1 0
vt 0 1
vt 1 1
vt 0 0
vt 1 0
vt 0 1
vt 1 1
vt 0 0
vt 1 0
vt 0 1
vt 1 1
vt 0 0
vt 1 0
vt 0 1
vt 1 1
vt 0 0
vt 1 0
vt 0 1
vt 1 1
vt 0 0
vt 1 0
vt 0 1
vt 1 1
vt 0 0
vt 1 0
vt 0 1
vt 1 1
vt 0 0
vt 1 0
vt 0 1
vt 1 1
vt 0 0
vt 1 0
vt 0 1
vt 1 1
vt 0 0
vt 1 0
vt 0 1
vt 1 1
vt 0 0
vt 1 0
vt 0 1
vt 1 1
vt 0 0
vt 1 0
vt 0 1
vt 1 1
vt 0 0
vt 1 0
vt 0 1
vt 1 1
vt 0 0
vt 1 0
vt 0 1
vt 1 1
vt 0 0
vt 1 0
vt 0 1
vt 1 1
vt 0 0
vt 1 0
vt 0 1
vt 1 1
vt 0 0
vt 1 0
vt 0 1
vt 1 1
vt 0 0
vt 1 0
vt 0 1
vt 1 1
vt 0 0
vt 1 0
vt 0 1
vt 1 1
vt 0 0
vt 1 0
vt 0 1
vt 1 1
vt 0 0
vt 1 0
vt 0 1
vt 1 1
vt 0 0
vt 1 0
vt 0 1
vt 1 1
vt 0 0
vt 1 0
vt 0 1
vt 1 1
vt 0 0
vt 1 0
vt 0 1
vt 1 1
vt 0 0
vt 1 0
vt 0 1
vt 1 1
vt 0 0
vt 1 0
vt 0 1
vt 1 1
vt 0 0
vt 1 0
vt 0 1
vt 1 1
vt 0 0
vt 1 0
vt 0 1
vt 1 1
vt 0 0
vt 1 0
vt 0 1
vt 1 1
vt 0 0
vt 1 0
vt 0 1
vt 1 1
vt 0 0
vt 1 0
vt 0 1
vt 1 1
vt 0 0
vt 1 0
vt 0 1
vt 1 1
vt 0 0
vt 1 0
vt 0 1
vt 1 1
vt 0 0
vt 1 0
vt 0 1
vt 1 1
vt 0 0
vt 1 0
vt 0 1
vt 1 1
vt 0 0
vt 1 0
vt 0 1
vt 1 1
vt 0 0
vt 1 0
vt 0 1
vt 1 1
vt 0 0
vt 1 0
vt 0 1
vt 1 1
vt 0 0
vt 1 0
vt 0 1
vt 1 1
vt 0 0
vt 1 0
vt 0 1
vt 1 1
vt 0 0
vt 1 0
vt 0 1
vt 1 1
vt 0 0
vt 1 0
vt 0 1
vt 1 1
vt 0 0
vt 1 0
vt 0 1
vt 1 1
vt 0 0
vt 1 0
vt 0 1
vt 1 1
vt 0 0
vt 1 0
vt 0 1
vt 1 1
vt 0 0
vt 1 0
vt 0 1
vt 1 1
vt 0 0
vt 1 0
vt 0 1
vt 1 1
vt 0 0
vt 1 0
vt 0 1
vt 1 1
vt 0 0
vt 1 0
vt 0 1
vt 1 1
vt 0 0
vt 1 0
vt 0 1
vt 1 1
vt 0 0
vt 1 0
vt 0 1
vt 1 1
vt 0 0
vt 1 0
vt 0 1
vt 1 1
vt 0 0
vt 1 0
vt 0 1
vt 1 1
vt 0 0
vt 1 0
vt 0 1
vt 1 1
vt 0 0
vt 1 0
vt 0 1
vt 1 1
vt 0 0
vt 1 0
vt 0 1
vt 1 1
vt 0 0
vt 1 0
vt 0 1
vt 1 1
vt 0 0
vt 1 0
vt 0 1
vt 1 1
vt 0 0
vt 1 0
vt 0 1
vt 1 1
vt 0 0
vt 1 0
vt 0 1
vt 1 1
vt 0 0
vt 1 0
vt 0 1
vt 1 1
vt 0 0
vt 1 0
vt 0 1
vt 1 1
vt 0 0
vt 1 0
vt 0 1
vt 1 1
vt 0 0
vt 1 0
vt 0 1
vt 1 1
vt 0 0
vt 1 0
vt 0 1
vt 1 1
vt 0 0
vt 1 0
vt 0 1
vt 1 1
vt 0 0
vt 1 0
vt 0 1
vt 1 1
vt 0 0
vt 1 0
vt 0 1
vt 1 1
vt 0 0
vt 1 0
vt 0 1
vt 1 1
vt 0 0
vt 1 0
vt 0 1
vt 1 1
vt 0 0
vt 1 0
vt 0 1
vt 1 1
vt 0 0
vt 1 0
vt 0 1
vt 1 1
vt 0 0
vt 1 0
vt 0 1
vt 1 1
vt 0 0
vt 1 0
vt 0 1
vt 1 1
vt 0 0
vt 1 0
vt 0 1
vt 1 1
vt 0 0
vt 1 0
vt 0 1
vt 1 1
vt 0 0
vt 1 0
vt 0 1
vt 1 1
vt 0 0
vt 1 0
vt 0 1
vt 1 1
vt 0 0
vt 1 0
vt 0 1
vt 1 1
vt 0 0
vt 1 0
vt 0 1
vt 1 1
vt 0 0
vt 1 0
vt 0 1
vt 1 1
vt 0 0
vt 1 0
vt 0 1
vt 1 1
vt 0 0
vt 1 0
vt 0 1
vt 1 1
vt 0 0
vt 1 0
vt 0 1
vt 1 1
vt 0 0
vt 1 0
vt 0 1
vt 1 1
vt 0 0
vt 1 0
vt 0 1
vt 1 1
vt 0 0
vt 1 0
vt 0 1
vt 1 1
vt 0 0
vt 1 0
vt 0 1
vt 1 1
vt 0 0
vt 1 0
vt 0 1
vt 1 1
vt 0 0
vt 1 0
vt 0 1
vt 1 1
vt 0 0
vt 1 0
vt 0 1
vt 1 1
vt 0 0
vt 1 0
vt 0 1
vt 1 1
vt 0 0
vt 1 0
vt 0 1
vt 1 1
vt 0 0
vt 1 0
vt 0 1
vt 1 1
vt 0 0
vt 1 0
vt 0 1
vt 1 1
vt 0 0
vt 1 0
vt 0 1
vt 1 1
vt 0 0
vt 1 0
vt 0 1
vt 1 1
vt 0 0
vt 1 0
vt 0 1
vt 1 1
vt 0 0
vt 1 0
vt 0 1
vt 1 1
vt 0 0
vt 1 0
vt 0 1
vt 1 1
vt 0 0
vt 1 0
vt 0 1
vt 1 1
vt 0 0
vt 1 0
vt 0 1
vt 1 1
vt 0 0
vt 1 0
vt 0 1
vt 1 1
vt 0 0
vt 1 0
vt 0 1
vt 1 1
vt 0 0
vt 1 0
vt 0 1
vt 1 1
vt 0 0
vt 1 0
vt 0 1
vt 1 1
vt 0 0
vt 1 0
vt 0 1
vt 1 1
vt 0 0
vt 1 0
vt 0 1
vt 1 1
vt 0 0
vt 1 0
vt 0 1
vt 1 1
vt 0 0
vt 1 0
vt 0 1
vt 1 1
vt 0 0
vt 1 0
vt 0 1
vt 1 1
vt 0 0
vt 1 0
vt 0 1
vt 1 1
vt 0 0
vt 1 0
vt 0 1
vt 1 1
vt 0 0
vt 1 0
vt 0 1
vt 1 1
vt 0 0
vt 1 0
vt 0 1
vt 1 1
vt 0 0
vt 1 0
vt 0 1
vt 1 1
vt 0 0
vt 1 0
vt 0 1
vt 1 1
vt 0 0
vt 1 0
vt 0 1
vt 1 1
vt 0 0
vt 1 0
vt 0 1
vt 1 1
vt 0 0
vt 1 0
vt 0 1
vt 1 1
vt 0 0
vt 1 0
vt 0 1
vt 1 1
vt 0 0
vt 1 0
vt 0 1
vt 1 1
vt 0 0
vt 1 0
vt 0 1
vt 1 1
vt 0 0
vt 1 0
vt 0 1
vt 1 1
vt 0 0
vt 1 0
vt 0 1
vt 1 1
vt 0 0
vt 1 0
vt 0 1
vt 1 1
vt 0 0
vt 1 0
vt 0 1
vt 1 1
vt 0 0
vt 1 0
vt 0 1
vt 1 1
vt 0 0
vt 1 0
vt 0 1
vt 1 1
vt 0 0
vt 1 0
vt 0 1
vt 1 1
vt 0 0
vt 1 0
vt 0 1
vt 1 1
vt 0 0
vt 1 0
vt 0 1
vt 1 1
vt 0 0
vt 1 0
vt 0 1
vt 1 1
vt 0 0
vt 1 0
vt 0 1
vt 1 1
vt 0 0
vt 1 0
vt 0 1
vt 1 1
vt 0 0
vt 1 0
vt 0 1
vt 1 1
vt 0 0
vt 1 0
vt 0 1
vt 1 1
vt 0 0
vt 1 0
vt 0 1
vt 1 1
vt 0 0
vt 1 0
vt 0 1
vt 1 1
vt 0 0
vt 1 0
vt 0 1
vt 1 1
vt 0 0
vt 1 0
vt 0 1
vt 1 1
vt 0 0
vt 1 0
vt 0 1
vt 1 1
vt 0 0
vt 1 0
vt 0 1
vt 1 1
vt 0 0
vt 1 0
vt 0 1
vt 1 1
vt 0 0
vt 1 0
vt 0 1
vt 1 1
vt 0 0
vt 1 0
vt 0 1
vt 1 1
vt 0 0
vt 1 0
vt 0 1
vt 1 1
vt 0 0
vt 1 0
vt 0 1
vt 1 1
vt 0 0
vt 1 0
vt 0 1
vt 1 1
vt 0 0
vt 1 0
vt 0 1
vt 1 1
vt 0 0
vt 1 0
vt 0 1
vt 1 1
vt 0 0
vt 1 0
vt 0 1
vt 1 1
vt 0 0
vt 1 0
vt 0 1
vt 1 1
vt 0 0
vt 1 0
vt 0 1
vt 1 1
vt 0 0
vt 1 0
vt 0 1
vt 1 1
vt 0 0
vt 1 0
vt 0 1
vt 1 1
vt 0 0
vt 1 0
vt 0 1
vt 1 1
vt 0 0
vt 1 0
vt 0 1
vt 1 1
vt 0 0
vt 1 0
vt 0 1
vt 1 1
vt 0 0
vt 1 0
vt 0 1
vt 1 1
vt 0 0
vt 1 0
vt 0 1
vt 1 1
vt 0 0
vt 1 0
vt 0 1
vt 1 1
vt 0 0
vt 1 0
vt 0 1
vt 1 1
vt 0 0
vt 1 0
vt 0 1
vt 1 1
vt 0 0
vt 1 0
vt 0 1
vt 1 1
vt 0 0
vt 1 0
vt 0 1
vt 1 1
vt 0 0
vt 1 0
vt 0 1
vt 1 1
vt 0 0
vt 1 0
vt 0 1
vt 1 1
vt 0 0
vt 1 0
vt 0 1
vt 1 1
vt 0 0
vt 1 0
vt 0 1
vt 1 1
vt 0 0
vt 1 0
vt 0 1
vt 1 1
vt 0 0
vt 1 0
vt 0 1
vt 1 1
vt 0 0
vt 1 0
vt 0 1
vt 1 1
vt 0 0
vt 1 0
vt 0 1
vt 1 1
vt 0 0
vt 1 0
vt 0 1
vt 1 1
vt 0 0
vt 1 0
vt 0 1
vt 1 1
vt 0 0
vt 1 0
vt 0 1
vt 1 1
vt 0 0
vt 1 0
vt 0 1
vt 1 1
vt 0 0
vt 1 0
vt 0 1
vt 1 1
vt 0 0
vt 1 0
vt 0 1
vt 1 1
vt 0 0
vt 1 0
vt 0 1
vt 1 1
vt 0 0
vt 1 0
vt 0 1
vt 1 1
vt 0 0
vt 1 0
vt 0 1
vt 1 1
vt 0 0
vt 1 0
vt 0 1
vt 1 1
vt 0 0
vt 1 0
vt 0 1
vt 1 1
vt 0 0
vt 1 0
vt 0 1
vt 1 1
vt 0 0
vt 1 0
vt 0 1
vt 1 1
vt 0 0
vt 1 0
vt 0 1
vt 1 1
vt 0 0
vt 1 0
vt 0 1
vt 1 1
vt 0 0
vt 1 0
vt 0 1
vt 1 1
vt 0 0
vt 1 0
vt 0 1
vt 1 1
vt 0 0
vt 1 0
vt 0 1
vt 1 1
vt 0 0
vt 1 0
vt 0 1
vt 1 1
vt 0 0
vt 1 0
vt 0 1
vt 1 1
vt 0 0
vt 1 0
vt 0 1
vt 1 1
vt 0 0
vt 1 0
vt 0 1
vt 1 1
vt 0 0
vt 1 0
vt 0 1
vt 1 1
vt 0 0
vt 1 0
vt 0 1
vt 1 1
vt 0 0
vt 1 0
vt 0 1
vt 1 1
vt 0 0
vt 1 0
vt 0 1
vt 1 1
vt 0 0
vt 1 0
vt 0 1
vt 1 1
vt 0 0
vt 1 0
vt 0 1
vt 1 1
vt 0 0
vt 1 0
vt 0 1
vt 1 1
vt 0 0
vt 1 0
vt 0 1
vt 1 1
vt 0 0
vt 1 0
vt 0 1
vt 1 1
vt 0 0
vt 1 0
vt 0 1
vt 1 1
vt 0 0
vt 1 0
vt 0 1
vt 1 1
vt 0 0
vt 1 0
vt 0 1
vt 1 1
vt 0 0
vt 1 0
vt 0 1
vt 1 1
vt 0 0
vt 1 0
vt 0 1
vt 1 1
vt 0 0
vt 1 0
vt 0 1
vt 1 1
vt 0 0
vt 1 0
vt 0 1
vt 1 1
vt 0 0
vt 1 0
vt 0 1
vt 1 1
vt 0 0
vt 1 0
vt 0 1
vt 1 1
vt 0 0
vt 1 0
vt 0 1
vt 1 1
vt 0 0
vt 1 0
vt 0 1
vt 1 1
vt 0 0
vt 1 0
vt 0 1
vt 1 1
vt 0 0
vt 1 0
vt 0 1
vt 1 1
vt 0 0
vt 1 0
vt 0 1
vt 1 1
vt 0 0
vt 1 0
vt 0 1
vt 1 1
vt 0 0
vt 1 0
vt 0 1
vt 1 1
vt 0 0
vt 1 0
vt 0 1
vt 1 1
vt 0 0
vt 1 0
vt 0 1
vt 1 1
vt 0 0
vt 1 0
vt 0 1
vt 1 1
vt 0 0
vt 1 0
vt 0 1
vt 1 1
vt 0 0
vt 1 0
vt 0 1
vt 1 1
vt 0 0
vt 1 0
vt 0 1
vt 1 1
vt 0 0
vt 1 0
vt 0 1
vt 1 1
vt 0 0
vt 1 0
vt 0 1
vt 1 1
vt 0 0
vt 1 0
vt 0 1
vt 1 1
vt 0 0
vt 1 0
vt 0 1
vt 1 1
vt 0 0
vt 1 0
vt 0 1
vt 1 1
vt 0 0
vt 1 0
vt 0 1
vt 1 1
vt 0 0
vt 1 0
vt 0 1
vt 1 1
vt 0 0
vt 1 0
vt 0 1
vt 1 1
vt 0 0
vt 1 0
vt 0 1
vt 1 1
vt 0 0
vt 1 0
vt 0 1
vt 1 1
vt 0 0
vt 1 0
vt 0 1
vt 1 1
vt 0 0
vt 1 0
vt 0 1
vt 1 1
vt 0 0
vt 1 0
vt 0 1
vt 1 1
vt 0 0
vt 1 0
vt 0 1
vt 1 1
vt 0 0
vt 1 0
vt 0 1
vt 1 1
vt 0 0
vt 1 0
vt 0 1
vt 1 1
vt 0 0
vt 1 0
vt 0 1
vt 1 1
vt 0 0
vt 1 0
vt 0 1
vt 1 1
vt 0 0
vt 1 0
vt 0 1
vt 1 1
vt 0 0
vt 1 0
vt 0 1
vt 1 1
vt 0 0
vt 1 0
vt 0 1
vt 1 1
vt 0 0
vt 1 0
vt 0 1
vt 1 1
vt 0 0
vt 1 0
vt 0 1
vt 1 1
vt 0 0
vt 1 0
vt 0 1
vt 1 1
vt 0 0
vt 1 0
vt 0 1
vt 1 1
vt 0 0
vt 1 0
vt 0 1
vt 1 1
vt 0 0
vt 1 0
vt 0 1
vt 1 1
vt 0 0
vt 1 0
vt 0 1
vt 1 1
vt 0 0
vt 1 0
vt 0 1
vt 1 1
vt 0 0
vt 1 0
vt 0 1
vt 1 1
vt 0 0
vt 1 0
vt 0 1
vt 1 1
vt 0 0
vt 1 0
vt 0 1
vt 1 1
vt 0 0
vt 1 0
vt 0 1
vt 1 1
vt 0 0
vt 1 0
vt 0 1
vt 1 1
vt 0 0
vt 1 0
vt 0 1
vt 1 1
vt 0 0
vt 1 0
vt 0 1
vt 1 1
vt 0 0
vt 1 0
vt 0 1
vt 1 1
vt 0 0
vt 1 0
vt 0 1
vt 1 1
vt 0 0
vt 1 0
vt 0 1
vt 1 1
vt 0 0
vt 1 0
vt 0 1
vt 1 1
vt 0 0
vt 1 0
vt 0 1
vt 1 1
vt 0 0
vt 1 0
vt 0 1
vt 1 1
vt 0 0
vt 1 0
vt 0 1
vt 1 1
vt 0 0
vt 1 0
vt 0 1
vt 1 1
vt 0 0
vt 1 0
vt 0 1
vt 1 1
vt 0 0
vt 1 0
vt 0 1
vt 0.3 1
vt 0.6 1
vt 0 0
vt 0.3 0
vt 0.6 0
vt 0 1
vt 0.3 1
vt 0.6 1
vt 0 0
vt 0.3 0
vt 0.6 0
vt 0 1
vt 0.3 1
vt 0.6 1
vt 0 0
vt 0.3 0
vt 0.6 0
vt 0 1
vt 0.3 1
vt 0.6 1
vt 0 0
vt 0.3 0
vt 0.6 0
vt 0 1
vt 0.3 1
vt 0.6 1
vt 0 0
vt 0.3 0
vt 0.6 0
vt 0 1
vt 0.3 1
vt 0.6 1
vt 0 0
vt 0.3 0
vt 0.6 0
vt 0 1
vt 0.3 1
vt 0.6 1
vt 0 0
vt 0.3 0
vt 0.6 0
vt 0 1
vt 0.3 1
vt 0.6 1
vt 0 0
vt 0.3 0
vt 0.6 0
vt 0 1
vt 0.3 1
vt 0.6 1
vt 0 0
vt 0.3 0
vt 0.6 0
vt 0 1
vt 0.3 1
vt 0.6 1
vt 0 0
vt 0.3 0
vt 0.6 0
vt 0 1
vt 0.3 1
vt 0.6 1
vt 0 1
vt 0.3 1
vt 0.6 1
vt 0 0
vt 0.3 0
vt 0.6 0
vt 0 1
vt 0.3 1
vt 0.6 1
vt 0 0
vt 0.3 0
vt 0.6 0
vt 0 1
vt 0.3 1
vt 0.6 1
vt 0 0
vt 0.3 0
vt 0.6 0
vt 0 1
vt 0.3 1
vt 0.6 1
vt 0 0
vt 0.3 0
vt 0.6 0
vt 0 1
vt 0.3 1
vt 0.6 1
vt 0 0
vt 0.3 0
vt 0.6 0
vt 0 1
vt 0.3 1
vt 0.6 1
vt 0 0
vt 0.3 0
vt 0.6 0
vt 0 1
vt 0.3 1
vt 0.6 1
vt 0 0
vt 0.3 0
vt 0.6 0
vt 0 1
vt 0.3 1
vt 0.6 1
vt 0 0
vt 0.3 0
vt 0.6 0
vt 0 1
vt 0.3 1
vt 0.6 1
vt 0 0
vt 0.3 0
vt 0.6 0
vt 0 1
vt 0.3 1
vt 0.6 1
vt 0 0
vt 0.3 0
vt 0.6 0
vt 0 1
vt 0.3 1
vt 0.6 1
vt 0 0
vt 0.3 0
vt 0.6 0
vt 0 1
vt 0.3 1
vt 0.6 1
vt 0 0
vt 0.3 0
vt 0.6 0
vt 0 1
vt 0.3 1
vt 0.6 1
vt 0 0
vt 0.3 0
vt 0.6 0
vt 0 1
vt 0.3 1
vt 0.6 1
vt 0 0
vt 0.3 0
vt 0.6 0
vt 0 1
vt 0.3 1
vt 0.6 1
vt 0 1
vt 0.3 1
vt 0.6 1
vt 0 0
vt 0.3 0
vt 0.6 0
vt 0 1
vt 0.3 1
vt 0.6 1
vt 0 0
vt 0.3 0
vt 0.6 0
vt 0 1
vt 0.3 1
vt 0.6 1
vt 0 0
vt 0.3 0
vt 0.6 0
vt 0 1
vt 0.3 1
vt 0.6 1
vt 0 0
vt 0.3 0
vt 0.6 0
vt 0 1
vt 0.3 1
vt 0.6 1
vt 0 0
vt 0.3 0
vt 0.6 0
vt 0 1
vt 0.3 1
vt 0.6 1
vt 0 0
vt 0.3 0
vt 0.6 0
vt 0 1
vt 0.3 1
vt 0.6 1
vt 0 0
vt 0.3 0
vt 0.6 0
vt 0 1
vt 0.3 1
vt 0.6 1
vt 0 0
vt 0.3 0
vt 0.6 0
vt 0 1
vt 0.3 1
vt 0.6 1
vt 0 0
vt 0.3 0
vt 0.6 0
vt 0 1
vt 0.3 1
vt 0.6 1
vt 0 0
vt 0.3 0
vt 0.6 0
vt 0 1
vt 0.3 1
vt 0.6 1
vt 0 0
vt 0.3 0
vt 0.6 0
vt 0 1
vt 0.3 1
vt 0.6 1
vt 0 1
vt 0.3 1
vt 0.6 1
vt 0 0
vt 0.3 0
vt 0.6 0
vt 0 1
vt 0.3 1
vt 0.6 1
vt 0 0
vt 0.3 0
vt 0.6 0
vt 0 1
vt 0.3 1
vt 0.6 1
vt 0 0
vt 0.3 0
vt 0.6 0
vt 0 1
vt 0.3 1
vt 0.6 1
vt 0 0
vt 0.3 0
vt 0.6 0
vt 0 1
vt 0.3 1
vt 0.6 1
vt 0 0
vt 0.3 0
vt 0.6 0
vt 0 1
vt 0.3 1
vt 0.6 1
vt 0 0
vt 0.3 0
vt 0.6 0
vt 0 1
vt 0.3 1
vt 0.6 1
vt 0 0
vt 0.3 0
vt 0.6 0
vt 0 1
vt 0.3 1
vt 0.6 1
vt 0 0
vt 0.3 0
vt 0.6 0
vt 0 1
vt 0.3 1
vt 0.6 1
vt 0 0
vt 0.3 0
vt 0.6 0
vt 0 1
vt 0.3 1
vt 0.6 1
vt 0 1
vt 0.3 1
vt 0.6 1
vt 0 0
vt 0.3 0
vt 0.6 0
vt 0 1
vt 0.3 1
vt 0.6 1
vt 0 0
vt 0.3 0
vt 0.6 0
vt 0 1
vt 0.3 1
vt 0.6 1
vt 0 0
vt 0.3 0
vt 0.6 0
vt 0 1
vt 0.3 1
vt 0.6 1
vt 0 0
vt 0.3 0
vt 0.6 0
vt 0 1
vt 0.3 1
vt 0.6 1
vt 0 0
vt 0.3 0
vt 0.6 0
vt 0 1
vt 0.3 1
vt 0.6 1
vt 0 0
vt 0.3 0
vt 0.6 0
vt 0 1
vt 0.3 1
vt 0.6 1
vt 0 0
vt 0.3 0
vt 0.6 0
vt 0 1
vt 0.3 1
vt 0.6 1
vt 0 1
vt 0.3 1
vt 0.6 1
vt 0 0
vt 0.3 0
vt 0.6 0
vt 0 1
vt 0.3 1
vt 0.6 1
vt 0 0
vt 0.3 0
vt 0.6 0
vt 0 1
vt 0.3 1
vt 0.6 1
vt 0 0
vt 0.3 0
vt 0.6 0
vt 0 1
vt 0.3 1
vt 0.6 1
vt 0 0
vt 0.3 0
vt 0.6 0
vt 0 1
vt 0.3 1
vt 0.6 1
vt 0 0
vt 0.3 0
vt 0.6 0
vt 0 1
vt 0.3 1
vt 0.6 1
vt 0 1
vt 0.3 1
vt 0.6 1
vt 0 0
vt 0.3 0
vt 0.6 0
vt 0 1
vt 0.3 1
vt 0.6 1
vt 0 0
vt 0.3 0
vt 0.6 0
vt 0 1
vt 0.3 1
vt 0.6 1
vt 0 0
vt 0.3 0
vt 0.6 0
vt 0 1
vt 0.3 1
vt 0.6 1
vt 0 1
vt 0.3 1
vt 0.6 1
vt 0 0
vt 0.3 0
vt 0.6 0
vt 0 1
vt 0.3 1
vt 0.6 1
usemtl leaf_adult
f 19/19/19 17/17/17 18/18/18
f 18/18/18 20/20/20 19/19/19
f 43/43/43 41/41/41 42/42/42
f 42/42/42 44/44/44 43/43/43
f 59/59/59 57/57/57 58/58/58
f 58/58/58 60/60/60 59/59/59
f 75/75/75 73/73/73 74/74/74
f 74/74/74 76/76/76 75/75/75
f 83/83/83 81/81/81 82/82/82
f 82/82/82 84/84/84 83/83/83
f 91/91/91 89/89/89 90/90/90
f 90/90/90 92/92/92 91/91/91
f 95/95/95 93/93/93 94/94/94
f 94/94/94 96/96/96 95/95/95
f 115/115/115 113/113/113 114/114/114
f 114/114/114 116/116/116 115/115/115
f 127/127/127 125/125/125 126/126/126
f 126/126/126 128/128/128 127/127/127
f 131/131/131 129/129/129 130/130/130
f 130/130/130 132/132/132 131/131/131
f 151/151/151 149/149/149 150/150/150
f 150/150/150 152/152/152 151/151/151
f 155/155/155 153/153/153 154/154/154
f 154/154/154 156/156/156 155/155/155
f 159/159/159 157/157/157 158/158/158
f 158/158/158 160/160/160 159/159/159
f 179/179/179 177/177/177 178/178/178
f 178/178/178 180/180/180 179/179/179
f 199/199/199 197/197/197 198/198/198
f 198/198/198 200/200/200 199/199/199
f 211/211/211 209/209/209 210/210/210
f 210/210/210 212/212/212 211/211/211
f 215/215/215 213/213/213 214/214/214
f 214/214/214 216/216/216 215/215/215
f 223/223/223 221/221/221 222/222/222
f 222/222/222 224/224/224 223/223/223
f 251/251/251 249/249/249 250/250/250
f 250/250/250 252/252/252 251/251/251
f 255/255/255 253/253/253 254/254/254
f 254/254/254 256/256/256 255/255/255
f 259/259/259 257/257/257 258/258/258
f 258/258/258 260/260/260 259/259/259
f 267/267/267 265/265/265 266/266/266
f 266/266/266 268/268/268 267/267/267
f 271/271/271 269/269/269 270/270/270
f 270/270/270 272/272/272 271/271/271
f 279/279/279 277/277/277 278/278/278
f 278/278/278 280/280/280 279/279/279
f 283/283/283 281/281/281 282/282/282
f 282/282/282 284/284/284 283/283/283
f 287/287/287 285/285/285 286/286/286
f 286/286/286 288/288/288 287/287/287
f 303/303/303 301/301/301 302/302/302
f 302/302/302 304/304/304 303/303/303
f 315/315/315 313/313/313 314/314/314
f 314/314/314 316/316/316 315/315/315
f 323/323/323 321/321/321 322/322/322
f 322/322/322 324/324/324 323/323/323
f 331/331/331 329/329/329 330/330/330
f 330/330/330 332/332/332 331/331/331
f 339/339/339 337/337/337 338/338/338
f 338/338/338 340/340/340 339/339/339
f 351/351/351 349/349/349 350/350/350
f 350/350/350 352/352/352 351/351/351
f 355/355/355 353/353/353 354/354/354
f 354/354/354 356/356/356 355/355/355
f 359/359/359 357/357/357 358/358/358
f 358/358/358 360/360/360 359/359/359
f 395/395/395 393/393/393 394/394/394
f 394/394/394 396/396/396 395/395/395
f 415/415/415 413/413/413 414/414/414
f 414/414/414 416/416/416 415/415/415
f 423/423/423 421/421/421 422/422/422
f 422/422/422 424/424/424 423/423/423
f 431/431/431 429/429/429 430/430/430
f 430/430/430 432/432/432 431/431/431
f 439/439/439 437/437/437 438/438/438
f 438/438/438 440/440/440 439/439/439
f 459/459/459 457/457/457 458/458/458
f 458/458/458 460/460/460 459/459/459
f 467/467/467 465/465/465 466/466/466
f 466/466/466 468/468/468 467/467/467
f 471/471/471 469/469/469 470/470/470
f 470/470/470 472/472/472 471/471/471
f 475/475/475 473/473/473 474/474/474
f 474/474/474 476/476/476 475/475/475
f 483/483/483 481/481/481 482/482/482
f 482/482/482 484/484/484 483/483/483
f 495/495/495 493/493/493 494/494/494
f 494/494/494 496/496/496 495/495/495
f 515/515/515 513/513/513 514/514/514
f 514/514/514 516/516/516 515/515/515
f 519/519/519 517/517/517 518/518/518
f 518/518/518 520/520/520 519/519/519
f 551/551/551 549/549/549 550/550/550
f 550/550/550 552/552/552 551/551/551
f 555/555/555 553/553/553 554/554/554
f 554/554/554 556/556/556 555/555/555
f 563/563/563 561/561/561 562/562/562
f 562/562/562 564/564/564 563/563/563
f 579/579/579 577/577/577 578/578/578
f 578/578/578 580/580/580 579/579/579
f 595/595/595 593/593/593 594/594/594
f 594/594/594 596/596/596 595/595/595
f 603/603/603 601/601/601 602/602/602
f 602/602/602 604/604/604 603/603/603
f 611/611/611 609/609/609 610/610/610
f 610/610/610 612/612/612 611/611/611
f 635/635/635 633/633/633 634/634/634
f 634/634/634 636/636/636 635/635/635
f 643/643/643 641/641/641 642/642/642
f 642/642/642 644/644/644 643/643/643
f 651/651/651 649/649/649 650/650/650
f 650/650/650 652/652/652 651/651/651
f 655/655/655 653/653/653 654/654/654
f 654/654/654 656/656/656 655/655/655
f 671/671/671 669/669/669 670/670/670
f 670/670/670 672/672/672 671/671/671
f 675/675/675 673/673/673 674/674/674
f 674/674/674 676/676/676 675/675/675
f 699/699/699 697/697/697 698/698/698
f 698/698/698 700/700/700 699/699/699
f 719/719/719 717/717/717 718/718/718
f 718/718/718 720/720/720 719/719/719
f 723/723/723 721/721/721 722/722/722
f 722/722/722 724/724/724 723/723/723
f 727/727/727 725/725/725 726/726/726
f 726/726/726 728/728/728 727/727/727
f 735/735/735 733/733/733 734/734/734
f 734/734/734 736/736/736 735/735/735
f 747/747/747 745/745/745 746/746/746
f 746/746/746 748/748/748 747/747/747
f 751/751/751 749/749/749 750/750/750
f 750/750/750 752/752/752 751/751/751
f 759/759/759 757/757/757 758/758/758
f 758/758/758 760/760/760 759/759/759
f 767/767/767 765/765/765 766/766/766
f 766/766/766 768/768/768 767/767/767
f 771/771/771 769/769/769 770/770/770
f 770/770/770 772/772/772 771/771/771
f 779/779/779 777/777/777 778/778/778
f 778/778/778 780/780/780 779/779/779
f 783/783/783 781/781/781 782/782/782
f 782/782/782 784/784/784 783/783/783
f 787/787/787 785/785/785 786/786/786
f 786/786/786 788/788/788 787/787/787
f 803/803/803 801/801/801 802/802/802
f 802/802/802 804/804/804 803/803/803
f 807/807/807 805/805/805 806/806/806
f 806/806/806 808/808/808 807/807/807
f 835/835/835 833/833/833 834/834/834
f 834/834/834 836/836/836 835/835/835
f 843/843/843 841/841/841 842/842/842
f 842/842/842 844/844/844 843/843/843
f 851/851/851 849/849/849 850/850/850
f 850/850/850 852/852/852 851/851/851
f 859/859/859 857/857/857 858/858/858
f 858/858/858 860/860/860 859/859/859
f 879/879/879 877/877/877 878/878/878
f 878/878/878 880/880/880 879/879/879
f 899/899/899 897/897/897 898/898/898
f 898/898/898 900/900/900 899/899/899
f 903/903/903 901/901/901 902/902/902
f 902/902/902 904/904/904 903/903/903
f 911/911/911 909/909/909 910/910/910
f 910/910/910 912/912/912 911/911/911
f 923/923/923 921/921/921 922/922/922
f 922/922/922 924/924/924 923/923/923
f 939/939/939 937/937/937 938/938/938
f 938/938/938 940/940/940 939/939/939
f 947/947/947 945/945/945 946/946/946
f 946/946/946 948/948/948 947/947/947
f 967/967/967 965/965/965 966/966/966
f 966/966/966 968/968/968 967/967/967
f 979/979/979 977/977/977 978/978/978
f 978/978/978 980/980/980 979/979/979
f 1003/1003/1003 1001/1001/1001 1002/1002/1002
f 1002/1002/1002 1004/1004/1004 1003/1003/1003
f 1007/1007/1007 1005/1005/1005 1006/1006/1006
f 1006/1006/1006 1008/1008/1008 1007/1007/1007
f 1027/1027/1027 1025/1025/1025 1026/1026/1026
f 1026/1026/1026 1028/1028/1028 1027/1027/1027
f 1031/1031/1031 1029/1029/1029 1030/1030/1030
f 1030/1030/1030 1032/1032/1032 1031/1031/1031
f 1035/1035/1035 1033/1033/1033 1034/1034/1034
f 1034/1034/1034 1036/1036/1036 1035/1035/1035
f 1039/1039/1039 1037/1037/1037 1038/1038/1038
f 1038/1038/1038 1040/1040/1040 1039/1039/1039
f 1043/1043/1043 1041/1041/1041 1042/1042/1042
f 1042/1042/1042 1044/1044/1044 1043/1043/1043
f 1055/1055/1055 1053/1053/1053 1054/1054/1054
f 1054/1054/1054 1056/1056/1056 1055/1055/1055
f 1075/1075/1075 1073/1073/1073 1074/1074/1074
f 1074/1074/1074 1076/1076/1076 1075/1075/1075
f 1079/1079/1079 1077/1077/1077 1078/1078/1078
f 1078/1078/1078 1080/1080/1080 1079/1079/1079
f 1091/1091/1091 1089/1089/1089 1090/1090/1090
f 1090/1090/1090 1092/1092/1092 1091/1091/1091
f 1111/1111/1111 1109/1109/1109 1110/1110/1110
f 1110/1110/1110 1112/1112/1112 1111/1111/1111
f 1115/1115/1115 1113/1113/1113 1114/1114/1114
f 1114/1114/1114 1116/1116/1116 1115/1115/1115
f 1119/1119/1119 1117/1117/1117 1118/1118/1118
f 1118/1118/1118 1120/1120/1120 1119/1119/1119
f 1135/1135/1135 1133/1133/1133 1134/1134/1134
f 1134/1134/1134 1136/1136/1136 1135/1135/1135
f 1139/1139/1139 1137/1137/1137 1138/1138/1138
f 1138/1138/1138 1140/1140/1140 1139/1139/1139
f 1143/1143/1143 1141/1141/1141 1142/1142/1142
f 1142/1142/1142 1144/1144/1144 1143/1143/1143
f 1147/1147/1147 1145/1145/1145 1146/1146/1146
f 1146/1146/1146 1148/1148/1148 1147/1147/1147
f 1151/1151/1151 1149/1149/1149 1150/1150/1150
f 1150/1150/1150 1152/1152/1152 1151/1151/1151
f 1167/1167/1167 1165/1165/1165 1166/1166/1166
f 1166/1166/1166 1168/1168/1168 1167/1167/1167
f 1171/1171/1171 1169/1169/1169 1170/1170/1170
f 1170/1170/1170 1172/1172/1172 1171/1171/1171
f 1183/1183/1183 1181/1181/1181 1182/1182/1182
f 1182/1182/1182 1184/1184/1184 1183/1183/1183
f 1191/1191/1191 1189/1189/1189 1190/1190/1190
f 1190/1190/1190 1192/1192/1192 1191/1191/1191
f 1211/1211/1211 1209/1209/1209 1210/1210/1210
f 1210/1210/1210 1212/1212/1212 1211/1211/1211
f 1215/1215/1215 1213/1213/1213 1214/1214/1214
f 1214/1214/1214 1216/1216/1216 1215/1215/1215
f 1243/1243/1243 1241/1241/1241 1242/1242/1242
f 1242/1242/1242 1244/1244/1244 1243/1243/1243
f 1259/1259/1259 1257/1257/1257 1258/1258/1258
f 1258/1258/1258 1260/1260/1260 1259/1259/1259
f 1263/1263/1263 1261/1261/1261 1262/1262/1262
f 1262/1262/1262 1264/1264/1264 1263/1263/1263
f 1267/1267/1267 1265/1265/1265 1266/1266/1266
f 1266/1266/1266 1268/1268/1268 1267/1267/1267
f 1287/1287/1287 1285/1285/1285 1286/1286/1286
f 1286/1286/1286 1288/1288/1288 1287/1287/1287
f 1303/1303/1303 1301/1301/1301 1302/1302/1302
f 1302/1302/1302 1304/1304/1304 1303/1303/1303
f 1307/1307/1307 1305/1305/1305 1306/1306/1306
f 1306/1306/1306 1308/1308/1308 1307/1307/1307
f 1323/1323/1323 1321/1321/1321 1322/1322/1322
f 1322/1322/1322 1324/1324/1324 1323/1323/1323
f 1347/1347/1347 1345/1345/1345 1346/1346/1346
f 1346/1346/1346 1348/1348/1348 1347/1347/1347
f 1355/1355/1355 1353/1353/1353 1354/1354/1354
f 1354/1354/1354 1356/1356/1356 1355/1355/1355
f 1367/1367/1367 1365/1365/1365 1366/1366/1366
f 1366/1366/1366 1368/1368/1368 1367/1367/1367
f 1379/1379/1379 1377/1377/1377 1378/1378/1378
f 1378/1378/1378 1380/1380/1380 1379/1379/1379
f 1387/1387/1387 1385/1385/1385 1386/1386/1386
f 1386/1386/1386 1388/1388/1388 1387/1387/1387
f 1407/1407/1407 1405/1405/1405 1406/1406/1406
f 1406/1406/1406 1408/1408/1408 1407/1407/1407
f 1411/1411/1411 1409/1409/1409 1410/1410/1410
f 1410/1410/1410 1412/1412/1412 1411/1411/1411
f 1415/1415/1415 1413/1413/1413 1414/1414/1414
f 1414/1414/1414 1416/1416/1416 1415/1415/1415
f 1423/1423/1423 1421/1421/1421 1422/1422/1422
f 1422/1422/1422 1424/1424/1424 1423/1423/1423
f 1435/1435/1435 1433/1433/1433 1434/1434/1434
f 1434/1434/1434 1436/1436/1436 1435/1435/1435
f 1439/1439/1439 1437/1437/1437 1438/1438/1438
f 1438/1438/1438 1440/1440/1440 1439/1439/1439
f 1443/1443/1443 1441/1441/1441 1442/1442/1442
f 1442/1442/1442 1444/1444/1444 1443/1443/1443
f 1455/1455/1455 1453/1453/1453 1454/1454/1454
f 1454/1454/1454 1456/1456/1456 1455/1455/1455
f 1471/1471/1471 1469/1469/1469 1470/1470/1470
f 1470/1470/1470 1472/1472/1472 1471/1471/1471
f 1475/1475/1475 1473/1473/1473 1474/1474/1474
f 1474/1474/1474 1476/1476/1476 1475/1475/1475
f 1483/1483/1483 1481/1481/1481 1482/1482/1482
f 1482/1482/1482 1484/1484/1484 1483/1483/1483
f 1487/1487/1487 1485/1485/1485 1486/1486/1486
f 1486/1486/1486 1488/1488/1488 1487/1487/1487
f 1491/1491/1491 1489/1489/1489 1490/1490/1490
f 1490/1490/1490 1492/1492/1492 1491/1491/1491
f 1499/1499/1499 1497/1497/1497 1498/1498/1498
f 1498/1498/1498 1500/1500/1500 1499/1499/1499
f 1515/1515/1515 1513/1513/1513 1514/1514/1514
f 1514/1514/1514 1516/1516/1516 1515/1515/1515
f 1523/1523/1523 1521/1521/1521 1522/1522/1522
f 1522/1522/1522 1524/1524/1524 1523/1523/1523
f 1531/1531/1531 1529/1529/1529 1530/1530/1530
f 1530/1530/1530 1532/1532/1532 1531/1531/1531
f 1539/1539/1539 1537/1537/1537 1538/1538/1538
f 1538/1538/1538 1540/1540/1540 1539/1539/1539
f 1543/1543/1543 1541/1541/1541 1542/1542/1542
f 1542/1542/1542 1544/1544/1544 1543/1543/1543
f 1547/1547/1547 1545/1545/1545 1546/1546/1546
f 1546/1546/1546 1548/1548/1548 1547/1547/1547
f 1551/1551/1551 1549/1549/1549 1550/1550/1550
f 1550/1550/1550 1552/1552/1552 1551/1551/1551
f 1559/1559/1559 1557/1557/1557 1558/1558/1558
f 1558/1558/1558 1560/1560/1560 1559/1559/1559
f 1563/1563/1563 1561/1561/1561 1562/1562/1562
f 1562/1562/1562 1564/1564/1564 1563/1563/1563
f 1567/1567/1567 1565/1565/1565 1566/1566/1566
f 1566/1566/1566 1568/1568/1568 1567/1567/1567
f 1571/1571/1571 1569/1569/1569 1570/1570/1570
f 1570/1570/1570 1572/1572/1572 1571/1571/1571
f 1595/1595/1595 1593/1593/1593 1594/1594/1594
f 1594/1594/1594 1596/1596/1596 1595/1595/1595
f 1607/1607/1607 1605/1605/1605 1606/1606/1606
f 1606/1606/1606 1608/1608/1608 1607/1607/1607
f 1611/1611/1611 1609/1609/1609 1610/1610/1610
f 1610/1610/1610 1612/1612/1612 1611/1611/1611
f 1615/1615/1615 1613/1613/1613 1614/1614/1614
f 1614/1614/1614 1616/1616/1616 1615/1615/1615
f 1623/1623/1623 1621/1621/1621 1622/1622/1622
f 1622/1622/1622 1624/1624/1624 1623/1623/1623
f 1627/1627/1627 1625/1625/1625 1626/1626/1626
f 1626/1626/1626 1628/1628/1628 1627/1627/1627
f 1631/1631/1631 1629/1629/1629 1630/1630/1630
f 1630/1630/1630 1632/1632/1632 1631/1631/1631
f 1647/1647/1647 1645/1645/1645 1646/1646/1646
f 1646/1646/1646 1648/1648/1648 1647/1647/1647
f 1655/1655/1655 1653/1653/1653 1654/1654/1654
f 1654/1654/1654 1656/1656/1656 1655/1655/1655
f 1663/1663/1663 1661/1661/1661 1662/1662/1662
f 1662/1662/1662 1664/1664/1664 1663/1663/1663
f 1671/1671/1671 1669/1669/1669 1670/1670/1670
f 1670/1670/1670 1672/1672/1672 1671/1671/1671
f 1675/1675/1675 1673/1673/1673 1674/1674/1674
f 1674/1674/1674 1676/1676/1676 1675/1675/1675
f 1683/1683/1683 1681/1681/1681 1682/1682/1682
f 1682/1682/1682 1684/1684/1684 1683/1683/1683
f 1687/1687/1687 1685/1685/1685 1686/1686/1686
f 1686/1686/1686 1688/1688/1688 1687/1687/1687
f 1691/1691/1691 1689/1689/1689 1690/1690/1690
f 1690/1690/1690 1692/1692/1692 1691/1691/1691
f 1715/1715/1715 1713/1713/1713 1714/1714/1714
f 1714/1714/1714 1716/1716/1716 1715/1715/1715
f 1727/1727/1727 1725/1725/1725 1726/1726/1726
f 1726/1726/1726 1728/1728/1728 1727/1727/1727
f 1735/1735/1735 1733/1733/1733 1734/1734/1734
f 1734/1734/1734 1736/1736/1736 1735/1735/1735
f 1743/1743/1743 1741/1741/1741 1742/1742/1742
f 1742/1742/1742 1744/1744/1744 1743/1743/1743
f 1747/1747/1747 1745/1745/1745 1746/1746/1746
f 1746/1746/1746 1748/1748/1748 1747/1747/1747
f 1755/1755/1755 1753/1753/1753 1754/1754/1754
f 1754/1754/1754 1756/1756/1756 1755/1755/1755
f 1763/1763/1763 1761/1761/1761 1762/1762/1762
f 1762/1762/1762 1764/1764/1764 1763/1763/1763
f 1767/1767/1767 1765/1765/1765 1766/1766/1766
f 1766/1766/1766 1768/1768/1768 1767/1767/1767
f 1775/1775/1775 1773/1773/1773 1774/1774/1774
f 1774/1774/1774 1776/1776/1776 1775/1775/1775
f 1783/1783/1783 1781/1781/1781 1782/1782/1782
f 1782/1782/1782 1784/1784/1784 1783/1783/1783
f 1787/1787/1787 1785/1785/1785 1786/1786/1786
f 1786/1786/1786 1788/1788/1788 1787/1787/1787
f 1791/1791/1791 1789/1789/1789 1790/1790/1790
f 1790/1790/1790 1792/1792/1792 1791/1791/1791
f 1795/1795/1795 1793/1793/1793 1794/1794/1794
f 1794/1794/1794 1796/1796/1796 1795/1795/1795
f 1803/1803/1803 1801/1801/1801 1802/1802/1802
f 1802/1802/1802 1804/1804/1804 1803/1803/1803
f 1811/1811/1811 1809/1809/1809 1810/1810/1810
f 1810/1810/1810 1812/1812/1812 1811/1811/1811
f 1827/1827/1827 1825/1825/1825 1826/1826/1826
f 1826/1826/1826 1828/1828/1828 1827/1827/1827
f 1831/1831/1831 1829/1829/1829 1830/1830/1830
f 1830/1830/1830 1832/1832/1832 1831/1831/1831
f 1835/1835/1835 1833/1833/1833 1834/1834/1834
f 1834/1834/1834 1836/1836/1836 1835/1835/1835
f 1839/1839/1839 1837/1837/1837 1838/1838/1838
f 1838/1838/1838 1840/1840/1840 1839/1839/1839
f 1843/1843/1843 1841/1841/1841 1842/1842/1842
f 1842/1842/1842 1844/1844/1844 1843/1843/1843
f 1847/1847/1847 1845/1845/1845 1846/1846/1846
f 1846/1846/1846 1848/1848/1848 1847/1847/1847
f 1855/1855/1855 1853/1853/1853 1854/1854/1854
f 1854/1854/1854 1856/1856/1856 1855/1855/1855
f 1859/1859/1859 1857/1857/1857 1858/1858/1858
f 1858/1858/1858 1860/1860/1860 1859/1859/1859
f 1863/1863/1863 1861/1861/1861 1862/1862/1862
f 1862/1862/1862 1864/1864/1864 1863/1863/1863
f 1899/1899/1899 1897/1897/1897 1898/1898/1898
f 1898/1898/1898 1900/1900/1900 1899/1899/1899
f 1903/1903/1903 1901/1901/1901 1902/1902/1902
f 1902/1902/1902 1904/1904/1904 1903/1903/1903
f 1907/1907/1907 1905/1905/1905 1906/1906/1906
f 1906/1906/1906 1908/1908/1908 1907/1907/1907
f 1919/1919/1919 1917/1917/1917 1918/1918/1918
f 1918/1918/1918 1920/1920/1920 1919/1919/1919
f 1927/1927/1927 1925/1925/1925 1926/1926/1926
f 1926/1926/1926 1928/1928/1928 1927/1927/1927
f 1959/1959/1959 1957/1957/1957 1958/1958/1958
f 1958/1958/1958 1960/1960/1960 1959/1959/1959
f 1967/1967/1967 1965/1965/1965 1966/1966/1966
f 1966/1966/1966 1968/1968/1968 1967/1967/1967
f 1971/1971/1971 1969/1969/1969 1970/1970/1970
f 1970/1970/1970 1972/1972/1972 1971/1971/1971
f 1991/1991/1991 1989/1989/1989 1990/1990/1990
f 1990/1990/1990 1992/1992/1992 1991/1991/1991
f 2003/2003/2003 2001/2001/2001 2002/2002/2002
f 2002/2002/2002 2004/2004/2004 2003/2003/2003
f 2011/2011/2011 2009/2009/2009 2010/2010/2010
f 2010/2010/2010 2012/2012/2012 2011/2011/2011
f 2015/2015/2015 2013/2013/2013 2014/2014/2014
f 2014/2014/2014 2016/2016/2016 2015/2015/2015
f 2027/2027/2027 2025/2025/2025 2026/2026/2026
f 2026/2026/2026 2028/2028/2028 2027/2027/2027
f 2039/2039/2039 2037/2037/2037 2038/2038/2038
f 2038/2038/2038 2040/2040/2040 2039/2039/2039
f 2043/2043/2043 2041/2041/2041 2042/2042/2042
f 2042/2042/2042 2044/2044/2044 2043/2043/2043
f 2047/2047/2047 2045/2045/2045 2046/2046/2046
f 2046/2046/2046 2048/2048/2048 2047/2047/2047
f 2051/2051/2051 2049/2049/2049 2050/2050/2050
f 2050/2050/2050 2052/2052/2052 2051/2051/2051
f 2071/2071/2071 2069/2069/2069 2070/2070/2070
f 2070/2070/2070 2072/2072/2072 2071/2071/2071
f 2083/2083/2083 2081/2081/2081 2082/2082/2082
f 2082/2082/2082 2084/2084/2084 2083/2083/2083
f 2099/2099/2099 2097/2097/2097 2098/2098/2098
f 2098/2098/2098 2100/2100/2100 2099/2099/2099
f 2119/2119/2119 2117/2117/2117 2118/2118/2118
f 2118/2118/2118 2120/2120/2120 2119/2119/2119
f 2127/2127/2127 2125/2125/2125 2126/2126/2126
f 2126/2126/2126 2128/2128/2128 2127/2127/2127
f 2135/2135/2135 2133/2133/2133 2134/2134/2134
f 2134/2134/2134 2136/2136/2136 2135/2135/2135
f 2139/2139/2139 2137/2137/2137 2138/2138/2138
f 2138/2138/2138 2140/2140/2140 2139/2139/2139
f 2143/2143/2143 2141/2141/2141 2142/2142/2142
f 2142/2142/2142 2144/2144/2144 2143/2143/2143
f 2147/2147/2147 2145/2145/2145 2146/2146/2146
f 2146/2146/2146 2148/2148/2148 2147/2147/2147
f 2163/2163/2163 2161/2161/2161 2162/2162/2162
f 2162/2162/2162 2164/2164/2164 2163/2163/2163
f 2183/2183/2183 2181/2181/2181 2182/2182/2182
f 2182/2182/2182 2184/2184/2184 2183/2183/2183
f 2191/2191/2191 2189/2189/2189 2190/2190/2190
f 2190/2190/2190 2192/2192/2192 2191/2191/2191
f 2195/2195/2195 2193/2193/2193 2194/2194/2194
f 2194/2194/2194 2196/2196/2196 2195/2195/2195
f 2199/2199/2199 2197/2197/2197 2198/2198/2198
f 2198/2198/2198 2200/2200/2200 2199/2199/2199
f 2203/2203/2203 2201/2201/2201 2202/2202/2202
f 2202/2202/2202 2204/2204/2204 2203/2203/2203
f 2207/2207/2207 2205/2205/2205 2206/2206/2206
f 2206/2206/2206 2208/2208/2208 2207/2207/2207
f 2215/2215/2215 2213/2213/2213 2214/2214/2214
f 2214/2214/2214 2216/2216/2216 2215/2215/2215
f 2223/2223/2223 2221/2221/2221 2222/2222/2222
f 2222/2222/2222 2224/2224/2224 2223/2223/2223
f 2235/2235/2235 2233/2233/2233 2234/2234/2234
f 2234/2234/2234 2236/2236/2236 2235/2235/2235
f 2239/2239/2239 2237/2237/2237 2238/2238/2238
f 2238/2238/2238 2240/2240/2240 2239/2239/2239
f 2247/2247/2247 2245/2245/2245 2246/2246/2246
f 2246/2246/2246 2248/2248/2248 2247/2247/2247
f 2259/2259/2259 2257/2257/2257 2258/2258/2258
f 2258/2258/2258 2260/2260/2260 2259/2259/2259
f 2279/2279/2279 2277/2277/2277 2278/2278/2278
f 2278/2278/2278 2280/2280/2280 2279/2279/2279
f 2295/2295/2295 2293/2293/2293 2294/2294/2294
f 2294/2294/2294 2296/2296/2296 2295/2295/2295
f 2303/2303/2303 2301/2301/2301 2302/2302/2302
f 2302/2302/2302 2304/2304/2304 2303/2303/2303
f 2331/2331/2331 2329/2329/2329 2330/2330/2330
f 2330/2330/2330 2332/2332/2332 2331/2331/2331
f 2343/2343/2343 2341/2341/2341 2342/2342/2342
f 2342/2342/2342 2344/2344/2344 2343/2343/2343
f 2347/2347/2347 2345/2345/2345 2346/2346/2346
f 2346/2346/2346 2348/2348/2348 2347/2347/2347
f 2351/2351/2351 2349/2349/2349 2350/2350/2350
f 2350/2350/2350 2352/2352/2352 2351/2351/2351
f 2355/2355/2355 2353/2353/2353 2354/2354/2354
f 2354/2354/2354 2356/2356/2356 2355/2355/2355
f 2359/2359/2359 2357/2357/2357 2358/2358/2358
f 2358/2358/2358 2360/2360/2360 2359/2359/2359
f 2363/2363/2363 2361/2361/2361 2362/2362/2362
f 2362/2362/2362 2364/2364/2364 2363/2363/2363
f 2367/2367/2367 2365/2365/2365 2366/2366/2366
f 2366/2366/2366 2368/2368/2368 2367/2367/2367
f 2371/2371/2371 2369/2369/2369 2370/2370/2370
f 2370/2370/2370 2372/2372/2372 2371/2371/2371
f 2379/2379/2379 2377/2377/2377 2378/2378/2378
f 2378/2378/2378 2380/2380/2380 2379/2379/2379
f 2383/2383/2383 2381/2381/2381 2382/2382/2382
f 2382/2382/2382 2384/2384/2384 2383/2383/2383
f 2399/2399/2399 2397/2397/2397 2398/2398/2398
f 2398/2398/2398 2400/2400/2400 2399/2399/2399
f 2415/2415/2415 2413/2413/2413 2414/2414/2414
f 2414/2414/2414 2416/2416/2416 2415/2415/2415
f 2423/2423/2423 2421/2421/2421 2422/2422/2422
f 2422/2422/2422 2424/2424/2424 2423/2423/2423
f 2427/2427/2427 2425/2425/2425 2426/2426/2426
f 2426/2426/2426 2428/2428/2428 2427/2427/2427
f 2431/2431/2431 2429/2429/2429 2430/2430/2430
f 2430/2430/2430 2432/2432/2432 2431/2431/2431
f 2435/2435/2435 2433/2433/2433 2434/2434/2434
f 2434/2434/2434 2436/2436/2436 2435/2435/2435
f 2443/2443/2443 2441/2441/2441 2442/2442/2442
f 2442/2442/2442 2444/2444/2444 2443/2443/2443
f 2447/2447/2447 2445/2445/2445 2446/2446/2446
f 2446/2446/2446 2448/2448/2448 2447/2447/2447
f 2467/2467/2467 2465/2465/2465 2466/2466/2466
f 2466/2466/2466 2468/2468/2468 2467/2467/2467
f 2471/2471/2471 2469/2469/2469 2470/2470/2470
f 2470/2470/2470 2472/2472/2472 2471/2471/2471
f 2487/2487/2487 2485/2485/2485 2486/2486/2486
f 2486/2486/2486 2488/2488/2488 2487/2487/2487
f 2495/2495/2495 2493/2493/2493 2494/2494/2494
f 2494/2494/2494 2496/2496/2496 2495/2495/2495
f 2499/2499/2499 2497/2497/2497 2498/2498/2498
f 2498/2498/2498 2500/2500/2500 2499/2499/2499
f 2503/2503/2503 2501/2501/2501 2502/2502/2502
f 2502/2502/2502 2504/2504/2504 2503/2503/2503
f 2515/2515/2515 2513/2513/2513 2514/2514/2514
f 2514/2514/2514 2516/2516/2516 2515/2515/2515
f 2543/2543/2543 2541/2541/2541 2542/2542/2542
f 2542/2542/2542 2544/2544/2544 2543/2543/2543
f 2559/2559/2559 2557/2557/2557 2558/2558/2558
f 2558/2558/2558 2560/2560/2560 2559/2559/2559
f 2563/2563/2563 2561/2561/2561 2562/2562/2562
f 2562/2562/2562 2564/2564/2564 2563/2563/2563
f 2571/2571/2571 2569/2569/2569 2570/2570/2570
f 2570/2570/2570 2572/2572/2572 2571/2571/2571
f 2583/2583/2583 2581/2581/2581 2582/2582/2582
f 2582/2582/2582 2584/2584/2584 2583/2583/2583
f 2595/2595/2595 2593/2593/2593 2594/2594/2594
f 2594/2594/2594 2596/2596/2596 2595/2595/2595
f 2611/2611/2611 2609/2609/2609 2610/2610/2610
f 2610/2610/2610 2612/2612/2612 2611/2611/2611
f 2639/2639/2639 2637/2637/2637 2638/2638/2638
f 2638/2638/2638 2640/2640/2640 2639/2639/2639
f 2647/2647/2647 2645/2645/2645 2646/2646/2646
f 2646/2646/2646 2648/2648/2648 2647/2647/2647
f 2655/2655/2655 2653/2653/2653 2654/2654/2654
f 2654/2654/2654 2656/2656/2656 2655/2655/2655
f 2675/2675/2675 2673/2673/2673 2674/2674/2674
f 2674/2674/2674 2676/2676/2676 2675/2675/2675
f 2683/2683/2683 2681/2681/2681 2682/2682/2682
f 2682/2682/2682 2684/2684/2684 2683/2683/2683
f 2703/2703/2703 2701/2701/2701 2702/2702/2702
f 2702/2702/2702 2704/2704/2704 2703/2703/2703
f 2707/2707/2707 2705/2705/2705 2706/2706/2706
f 2706/2706/2706 2708/2708/2708 2707/2707/2707
f 2711/2711/2711 2709/2709/2709 2710/2710/2710
f 2710/2710/2710 2712/2712/2712 2711/2711/2711
f 2727/2727/2727 2725/2725/2725 2726/2726/2726
f 2726/2726/2726 2728/2728/2728 2727/2727/2727
f 2739/2739/2739 2737/2737/2737 2738/2738/2738
f 2738/2738/2738 2740/2740/2740 2739/2739/2739
f 2743/2743/2743 2741/2741/2741 2742/2742/2742
f 2742/2742/2742 2744/2744/2744 2743/2743/2743
f 2747/2747/2747 2745/2745/2745 2746/2746/2746
f 2746/2746/2746 2748/2748/2748 2747/2747/2747
f 2751/2751/2751 2749/2749/2749 2750/2750/2750
f 2750/2750/2750 2752/2752/2752 2751/2751/2751
f 2755/2755/2755 2753/2753/2753 2754/2754/2754
f 2754/2754/2754 2756/2756/2756 2755/2755/2755
f 2763/2763/2763 2761/2761/2761 2762/2762/2762
f 2762/2762/2762 2764/2764/2764 2763/2763/2763
f 2767/2767/2767 2765/2765/2765 2766/2766/2766
f 2766/2766/2766 2768/2768/2768 2767/2767/2767
f 2775/2775/2775 2773/2773/2773 2774/2774/2774
f 2774/2774/2774 2776/2776/2776 2775/2775/2775
f 2779/2779/2779 2777/2777/2777 2778/2778/2778
f 2778/2778/2778 2780/2780/2780 2779/2779/2779
f 2783/2783/2783 2781/2781/2781 2782/2782/2782
f 2782/2782/2782 2784/2784/2784 2783/2783/2783
f 2787/2787/2787 2785/2785/2785 2786/2786/2786
f 2786/2786/2786 2788/2788/2788 2787/2787/2787
f 2795/2795/2795 2793/2793/2793 2794/2794/2794
f 2794/2794/2794 2796/2796/2796 2795/2795/2795
f 2799/2799/2799 2797/2797/2797 2798/2798/2798
f 2798/2798/2798 2800/2800/2800 2799/2799/2799
f 2803/2803/2803 2801/2801/2801 2802/2802/2802
f 2802/2802/2802 2804/2804/2804 2803/2803/2803
f 2807/2807/2807 2805/2805/2805 2806/2806/2806
f 2806/2806/2806 2808/2808/2808 2807/2807/2807
f 2819/2819/2819 2817/2817/2817 2818/2818/2818
f 2818/2818/2818 2820/2820/2820 2819/2819/2819
f 2831/2831/2831 2829/2829/2829 2830/2830/2830
f 2830/2830/2830 2832/2832/2832 2831/2831/2831
f 2835/2835/2835 2833/2833/2833 2834/2834/2834
f 2834/2834/2834 2836/2836/2836 2835/2835/2835
f 2839/2839/2839 2837/2837/2837 2838/2838/2838
f 2838/2838/2838 2840/2840/2840 2839/2839/2839
f 2843/2843/2843 2841/2841/2841 2842/2842/2842
f 2842/2842/2842 2844/2844/2844 2843/2843/2843
f 2859/2859/2859 2857/2857/2857 2858/2858/2858
f 2858/2858/2858 2860/2860/2860 2859/2859/2859
f 2867/2867/2867 2865/2865/2865 2866/2866/2866
f 2866/2866/2866 2868/2868/2868 2867/2867/2867
f 2871/2871/2871 2869/2869/2869 2870/2870/2870
f 2870/2870/2870 2872/2872/2872 2871/2871/2871
f 2883/2883/2883 2881/2881/2881 2882/2882/2882
f 2882/2882/2882 2884/2884/2884 2883/2883/2883
f 2895/2895/2895 2893/2893/2893 2894/2894/2894
f 2894/2894/2894 2896/2896/2896 2895/2895/2895
f 2899/2899/2899 2897/2897/2897 2898/2898/2898
f 2898/2898/2898 2900/2900/2900 2899/2899/2899
f 2903/2903/2903 2901/2901/2901 2902/2902/2902
f 2902/2902/2902 2904/2904/2904 2903/2903/2903
f 2911/2911/2911 2909/2909/2909 2910/2910/2910
f 2910/2910/2910 2912/2912/2912 2911/2911/2911
f 2931/2931/2931 2929/2929/2929 2930/2930/2930
f 2930/2930/2930 2932/2932/2932 2931/2931/2931
f 2955/2955/2955 2953/2953/2953 2954/2954/2954
f 2954/2954/2954 2956/2956/2956 2955/2955/2955
f 2959/2959/2959 2957/2957/2957 2958/2958/2958
f 2958/2958/2958 2960/2960/2960 2959/2959/2959
f 2963/2963/2963 2961/2961/2961 2962/2962/2962
f 2962/2962/2962 2964/2964/2964 2963/2963/2963
f 2967/2967/2967 2965/2965/2965 2966/2966/2966
f 2966/2966/2966 2968/2968/2968 2967/2967/2967
f 2971/2971/2971 2969/2969/2969 2970/2970/2970
f 2970/2970/2970 2972/2972/2972 2971/2971/2971
f 2979/2979/2979 2977/2977/2977 2978/2978/2978
f 2978/2978/2978 2980/2980/2980 2979/2979/2979
f 2995/2995/2995 2993/2993/2993 2994/2994/2994
f 2994/2994/2994 2996/2996/2996 2995/2995/2995
f 2999/2999/2999 2997/2997/2997 2998/2998/2998
f 2998/2998/2998 3000/3000/3000 2999/2999/2999
f 3015/3015/3015 3013/3013/3013 3014/3014/3014
f 3014/3014/3014 3016/3016/3016 3015/3015/3015
f 3023/3023/3023 3021/3021/3021 3022/3022/3022
f 3022/3022/3022 3024/3024/3024 3023/3023/3023
f 3031/3031/3031 3029/3029/3029 3030/3030/3030
f 3030/3030/3030 3032/3032/3032 3031/3031/3031
f 3035/3035/3035 3033/3033/3033 3034/3034/3034
f 3034/3034/3034 3036/3036/3036 3035/3035/3035
f 3039/3039/3039 3037/3037/3037 3038/3038/3038
f 3038/3038/3038 3040/3040/3040 3039/3039/3039
f 3047/3047/3047 3045/3045/3045 3046/3046/3046
f 3046/3046/3046 3048/3048/3048 3047/3047/3047
f 3067/3067/3067 3065/3065/3065 3066/3066/3066
f 3066/3066/3066 3068/3068/3068 3067/3067/3067
f 3075/3075/3075 3073/3073/3073 3074/3074/3074
f 3074/3074/3074 3076/3076/3076 3075/3075/3075
f 3087/3087/3087 3085/3085/3085 3086/3086/3086
f 3086/3086/3086 3088/3088/3088 3087/3087/3087
f 3115/3115/3115 3113/3113/3113 3114/3114/3114
f 3114/3114/3114 3116/3116/3116 3115/3115/3115
f 3119/3119/3119 3117/3117/3117 3118/3118/3118
f 3118/3118/3118 3120/3120/3120 3119/3119/3119
f 3127/3127/3127 3125/3125/3125 3126/3126/3126
f 3126/3126/3126 3128/3128/3128 3127/3127/3127
f 3135/3135/3135 3133/3133/3133 3134/3134/3134
f 3134/3134/3134 3136/3136/3136 3135/3135/3135
f 3139/3139/3139 3137/3137/3137 3138/3138/3138
f 3138/3138/3138 3140/3140/3140 3139/3139/3139
f 3151/3151/3151 3149/3149/3149 3150/3150/3150
f 3150/3150/3150 3152/3152/3152 3151/3151/3151
f 3159/3159/3159 3157/3157/3157 3158/3158/3158
f 3158/3158/3158 3160/3160/3160 3159/3159/3159
f 3163/3163/3163 3161/3161/3161 3162/3162/3162
f 3162/3162/3162 3164/3164/3164 3163/3163/3163
f 3171/3171/3171 3169/3169/3169 3170/3170/3170
f 3170/3170/3170 3172/3172/3172 3171/3171/3171
f 3179/3179/3179 3177/3177/3177 3178/3178/3178
f 3178/3178/3178 3180/3180/3180 3179/3179/3179
f 3191/3191/3191 3189/3189/3189 3190/3190/3190
f 3190/3190/3190 3192/3192/3192 3191/3191/3191
f 3199/3199/3199 3197/3197/3197 3198/3198/3198
f 3198/3198/3198 3200/3200/3200 3199/3199/3199
f 3207/3207/3207 3205/3205/3205 3206/3206/3206
f 3206/3206/3206 3208/3208/3208 3207/3207/3207
f 3215/3215/3215 3213/3213/3213 3214/3214/3214
f 3214/3214/3214 3216/3216/3216 3215/3215/3215
f 3251/3251/3251 3249/3249/3249 3250/3250/3250
f 3250/3250/3250 3252/3252/3252 3251/3251/3251
f 3255/3255/3255 3253/3253/3253 3254/3254/3254
f 3254/3254/3254 3256/3256/3256 3255/3255/3255
f 3271/3271/3271 3269/3269/3269 3270/3270/3270
f 3270/3270/3270 3272/3272/3272 3271/3271/3271
f 3283/3283/3283 3281/3281/3281 3282/3282/3282
f 3282/3282/3282 3284/3284/3284 3283/3283/3283
f 3287/3287/3287 3285/3285/3285 3286/3286/3286
f 3286/3286/3286 3288/3288/3288 3287/3287/3287
f 3291/3291/3291 3289/3289/3289 3290/3290/3290
f 3290/3290/3290 3292/3292/3292 3291/3291/3291
usemtl leaf_young
f 3/3/3 1/1/1 2/2/2
f 2/2/2 4/4/4 3/3/3
f 7/7/7 5/5/5 6/6/6
f 6/6/6 8/8/8 7/7/7
f 11/11/11 9/9/9 10/10/10
f 10/10/10 12/12/12 11/11/11
f 15/15/15 13/13/13 14/14/14
f 14/14/14 16/16/16 15/15/15
f 23/23/23 21/21/21 22/22/22
f 22/22/22 24/24/24 23/23/23
f 27/27/27 25/25/25 26/26/26
f 26/26/26 28/28/28 27/27/27
f 31/31/31 29/29/29 30/30/30
f 30/30/30 32/32/32 31/31/31
f 35/35/35 33/33/33 34/34/34
f 34/34/34 36/36/36 35/35/35
f 39/39/39 37/37/37 38/38/38
f 38/38/38 40/40/40 39/39/39
f 47/47/47 45/45/45 46/46/46
f 46/46/46 48/48/48 47/47/47
f 51/51/51 49/49/49 50/50/50
f 50/50/50 52/52/52 51/51/51
f 55/55/55 53/53/53 54/54/54
f 54/54/54 56/56/56 55/55/55
f 63/63/63 61/61/61 62/62/62
f 62/62/62 64/64/64 63/63/63
f 67/67/67 65/65/65 66/66/66
f 66/66/66 68/68/68 67/67/67
f 71/71/71 69/69/69 70/70/70
f 70/70/70 72/72/72 71/71/71
f 79/79/79 77/77/77 78/78/78
f 78/78/78 80/80/80 79/79/79
f 87/87/87 85/85/85 86/86/86
f 86/86/86 88/88/88 87/87/87
f 99/99/99 97/97/97 98/98/98
f 98/98/98 100/100/100 99/99/99
f 103/103/103 101/101/101 102/102/102
f 102/102/102 104/104/104 103/103/103
f 107/107/107 105/105/105 106/106/106
f 106/106/106 108/108/108 107/107/107
f 111/111/111 109/109/109 110/110/110
f 110/110/110 112/112/112 111/111/111
f 119/119/119 117/117/117 118/118/118
f 118/118/118 120/120/120 119/119/119
f 123/123/123 121/121/121 122/122/122
f 122/122/122 124/124/124 123/123/123
f 135/135/135 133/133/133 134/134/134
f 134/134/134 136/136/136 135/135/135
f 139/139/139 137/137/137 138/138/138
f 138/138/138 140/140/140 139/139/139
f 143/143/143 141/141/141 142/142/142
f 142/142/142 144/144/144 143/143/143
f 147/147/147 145/145/145 146/146/146
f 146/146/146 148/148/148 147/147/147
f 163/163/163 161/161/161 162/162/162
f 162/162/162 164/164/164 163/163/163
f 167/167/167 165/165/165 166/166/166
f 166/166/166 168/168/168 167/167/167
f 171/171/171 169/169/169 170/170/170
f 170/170/170 172/172/172 171/171/171
f 175/175/175 173/173/173 174/174/174
f 174/174/174 176/176/176 175/175/175
f 183/183/183 181/181/181 182/182/182
f 182/182/182 184/184/184 183/183/183
f 187/187/187 185/185/185 186/186/186
f 186/186/186 188/188/188 187/187/187
f 191/191/191 189/189/189 190/190/190
f 190/190/190 192/192/192 191/191/191
f 195/195/195 193/193/193 194/194/194
f 194/194/194 196/196/196 195/195/195
f 203/203/203 201/201/201 202/202/202
f 202/202/202 204/204/204 203/203/203
f 207/207/207 205/205/205 206/206/206
f 206/206/206 208/208/208 207/207/207
f 219/219/219 217/217/217 218/218/218
f 218/218/218 220/220/220 219/219/219
f 227/227/227 225/225/225 226/226/226
f 226/226/226 228/228/228 227/227/227
f 231/231/231 229/229/229 230/230/230
f 230/230/230 232/232/232 231/231/231
f 235/235/235 233/233/233 234/234/234
f 234/234/234 236/236/236 235/235/235
f 239/239/239 237/237/237 238/238/238
f 238/238/238 240/240/240 239/239/239
f 243/243/243 241/241/241 242/242/242
f 242/242/242 244/244/244 243/243/243
f 247/247/247 245/245/245 246/246/246
f 246/246/246 248/248/248 247/247/247
f 263/263/263 261/261/261 262/262/262
f 262/262/262 264/264/264 263/263/263
f 275/275/275 273/273/273 274/274/274
f 274/274/274 276/276/276 275/275/275
f 291/291/291 289/289/289 290/290/290
f 290/290/290 292/292/292 291/291/291
f 295/295/295 293/293/293 294/294/294
f 294/294/294 296/296/296 295/295/295
f 299/299/299 297/297/297 298/298/298
f 298/298/298 300/300/300 299/299/299
f 307/307/307 305/305/305 306/306/306
f 306/306/306 308/308/308 307/307/307
f 311/311/311 309/309/309 310/310/310
f 310/310/310 312/312/312 311/311/311
f 319/319/319 317/317/317 318/318/318
f 318/318/318 320/320/320 319/319/319
f 327/327/327 325/325/325 326/326/326
f 326/326/326 328/328/328 327/327/327
f 335/335/335 333/333/333 334/334/334
f 334/334/334 336/336/336 335/335/335
f 343/343/343 341/341/341 342/342/342
f 342/342/342 344/344/344 343/343/343
f 347/347/347 345/345/345 346/346/346
f 346/346/346 348/348/348 347/347/347
f 363/363/363 361/361/361 362/362/362
f 362/362/362 364/364/364 363/363/363
f 367/367/367 365/365/365 366/366/366
f 366/366/366 368/368/368 367/367/367
f 371/371/371 369/369/369 370/370/370
f 370/370/370 372/372/372 371/371/371
f 375/375/375 373/373/373 374/374/374
f 374/374/374 376/376/376 375/375/375
f 379/379/379 377/377/377 378/378/378
f 378/378/378 380/380/380 379/379/379
f 383/383/383 381/381/381 382/382/382
f 382/382/382 384/384/384 383/383/383
f 387/387/387 385/385/385 386/386/386
f 386/386/386 388/388/388 387/387/387
f 391/391/391 389/389/389 390/390/390
f 390/390/390 392/392/392 391/391/391
f 399/399/399 397/397/397 398/398/398
f 398/398/398 400/400/400 399/399/399
f 403/403/403 401/401/401 402/402/402
f 402/402/402 404/404/404 403/403/403
f 407/407/407 405/405/405 406/406/406
f 406/406/406 408/408/408 407/407/407
f 411/411/411 409/409/409 410/410/410
f 410/410/410 412/412/412 411/411/411
f 419/419/419 417/417/417 418/418/418
f 418/418/418 420/420/420 419/419/419
f 427/427/427 425/425/425 426/426/426
f 426/426/426 428/428/428 427/427/427
f 435/435/435 433/433/433 434/434/434
f 434/434/434 436/436/436 435/435/435
f 443/443/443 441/441/441 442/442/442
f 442/442/442 444/444/444 443/443/443
f 447/447/447 445/445/445 446/446/446
f 446/446/446 448/448/448 447/447/447
f 451/451/451 449/449/449 450/450/450
f 450/450/450 452/452/452 451/451/451
f 455/455/455 453/453/453 454/454/454
f 454/454/454 456/456/456 455/455/455
f 463/463/463 461/461/461 462/462/462
f 462/462/462 464/464/464 463/463/463
f 479/479/479 477/477/477 478/478/478
f 478/478/478 480/480/480 479/479/479
f 487/487/487 485/485/485 486/486/486
f 486/486/486 488/488/488 487/487/487
f 491/491/491 489/489/489 490/490/490
f 490/490/490 492/492/492 491/491/491
f 499/499/499 497/497/497 498/498/498
f 498/498/498 500/500/500 499/499/499
f 503/503/503 501/501/501 502/502/502
f 502/502/502 504/504/504 503/503/503
f 507/507/507 505/505/505 506/506/506
f 506/506/506 508/508/508 507/507/507
f 511/511/511 509/509/509 510/510/510
f 510/510/510 512/512/512 511/511/511
f 523/523/523 521/521/521 522/522/522
f 522/522/522 524/524/524 523/523/523
f 527/527/527 525/525/525 526/526/526
f 526/526/526 528/528/528 527/527/527
f 531/531/531 529/529/529 530/530/530
f 530/530/530 532/532/532 531/531/531
f 535/535/535 533/533/533 534/534/534
f 534/534/534 536/536/536 535/535/535
f 539/539/539 537/537/537 538/538/538
f 538/538/538 540/540/540 539/539/539
f 543/543/543 541/541/541 542/542/542
f 542/542/542 544/544/544 543/543/543
f 547/547/547 545/545/545 546/546/546
f 546/546/546 548/548/548 547/547/547
f 559/559/559 557/557/557 558/558/558
f 558/558/558 560/560/560 559/559/559
f 567/567/567 565/565/565 566/566/566
f 566/566/566 568/568/568 567/567/567
f 571/571/571 569/569/569 570/570/570
f 570/570/570 572/572/572 571/571/571
f 575/575/575 573/573/573 574/574/574
f 574/574/574 576/576/576 575/575/575
f 583/583/583 581/581/581 582/582/582
f 582/582/582 584/584/584 583/583/583
f 587/587/587 585/585/585 586/586/586
f 586/586/586 588/588/588 587/587/587
f 591/591/591 589/589/589 590/590/590
f 590/590/590 592/592/592 591/591/591
f 599/599/599 597/597/597 598/598/598
f 598/598/598 600/600/600 599/599/599
f 607/607/607 605/605/605 606/606/606
f 606/606/606 608/608/608 607/607/607
f 615/615/615 613/613/613 614/614/614
f 614/614/614 616/616/616 615/615/615
f 619/619/619 617/617/617 618/618/618
f 618/618/618 620/620/620 619/619/619
f 623/623/623 621/621/621 622/622/622
f 622/622/622 624/624/624 623/623/623
f 627/627/627 625/625/625 626/626/626
f 626/626/626 628/628/628 627/627/627
f 631/631/631 629/629/629 630/630/630
f 630/630/630 632/632/632 631/631/631
f 639/639/639 637/637/637 638/638/638
f 638/638/638 640/640/640 639/639/639
f 647/647/647 645/645/645 646/646/646
f 646/646/646 648/648/648 647/647/647
f 659/659/659 657/657/657 658/658/658
f 658/658/658 660/660/660 659/659/659
f 663/663/663 661/661/661 662/662/662
f 662/662/662 664/664/664 663/663/663
f 667/667/667 665/665/665 666/666/666
f 666/666/666 668/668/668 667/667/667
f 679/679/679 677/677/677 678/678/678
f 678/678/678 680/680/680 679/679/679
f 683/683/683 681/681/681 682/682/682
f 682/682/682 684/684/684 683/683/683
f 687/687/687 685/685/685 686/686/686
f 686/686/686 688/688/688 687/687/687
f 691/691/691 689/689/689 690/690/690
f 690/690/690 692/692/692 691/691/691
f 695/695/695 693/693/693 694/694/694
f 694/694/694 696/696/696 695/695/695
f 703/703/703 701/701/701 702/702/702
f 702/702/702 704/704/704 703/703/703
f 707/707/707 705/705/705 706/706/706
f 706/706/706 708/708/708 707/707/707
f 711/711/711 709/709/709 710/710/710
f 710/710/710 712/712/712 711/711/711
f 715/715/715 713/713/713 714/714/714
f 714/714/714 716/716/716 715/715/715
f 731/731/731 729/729/729 730/730/730
f 730/730/730 732/732/732 731/731/731
f 739/739/739 737/737/737 738/738/738
f 738/738/738 740/740/740 739/739/739
f 743/743/743 741/741/741 742/742/742
f 742/742/742 744/744/744 743/743/743
f 755/755/755 753/753/753 754/754/754
f 754/754/754 756/756/756 755/755/755
f 763/763/763 761/761/761 762/762/762
f 762/762/762 764/764/764 763/763/763
f 775/775/775 773/773/773 774/774/774
f 774/774/774 776/776/776 775/775/775
f 791/791/791 789/789/789 790/790/790
f 790/790/790 792/792/792 791/791/791
f 795/795/795 793/793/793 794/794/794
f 794/794/794 796/796/796 795/795/795
f 799/799/799 797/797/797 798/798/798
f 798/798/798 800/800/800 799/799/799
f 811/811/811 809/809/809 810/810/810
f 810/810/810 812/812/812 811/811/811
f 815/815/815 813/813/813 814/814/814
f 814/814/814 816/816/816 815/815/815
f 819/819/819 817/817/817 818/818/818
f 818/818/818 820/820/820 819/819/819
f 823/823/823 821/821/821 822/822/822
f 822/822/822 824/824/824 823/823/823
f 827/827/827 825/825/825 826/826/826
f 826/826/826 828/828/828 827/827/827
f 831/831/831 829/829/829 830/830/830
f 830/830/830 832/832/832 831/831/831
f 839/839/839 837/837/837 838/838/838
f 838/838/838 840/840/840 839/839/839
f 847/847/847 845/845/845 846/846/846
f 846/846/846 848/848/848 847/847/847
f 855/855/855 853/853/853 854/854/854
f 854/854/854 856/856/856 855/855/855
f 863/863/863 861/861/861 862/862/862
f 862/862/862 864/864/864 863/863/863
f 867/867/867 865/865/865 866/866/866
f 866/866/866 868/868/868 867/867/867
f 871/871/871 869/869/869 870/870/870
f 870/870/870 872/872/872 871/871/871
f 875/875/875 873/873/873 874/874/874
f 874/874/874 876/876/876 875/875/875
f 883/883/883 881/881/881 882/882/882
f 882/882/882 884/884/884 883/883/883
f 887/887/887 885/885/885 886/886/886
f 886/886/886 888/888/888 887/887/887
f 891/891/891 889/889/889 890/890/890
f 890/890/890 892/892/892 891/891/891
f 895/895/895 893/893/893 894/894/894
f 894/894/894 896/896/896 895/895/895
f 907/907/907 905/905/905 906/906/906
f 906/906/906 908/908/908 907/907/907
f 915/915/915 913/913/913 914/914/914
f 914/914/914 916/916/916 915/915/915
f 919/919/919 917/917/917 918/918/918
f 918/918/918 920/920/920 919/919/919
f 927/927/927 925/925/925 926/926/926
f 926/926/926 928/928/928 927/927/927
f 931/931/931 929/929/929 930/930/930
f 930/930/930 932/932/932 931/931/931
f 935/935/935 933/933/933 934/934/934
f 934/934/934 936/936/936 935/935/935
f 943/943/943 941/941/941 942/942/942
f 942/942/942 944/944/944 943/943/943
f 951/951/951 949/949/949 950/950/950
f 950/950/950 952/952/952 951/951/951
f 955/955/955 953/953/953 954/954/954
f 954/954/954 956/956/956 955/955/955
f 959/959/959 957/957/957 958/958/958
f 958/958/958 960/960/960 959/959/959
f 963/963/963 961/961/961 962/962/962
f 962/962/962 964/964/964 963/963/963
f 971/971/971 969/969/969 970/970/970
f 970/970/970 972/972/972 971/971/971
f 975/975/975 973/973/973 974/974/974
f 974/974/974 976/976/976 975/975/975
f 983/983/983 981/981/981 982/982/982
f 982/982/982 984/984/984 983/983/983
f 987/987/987 985/985/985 986/986/986
f 986/986/986 988/988/988 987/987/987
f 991/991/991 989/989/989 990/990/990
f 990/990/990 992/992/992 991/991/991
f 995/995/995 993/993/993 994/994/994
f 994/994/994 996/996/996 995/995/995
f 999/999/999 997/997/997 998/998/998
f 998/998/998 1000/1000/1000 999/999/999
f 1011/1011/1011 1009/1009/1009 1010/1010/1010
f 1010/1010/1010 1012/1012/1012 1011/1011/1011
f 1015/1015/1015 1013/1013/1013 1014/1014/1014
f 1014/1014/1014 1016/1016/1016 1015/1015/1015
f 1019/1019/1019 1017/1017/1017 1018/1018/1018
f 1018/1018/1018 1020/1020/1020 1019/1019/1019
f 1023/1023/1023 1021/1021/1021 1022/1022/1022
f 1022/1022/1022 1024/1024/1024 1023/1023/1023
f 1047/1047/1047 1045/1045/1045 1046/1046/1046
f 1046/1046/1046 1048/1048/1048 1047/1047/1047
f 1051/1051/1051 1049/1049/1049 1050/1050/1050
f 1050/1050/1050 1052/1052/1052 1051/1051/1051
f 1059/1059/1059 1057/1057/1057 1058/1058/1058
f 1058/1058/1058 1060/1060/1060 1059/1059/1059
f 1063/1063/1063 1061/1061/1061 1062/1062/1062
f 1062/1062/1062 1064/1064/1064 1063/1063/1063
f 1067/1067/1067 1065/1065/1065 1066/1066/1066
f 1066/1066/1066 1068/1068/1068 1067/1067/1067
f 1071/1071/1071 1069/1069/1069 1070/1070/1070
f 1070/1070/1070 1072/1072/1072 1071/1071/1071
f 1083/1083/1083 1081/1081/1081 1082/1082/1082
f 1082/1082/1082 1084/1084/1084 1083/1083/1083
f 1087/1087/1087 1085/1085/1085 1086/1086/1086
f 1086/1086/1086 1088/1088/1088 1087/1087/1087
f 1095/1095/1095 1093/1093/1093 1094/1094/1094
f 1094/1094/1094 1096/1096/1096 1095/1095/1095
f 1099/1099/1099 1097/1097/1097 1098/1098/1098
f 1098/1098/1098 1100/1100/1100 1099/1099/1099
f 1103/1103/1103 1101/1101/1101 1102/1102/1102
f 1102/1102/1102 1104/1104/1104 1103/1103/1103
f 1107/1107/1107 1105/1105/1105 1106/1106/1106
f 1106/1106/1106 1108/1108/1108 1107/1107/1107
f 1123/1123/1123 1121/1121/1121 1122/1122/1122
f 1122/1122/1122 1124/1124/1124 1123/1123/1123
f 1127/1127/1127 1125/1125/1125 1126/1126/1126
f 1126/1126/1126 1128/1128/1128 1127/1127/1127
f 1131/1131/1131 1129/1129/1129 1130/1130/1130
f 1130/1130/1130 1132/1132/1132 1131/1131/1131
f 1155/1155/1155 1153/1153/1153 1154/1154/1154
f 1154/1154/1154 1156/1156/1156 1155/1155/1155
f 1159/1159/1159 1157/1157/1157 1158/1158/1158
f 1158/1158/1158 1160/1160/1160 1159/1159/1159
f 1163/1163/1163 1161/1161/1161 1162/1162/1162
f 1162/1162/1162 1164/1164/1164 1163/1163/1163
f 1175/1175/1175 1173/1173/1173 1174/1174/1174
f 1174/1174/1174 1176/1176/1176 1175/1175/1175
f 1179/1179/1179 1177/1177/1177 1178/1178/1178
f 1178/1178/1178 1180/1180/1180 1179/1179/1179
f 1187/1187/1187 1185/1185/1185 1186/1186/1186
f 1186/1186/1186 1188/1188/1188 1187/1187/1187
f 1195/1195/1195 1193/1193/1193 1194/1194/1194
f 1194/1194/1194 1196/1196/1196 1195/1195/1195
f 1199/1199/1199 1197/1197/1197 1198/1198/1198
f 1198/1198/1198 1200/1200/1200 1199/1199/1199
f 1203/1203/1203 1201/1201/1201 1202/1202/1202
f 1202/1202/1202 1204/1204/1204 1203/1203/1203
f 1207/1207/1207 1205/1205/1205 1206/1206/1206
f 1206/1206/1206 1208/1208/1208 1207/1207/1207
f 1219/1219/1219 1217/1217/1217 1218/1218/1218
f 1218/1218/1218 1220/1220/1220 1219/1219/1219
f 1223/1223/1223 1221/1221/1221 1222/1222/1222
f 1222/1222/1222 1224/1224/1224 1223/1223/1223
f 1227/1227/1227 1225/1225/1225 1226/1226/1226
f 1226/1226/1226 1228/1228/1228 1227/1227/1227
f 1231/1231/1231 1229/1229/1229 1230/1230/1230
f 1230/1230/1230 1232/1232/1232 1231/1231/1231
f 1235/1235/1235 1233/1233/1233 1234/1234/1234
f 1234/1234/1234 1236/1236/1236 1235/1235/1235
f 1239/1239/1239 1237/1237/1237 1238/1238/1238
f 1238/1238/1238 1240/1240/1240 1239/1239/1239
f 1247/1247/1247 1245/1245/1245 1246/1246/1246
f 1246/1246/1246 1248/1248/1248 1247/1247/1247
f 1251/1251/1251 1249/1249/1249 1250/1250/1250
f 1250/1250/1250 1252/1252/1252 1251/1251/1251
f 1255/1255/1255 1253/1253/1253 1254/1254/1254
f 1254/1254/1254 1256/1256/1256 1255/1255/1255
f 1271/1271/1271 1269/1269/1269 1270/1270/1270
f 1270/1270/1270 1272/1272/1272 1271/1271/1271
f 1275/1275/1275 1273/1273/1273 1274/1274/1274
f 1274/1274/1274 1276/1276/1276 1275/1275/1275
f 1279/1279/1279 1277/1277/1277 1278/1278/1278
f 1278/1278/1278 1280/1280/1280 1279/1279/1279
f 1283/1283/1283 1281/1281/1281 1282/1282/1282
f 1282/1282/1282 1284/1284/1284 1283/1283/1283
f 1291/1291/1291 1289/1289/1289 1290/1290/1290
f 1290/1290/1290 1292/1292/1292 1291/1291/1291
f 1295/1295/1295 1293/1293/1293 1294/1294/1294
f 1294/1294/1294 1296/1296/1296 1295/1295/1295
f 1299/1299/1299 1297/1297/1297 1298/1298/1298
f 1298/1298/1298 1300/1300/1300 1299/1299/1299
f 1311/1311/1311 1309/1309/1309 1310/1310/1310
f 1310/1310/1310 1312/1312/1312 1311/1311/1311
f 1315/1315/1315 1313/1313/1313 1314/1314/1314
f 1314/1314/1314 1316/1316/1316 1315/1315/1315
f 1319/1319/1319 1317/1317/1317 1318/1318/1318
f 1318/1318/1318 1320/1320/1320 1319/1319/1319
f 1327/1327/1327 1325/1325/1325 1326/1326/1326
f 1326/1326/1326 1328/1328/1328 1327/1327/1327
f 1331/1331/1331 1329/1329/1329 1330/1330/1330
f 1330/1330/1330 1332/1332/1332 1331/1331/1331
f 1335/1335/1335 1333/1333/1333 1334/1334/1334
f 1334/1334/1334 1336/1336/1336 1335/1335/1335
f 1339/1339/1339 1337/1337/1337 1338/1338/1338
f 1338/1338/1338 1340/1340/1340 1339/1339/1339
f 1343/1343/1343 1341/1341/1341 1342/1342/1342
f 1342/1342/1342 1344/1344/1344 1343/1343/1343
f 1351/1351/1351 1349/1349/1349 1350/1350/1350
f 1350/1350/1350 1352/1352/1352 1351/1351/1351
f 1359/1359/1359 1357/1357/1357 1358/1358/1358
f 1358/1358/1358 1360/1360/1360 1359/1359/1359
f 1363/1363/1363 1361/1361/1361 1362/1362/1362
f 1362/1362/1362 1364/1364/1364 1363/1363/1363
f 1371/1371/1371 1369/1369/1369 1370/1370/1370
f 1370/1370/1370 1372/1372/1372 1371/1371/1371
f 1375/1375/1375 1373/1373/1373 1374/1374/1374
f 1374/1374/1374 1376/1376/1376 1375/1375/1375
f 1383/1383/1383 1381/1381/1381 1382/1382/1382
f 1382/1382/1382 1384/1384/1384 1383/1383/1383
f 1391/1391/1391 1389/1389/1389 1390/1390/1390
f 1390/1390/1390 1392/1392/1392 1391/1391/1391
f 1395/1395/1395 1393/1393/1393 1394/1394/1394
f 1394/1394/1394 1396/1396/1396 1395/1395/1395
f 1399/1399/1399 1397/1397/1397 1398/1398/1398
f 1398/1398/1398 1400/1400/1400 1399/1399/1399
f 1403/1403/1403 1401/1401/1401 1402/1402/1402
f 1402/1402/1402 1404/1404/1404 1403/1403/1403
f 1419/1419/1419 1417/1417/1417 1418/1418/1418
f 1418/1418/1418 1420/1420/1420 1419/1419/1419
f 1427/1427/1427 1425/1425/1425 1426/1426/1426
f 1426/1426/1426 1428/1428/1428 1427/1427/1427
f 1431/1431/1431 1429/1429/1429 1430/1430/1430
f 1430/1430/1430 1432/1432/1432 1431/1431/1431
f 1447/1447/1447 1445/1445/1445 1446/1446/1446
f 1446/1446/1446 1448/1448/1448 1447/1447/1447
f 1451/1451/1451 1449/1449/1449 1450/1450/1450
f 1450/1450/1450 1452/1452/1452 1451/1451/1451
f 1459/1459/1459 1457/1457/1457 1458/1458/1458
f 1458/1458/1458 1460/1460/1460 1459/1459/1459
f 1463/1463/1463 1461/1461/1461 1462/1462/1462
f 1462/1462/1462 1464/1464/1464 1463/1463/1463
f 1467/1467/1467 1465/1465/1465 1466/1466/1466
f 1466/1466/1466 1468/1468/1468 1467/1467/1467
f 1479/1479/1479 1477/1477/1477 1478/1478/1478
f 1478/1478/1478 1480/1480/1480 1479/1479/1479
f 1495/1495/1495 1493/1493/1493 1494/1494/1494
f 1494/1494/1494 1496/1496/1496 1495/1495/1495
f 1503/1503/1503 1501/1501/1501 1502/1502/1502
f 1502/1502/1502 1504/1504/1504 1503/1503/1503
f 1507/1507/1507 1505/1505/1505 1506/1506/1506
f 1506/1506/1506 1508/1508/1508 1507/1507/1507
f 1511/1511/1511 1509/1509/1509 1510/1510/1510
f 1510/1510/1510 1512/1512/1512 1511/1511/1511
f 1519/1519/1519 1517/1517/1517 1518/1518/1518
f 1518/1518/1518 1520/1520/1520 1519/1519/1519
f 1527/1527/1527 1525/1525/1525 1526/1526/1526
f 1526/1526/1526 1528/1528/1528 1527/1527/1527
f 1535/1535/1535 1533/1533/1533 1534/1534/1534
f 1534/1534/1534 1536/1536/1536 1535/1535/1535
f 1555/1555/1555 1553/1553/1553 1554/1554/1554
f 1554/1554/1554 1556/1556/1556 1555/1555/1555
f 1575/1575/1575 1573/1573/1573 1574/1574/1574
f 1574/1574/1574 1576/1576/1576 1575/1575/1575
f 1579/1579/1579 1577/1577/1577 1578/1578/1578
f 1578/1578/1578 1580/1580/1580 1579/1579/1579
f 1583/1583/1583 1581/1581/1581 1582/1582/1582
f 1582/1582/1582 1584/1584/1584 1583/1583/1583
f 1587/1587/1587 1585/1585/1585 1586/1586/1586
f 1586/1586/1586 1588/1588/1588 1587/1587/1587
f 1591/1591/1591 1589/1589/1589 1590/1590/1590
f 1590/1590/1590 1592/1592/1592 1591/1591/1591
f 1599/1599/1599 1597/1597/1597 1598/1598/1598
f 1598/1598/1598 1600/1600/1600 1599/1599/1599
f 1603/1603/1603 1601/1601/1601 1602/1602/1602
f 1602/1602/1602 1604/1604/1604 1603/1603/1603
f 1619/1619/1619 1617/1617/1617 1618/1618/1618
f 1618/1618/1618 1620/1620/1620 1619/1619/1619
f 1635/1635/1635 1633/1633/1633 1634/1634/1634
f 1634/1634/1634 1636/1636/1636 1635/1635/1635
f 1639/1639/1639 1637/1637/1637 1638/1638/1638
f 1638/1638/1638 1640/1640/1640 1639/1639/1639
f 1643/1643/1643 1641/1641/1641 1642/1642/1642
f 1642/1642/1642 1644/1644/1644 1643/1643/1643
f 1651/1651/1651 1649/1649/1649 1650/1650/1650
f 1650/1650/1650 1652/1652/1652 1651/1651/1651
f 1659/1659/1659 1657/1657/1657 1658/1658/1658
f 1658/1658/1658 1660/1660/1660 1659/1659/1659
f 1667/1667/1667 1665/1665/1665 1666/1666/1666
f 1666/1666/1666 1668/1668/1668 1667/1667/1667
f 1679/1679/1679 1677/1677/1677 1678/1678/1678
f 1678/1678/1678 1680/1680/1680 1679/1679/1679
f 1695/1695/1695 1693/1693/1693 1694/1694/1694
f 1694/1694/1694 1696/1696/1696 1695/1695/1695
f 1699/1699/1699 1697/1697/1697 1698/1698/1698
f 1698/1698/1698 1700/1700/1700 1699/1699/1699
f 1703/1703/1703 1701/1701/1701 1702/1702/1702
f 1702/1702/1702 1704/1704/1704 1703/1703/1703
f 1707/1707/1707 1705/1705/1705 1706/1706/1706
f 1706/1706/1706 1708/1708/1708 1707/1707/1707
f 1711/1711/1711 1709/1709/1709 1710/1710/1710
f 1710/1710/1710 1712/1712/1712 1711/1711/1711
f 1719/1719/1719 1717/1717/1717 1718/1718/1718
f 1718/1718/1718 1720/1720/1720 1719/1719/1719
f 1723/1723/1723 1721/1721/1721 1722/1722/1722
f 1722/1722/1722 1724/1724/1724 1723/1723/1723
f 1731/1731/1731 1729/1729/1729 1730/1730/1730
f 1730/1730/1730 1732/1732/1732 1731/1731/1731
f 1739/1739/1739 1737/1737/1737 1738/1738/1738
f 1738/1738/1738 1740/1740/1740 1739/1739/1739
f 1751/1751/1751 1749/1749/1749 1750/1750/1750
f 1750/1750/1750 1752/1752/1752 1751/1751/1751
f 1759/1759/1759 1757/1757/1757 1758/1758/1758
f 1758/1758/1758 1760/1760/1760 1759/1759/1759
f 1771/1771/1771 1769/1769/1769 1770/1770/1770
f 1770/1770/1770 1772/1772/1772 1771/1771/1771
f 1779/1779/1779 1777/1777/1777 1778/1778/1778
f 1778/1778/1778 1780/1780/1780 1779/1779/1779
f 1799/1799/1799 1797/1797/1797 1798/1798/1798
f 1798/1798/1798 1800/1800/1800 1799/1799/1799
f 1807/1807/1807 1805/1805/1805 1806/1806/1806
f 1806/1806/1806 1808/1808/1808 1807/1807/1807
f 1815/1815/1815 1813/1813/1813 1814/1814/1814
f 1814/1814/1814 1816/1816/1816 1815/1815/1815
f 1819/1819/1819 1817/1817/1817 1818/1818/1818
f 1818/1818/1818 1820/1820/1820 1819/1819/1819
f 1823/1823/1823 1821/1821/1821 1822/1822/1822
f 1822/1822/1822 1824/1824/1824 1823/1823/1823
f 1851/1851/1851 1849/1849/1849 1850/1850/1850
f 1850/1850/1850 1852/1852/1852 1851/1851/1851
f 1867/1867/1867 1865/1865/1865 1866/1866/1866
f 1866/1866/1866 1868/1868/1868 1867/1867/1867
f 1871/1871/1871 1869/1869/1869 1870/1870/1870
f 1870/1870/1870 1872/1872/1872 1871/1871/1871
f 1875/1875/1875 1873/1873/1873 1874/1874/1874
f 1874/1874/1874 1876/1876/1876 1875/1875/1875
f 1879/1879/1879 1877/1877/1877 1878/1878/1878
f 1878/1878/1878 1880/1880/1880 1879/1879/1879
f 1883/1883/1883 1881/1881/1881 1882/1882/1882
f 1882/1882/1882 1884/1884/1884 1883/1883/1883
f 1887/1887/1887 1885/1885/1885 1886/1886/1886
f 1886/1886/1886 1888/1888/1888 1887/1887/1887
f 1891/1891/1891 1889/1889/1889 1890/1890/1890
f 1890/1890/1890 1892/1892/1892 1891/1891/1891
f 1895/1895/1895 1893/1893/1893 1894/1894/1894
f 1894/1894/1894 1896/1896/1896 1895/1895/1895
f 1911/1911/1911 1909/1909/1909 1910/1910/1910
f 1910/1910/1910 1912/1912/1912 1911/1911/1911
f 1915/1915/1915 1913/1913/1913 1914/1914/1914
f 1914/1914/1914 1916/1916/1916 1915/1915/1915
f 1923/1923/1923 1921/1921/1921 1922/1922/1922
f 1922/1922/1922 1924/1924/1924 1923/1923/1923
f 1931/1931/1931 1929/1929/1929 1930/1930/1930
f 1930/1930/1930 1932/1932/1932 1931/1931/1931
f 1935/1935/1935 1933/1933/1933 1934/1934/1934
f 1934/1934/1934 1936/1936/1936 1935/1935/1935
f 1939/1939/1939 1937/1937/1937 1938/1938/1938
f 1938/1938/1938 1940/1940/1940 1939/1939/1939
f 1943/1943/1943 1941/1941/1941 1942/1942/1942
f 1942/1942/1942 1944/1944/1944 1943/1943/1943
f 1947/1947/1947 1945/1945/1945 1946/1946/1946
f 1946/1946/1946 1948/1948/1948 1947/1947/1947
f 1951/1951/1951 1949/1949/1949 1950/1950/1950
f 1950/1950/1950 1952/1952/1952 1951/1951/1951
f 1955/1955/1955 1953/1953/1953 1954/1954/1954
f 1954/1954/1954 1956/1956/1956 1955/1955/1955
f 1963/1963/1963 1961/1961/1961 1962/1962/1962
f 1962/1962/1962 1964/1964/1964 1963/1963/1963
f 1975/1975/1975 1973/1973/1973 1974/1974/1974
f 1974/1974/1974 1976/1976/1976 1975/1975/1975
f 1979/1979/1979 1977/1977/1977 1978/1978/1978
f 1978/1978/1978 1980/1980/1980 1979/1979/1979
f 1983/1983/1983 1981/1981/1981 1982/1982/1982
f 1982/1982/1982 1984/1984/1984 1983/1983/1983
f 1987/1987/1987 1985/1985/1985 1986/1986/1986
f 1986/1986/1986 1988/1988/1988 1987/1987/1987
f 1995/1995/1995 1993/1993/1993 1994/1994/1994
f 1994/1994/1994 1996/1996/1996 1995/1995/1995
f 1999/1999/1999 1997/1997/1997 1998/1998/1998
f 1998/1998/1998 2000/2000/2000 1999/1999/1999
f 2007/2007/2007 2005/2005/2005 2006/2006/2006
f 2006/2006/2006 2008/2008/2008 2007/2007/2007
f 2019/2019/2019 2017/2017/2017 2018/2018/2018
f 2018/2018/2018 2020/2020/2020 2019/2019/2019
f 2023/2023/2023 2021/2021/2021 2022/2022/2022
f 2022/2022/2022 2024/2024/2024 2023/2023/2023
f 2031/2031/2031 2029/2029/2029 2030/2030/2030
f 2030/2030/2030 2032/2032/2032 2031/2031/2031
f 2035/2035/2035 2033/2033/2033 2034/2034/2034
f 2034/2034/2034 2036/2036/2036 2035/2035/2035
f 2055/2055/2055 2053/2053/2053 2054/2054/2054
f 2054/2054/2054 2056/2056/2056 2055/2055/2055
f 2059/2059/2059 2057/2057/2057 2058/2058/2058
f 2058/2058/2058 2060/2060/2060 2059/2059/2059
f 2063/2063/2063 2061/2061/2061 2062/2062/2062
f 2062/2062/2062 2064/2064/2064 2063/2063/2063
f 2067/2067/2067 2065/2065/2065 2066/2066/2066
f 2066/2066/2066 2068/2068/2068 2067/2067/2067
f 2075/2075/2075 2073/2073/2073 2074/2074/2074
f 2074/2074/2074 2076/2076/2076 2075/2075/2075
f 2079/2079/2079 2077/2077/2077 2078/2078/2078
f 2078/2078/2078 2080/2080/2080 2079/2079/2079
f 2087/2087/2087 2085/2085/2085 2086/2086/2086
f 2086/2086/2086 2088/2088/2088 2087/2087/2087
f 2091/2091/2091 2089/2089/2089 2090/2090/2090
f 2090/2090/2090 2092/2092/2092 2091/2091/2091
f 2095/2095/2095 2093/2093/2093 2094/2094/2094
f 2094/2094/2094 2096/2096/2096 2095/2095/2095
f 2103/2103/2103 2101/2101/2101 2102/2102/2102
f 2102/2102/2102 2104/2104/2104 2103/2103/2103
f 2107/2107/2107 2105/2105/2105 2106/2106/2106
f 2106/2106/2106 2108/2108/2108 2107/2107/2107
f 2111/2111/2111 2109/2109/2109 2110/2110/2110
f 2110/2110/2110 2112/2112/2112 2111/2111/2111
f 2115/2115/2115 2113/2113/2113 2114/2114/2114
f 2114/2114/2114 2116/2116/2116 2115/2115/2115
f 2123/2123/2123 2121/2121/2121 2122/2122/2122
f 2122/2122/2122 2124/2124/2124 2123/2123/2123
f 2131/2131/2131 2129/2129/2129 2130/2130/2130
f 2130/2130/2130 2132/2132/2132 2131/2131/2131
f 2151/2151/2151 2149/2149/2149 2150/2150/2150
f 2150/2150/2150 2152/2152/2152 2151/2151/2151
f 2155/2155/2155 2153/2153/2153 2154/2154/2154
f 2154/2154/2154 2156/2156/2156 2155/2155/2155
f 2159/2159/2159 2157/2157/2157 2158/2158/2158
f 2158/2158/2158 2160/2160/2160 2159/2159/2159
f 2167/2167/2167 2165/2165/2165 2166/2166/2166
f 2166/2166/2166 2168/2168/2168 2167/2167/2167
f 2171/2171/2171 2169/2169/2169 2170/2170/2170
f 2170/2170/2170 2172/2172/2172 2171/2171/2171
f 2175/2175/2175 2173/2173/2173 2174/2174/2174
f 2174/2174/2174 2176/2176/2176 2175/2175/2175
f 2179/2179/2179 2177/2177/2177 2178/2178/2178
f 2178/2178/2178 2180/2180/2180 2179/2179/2179
f 2187/2187/2187 2185/2185/2185 2186/2186/2186
f 2186/2186/2186 2188/2188/2188 2187/2187/2187
f 2211/2211/2211 2209/2209/2209 2210/2210/2210
f 2210/2210/2210 2212/2212/2212 2211/2211/2211
f 2219/2219/2219 2217/2217/2217 2218/2218/2218
f 2218/2218/2218 2220/2220/2220 2219/2219/2219
f 2227/2227/2227 2225/2225/2225 2226/2226/2226
f 2226/2226/2226 2228/2228/2228 2227/2227/2227
f 2231/2231/2231 2229/2229/2229 2230/2230/2230
f 2230/2230/2230 2232/2232/2232 2231/2231/2231
f 2243/2243/2243 2241/2241/2241 2242/2242/2242
f 2242/2242/2242 2244/2244/2244 2243/2243/2243
f 2251/2251/2251 2249/2249/2249 2250/2250/2250
f 2250/2250/2250 2252/2252/2252 2251/2251/2251
f 2255/2255/2255 2253/2253/2253 2254/2254/2254
f 2254/2254/2254 2256/2256/2256 2255/2255/2255
f 2263/2263/2263 2261/2261/2261 2262/2262/2262
f 2262/2262/2262 2264/2264/2264 2263/2263/2263
f 2267/2267/2267 2265/2265/2265 2266/2266/2266
f 2266/2266/2266 2268/2268/2268 2267/2267/2267
f 2271/2271/2271 2269/2269/2269 2270/2270/2270
f 2270/2270/2270 2272/2272/2272 2271/2271/2271
f 2275/2275/2275 2273/2273/2273 2274/2274/2274
f 2274/2274/2274 2276/2276/2276 2275/2275/2275
f 2283/2283/2283 2281/2281/2281 2282/2282/2282
f 2282/2282/2282 2284/2284/2284 2283/2283/2283
f 2287/2287/2287 2285/2285/2285 2286/2286/2286
f 2286/2286/2286 2288/2288/2288 2287/2287/2287
f 2291/2291/2291 2289/2289/2289 2290/2290/2290
f 2290/2290/2290 2292/2292/2292 2291/2291/2291
f 2299/2299/2299 2297/2297/2297 2298/2298/2298
f 2298/2298/2298 2300/2300/2300 2299/2299/2299
f 2307/2307/2307 2305/2305/2305 2306/2306/2306
f 2306/2306/2306 2308/2308/2308 2307/2307/2307
f 2311/2311/2311 2309/2309/2309 2310/2310/2310
f 2310/2310/2310 2312/2312/2312 2311/2311/2311
f 2315/2315/2315 2313/2313/2313 2314/2314/2314
f 2314/2314/2314 2316/2316/2316 2315/2315/2315
f 2319/2319/2319 2317/2317/2317 2318/2318/2318
f 2318/2318/2318 2320/2320/2320 2319/2319/2319
f 2323/2323/2323 2321/2321/2321 2322/2322/2322
f 2322/2322/2322 2324/2324/2324 2323/2323/2323
f 2327/2327/2327 2325/2325/2325 2326/2326/2326
f 2326/2326/2326 2328/2328/2328 2327/2327/2327
f 2335/2335/2335 2333/2333/2333 2334/2334/2334
f 2334/2334/2334 2336/2336/2336 2335/2335/2335
f 2339/2339/2339 2337/2337/2337 2338/2338/2338
f 2338/2338/2338 2340/2340/2340 2339/2339/2339
f 2375/2375/2375 2373/2373/2373 2374/2374/2374
f 2374/2374/2374 2376/2376/2376 2375/2375/2375
f 2387/2387/2387 2385/2385/2385 2386/2386/2386
f 2386/2386/2386 2388/2388/2388 2387/2387/2387
f 2391/2391/2391 2389/2389/2389 2390/2390/2390
f 2390/2390/2390 2392/2392/2392 2391/2391/2391
f 2395/2395/2395 2393/2393/2393 2394/2394/2394
f 2394/2394/2394 2396/2396/2396 2395/2395/2395
f 2403/2403/2403 2401/2401/2401 2402/2402/2402
f 2402/2402/2402 2404/2404/2404 2403/2403/2403
f 2407/2407/2407 2405/2405/2405 2406/2406/2406
f 2406/2406/2406 2408/2408/2408 2407/2407/2407
f 2411/2411/2411 2409/2409/2409 2410/2410/2410
f 2410/2410/2410 2412/2412/2412 2411/2411/2411
f 2419/2419/2419 2417/2417/2417 2418/2418/2418
f 2418/2418/2418 2420/2420/2420 2419/2419/2419
f 2439/2439/2439 2437/2437/2437 2438/2438/2438
f 2438/2438/2438 2440/2440/2440 2439/2439/2439
f 2451/2451/2451 2449/2449/2449 2450/2450/2450
f 2450/2450/2450 2452/2452/2452 2451/2451/2451
f 2455/2455/2455 2453/2453/2453 2454/2454/2454
f 2454/2454/2454 2456/2456/2456 2455/2455/2455
f 2459/2459/2459 2457/2457/2457 2458/2458/2458
f 2458/2458/2458 2460/2460/2460 2459/2459/2459
f 2463/2463/2463 2461/2461/2461 2462/2462/2462
f 2462/2462/2462 2464/2464/2464 2463/2463/2463
f 2475/2475/2475 2473/2473/2473 2474/2474/2474
f 2474/2474/2474 2476/2476/2476 2475/2475/2475
f 2479/2479/2479 2477/2477/2477 2478/2478/2478
f 2478/2478/2478 2480/2480/2480 2479/2479/2479
f 2483/2483/2483 2481/2481/2481 2482/2482/2482
f 2482/2482/2482 2484/2484/2484 2483/2483/2483
f 2491/2491/2491 2489/2489/2489 2490/2490/2490
f 2490/2490/2490 2492/2492/2492 2491/2491/2491
f 2507/2507/2507 2505/2505/2505 2506/2506/2506
f 2506/2506/2506 2508/2508/2508 2507/2507/2507
f 2511/2511/2511 2509/2509/2509 2510/2510/2510
f 2510/2510/2510 2512/2512/2512 2511/2511/2511
f 2519/2519/2519 2517/2517/2517 2518/2518/2518
f 2518/2518/2518 2520/2520/2520 2519/2519/2519
f 2523/2523/2523 2521/2521/2521 2522/2522/2522
f 2522/2522/2522 2524/2524/2524 2523/2523/2523
f 2527/2527/2527 2525/2525/2525 2526/2526/2526
f 2526/2526/2526 2528/2528/2528 2527/2527/2527
f 2531/2531/2531 2529/2529/2529 2530/2530/2530
f 2530/2530/2530 2532/2532/2532 2531/2531/2531
f 2535/2535/2535 2533/2533/2533 2534/2534/2534
f 2534/2534/2534 2536/2536/2536 2535/2535/2535
f 2539/2539/2539 2537/2537/2537 2538/2538/2538
f 2538/2538/2538 2540/2540/2540 2539/2539/2539
f 2547/2547/2547 2545/2545/2545 2546/2546/2546
f 2546/2546/2546 2548/2548/2548 2547/2547/2547
f 2551/2551/2551 2549/2549/2549 2550/2550/2550
f 2550/2550/2550 2552/2552/2552 2551/2551/2551
f 2555/2555/2555 2553/2553/2553 2554/2554/2554
f 2554/2554/2554 2556/2556/2556 2555/2555/2555
f 2567/2567/2567 2565/2565/2565 2566/2566/2566
f 2566/2566/2566 2568/2568/2568 2567/2567/2567
f 2575/2575/2575 2573/2573/2573 2574/2574/2574
f 2574/2574/2574 2576/2576/2576 2575/2575/2575
f 2579/2579/2579 2577/2577/2577 2578/2578/2578
f 2578/2578/2578 2580/2580/2580 2579/2579/2579
f 2587/2587/2587 2585/2585/2585 2586/2586/2586
f 2586/2586/2586 2588/2588/2588 2587/2587/2587
f 2591/2591/2591 2589/2589/2589 2590/2590/2590
f 2590/2590/2590 2592/2592/2592 2591/2591/2591
f 2599/2599/2599 2597/2597/2597 2598/2598/2598
f 2598/2598/2598 2600/2600/2600 2599/2599/2599
f 2603/2603/2603 2601/2601/2601 2602/2602/2602
f 2602/2602/2602 2604/2604/2604 2603/2603/2603
f 2607/2607/2607 2605/2605/2605 2606/2606/2606
f 2606/2606/2606 2608/2608/2608 2607/2607/2607
f 2615/2615/2615 2613/2613/2613 2614/2614/2614
f 2614/2614/2614 2616/2616/2616 2615/2615/2615
f 2619/2619/2619 2617/2617/2617 2618/2618/2618
f 2618/2618/2618 2620/2620/2620 2619/2619/2619
f 2623/2623/2623 2621/2621/2621 2622/2622/2622
f 2622/2622/2622 2624/2624/2624 2623/2623/2623
f 2627/2627/2627 2625/2625/2625 2626/2626/2626
f 2626/2626/2626 2628/2628/2628 2627/2627/2627
f 2631/2631/2631 2629/2629/2629 2630/2630/2630
f 2630/2630/2630 2632/2632/2632 2631/2631/2631
f 2635/2635/2635 2633/2633/2633 2634/2634/2634
f 2634/2634/2634 2636/2636/2636 2635/2635/2635
f 2643/2643/2643 2641/2641/2641 2642/2642/2642
f 2642/2642/2642 2644/2644/2644 2643/2643/2643
f 2651/2651/2651 2649/2649/2649 2650/2650/2650
f 2650/2650/2650 2652/2652/2652 2651/2651/2651
f 2659/2659/2659 2657/2657/2657 2658/2658/2658
f 2658/2658/2658 2660/2660/2660 2659/2659/2659
f 2663/2663/2663 2661/2661/2661 2662/2662/2662
f 2662/2662/2662 2664/2664/2664 2663/2663/2663
f 2667/2667/2667 2665/2665/2665 2666/2666/2666
f 2666/2666/2666 2668/2668/2668 2667/2667/2667
f 2671/2671/2671 2669/2669/2669 2670/2670/2670
f 2670/2670/2670 2672/2672/2672 2671/2671/2671
f 2679/2679/2679 2677/2677/2677 2678/2678/2678
f 2678/2678/2678 2680/2680/2680 2679/2679/2679
f 2687/2687/2687 2685/2685/2685 2686/2686/2686
f 2686/2686/2686 2688/2688/2688 2687/2687/2687
f 2691/2691/2691 2689/2689/2689 2690/2690/2690
f 2690/2690/2690 2692/2692/2692 2691/2691/2691
f 2695/2695/2695 2693/2693/2693 2694/2694/2694
f 2694/2694/2694 2696/2696/2696 2695/2695/2695
f 2699/2699/2699 2697/2697/2697 2698/2698/2698
f 2698/2698/2698 2700/2700/2700 2699/2699/2699
f 2715/2715/2715 2713/2713/2713 2714/2714/2714
f 2714/2714/2714 2716/2716/2716 2715/2715/2715
f 2719/2719/2719 2717/2717/2717 2718/2718/2718
f 2718/2718/2718 2720/2720/2720 2719/2719/2719
f 2723/2723/2723 2721/2721/2721 2722/2722/2722
f 2722/2722/2722 2724/2724/2724 2723/2723/2723
f 2731/2731/2731 2729/2729/2729 2730/2730/2730
f 2730/2730/2730 2732/2732/2732 2731/2731/2731
f 2735/2735/2735 2733/2733/2733 2734/2734/2734
f 2734/2734/2734 2736/2736/2736 2735/2735/2735
f 2759/2759/2759 2757/2757/2757 2758/2758/2758
f 2758/2758/2758 2760/2760/2760 2759/2759/2759
f 2771/2771/2771 2769/2769/2769 2770/2770/2770
f 2770/2770/2770 2772/2772/2772 2771/2771/2771
f 2791/2791/2791 2789/2789/2789 2790/2790/2790
f 2790/2790/2790 2792/2792/2792 2791/2791/2791
f 2811/2811/2811 2809/2809/2809 2810/2810/2810
f 2810/2810/2810 2812/2812/2812 2811/2811/2811
f 2815/2815/2815 2813/2813/2813 2814/2814/2814
f 2814/2814/2814 2816/2816/2816 2815/2815/2815
f 2823/2823/2823 2821/2821/2821 2822/2822/2822
f 2822/2822/2822 2824/2824/2824 2823/2823/2823
f 2827/2827/2827 2825/2825/2825 2826/2826/2826
f 2826/2826/2826 2828/2828/2828 2827/2827/2827
f 2847/2847/2847 2845/2845/2845 2846/2846/2846
f 2846/2846/2846 2848/2848/2848 2847/2847/2847
f 2851/2851/2851 2849/2849/2849 2850/2850/2850
f 2850/2850/2850 2852/2852/2852 2851/2851/2851
f 2855/2855/2855 2853/2853/2853 2854/2854/2854
f 2854/2854/2854 2856/2856/2856 2855/2855/2855
f 2863/2863/2863 2861/2861/2861 2862/2862/2862
f 2862/2862/2862 2864/2864/2864 2863/2863/2863
f 2875/2875/2875 2873/2873/2873 2874/2874/2874
f 2874/2874/2874 2876/2876/2876 2875/2875/2875
f 2879/2879/2879 2877/2877/2877 2878/2878/2878
f 2878/2878/2878 2880/2880/2880 2879/2879/2879
f 2887/2887/2887 2885/2885/2885 2886/2886/2886
f 2886/2886/2886 2888/2888/2888 2887/2887/2887
f 2891/2891/2891 2889/2889/2889 2890/2890/2890
f 2890/2890/2890 2892/2892/2892 2891/2891/2891
f 2907/2907/2907 2905/2905/2905 2906/2906/2906
f 2906/2906/2906 2908/2908/2908 2907/2907/2907
f 2915/2915/2915 2913/2913/2913 2914/2914/2914
f 2914/2914/2914 2916/2916/2916 2915/2915/2915
f 2919/2919/2919 2917/2917/2917 2918/2918/2918
f 2918/2918/2918 2920/2920/2920 2919/2919/2919
f 2923/2923/2923 2921/2921/2921 2922/2922/2922
f 2922/2922/2922 2924/2924/2924 2923/2923/2923
f 2927/2927/2927 2925/2925/2925 2926/2926/2926
f 2926/2926/2926 2928/2928/2928 2927/2927/2927
f 2935/2935/2935 2933/2933/2933 2934/2934/2934
f 2934/2934/2934 2936/2936/2936 2935/2935/2935
f 2939/2939/2939 2937/2937/2937 2938/2938/2938
f 2938/2938/2938 2940/2940/2940 2939/2939/2939
f 2943/2943/2943 2941/2941/2941 2942/2942/2942
f 2942/2942/2942 2944/2944/2944 2943/2943/2943
f 2947/2947/2947 2945/2945/2945 2946/2946/2946
f 2946/2946/2946 2948/2948/2948 2947/2947/2947
f 2951/2951/2951 2949/2949/2949 2950/2950/2950
f 2950/2950/2950 2952/2952/2952 2951/2951/2951
f 2975/2975/2975 2973/2973/2973 2974/2974/2974
f 2974/2974/2974 2976/2976/2976 2975/2975/2975
f 2983/2983/2983 2981/2981/2981 2982/2982/2982
f 2982/2982/2982 2984/2984/2984 2983/2983/2983
f 2987/2987/2987 2985/2985/2985 2986/2986/2986
f 2986/2986/2986 2988/2988/2988 2987/2987/2987
f 2991/2991/2991 2989/2989/2989 2990/2990/2990
f 2990/2990/2990 2992/2992/2992 2991/2991/2991
f 3003/3003/3003 3001/3001/3001 3002/3002/3002
f 3002/3002/3002 3004/3004/3004 3003/3003/3003
f 3007/3007/3007 3005/3005/3005 3006/3006/3006
f 3006/3006/3006 3008/3008/3008 3007/3007/3007
f 3011/3011/3011 3009/3009/3009 3010/3010/3010
f 3010/3010/3010 3012/3012/3012 3011/3011/3011
f 3019/3019/3019 3017/3017/3017 3018/3018/3018
f 3018/3018/3018 3020/3020/3020 3019/3019/3019
f 3027/3027/3027 3025/3025/3025 3026/3026/3026
f 3026/3026/3026 3028/3028/3028 3027/3027/3027
f 3043/3043/3043 3041/3041/3041 3042/3042/3042
f 3042/3042/3042 3044/3044/3044 3043/3043/3043
f 3051/3051/3051 3049/3049/3049 3050/3050/3050
f 3050/3050/3050 3052/3052/3052 3051/3051/3051
f 3055/3055/3055 3053/3053/3053 3054/3054/3054
f 3054/3054/3054 3056/3056/3056 3055/3055/3055
f 3059/3059/3059 3057/3057/3057 3058/3058/3058
f 3058/3058/3058 3060/3060/3060 3059/3059/3059
f 3063/3063/3063 3061/3061/3061 3062/3062/3062
f 3062/3062/3062 3064/3064/3064 3063/3063/3063
f 3071/3071/3071 3069/3069/3069 3070/3070/3070
f 3070/3070/3070 3072/3072/3072 3071/3071/3071
f 3079/3079/3079 3077/3077/3077 3078/3078/3078
f 3078/3078/3078 3080/3080/3080 3079/3079/3079
f 3083/3083/3083 3081/3081/3081 3082/3082/3082
f 3082/3082/3082 3084/3084/3084 3083/3083/3083
f 3091/3091/3091 3089/3089/3089 3090/3090/3090
f 3090/3090/3090 3092/3092/3092 3091/3091/3091
f 3095/3095/3095 3093/3093/3093 3094/3094/3094
f 3094/3094/3094 3096/3096/3096 3095/3095/3095
f 3099/3099/3099 3097/3097/3097 3098/3098/3098
f 3098/3098/3098 3100/3100/3100 3099/3099/3099
f 3103/3103/3103 3101/3101/3101 3102/3102/3102
f 3102/3102/3102 3104/3104/3104 3103/3103/3103
f 3107/3107/3107 3105/3105/3105 3106/3106/3106
f 3106/3106/3106 3108/3108/3108 3107/3107/3107
f 3111/3111/3111 3109/3109/3109 3110/3110/3110
f 3110/3110/3110 3112/3112/3112 3111/3111/3111
f 3123/3123/3123 3121/3121/3121 3122/3122/3122
f 3122/3122/3122 3124/3124/3124 3123/3123/3123
f 3131/3131/3131 3129/3129/3129 3130/3130/3130
f 3130/3130/3130 3132/3132/3132 3131/3131/3131
f 3143/3143/3143 3141/3141/3141 3142/3142/3142
f 3142/3142/3142 3144/3144/3144 3143/3143/3143
f 3147/3147/3147 3145/3145/3145 3146/3146/3146
f 3146/3146/3146 3148/3148/3148 3147/3147/3147
f 3155/3155/3155 3153/3153/3153 3154/3154/3154
f 3154/3154/3154 3156/3156/3156 3155/3155/3155
f 3167/3167/3167 3165/3165/3165 3166/3166/3166
f 3166/3166/3166 3168/3168/3168 3167/3167/3167
f 3175/3175/3175 3173/3173/3173 3174/3174/3174
f 3174/3174/3174 3176/3176/3176 3175/3175/3175
f 3183/3183/3183 3181/3181/3181 3182/3182/3182
f 3182/3182/3182 3184/3184/3184 3183/3183/3183
f 3187/3187/3187 3185/3185/3185 3186/3186/3186
f 3186/3186/3186 3188/3188/3188 3187/3187/3187
f 3195/3195/3195 3193/3193/3193 3194/3194/3194
f 3194/3194/3194 3196/3196/3196 3195/3195/3195
f 3203/3203/3203 3201/3201/3201 3202/3202/3202
f 3202/3202/3202 3204/3204/3204 3203/3203/3203
f 3211/3211/3211 3209/3209/3209 3210/3210/3210
f 3210/3210/3210 3212/3212/3212 3211/3211/3211
f 3219/3219/3219 3217/3217/3217 3218/3218/3218
f 3218/3218/3218 3220/3220/3220 3219/3219/3219
f 3223/3223/3223 3221/3221/3221 3222/3222/3222
f 3222/3222/3222 3224/3224/3224 3223/3223/3223
f 3227/3227/3227 3225/3225/3225 3226/3226/3226
f 3226/3226/3226 3228/3228/3228 3227/3227/3227
f 3231/3231/3231 3229/3229/3229 3230/3230/3230
f 3230/3230/3230 3232/3232/3232 3231/3231/3231
f 3235/3235/3235 3233/3233/3233 3234/3234/3234
f 3234/3234/3234 3236/3236/3236 3235/3235/3235
f 3239/3239/3239 3237/3237/3237 3238/3238/3238
f 3238/3238/3238 3240/3240/3240 3239/3239/3239
f 3243/3243/3243 3241/3241/3241 3242/3242/3242
f 3242/3242/3242 3244/3244/3244 3243/3243/3243
f 3247/3247/3247 3245/3245/3245 3246/3246/3246
f 3246/3246/3246 3248/3248/3248 3247/3247/3247
f 3259/3259/3259 3257/3257/3257 3258/3258/3258
f 3258/3258/3258 3260/3260/3260 3259/3259/3259
f 3263/3263/3263 3261/3261/3261 3262/3262/3262
f 3262/3262/3262 3264/3264/3264 3263/3263/3263
f 3267/3267/3267 3265/3265/3265 3266/3266/3266
f 3266/3266/3266 3268/3268/3268 3267/3267/3267
f 3275/3275/3275 3273/3273/3273 3274/3274/3274
f 3274/3274/3274 3276/3276/3276 3275/3275/3275
f 3279/3279/3279 3277/3277/3277 3278/3278/3278
f 3278/3278/3278 3280/3280/3280 3279/3279/3279
f 3295/3295/3295 3293/3293/3293 3294/3294/3294
f 3294/3294/3294 3296/3296/3296 3295/3295/3295
f 3299/3299/3299 3297/3297/3297 3298/3298/3298
f 3298/3298/3298 3300/3300/3300 3299/3299/3299
usemtl branch
f 3303/3303/3303 3306/3306/3306 3302/3302/3302
f 3302/3302/3302 3306/3306/3306 3305/3305/3305
f 3302/3302/3302 3305/3305/3305 3301/3301/3301
f 3301/3301/3301 3305/3305/3305 3304/3304/3304
f 3301/3301/3301 3304/3304/3304 3306/3306/3306
f 3301/3301/3301 3306/3306/3306 3303/3303/3303
f 3306/3306/3306 3309/3309/3309 3305/3305/3305
f 3305/3305/3305 3309/3309/3309 3308/3308/3308
f 3305/3305/3305 3308/3308/3308 3304/3304/3304
f 3304/3304/3304 3308/3308/3308 3307/3307/3307
f 3304/3304/3304 3307/3307/3307 3309/3309/3309
f 3304/3304/3304 3309/3309/3309 3306/3306/3306
f 3309/3309/3309 3312/3312/3312 3308/3308/3308
f 3308/3308/3308 3312/3312/3312 3311/3311/3311
f 3308/3308/3308 3311/3311/3311 3307/3307/3307
f 3307/3307/3307 3311/3311/3311 3310/3310/3310
f 3307/3307/3307 3310/3310/3310 3312/3312/3312
f 3307/3307/3307 3312/3312/3312 3309/3309/3309
f 3312/3312/3312 3315/3315/3315 3311/3311/3311
f 3311/3311/3311 3315/3315/3315 3314/3314/3314
f 3311/3311/3311 3314/3314/3314 3310/3310/3310
f 3310/3310/3310 3314/3314/3314 3313/3313/3313
f 3310/3310/3310 3313/3313/3313 3315/3315/3315
f 3310/3310/3310 3315/3315/3315 3312/3312/3312
f 3315/3315/3315 3318/3318/3318 3314/3314/3314
f 3314/3314/3314 3318/3318/3318 3317/3317/3317
f 3314/3314/3314 3317/3317/3317 3313/3313/3313
f 3313/3313/3313 3317/3317/3317 3316/3316/3316
f 3313/3313/3313 3316/3316/3316 3318/3318/3318
f 3313/3313/3313 3318/3318/3318 3315/3315/3315
f 3318/3318/3318 3321/3321/3321 3317/3317/3317
f 3317/3317/3317 3321/3321/3321 3320/3320/3320
f 3317/3317/3317 3320/3320/3320 3316/3316/3316
f 3316/3316/3316 3320/3320/3320 3319/3319/3319
f 3316/3316/3316 3319/3319/3319 3321/3321/3321
f 3316/3316/3316 3321/3321/3321 3318/3318/3318
f 3321/3321/3321 3324/3324/3324 3320/3320/3320
f 3320/3320/3320 3324/3324/3324 3323/3323/3323
f 3320/3320/3320 3323/3323/3323 3319/3319/3319
f 3319/3319/3319 3323/3323/3323 3322/3322/3322
f 3319/3319/3319 3322/3322/3322 3324/3324/3324
f 3319/3319/3319 3324/3324/3324 3321/3321/3321
f 3324/3324/3324 3327/3327/3327 3323/3323/3323
f 3323/3323/3323 3327/3327/3327 3326/3326/3326
f 3323/3323/3323 3326/3326/3326 3322/3322/3322
f 3322/3322/3322 3326/3326/3326 3325/3325/3325
f 3322/3322/3322 3325/3325/3325 3327/3327/3327
f 3322/3322/3322 3327/3327/3327 3324/3324/3324
f 3327/3327/3327 3330/3330/3330 3326/3326/3326
f 3326/3326/3326 3330/3330/3330 3329/3329/3329
f 3326/3326/3326 3329/3329/3329 3325/3325/3325
f 3325/3325/3325 3329/3329/3329 3328/3328/3328
f 3325/3325/3325 3328/3328/3328 3330/3330/3330
f 3325/3325/3325 3330/3330/3330 3327/3327/3327
f 3330/3330/3330 3333/3333/3333 3329/3329/3329
f 3329/3329/3329 3333/3333/3333 3332/3332/3332
f 3329/3329/3329 3332/3332/3332 3328/3328/3328
f 3328/3328/3328 3332/3332/3332 3331/3331/3331
f 3328/3328/3328 3331/3331/3331 3333/3333/3333
f 3328/3328/3328 3333/3333/3333 3330/3330/3330
f 3333/3333/3333 3336/3336/3336 3332/3332/3332
f 3332/3332/3332 3336/3336/3336 3335/3335/3335
f 3332/3332/3332 3335/3335/3335 3331/3331/3331
f 3331/3331/3331 3335/3335/3335 3334/3334/3334
f 3331/3331/3331 3334/3334/3334 3336/3336/3336
f 3331/3331/3331 3336/3336/3336 3333/3333/3333
f 3336/3336/3336 3339/3339/3339 3335/3335/3335
f 3335/3335/3335 3339/3339/3339 3338/3338/3338
f 3335/3335/3335 3338/3338/3338 3334/3334/3334
f 3334/3334/3334 3338/3338/3338 3337/3337/3337
f 3334/3334/3334 3337/3337/3337 3339/3339/3339
f 3334/3334/3334 3339/3339/3339 3336/3336/3336
f 3339/3339/3339 3342/3342/3342 3338/3338/3338
f 3338/3338/3338 3342/3342/3342 3341/3341/3341
f 3338/3338/3338 3341/3341/3341 3337/3337/3337
f 3337/3337/3337 3341/3341/3341 3340/3340/3340
f 3337/3337/3337 3340/3340/3340 3342/3342/3342
f 3337/3337/3337 3342/3342/3342 3339/3339/3339
f 3342/3342/3342 3345/3345/3345 3341/3341/3341
f 3341/3341/3341 3345/3345/3345 3344/3344/3344
f 3341/3341/3341 3344/3344/3344 3340/3340/3340
f 3340/3340/3340 3344/3344/3344 3343/3343/3343
f 3340/3340/3340 3343/3343/3343 3345/3345/3345
f 3340/3340/3340 3345/3345/3345 3342/3342/3342
f 3345/3345/3345 3348/3348/3348 3344/3344/3344
f 3344/3344/3344 3348/3348/3348 3347/3347/3347
f 3344/3344/3344 3347/3347/3347 3343/3343/3343
f 3343/3343/3343 3347/3347/3347 3346/3346/3346
f 3343/3343/3343 3346/3346/3346 3348/3348/3348
f 3343/3343/3343 3348/3348/3348 3345/3345/3345
f 3348/3348/3348 3351/3351/3351 3347/3347/3347
f 3347/3347/3347 3351/3351/3351 3350/3350/3350
f 3347/3347/3347 3350/3350/3350 3346/3346/3346
f 3346/3346/3346 3350/3350/3350 3349/3349/3349
f 3346/3346/3346 3349/3349/3349 3351/3351/3351
f 3346/3346/3346 3351/3351/3351 3348/3348/3348
f 3351/3351/3351 3354/3354/3354 3350/3350/3350
f 3350/3350/3350 3354/3354/3354 3353/3353/3353
f 3350/3350/3350 3353/3353/3353 3349/3349/3349
f 3349/3349/3349 3353/3353/3353 3352/3352/3352
f 3349/3349/3349 3352/3352/3352 3354/3354/3354
f 3349/3349/3349 3354/3354/3354 3351/3351/3351
f 3354/3354/3354 3357/3357/3357 3353/3353/3353
f 3353/3353/3353 3357/3357/3357 3356/3356/3356
f 3353/3353/3353 3356/3356/3356 3352/3352/3352
f 3352/3352/3352 3356/3356/3356 3355/3355/3355
f 3352/3352/3352 3355/3355/3355 3357/3357/3357
f 3352/3352/3352 3357/3357/3357 3354/3354/3354
f 3357/3357/3357 3360/3360/3360 3356/3356/3356
f 3356/3356/3356 3360/3360/3360 3359/3359/3359
f 3356/3356/3356 3359/3359/3359 3355/3355/3355
f 3355/3355/3355 3359/3359/3359 3358/3358/3358
f 3355/3355/3355 3358/3358/3358 3360/3360/3360
f 3355/3355/3355 3360/3360/3360 3357/3357/3357
f 3360/3360/3360 3363/3363/3363 3359/3359/3359
f 3359/3359/3359 3363/3363/3363 3362/3362/3362
f 3359/3359/3359 3362/3362/3362 3358/3358/3358
f 3358/3358/3358 3362/3362/3362 3361/3361/3361
f 3358/3358/3358 3361/3361/3361 3363/3363/3363
f 3358/3358/3358 3363/3363/3363 3360/3360/3360
f 3366/3366/3366 3369/3369/3369 3365/3365/3365
f 3365/3365/3365 3369/3369/3369 3368/3368/3368
f 3365/3365/3365 3368/3368/3368 3364/3364/3364
f 3364/3364/3364 3368/3368/3368 3367/3367/3367
f 3364/3364/3364 3367/3367/3367 3369/3369/3369
f 3364/3364/3364 3369/3369/3369 3366/3366/3366
f 3369/3369/3369 3372/3372/3372 3368/3368/3368
f 3368/3368/3368 3372/3372/3372 3371/3371/3371
f 3368/3368/3368 3371/3371/3371 3367/3367/3367
f 3367/3367/3367 3371/3371/3371 3370/3370/3370
f 3367/3367/3367 3370/3370/3370 3372/3372/3372
f 3367/3367/3367 3372/3372/3372 3369/3369/3369
f 3372/3372/3372 3375/3375/3375 3371/3371/3371
f 3371/3371/3371 3375/3375/3375 3374/3374/3374
f 3371/3371/3371 3374/3374/3374 3370/3370/3370
f 3370/3370/3370 3374/3374/3374 3373/3373/3373
f 3370/3370/3370 3373/3373/3373 3375/3375/3375
f 3370/3370/3370 3375/3375/3375 3372/3372/3372
f 3375/3375/3375 3378/3378/3378 3374/3374/3374
f 3374/3374/3374 3378/3378/3378 3377/3377/3377
f 3374/3374/3374 3377/3377/3377 3373/3373/3373
f 3373/3373/3373 3377/3377/3377 3376/3376/3376
f 3373/3373/3373 3376/3376/3376 3378/3378/3378
f 3373/3373/3373 3378/3378/3378 3375/3375/3375
f 3378/3378/3378 3381/3381/3381 3377/3377/3377
f 3377/3377/3377 3381/3381/3381 3380/3380/3380
f 3377/3377/3377 3380/3380/3380 3376/3376/3376
f 3376/3376/3376 3380/3380/3380 3379/3379/3379
f 3376/3376/3376 3379/3379/3379 3381/3381/3381
f 3376/3376/3376 3381/3381/3381 3378/3378/3378
f 3381/3381/3381 3384/3384/3384 3380/3380/3380
f 3380/3380/3380 3384/3384/3384 3383/3383/3383
f 3380/3380/3380 3383/3383/3383 3379/3379/3379
f 3379/3379/3379 3383/3383/3383 3382/3382/3382
f 3379/3379/3379 3382/3382/3382 3384/3384/3384
f 3379/3379/3379 3384/3384/3384 3381/3381/3381
f 3384/3384/3384 3387/3387/3387 3383/3383/3383
f 3383/3383/3383 3387/3387/3387 3386/3386/3386
f 3383/3383/3383 3386/3386/3386 3382/3382/3382
f 3382/3382/3382 3386/3386/3386 3385/3385/3385
f 3382/3382/3382 3385/3385/3385 3387/3387/3387
f 3382/3382/3382 3387/3387/3387 3384/3384/3384
f 3387/3387/3387 3390/3390/3390 3386/3386/3386
f 3386/3386/3386 3390/3390/3390 3389/3389/3389
f 3386/3386/3386 3389/3389/3389 3385/3385/3385
f 3385/3385/3385 3389/3389/3389 3388/3388/3388
f 3385/3385/3385 3388/3388/3388 3390/3390/3390
f 3385/3385/3385 3390/3390/3390 3387/3387/3387
f 3390/3390/3390 3393/3393/3393 3389/3389/3389
f 3389/3389/3389 3393/3393/3393 3392/3392/3392
f 3389/3389/3389 3392/3392/3392 3388/3388/3388
f 3388/3388/3388 3392/3392/3392 3391/3391/3391
f 3388/3388/3388 3391/3391/3391 3393/3393/3393
f 3388/3388/3388 3393/3393/3393 3390/3390/3390
f 3393/3393/3393 3396/3396/3396 3392/3392/3392
f 3392/3392/3392 3396/3396/3396 3395/3395/3395
f 3392/3392/3392 3395/3395/3395 3391/3391/3391
f 3391/3391/3391 3395/3395/3395 3394/3394/3394
f 3391/3391/3391 3394/3394/3394 3396/3396/3396
f 3391/3391/3391 3396/3396/3396 3393/3393/3393
f 3396/3396/3396 3399/3399/3399 3395/3395/3395
f 3395/3395/3395 3399/3399/3399 3398/3398/3398
f 3395/3395/3395 3398/3398/3398 3394/3394/3394
f 3394/3394/3394 3398/3398/3398 3397/3397/3397
f 3394/3394/3394 3397/3397/3397 3399/3399/3399
f 3394/3394/3394 3399/3399/3399 3396/3396/3396
f 3399/3399/3399 3402/3402/3402 3398/3398/3398
f 3398/3398/3398 3402/3402/3402 3401/3401/3401
f 3398/3398/3398 3401/3401/3401 3397/3397/3397
f 3397/3397/3397 3401/3401/3401 3400/3400/3400
f 3397/3397/3397 3400/3400/3400 3402/3402/3402
f 3397/3397/3397 3402/3402/3402 3399/3399/3399
f 3402/3402/3402 3405/3405/3405 3401/3401/3401
f 3401/3401/3401 3405/3405/3405 3404/3404/3404
f 3401/3401/3401 3404/3404/3404 3400/3400/3400
f 3400/3400/3400 3404/3404/3404 3403/3403/3403
f 3400/3400/3400 3403/3403/3403 3405/3405/3405
f 3400/3400/3400 3405/3405/3405 3402/3402/3402
f 3405/3405/3405 3408/3408/3408 3404/3404/3404
f 3404/3404/3404 3408/3408/3408 3407/3407/3407
f 3404/3404/3404 3407/3407/3407 3403/3403/3403
f 3403/3403/3403 3407/3407/3407 3406/3406/3406
f 3403/3403/3403 3406/3406/3406 3408/3408/3408
f 3403/3403/3403 3408/3408/3408 3405/3405/3405
f 3408/3408/3408 3411/3411/3411 3407/3407/3407
f 3407/3407/3407 3411/3411/3411 3410/3410/3410
f 3407/3407/3407 3410/3410/3410 3406/3406/3406
f 3406/3406/3406 3410/3410/3410 3409/3409/3409
f 3406/3406/3406 3409/3409/3409 3411/3411/3411
f 3406/3406/3406 3411/3411/3411 3408/3408/3408
f 3414/3414/3414 3417/3417/3417 3413/3413/3413
f 3413/3413/3413 3417/3417/3417 3416/3416/3416
f 3413/3413/3413 3416/3416/3416 3412/3412/3412
f 3412/3412/3412 3416/3416/3416 3415/3415/3415
f 3412/3412/3412 3415/3415/3415 3417/3417/3417
f 3412/3412/3412 3417/3417/3417 3414/3414/3414
f 3417/3417/3417 3420/3420/3420 3416/3416/3416
f 3416/3416/3416 3420/3420/3420 3419/3419/3419
f 3416/3416/3416 3419/3419/3419 3415/3415/3415
f 3415/3415/3415 3419/3419/3419 3418/3418/3418
f 3415/3415/3415 3418/3418/3418 3420/3420/3420
f 3415/3415/3415 3420/3420/3420 3417/3417/3417
f 3420/3420/3420 3423/3423/3423 3419/3419/3419
f 3419/3419/3419 3423/3423/3423 3422/3422/3422
f 3419/3419/3419 3422/3422/3422 3418/3418/3418
f 3418/3418/3418 3422/3422/3422 3421/3421/3421
f 3418/3418/3418 3421/3421/3421 3423/3423/3423
f 3418/3418/3418 3423/3423/3423 3420/3420/3420
f 3423/3423/3423 3426/3426/3426 3422/3422/3422
f 3422/3422/3422 3426/3426/3426 3425/3425/3425
f 3422/3422/3422 3425/3425/3425 3421/3421/3421
f 3421/3421/3421 3425/3425/3425 3424/3424/3424
f 3421/3421/3421 3424/3424/3424 3426/3426/3426
f 3421/3421/3421 3426/3426/3426 3423/3423/3423
f 3426/3426/3426 3429/3429/3429 3425/3425/3425
f 3425/3425/3425 3429/3429/3429 3428/3428/3428
f 3425/3425/3425 3428/3428/3428 3424/3424/3424
f 3424/3424/3424 3428/3428/3428 3427/3427/3427
f 3424/3424/3424 3427/3427/3427 3429/3429/3429
f 3424/3424/3424 3429/3429/3429 3426/3426/3426
f 3429/3429/3429 3432/3432/3432 3428/3428/3428
f 3428/3428/3428 3432/3432/3432 3431/3431/3431
f 3428/3428/3428 3431/3431/3431 3427/3427/3427
f 3427/3427/3427 3431/3431/3431 3430/3430/3430
f 3427/3427/3427 3430/3430/3430 3432/3432/3432
f 3427/3427/3427 3432/3432/3432 3429/3429/3429
f 3432/3432/3432 3435/3435/3435 3431/3431/3431
f 3431/3431/3431 3435/3435/3435 3434/3434/3434
f 3431/3431/3431 3434/3434/3434 3430/3430/3430
f 3430/3430/3430 3434/3434/3434 3433/3433/3433
f 3430/3430/3430 3433/3433/3433 3435/3435/3435
f 3430/3430/3430 3435/3435/3435 3432/3432/3432
f 3435/3435/3435 3438/3438/3438 3434/3434/3434
f 3434/3434/3434 3438/3438/3438 3437/3437/3437
f 3434/3434/3434 3437/3437/3437 3433/3433/3433
f 3433/3433/3433 3437/3437/3437 3436/3436/3436
f 3433/3433/3433 3436/3436/3436 3438/3438/3438
f 3433/3433/3433 3438/3438/3438 3435/3435/3435
f 3438/3438/3438 3441/3441/3441 3437/3437/3437
f 3437/3437/3437 3441/3441/3441 3440/3440/3440
f 3437/3437/3437 3440/3440/3440 3436/3436/3436
f 3436/3436/3436 3440/3440/3440 3439/3439/3439
f 3436/3436/3436 3439/3439/3439 3441/3441/3441
f 3436/3436/3436 3441/3441/3441 3438/3438/3438
f 3441/3441/3441 3444/3444/3444 3440/3440/3440
f 3440/3440/3440 3444/3444/3444 3443/3443/3443
f 3440/3440/3440 3443/3443/3443 3439/3439/3439
f 3439/3439/3439 3443/3443/3443 3442/3442/3442
f 3439/3439/3439 3442/3442/3442 3444/3444/3444
f 3439/3439/3439 3444/3444/3444 3441/3441/3441
f 3444/3444/3444 3447/3447/3447 3443/3443/3443
f 3443/3443/3443 3447/3447/3447 3446/3446/3446
f 3443/3443/3443 3446/3446/3446 3442/3442/3442
f 3442/3442/3442 3446/3446/3446 3445/3445/3445
f 3442/3442/3442 3445/3445/3445 3447/3447/3447
f 3442/3442/3442 3447/3447/3447 3444/3444/3444
f 3447/3447/3447 3450/3450/3450 3446/3446/3446
f 3446/3446/3446 3450/3450/3450 3449/3449/3449
f 3446/3446/3446 3449/3449/3449 3445/3445/3445
f 3445/3445/3445 3449/3449/3449 3448/3448/3448
f 3445/3445/3445 3448/3448/3448 3450/3450/3450
f 3445/3445/3445 3450/3450/3450 3447/3447/3447
f 3453/3453/3453 3456/3456/3456 3452/3452/3452
f 3452/3452/3452 3456/3456/3456 3455/3455/3455
f 3452/3452/3452 3455/3455/3455 3451/3451/3451
f 3451/3451/3451 3455/3455/3455 3454/3454/3454
f 3451/3451/3451 3454/3454/3454 3456/3456/3456
f 3451/3451/3451 3456/3456/3456 3453/3453/3453
f 3456/3456/3456 3459/3459/3459 3455/3455/3455
f 3455/3455/3455 3459/3459/3459 3458/3458/3458
f 3455/3455/3455 3458/3458/3458 3454/3454/3454
f 3454/3454/3454 3458/3458/3458 3457/3457/3457
f 3454/3454/3454 3457/3457/3457 3459/3459/3459
f 3454/3454/3454 3459/3459/3459 3456/3456/3456
f 3459/3459/3459 3462/3462/3462 3458/3458/3458
f 3458/3458/3458 3462/3462/3462 3461/3461/3461
f 3458/3458/3458 3461/3461/3461 3457/3457/3457
f 3457/3457/3457 3461/3461/3461 3460/3460/3460
f 3457/3457/3457 3460/3460/3460 3462/3462/3462
f 3457/3457/3457 3462/3462/3462 3459/3459/3459
f 3462/3462/3462 3465/3465/3465 3461/3461/3461
f 3461/3461/3461 3465/3465/3465 3464/3464/3464
f 3461/3461/3461 3464/3464/3464 3460/3460/3460
f 3460/3460/3460 3464/3464/3464 3463/3463/3463
f 3460/3460/3460 3463/3463/3463 3465/3465/3465
f 3460/3460/3460 3465/3465/3465 3462/3462/3462
f 3465/3465/3465 3468/3468/3468 3464/3464/3464
f 3464/3464/3464 3468/3468/3468 3467/3467/3467
f 3464/3464/3464 3467/3467/3467 3463/3463/3463
f 3463/3463/3463 3467/3467/3467 3466/3466/3466
f 3463/3463/3463 3466/3466/3466 3468/3468/3468
f 3463/3463/3463 3468/3468/3468 3465/3465/3465
f 3468/3468/3468 3471/3471/3471 3467/3467/3467
f 3467/3467/3467 3471/3471/3471 3470/3470/3470
f 3467/3467/3467 3470/3470/3470 3466/3466/3466
f 3466/3466/3466 3470/3470/3470 3469/3469/3469
f 3466/3466/3466 3469/3469/3469 3471/3471/3471
f 3466/3466/3466 3471/3471/3471 3468/3468/3468
f 3471/3471/3471 3474/3474/3474 3470/3470/3470
f 3470/3470/3470 3474/3474/3474 3473/3473/3473
f 3470/3470/3470 3473/3473/3473 3469/3469/3469
f 3469/3469/3469 3473/3473/3473 3472/3472/3472
f 3469/3469/3469 3472/3472/3472 3474/3474/3474
f 3469/3469/3469 3474/3474/3474 3471/3471/3471
f 3474/3474/3474 3477/3477/3477 3473/3473/3473
f 3473/3473/3473 3477/3477/3477 3476/3476/3476
f 3473/3473/3473 3476/3476/3476 3472/3472/3472
f 3472/3472/3472 3476/3476/3476 3475/3475/3475
f 3472/3472/3472 3475/3475/3475 3477/3477/3477
f 3472/3472/3472 3477/3477/3477 3474/3474/3474
f 3477/3477/3477 3480/3480/3480 3476/3476/3476
f 3476/3476/3476 3480/3480/3480 3479/3479/3479
f 3476/3476/3476 3479/3479/3479 3475/3475/3475
f 3475/3475/3475 3479/3479/3479 3478/3478/3478
f 3475/3475/3475 3478/3478/3478 3480/3480/3480
f 3475/3475/3475 3480/3480/3480 3477/3477/3477
f 3480/3480/3480 3483/3483/3483 3479/3479/3479
f 3479/3479/3479 3483/3483/3483 3482/3482/3482
f 3479/3479/3479 3482/3482/3482 3478/3478/3478
f 3478/3478/3478 3482/3482/3482 3481/3481/3481
f 3478/3478/3478 3481/3481/3481 3483/3483/3483
f 3478/3478/3478 3483/3483/3483 3480/3480/3480
f 3483/3483/3483 3486/3486/3486 3482/3482/3482
f 3482/3482/3482 3486/3486/3486 3485/3485/3485
f 3482/3482/3482 3485/3485/3485 3481/3481/3481
f 3481/3481/3481 3485/3485/3485 3484/3484/3484
f 3481/3481/3481 3484/3484/3484 3486/3486/3486
f 3481/3481/3481 3486/3486/3486 3483/3483/3483
f 3489/3489/3489 3492/3492/3492 3488/3488/3488
f 3488/3488/3488 3492/3492/3492 3491/3491/3491
f 3488/3488/3488 3491/3491/3491 3487/3487/3487
f 3487/3487/3487 3491/3491/3491 3490/3490/3490
f 3487/3487/3487 3490/3490/3490 3492/3492/3492
f 3487/3487/3487 3492/3492/3492 3489/3489/3489
f 3492/3492/3492 3495/3495/3495 3491/3491/3491
f 3491/3491/3491 3495/3495/3495 3494/3494/3494
f 3491/3491/3491 3494/3494/3494 3490/3490/3490
f 3490/3490/3490 3494/3494/3494 3493/3493/3493
f 3490/3490/3490 3493/3493/3493 3495/3495/3495
f 3490/3490/3490 3495/3495/3495 3492/3492/3492
f 3495/3495/3495 3498/3498/3498 3494/3494/3494
f 3494/3494/3494 3498/3498/3498 3497/3497/3497
f 3494/3494/3494 3497/3497/3497 3493/3493/3493
f 3493/3493/3493 3497/3497/3497 3496/3496/3496
f 3493/3493/3493 3496/3496/3496 3498/3498/3498
f 3493/3493/3493 3498/3498/3498 3495/3495/3495
f 3498/3498/3498 3501/3501/3501 3497/3497/3497
f 3497/3497/3497 3501/3501/3501 3500/3500/3500
f 3497/3497/3497 3500/3500/3500 3496/3496/3496
f 3496/3496/3496 3500/3500/3500 3499/3499/3499
f 3496/3496/3496 3499/3499/3499 3501/3501/3501
f 3496/3496/3496 3501/3501/3501 3498/3498/3498
f 3501/3501/3501 3504/3504/3504 3500/3500/3500
f 3500/3500/3500 3504/3504/3504 3503/3503/3503
f 3500/3500/3500 3503/3503/3503 3499/3499/3499
f 3499/3499/3499 3503/3503/3503 3502/3502/3502
f 3499/3499/3499 3502/3502/3502 3504/3504/3504
f 3499/3499/3499 3504/3504/3504 3501/3501/3501
f 3504/3504/3504 3507/3507/3507 3503/3503/3503
f 3503/3503/3503 3507/3507/3507 3506/3506/3506
f 3503/3503/3503 3506/3506/3506 3502/3502/3502
f 3502/3502/3502 3506/3506/3506 3505/3505/3505
f 3502/3502/3502 3505/3505/3505 3507/3507/3507
f 3502/3502/3502 3507/3507/3507 3504/3504/3504
f 3507/3507/3507 3510/3510/3510 3506/3506/3506
f 3506/3506/3506 3510/3510/3510 3509/3509/3509
f 3506/3506/3506 3509/3509/3509 3505/3505/3505
f 3505/3505/3505 3509/3509/3509 3508/3508/3508
f 3505/3505/3505 3508/3508/3508 3510/3510/3510
f 3505/3505/3505 3510/3510/3510 3507/3507/3507
f 3510/3510/3510 3513/3513/3513 3509/3509/3509
f 3509/3509/3509 3513/3513/3513 3512/3512/3512
f 3509/3509/3509 3512/3512/3512 3508/3508/3508
f 3508/3508/3508 3512/3512/3512 3511/3511/3511
f 3508/3508/3508 3511/3511/3511 3513/3513/3513
f 3508/3508/3508 3513/3513/3513 3510/3510/3510
f 3513/3513/3513 3516/3516/3516 3512/3512/3512
f 3512/3512/3512 3516/3516/3516 3515/3515/3515
f 3512/3512/3512 3515/3515/3515 3511/3511/3511
f 3511/3511/3511 3515/3515/3515 3514/3514/3514
f 3511/3511/3511 3514/3514/3514 3516/3516/3516
f 3511/3511/3511 3516/3516/3516 3513/3513/3513
f 3516/3516/3516 3519/3519/3519 3515/3515/3515
f 3515/3515/3515 3519/3519/3519 3518/3518/3518
f 3515/3515/3515 3518/3518/3518 3514/3514/3514
f 3514/3514/3514 3518/3518/3518 3517/3517/3517
f 3514/3514/3514 3517/3517/3517 3519/3519/3519
f 3514/3514/3514 3519/3519/3519 3516/3516/3516
f 3522/3522/3522 3525/3525/3525 3521/3521/3521
f 3521/3521/3521 3525/3525/3525 3524/3524/3524
f 3521/3521/3521 3524/3524/3524 3520/3520/3520
f 3520/3520/3520 3524/3524/3524 3523/3523/3523
f 3520/3520/3520 3523/3523/3523 3525/3525/3525
f 3520/3520/3520 3525/3525/3525 3522/3522/3522
f 3525/3525/3525 3528/3528/3528 3524/3524/3524
f 3524/3524/3524 3528/3528/3528 3527/3527/3527
f 3524/3524/3524 3527/3527/3527 3523/3523/3523
f 3523/3523/3523 3527/3527/3527 3526/3526/3526
f 3523/3523/3523 3526/3526/3526 3528/3528/3528
f 3523/3523/3523 3528/3528/3528 3525/3525/3525
f 3528/3528/3528 3531/3531/3531 3527/3527/3527
f 3527/3527/3527 3531/3531/3531 3530/3530/3530
f 3527/3527/3527 3530/3530/3530 3526/3526/3526
f 3526/3526/3526 3530/3530/3530 3529/3529/3529
f 3526/3526/3526 3529/3529/3529 3531/3531/3531
f 3526/3526/3526 3531/3531/3531 3528/3528/3528
f 3531/3531/3531 3534/3534/3534 3530/3530/3530
f 3530/3530/3530 3534/3534/3534 3533/3533/3533
f 3530/3530/3530 3533/3533/3533 3529/3529/3529
f 3529/3529/3529 3533/3533/3533 3532/3532/3532
f 3529/3529/3529 3532/3532/3532 3534/3534/3534
f 3529/3529/3529 3534/3534/3534 3531/3531/3531
f 3534/3534/3534 3537/3537/3537 3533/3533/3533
f 3533/3533/3533 3537/3537/3537 3536/3536/3536
f 3533/3533/3533 3536/3536/3536 3532/3532/3532
f 3532/3532/3532 3536/3536/3536 3535/3535/3535
f 3532/3532/3532 3535/3535/3535 3537/3537/3537
f 3532/3532/3532 3537/3537/3537 3534/3534/3534
f 3537/3537/3537 3540/3540/3540 3536/3536/3536
f 3536/3536/3536 3540/3540/3540 3539/3539/3539
f 3536/3536/3536 3539/3539/3539 3535/3535/3535
f 3535/3535/3535 3539/3539/3539 3538/3538/3538
f 3535/3535/3535 3538/3538/3538 3540/3540/3540
f 3535/3535/3535 3540/3540/3540 3537/3537/3537
f 3540/3540/3540 3543/3543/3543 3539/3539/3539
f 3539/3539/3539 3543/3543/3543 3542/3542/3542
f 3539/3539/3539 3542/3542/3542 3538/3538/3538
f 3538/3538/3538 3542/3542/3542 3541/3541/3541
f 3538/3538/3538 3541/3541/3541 3543/3543/3543
f 3538/3538/3538 3543/3543/3543 3540/3540/3540
f 3543/3543/3543 3546/3546/3546 3542/3542/3542
f 3542/3542/3542 3546/3546/3546 3545/3545/3545
f 3542/3542/3542 3545/3545/3545 3541/3541/3541
f 3541/3541/3541 3545/3545/3545 3544/3544/3544
f 3541/3541/3541 3544/3544/3544 3546/3546/3546
f 3541/3541/3541 3546/3546/3546 3543/3543/3543
f 3546/3546/3546 3549/3549/3549 3545/3545/3545
f 3545/3545/3545 3549/3549/3549 3548/3548/3548
f 3545/3545/3545 3548/3548/3548 3544/3544/3544
f 3544/3544/3544 3548/3548/3548 3547/3547/3547
f 3544/3544/3544 3547/3547/3547 3549/3549/3549
f 3544/3544/3544 3549/3549/3549 3546/3546/3546
f 3552/3552/3552 3555/3555/3555 3551/3551/3551
f 3551/3551/3551 3555/3555/3555 3554/3554/3554
f 3551/3551/3551 3554/3554/3554 3550/3550/3550
f 3550/3550/3550 3554/3554/3554 3553/3553/3553
f 3550/3550/3550 3553/3553/3553 3555/3555/3555
f 3550/3550/3550 3555/3555/3555 3552/3552/3552
f 3555/3555/3555 3558/3558/3558 3554/3554/3554
f 3554/3554/3554 3558/3558/3558 3557/3557/3557
f 3554/3554/3554 3557/3557/3557 3553/3553/3553
f 3553/3553/3553 3557/3557/3557 3556/3556/3556
f 3553/3553/3553 3556/3556/3556 3558/3558/3558
f 3553/3553/3553 3558/3558/3558 3555/3555/3555
f 3558/3558/3558 3561/3561/3561 3557/3557/3557
f 3557/3557/3557 3561/3561/3561 3560/3560/3560
f 3557/3557/3557 3560/3560/3560 3556/3556/3556
f 3556/3556/3556 3560/3560/3560 3559/3559/3559
f 3556/3556/3556 3559/3559/3559 3561/3561/3561
f 3556/3556/3556 3561/3561/3561 3558/3558/3558
f 3561/3561/3561 3564/3564/3564 3560/3560/3560
f 3560/3560/3560 3564/3564/3564 3563/3563/3563
f 3560/3560/3560 3563/3563/3563 3559/3559/3559
f 3559/3559/3559 3563/3563/3563 3562/3562/3562
f 3559/3559/3559 3562/3562/3562 3564/3564/3564
f 3559/3559/3559 3564/3564/3564 3561/3561/3561
f 3564/3564/3564 3567/3567/3567 3563/3563/3563
f 3563/3563/3563 3567/3567/3567 3566/3566/3566
f 3563/3563/3563 3566/3566/3566 3562/3562/3562
f 3562/3562/3562 3566/3566/3566 3565/3565/3565
f 3562/3562/3562 3565/3565/3565 3567/3567/3567
f 3562/3562/3562 3567/3567/3567 3564/3564/3564
f 3567/3567/3567 3570/3570/3570 3566/3566/3566
f 3566/3566/3566 3570/3570/3570 3569/3569/3569
f 3566/3566/3566 3569/3569/3569 3565/3565/3565
f 3565/3565/3565 3569/3569/3569 3568/3568/3568
f 3565/3565/3565 3568/3568/3568 3570/3570/3570
f 3565/3565/3565 3570/3570/3570 3567/3567/3567
f 3570/3570/3570 3573/3573/3573 3569/3569/3569
f 3569/3569/3569 3573/3573/3573 3572/3572/3572
f 3569/3569/3569 3572/3572/3572 3568/3568/3568
f 3568/3568/3568 3572/3572/3572 3571/3571/3571
f 3568/3568/3568 3571/3571/3571 3573/3573/3573
f 3568/3568/3568 3573/3573/3573 3570/3570/3570
f 3573/3573/3573 3576/3576/3576 3572/3572/3572
f 3572/3572/3572 3576/3576/3576 3575/3575/3575
f 3572/3572/3572 3575/3575/3575 3571/3571/3571
f 3571/3571/3571 3575/3575/3575 3574/3574/3574
f 3571/3571/3571 3574/3574/3574 3576/3576/3576
f 3571/3571/3571 3576/3576/3576 3573/3573/3573
f 3579/3579/3579 3582/3582/3582 3578/3578/3578
f 3578/3578/3578 3582/3582/3582 3581/3581/3581
f 3578/3578/3578 3581/3581/3581 3577/3577/3577
f 3577/3577/3577 3581/3581/3581 3580/3580/3580
f 3577/3577/3577 3580/3580/3580 3582/3582/3582
f 3577/3577/3577 3582/3582/3582 3579/3579/3579
f 3582/3582/3582 3585/3585/3585 3581/3581/3581
f 3581/3581/3581 3585/3585/3585 3584/3584/3584
f 3581/3581/3581 3584/3584/3584 3580/3580/3580
f 3580/3580/3580 3584/3584/3584 3583/3583/3583
f 3580/3580/3580 3583/3583/3583 3585/3585/3585
f 3580/3580/3580 3585/3585/3585 3582/3582/3582
f 3585/3585/3585 3588/3588/3588 3584/3584/3584
f 3584/3584/3584 3588/3588/3588 3587/3587/3587
f 3584/3584/3584 3587/3587/3587 3583/3583/3583
f 3583/3583/3583 3587/3587/3587 3586/3586/3586
f 3583/3583/3583 3586/3586/3586 3588/3588/3588
f 3583/3583/3583 3588/3588/3588 3585/3585/3585
f 3588/3588/3588 3591/3591/3591 3587/3587/3587
f 3587/3587/3587 3591/3591/3591 3590/3590/3590
f 3587/3587/3587 3590/3590/3590 3586/3586/3586
f 3586/3586/3586 3590/3590/3590 3589/3589/3589
f 3586/3586/3586 3589/3589/3589 3591/3591/3591
f 3586/3586/3586 3591/3591/3591 3588/3588/3588
f 3591/3591/3591 3594/3594/3594 3590/3590/3590
f 3590/3590/3590 3594/3594/3594 3593/3593/3593
f 3590/3590/3590 3593/3593/3593 3589/3589/3589
f 3589/3589/3589 3593/3593/3593 3592/3592/3592
f 3589/3589/3589 3592/3592/3592 3594/3594/3594
f 3589/3589/3589 3594/3594/3594 3591/3591/3591
f 3594/3594/3594 3597/3597/3597 3593/3593/3593
f 3593/3593/3593 3597/3597/3597 3596/3596/3596
f 3593/3593/3593 3596/3596/3596 3592/3592/3592
f 3592/3592/3592 3596/3596/3596 3595/3595/3595
f 3592/3592/3592 3595/3595/3595 3597/3597/3597
f 3592/3592/3592 3597/3597/3597 3594/3594/3594
f 3597/3597/3597 3600/3600/3600 3596/3596/3596
f 3596/3596/3596 3600/3600/3600 3599/3599/3599
f 3596/3596/3596 3599/3599/3599 3595/3595/3595
f 3595/3595/3595 3599/3599/3599 3598/3598/3598
f 3595/3595/3595 3598/3598/3598 3600/3600/3600
f 3595/3595/3595 3600/3600/3600 3597/3597/3597
f 3603/3603/3603 3606/3606/3606 3602/3602/3602
f 3602/3602/3602 3606/3606/3606 3605/3605/3605
f 3602/3602/3602 3605/3605/3605 3601/3601/3601
f 3601/3601/3601 3605/3605/3605 3604/3604/3604
f 3601/3601/3601 3604/3604/3604 3606/3606/3606
f 3601/3601/3601 3606/3606/3606 3603/3603/3603
f 3606/3606/3606 3609/3609/3609 3605/3605/3605
f 3605/3605/3605 3609/3609/3609 3608/3608/3608
f 3605/3605/3605 3608/3608/3608 3604/3604/3604
f 3604/3604/3604 3608/3608/3608 3607/3607/3607
f 3604/3604/3604 3607/3607/3607 3609/3609/3609
f 3604/3604/3604 3609/3609/3609 3606/3606/3606
f 3609/3609/3609 3612/3612/3612 3608/3608/3608
f 3608/3608/3608 3612/3612/3612 3611/3611/3611
f 3608/3608/3608 3611/3611/3611 3607/3607/3607
f 3607/3607/3607 3611/3611/3611 3610/3610/3610
f 3607/3607/3607 3610/3610/3610 3612/3612/3612
f 3607/3607/3607 3612/3612/3612 3609/3609/3609
f 3612/3612/3612 3615/3615/3615 3611/3611/3611
f 3611/3611/3611 3615/3615/3615 3614/3614/3614
f 3611/3611/3611 3614/3614/3614 3610/3610/3610
f 3610/3610/3610 3614/3614/3614 3613/3613/3613
f 3610/3610/3610 3613/3613/3613 3615/3615/3615
f 3610/3610/3610 3615/3615/3615 3612/3612/3612
f 3615/3615/3615 3618/3618/3618 3614/3614/3614
f 3614/3614/3614 3618/3618/3618 3617/3617/3617
f 3614/3614/3614 3617/3617/3617 3613/3613/3613
f 3613/3613/3613 3617/3617/3617 3616/3616/3616
f 3613/3613/3613 3616/3616/3616 3618/3618/3618
f 3613/3613/3613 3618/3618/3618 3615/3615/3615
f 3618/3618/3618 3621/3621/3621 3617/3617/3617
f 3617/3617/3617 3621/3621/3621 3620/3620/3620
f 3617/3617/3617 3620/3620/3620 3616/3616/3616
f 3616/3616/3616 3620/3620/3620 3619/3619/3619
f 3616/3616/3616 3619/3619/3619 3621/3621/3621
f 3616/3616/3616 3621/3621/3621 3618/3618/3618
f 3624/3624/3624 3627/3627/3627 3623/3623/3623
f 3623/3623/3623 3627/3627/3627 3626/3626/3626
f 3623/3623/3623 3626/3626/3626 3622/3622/3622
f 3622/3622/3622 3626/3626/3626 3625/3625/3625
f 3622/3622/3622 3625/3625/3625 3627/3627/3627
f 3622/3622/3622 3627/3627/3627 3624/3624/3624
f 3627/3627/3627 3630/3630/3630 3626/3626/3626
f 3626/3626/3626 3630/3630/3630 3629/3629/3629
f 3626/3626/3626 3629/3629/3629 3625/3625/3625
f 3625/3625/3625 3629/3629/3629 3628/3628/3628
f 3625/3625/3625 3628/3628/3628 3630/3630/3630
f 3625/3625/3625 3630/3630/3630 3627/3627/3627
f 3630/3630/3630 3633/3633/3633 3629/3629/3629
f 3629/3629/3629 3633/3633/3633 3632/3632/3632
f 3629/3629/3629 3632/3632/3632 3628/3628/3628
f 3628/3628/3628 3632/3632/3632 3631/3631/3631
f 3628/3628/3628 3631/3631/3631 3633/3633/3633
f 3628/3628/3628 3633/3633/3633 3630/3630/3630
f 3633/3633/3633 3636/3636/3636 3632/3632/3632
f 3632/3632/3632 3636/3636/3636 3635/3635/3635
f 3632/3632/3632 3635/3635/3635 3631/3631/3631
f 3631/3631/3631 3635/3635/3635 3634/3634/3634
f 3631/3631/3631 3634/3634/3634 3636/3636/3636
f 3631/3631/3631 3636/3636/3636 3633/3633/3633
f 3636/3636/3636 3639/3639/3639 3635/3635/3635
f 3635/3635/3635 3639/3639/3639 3638/3638/3638
f 3635/3635/3635 3638/3638/3638 3634/3634/3634
f 3634/3634/3634 3638/3638/3638 3637/3637/3637
f 3634/3634/3634 3637/3637/3637 3639/3639/3639
f 3634/3634/3634 3639/3639/3639 3636/3636/3636
f 3642/3642/3642 3645/3645/3645 3641/3641/3641
f 3641/3641/3641 3645/3645/3645 3644/3644/3644
f 3641/3641/3641 3644/3644/3644 3640/3640/3640
f 3640/3640/3640 3644/3644/3644 3643/3643/3643
f 3640/3640/3640 3643/3643/3643 3645/3645/3645
f 3640/3640/3640 3645/3645/3645 3642/3642/3642
f 3645/3645/3645 3648/3648/3648 3644/3644/3644
f 3644/3644/3644 3648/3648/3648 3647/3647/3647
f 3644/3644/3644 3647/3647/3647 3643/3643/3643
f 3643/3643/3643 3647/3647/3647 3646/3646/3646
f 3643/3643/3643 3646/3646/3646 3648/3648/3648
f 3643/3643/3643 3648/3648/3648 3645/3645/3645
f 3648/3648/3648 3651/3651/3651 3647/3647/3647
f 3647/3647/3647 3651/3651/3651 3650/3650/3650
f 3647/3647/3647 3650/3650/3650 3646/3646/3646
f 3646/3646/3646 3650/3650/3650 3649/3649/3649
f 3646/3646/3646 3649/3649/3649 3651/3651/3651
f 3646/3646/3646 3651/3651/3651 3648/3648/3648
f 3651/3651/3651 3654/3654/3654 3650/3650/3650
f 3650/3650/3650 3654/3654/3654 3653/3653/3653
f 3650/3650/3650 3653/3653/3653 3649/3649/3649
f 3649/3649/3649 3653/3653/3653 3652/3652/3652
f 3649/3649/3649 3652/3652/3652 3654/3654/3654
f 3649/3649/3649 3654/3654/3654 3651/3651/3651
f 3657/3657/3657 3660/3660/3660 3656/3656/3656
f 3656/3656/3656 3660/3660/3660 3659/3659/3659
f 3656/3656/3656 3659/3659/3659 3655/3655/3655
f 3655/3655/3655 3659/3659/3659 3658/3658/3658
f 3655/3655/3655 3658/3658/3658 3660/3660/3660
f 3655/3655/3655 3660/3660/3660 3657/3657/3657
f 3660/3660/3660 3663/3663/3663 3659/3659/3659
f 3659/3659/3659 3663/3663/3663 3662/3662/3662
f 3659/3659/3659 3662/3662/3662 3658/3658/3658
f 3658/3658/3658 3662/3662/3662 3661/3661/3661
f 3658/3658/3658 3661/3661/3661 3663/3663/3663
f 3658/3658/3658 3663/3663/3663 3660/3660/3660
f 3663/3663/3663 3666/3666/3666 3662/3662/3662
f 3662/3662/3662 3666/3666/3666 3665/3665/3665
f 3662/3662/3662 3665/3665/3665 3661/3661/3661
f 3661/3661/3661 3665/3665/3665 3664/3664/3664
f 3661/3661/3661 3664/3664/3664 3666/3666/3666
f 3661/3661/3661 3666/3666/3666 3663/3663/3663
f 3669/3669/3669 3672/3672/3672 3668/3668/3668
f 3668/3668/3668 3672/3672/3672 3671/3671/3671
f 3668/3668/3668 3671/3671/3671 3667/3667/3667
f 3667/3667/3667 3671/3671/3671 3670/3670/3670
f 3667/3667/3667 3670/3670/3670 3672/3672/3672
f 3667/3667/3667 3672/3672/3672 3669/3669/3669
f 3672/3672/3672 3675/3675/3675 3671/3671/3671
f 3671/3671/3671 3675/3675/3675 3674/3674/3674
f 3671/3671/3671 3674/3674/3674 3670/3670/3670
f 3670/3670/3670 3674/3674/3674 3673/3673/3673
f 3670/3670/3670 3673/3673/3673 3675/3675/3675
f 3670/3670/3670 3675/3675/3675 3672/3672/3672
f 3678/3678/3678 3681/3681/3681 3677/3677/3677
f 3677/3677/3677 3681/3681/3681 3680/3680/3680
f 3677/3677/3677 3680/3680/3680 3676/3676/3676
f 3676/3676/3676 3680/3680/3680 3679/3679/3679
f 3676/3676/3676 3679/3679/3679 3681/3681/3681
f 3676/3676/3676 3681/3681/3681 3678/3678/3678
