mtllib brambles.mtl
v -0.467177 1.00665 0.205297
v -0.467177 1.00665 0.205297
v -0.467177 1.00665 0.205297
v -0.467177 1.00665 0.205297
v -0.468877 1.01745 0.212272
v -0.468877 1.01745 0.212272
v -0.468877 1.01745 0.212272
v -0.468877 1.01745 0.212272
v -0.466765 1.00287 0.203967
v -0.466765 1.00287 0.203967
v -0.466765 1.00287 0.203967
v -0.466765 1.00287 0.203967
v -0.477735 1.00632 0.234706
v -0.477735 1.00632 0.234706
v -0.477735 1.00632 0.234706
v -0.477735 1.00632 0.234706
v -0.484854 1.01288 0.245444
v -0.484854 1.01288 0.245444
v -0.484854 1.01288 0.245444
v -0.484854 1.01288 0.245444
v -0.484526 1.01353 0.245774
v -0.484526 1.01353 0.245774
v -0.484526 1.01353 0.245774
v -0.484526 1.01353 0.245774
v -0.486109 1.01162 0.247838
v -0.486109 1.01162 0.247838
v -0.486109 1.01162 0.247838
v -0.486109 1.01162 0.247838
v -0.486109 1.01162 0.247838
v -0.486109 1.01162 0.247838
v -0.486109 1.01162 0.247838
v -0.486109 1.01162 0.247838
v -0.483927 1.01402 0.248935
v -0.483927 1.01402 0.248935
v -0.483927 1.01402 0.248935
v -0.483927 1.01402 0.248935
v -0.483927 1.01402 0.248935
v -0.483927 1.01402 0.248935
v -0.483927 1.01402 0.248935
v -0.483927 1.01402 0.248935
v -0.481981 1.01595 0.249342
v -0.481981 1.01595 0.249342
v -0.481981 1.01595 0.249342
v -0.481981 1.01595 0.249342
v -0.480414 1.02088 0.248982
v -0.480414 1.02088 0.248982
v -0.480414 1.02088 0.248982
v -0.480414 1.02088 0.248982
v -0.483889 1.01117 0.226127
v -0.483889 1.01117 0.226127
v -0.483889 1.01117 0.226127
v -0.483889 1.01117 0.226127
v -0.496526 1.01566 0.241144
v -0.496526 1.01566 0.241144
v -0.496526 1.01566 0.241144
v -0.496526 1.01566 0.241144
v -0.453831 1.00598 0.234429
v -0.453831 1.00598 0.234429
v -0.453831 1.00598 0.234429
v -0.453831 1.00598 0.234429
v -0.491089 1.01422 0.294816
v -0.491089 1.01422 0.294816
v -0.491089 1.01422 0.294816
v -0.491089 1.01422 0.294816
v -0.491089 1.01422 0.294816
v -0.491089 1.01422 0.294816
v -0.491089 1.01422 0.294816
v -0.491089 1.01422 0.294816
v -0.486045 1.02114 0.226702
v -0.486045 1.02114 0.226702
v -0.486045 1.02114 0.226702
v -0.486045 1.02114 0.226702
v -0.486045 1.02114 0.226702
v -0.486045 1.02114 0.226702
v -0.486045 1.02114 0.226702
v -0.486045 1.02114 0.226702
v -0.466481 1 0.200337
v -0.467159 0.998657 0.205861
v -0.462394 1.00133 0.204152
v -0.468037 1.00287 0.206997
v -0.463688 1.00182 0.20349
v -0.468546 1.00392 0.20141
v -0.467713 1.00541 0.201682
v -0.466309 1.00315 0.206668
v -0.463492 1.00765 0.204737
v -0.463929 1.00665 0.205122
v -0.468936 1.00595 0.202653
v -0.468679 1.00735 0.208096
v -0.469797 1.00893 0.206652
v -0.465111 1.00647 0.204834
v -0.466702 1.01137 0.20265
v -0.468759 1.00958 0.203343
v -0.46724 1.00852 0.208606
v -0.463521 1.01063 0.205025
v -0.469743 1.01247 0.204346
v -0.467045 1.01002 0.20852
v -0.465271 1.0149 0.206587
v -0.470518 1.0138 0.21112
v -0.466078 1.01256 0.208112
v -0.47038 1.01504 0.205735
v -0.47133 1.015 0.209983
v -0.466372 1.01273 0.209341
v -0.467688 1.01725 0.206514
v -0.469827 1.01659 0.208596
v -0.466985 1.01405 0.2125
v -0.465597 1.01911 0.210993
v -0.471431 1.01745 0.210451
v -0.468728 1.01552 0.214744
v -0.46647 1.01936 0.211639
v -0.472567 1.01946 0.212081
v -0.468648 1.01677 0.214619
v -0.46891 1.02214 0.21504
v -0.475052 1.01916 0.216463
v -0.470421 1.01649 0.216366
v -0.470398 1.02182 0.216817
v -0.473856 1.01888 0.217367
v -0.470756 1.01627 0.220789
v -0.471535 1.02148 0.221399
v -0.477221 1.01839 0.221172
v -0.472614 1.01586 0.220728
v -0.472694 1.0209 0.222282
v -0.476935 1.01732 0.223132
v -0.472413 1.01509 0.224522
v -0.473935 1.01953 0.226829
v -0.479126 1.01478 0.226431
v -0.475105 1.01229 0.228512
v -0.475918 1.01726 0.229672
v -0.482092 1.01362 0.231276
v -0.477529 1.01209 0.229543
v -0.477792 1.01515 0.233636
v -0.481902 1.00981 0.232904
v -0.477461 1.00761 0.233921
v -0.478666 1.01199 0.236153
v -0.484262 1.00704 0.23723
v -0.479631 1.00522 0.237588
v -0.481108 1.00885 0.240675
v -0.486787 1.00212 0.242906
v -0.482628 0.999738 0.243911
v -0.48248 1.00449 0.242734
v -0.487234 1.00334 0.248236
v -0.483025 1.00097 0.248455
v -0.483063 1.0057 0.247443
v -0.487037 1.00378 0.250592
v -0.482909 1.00137 0.250026
v -0.482956 1.00617 0.249608
v -0.486046 1.00421 0.254163
v -0.482127 1.00183 0.255406
v -0.482005 1.00657 0.255079
v -0.486523 1.00438 0.2561
v -0.482479 1.00214 0.257036
v -0.483048 1.00661 0.258425
v -0.4885 1.00288 0.26123
v -0.484444 1.00078 0.260304
v -0.484464 1.00497 0.262349
v -0.488548 1.0004 0.265931
v -0.484789 0.998283 0.267503
v -0.484451 1.0025 0.265714
v -0.488915 1.00143 0.269274
v -0.484779 0.999583 0.269787
v -0.485302 1.00326 0.267147
v -0.487804 1.00386 0.273452
v -0.484226 1.00169 0.271778
v -0.484923 1.00601 0.270708
v -0.486633 1.0047 0.274382
v -0.482739 1.00284 0.275549
v -0.482766 1.00654 0.273051
v -0.486311 1.00616 0.277607
v -0.482454 1.00413 0.276771
v -0.483225 1.00817 0.275104
v -0.484854 1.00791 0.280167
v -0.481133 1.00584 0.279115
v -0.480985 1.00996 0.280609
v -0.484523 1.00656 0.28338
v -0.480794 1.00438 0.283776
v -0.480772 1.00872 0.283835
v -0.484907 1.0065 0.288543
v -0.481719 1.00497 0.286129
v -0.480915 1.00802 0.289025
v -0.484433 1.00473 0.289037
v -0.480708 1.0027 0.289303
v -0.481003 1.00674 0.29058
v -0.485487 1.00332 0.293331
v -0.481854 1.00126 0.293708
v -0.482016 1.00536 0.294555
v -0.486457 1.00237 0.29778
v -0.48284 1.00037 0.297942
v -0.483032 1.00436 0.299033
v -0.487278 1.00101 0.302211
v -0.484024 0.998971 0.303562
v -0.483932 1.00304 0.303399
v -0.488793 1.00124 0.30643
v -0.486619 0.999627 0.309388
v -0.485239 1.00284 0.307433
v -0.490212 1.00382 0.308763
v -0.489012 1.00213 0.312131
v -0.487338 1.0055 0.310927
v -0.491854 1.00517 0.310005
v -0.489544 1.00329 0.312556
v -0.490493 1.00704 0.313193
v -0.49409 1.00453 0.311555
v -0.491995 1.00269 0.314275
v -0.491116 1.00636 0.313318
v -0.496366 1.00592 0.314231
v -0.494665 1.00404 0.317125
v -0.493943 1.00778 0.316589
v -0.500231 1.00695 0.317484
v -0.497684 1.00511 0.319601
v -0.497169 1.00878 0.31881
v -0.501602 1.00774 0.319824
v -0.499368 1.00588 0.322196
v -0.498945 1.00958 0.321752
v -0.504447 1.00844 0.323113
v -0.501646 1.00665 0.324727
v -0.502215 1.01022 0.325484
v -0.506675 1.00716 0.326343
v -0.504265 1.00578 0.328692
v -0.506426 1.00852 0.329718
v -0.510208 1.00419 0.328095
v -0.507701 1.00252 0.330029
v -0.508708 1.00584 0.330909
v -0.513564 1.00208 0.331134
v -0.511775 1.00051 0.33371
v -0.513248 1.00364 0.334275
v -0.516755 1.00011 0.332403
v -0.516778 0.998408 0.335409
v -0.516107 1.0018 0.335361
v -0.520182 1.00056 0.333208
v -0.518029 0.998843 0.335245
v -0.518186 1.00226 0.335429
v -0.522164 1.00032 0.335285
v -0.521419 0.998768 0.338198
v -0.520179 1.00185 0.337572
v -0.52615 1.00207 0.33756
v -0.523551 1.00054 0.338965
v -0.524408 1.00359 0.339971
v -0.528053 1.00043 0.339978
v -0.527498 0.998988 0.342867
v -0.526087 1.00187 0.342192
v -0.531968 1.00282 0.341957
v -0.531629 1.00154 0.344885
v -0.529868 1.0041 0.34405
v -0.534442 1.00439 0.343383
v -0.532614 1.00288 0.345505
v -0.531954 1.00589 0.34471
v -0.536072 1.00583 0.346062
v -0.534993 1.00432 0.348577
v -0.535799 1.00733 0.348805
v -0.539886 1.00492 0.347211
v -0.537919 1.00344 0.349066
v -0.538606 1.00639 0.349615
v -0.54155 1.00431 0.348499
v -0.539784 1.00278 0.350471
v -0.539926 1.00583 0.350615
v -0.545951 1.00397 0.352375
v -0.543277 1.00271 0.352837
v -0.544001 1.00523 0.354287
v -0.546865 1.00167 0.354853
v -0.545408 1.00022 0.356955
v -0.545871 1.00311 0.357231
v -0.551731 1.00079 0.357962
v -0.549435 0.999344 0.358928
v -0.549425 1.00222 0.358953
v -0.55328 1.00077 0.361748
v -0.550856 0.99935 0.362131
v -0.550894 1.00217 0.362397
v -0.554016 1.00035 0.365588
v -0.551913 0.998962 0.366755
v -0.551824 1.00174 0.36662
v -0.556118 1.00067 0.370026
v -0.554651 0.999315 0.371857
v -0.554495 1.00202 0.371745
v -0.559272 1.00097 0.372811
v -0.557782 0.999635 0.374562
v -0.557715 1.00229 0.374527
v -0.561094 1.00104 0.374467
v -0.559847 0.999728 0.376365
v -0.559948 1.00235 0.376447
v -0.563609 1.00092 0.376186
v -0.561651 0.999637 0.3773
v -0.561864 1.0022 0.377636
v -0.565811 1.00021 0.379598
v -0.564606 0.998938 0.381431
v -0.564554 1.00147 0.381416
v -0.567916 1.00027 0.381092
v -0.567754 0.999182 0.383337
v -0.56658 1.00135 0.382921
v -0.571293 1.002 0.382541
v -0.56996 1.00082 0.384238
v -0.569447 1.00316 0.383689
v -0.574434 1.00352 0.386109
v -0.573193 1.00241 0.387828
v -0.572576 1.00463 0.387161
v -0.577244 1.00515 0.389372
v -0.575636 1.00405 0.390674
v -0.575234 1.00623 0.389919
v -0.578615 1.00634 0.392111
v -0.576703 1.00522 0.392731
v -0.576943 1.00745 0.393253
v -0.580617 1.00518 0.396266
v -0.578831 1.00405 0.397024
v -0.57878 1.00629 0.396935
v -0.581519 1.00531 0.398673
v -0.580008 1.00421 0.399854
v -0.579799 1.00639 0.399554
v -0.583707 1.00594 0.402352
v -0.581865 1.00486 0.402661
v -0.581844 1.00701 0.402622
v -0.583829 1.00601 0.405299
v -0.582499 1.00497 0.40657
v -0.582818 1.00704 0.406852
v -0.585662 1.00546 0.406882
v -0.584611 1.00445 0.408365
v -0.585091 1.00646 0.408622
v -0.589068 1.00447 0.408643
v -0.587911 1.00346 0.409972
v -0.588112 1.00548 0.410139
v -0.592436 1.00389 0.41123
v -0.59124 1.00305 0.412554
v -0.592161 1.00473 0.413004
v -0.596623 1.00107 0.413255
v -0.596182 1.00016 0.414871
v -0.595648 1.00197 0.414632
v -0.601396 1.00276 0.415563
v -0.60094 1.00191 0.417132
v -0.600286 1.00359 0.416777
v -0.605739 1.0049 0.418072
v -0.60451 1.00408 0.419052
v -0.605043 1.00572 0.419494
v -0.608508 1.00349 0.420364
v -0.607049 1.00273 0.420904
v -0.607553 1.00423 0.421605
v -0.610807 1.00106 0.423588
v -0.610119 1.00026 0.424882
v -0.609706 1.00184 0.424571
v -0.614921 1.00274 0.426886
v -0.614078 1.00196 0.428003
v -0.61378 1.00351 0.427714
v -0.618425 1.00412 0.430528
v -0.617279 1.00345 0.431301
v -0.617869 1.00478 0.431803
v -0.619864 1.00293 0.431756
v -0.619104 1.00219 0.432817
v -0.619283 1.00368 0.432936
v -0.624552 1.00219 0.434686
v -0.623262 1.00165 0.435018
v -0.623802 1.00273 0.435797
v -0.625779 1.00017 0.436475
v -0.625175 0.999561 0.437583
v -0.624669 1.00077 0.437092
v -0.480984 1.00981 0.236194
v -0.478897 1.00771 0.233084
v -0.478158 1.01189 0.233694
v -0.476911 1.00946 0.233223
v -0.477086 1.00898 0.237463
v -0.480635 1.00995 0.235293
v -0.478117 1.00672 0.237343
v -0.479792 1.00473 0.234007
v -0.478371 1.00869 0.233592
v -0.479708 1.00632 0.233278
v -0.476066 1.00457 0.23446
v -0.477418 1.00807 0.236377
v -0.479203 1.00547 0.233424
v -0.47706 1.00369 0.23655
v -0.479166 1.00724 0.237238
v -0.479356 1.00423 0.234154
v -0.47909 1.00358 0.238249
v -0.482673 1.00488 0.236598
v -0.480399 1.00064 0.233701
v -0.481793 0.998592 0.236967
v -0.48217 1.00267 0.23681
v -0.481498 1.00039 0.233796
v -0.485472 0.999624 0.233464
v -0.483998 1.00116 0.236925
v -0.483743 1.00436 0.231002
v -0.486191 1.00325 0.23396
v -0.482971 1.00547 0.234782
v -0.48246 1.00502 0.232705
v -0.486026 1.00326 0.232422
v -0.485694 1.00677 0.234289
v -0.483687 1.00561 0.230135
v -0.485745 1.00364 0.232893
v -0.485367 1.00758 0.233168
v -0.485684 1.00584 0.228919
v -0.48663 1.00389 0.232209
v -0.48726 1.00777 0.231987
v -0.488265 1.00537 0.227919
v -0.489734 1.00343 0.230966
v -0.489248 1.00729 0.231182
v -0.492697 1.00602 0.226244
v -0.494153 1.00411 0.229226
v -0.493712 1.00791 0.22943
v -0.497483 1.0066 0.224448
v -0.496667 1.00517 0.227826
v -0.499098 1.00802 0.227547
v -0.49855 1.0051 0.22445
v -0.499758 1.00324 0.227444
v -0.500164 1.00694 0.227274
v -0.503314 1.00452 0.222232
v -0.503631 1.00275 0.225412
v -0.504565 1.00628 0.225198
v -0.504969 1.0039 0.22193
v -0.506498 1.00209 0.224662
v -0.506751 1.00569 0.224534
v -0.507898 1.00357 0.220381
v -0.510074 1.00194 0.222671
v -0.510886 1.00519 0.22147
v -0.510328 1.00216 0.217116
v -0.511643 1.00042 0.219855
v -0.512047 1.0039 0.219649
v -0.512618 1.00172 0.21606
v -0.51492 1.00002 0.217985
v -0.515268 1.00342 0.217515
v -0.515956 1.00101 0.211887
v -0.51804 0.999755 0.214249
v -0.515888 1.00225 0.215055
v -0.518585 1.00382 0.210991
v -0.519646 1.00219 0.213688
v -0.520248 1.00544 0.213391
v -0.520438 1.00344 0.210032
v -0.521211 1.00181 0.212796
v -0.521786 1.00505 0.21259
v -0.524684 1.00252 0.208415
v -0.52557 1.00105 0.211148
v -0.526746 1.00397 0.210444
v -0.525958 1.00158 0.20775
v -0.527904 0.999999 0.209724
v -0.52823 1.00316 0.209375
v -0.529395 1.00098 0.204201
v -0.530083 0.999416 0.206826
v -0.530331 1.00254 0.20677
v -0.532868 1.00063 0.203374
v -0.534961 0.999115 0.20503
v -0.534575 1.00213 0.205452
v -0.536312 1.0015 0.19995
v -0.537735 1.00002 0.202128
v -0.53808 1.00298 0.201885
v -0.541218 1.00075 0.196414
v -0.54171 0.999285 0.19889
v -0.541777 1.0022 0.198895
v -0.544934 1.00066 0.195729
v -0.546303 0.999242 0.197798
v -0.545902 1.00206 0.198033
v -0.549355 1.00152 0.19344
v -0.550748 1.00012 0.195397
v -0.550835 1.0029 0.195355
v -0.550923 1.00143 0.19241
v -0.552661 1.00011 0.194069
v -0.553113 1.00274 0.193441
v -0.5533 1.00047 0.189257
v -0.554464 0.999121 0.191273
v -0.554478 1.00181 0.191285
v -0.557689 1.00046 0.186788
v -0.559343 0.999187 0.188359
v -0.558867 1.00172 0.188761
v -0.561968 1.00178 0.183433
v -0.563145 1.00052 0.185284
v -0.563388 1.00303 0.185127
v -0.564175 1.00155 0.182015
v -0.564179 1.00036 0.184214
v -0.564955 1.00274 0.184088
v -0.567208 1.00027 0.181779
v -0.568908 0.999067 0.183048
v -0.568621 1.00147 0.183383
v -0.570295 1.00104 0.178535
v -0.57132 0.999866 0.180328
v -0.571657 1.00221 0.180108
v -0.575054 1.00015 0.175338
v -0.57557 0.998996 0.177259
v -0.575414 1.00129 0.17731
v -0.578391 1.00042 0.174703
v -0.579385 0.999298 0.176368
v -0.579512 1.00153 0.176303
v -0.582937 1.00009 0.171825
v -0.583747 0.999005 0.173512
v -0.583687 1.00117 0.173555
v -0.586904 1.00025 0.170216
v -0.588373 0.999205 0.171272
v -0.588319 1.00129 0.171365
v -0.589401 1.00044 0.16709
v -0.590628 0.999451 0.16838
v -0.590213 1.00142 0.168689
v -0.593469 1.00169 0.164294
v -0.594336 1.00071 0.165762
v -0.594078 1.00265 0.1659
v -0.597541 1.00234 0.162394
v -0.598066 1.00139 0.16395
v -0.59804 1.00329 0.163972
v -0.602433 1.00242 0.160912
v -0.602028 1.00156 0.162475
v -0.60268 1.00327 0.162519
v -0.605506 1.00133 0.161116
v -0.604806 1.00048 0.162519
v -0.605345 1.00217 0.162687
v -0.608556 1.0001 0.162154
v -0.609217 0.999309 0.163538
v -0.60853 1.00088 0.163698
v -0.614025 1.00238 0.161145
v -0.614053 1.0017 0.16264
v -0.613163 1.00306 0.162378
v -0.615695 1.00363 0.161681
v -0.615584 1.00285 0.163083
v -0.615183 1.0044 0.163002
v -0.620825 1.00493 0.162967
v -0.620212 1.00418 0.164157
v -0.619912 1.00567 0.163959
v -0.6234 1.00578 0.164875
v -0.622861 1.00507 0.166058
v -0.623295 1.00648 0.16618
v -0.627734 1.00428 0.166056
v -0.627638 1.00358 0.167271
v -0.627752 1.00498 0.167284
v -0.632381 1.00394 0.166387
v -0.631488 1.00331 0.167167
v -0.631853 1.00457 0.167458
v -0.635477 1.00255 0.168835
v -0.634373 1.00202 0.169219
v -0.634806 1.00308 0.169801
v -0.637468 1.00016 0.171531
v -0.636931 0.999589 0.172465
v -0.63661 1.00074 0.172196
v -0.641581 1.00216 0.175187
v -0.641112 1.00168 0.1761
v -0.64068 1.00264 0.175692
v -0.644497 1.00476 0.178087
v -0.644143 1.00425 0.178954
v -0.64384 1.00525 0.178763
v -0.486075 1.00334 0.246172
v -0.485179 1.00267 0.250317
v -0.482085 1.00401 0.247659
v -0.48307 1.00763 0.248885
v -0.486781 1.00651 0.247211
v -0.486684 1.00873 0.250801
v -0.484836 1.00981 0.249927
v -0.484635 1.0082 0.246078
v -0.487188 1.01142 0.246845
v -0.482028 1.01087 0.246573
v -0.485902 1.00945 0.246105
v -0.485084 1.01228 0.249034
v -0.486539 1.01288 0.247117
v -0.48284 1.01168 0.245801
v -0.485166 1.01408 0.243418
v -0.482625 1.01353 0.247185
v -0.484427 1.01245 0.24367
v -0.486526 1.0146 0.246453
v -0.481175 1.0164 0.244782
v -0.484322 1.0151 0.242609
v -0.48492 1.01769 0.245649
v -0.481467 1.01887 0.243957
v -0.483983 1.01687 0.241595
v -0.483822 1.02085 0.241398
v -0.480053 1.01871 0.242452
v -0.482251 1.01678 0.239806
v -0.481548 1.02063 0.239326
v -0.477662 1.01795 0.240811
v -0.479762 1.01631 0.237978
v -0.47778 1.01958 0.237265
v -0.475175 1.01586 0.23983
v -0.476259 1.01414 0.236587
v -0.474553 1.01757 0.236445
v -0.47129 1.01374 0.239492
v -0.47185 1.01206 0.236186
v -0.470162 1.01541 0.236311
v -0.467696 1.01227 0.239666
v -0.468857 1.01046 0.236657
v -0.46805 1.01406 0.236437
v -0.462666 1.01124 0.238254
v -0.465388 1.00981 0.236336
v -0.463562 1.01265 0.235027
v -0.459836 1.00807 0.236143
v -0.461618 1.00644 0.233556
v -0.460319 1.00969 0.233017
v -0.456404 1.0062 0.234644
v -0.457864 1.00496 0.231757
v -0.455438 1.00742 0.231538
v -0.45452 1.00376 0.234375
v -0.455049 1.00251 0.231249
v -0.452764 1.00499 0.231714
v -0.451152 1.00017 0.235002
v -0.449452 0.998605 0.232614
v -0.450501 1.00172 0.232123
v -0.448251 1.00096 0.23601
v -0.448354 0.999321 0.233167
v -0.448642 1.00259 0.233171
v -0.444068 1.00139 0.23548
v -0.442979 0.99982 0.232906
v -0.443651 1.00295 0.232695
v -0.439325 1.00227 0.236512
v -0.4408 1.00092 0.234092
v -0.439243 1.00361 0.233661
v -0.437103 1.00081 0.235895
v -0.437699 0.999263 0.233284
v -0.437503 1.00235 0.233227
v -0.433136 1.0005 0.234945
v -0.431715 0.999232 0.232605
v -0.433319 1.00175 0.232197
v -0.429906 1.00209 0.235475
v -0.430363 1.00062 0.232937
v -0.430829 1.00355 0.233046
v -0.426736 1.00279 0.23426
v -0.425596 1.00139 0.231995
v -0.426315 1.00419 0.231741
v -0.423152 1.00369 0.235328
v -0.423843 1.0025 0.232841
v -0.422277 1.00487 0.232882
v -0.420231 1.0018 0.235407
v -0.420276 1.0004 0.232996
v -0.420176 1.00319 0.232978
v -0.416023 1.00164 0.235352
v -0.415688 1.00028 0.233028
v -0.415565 1.00299 0.233031
v -0.41225 1.00146 0.235921
v -0.411513 1.00013 0.233749
v -0.411258 1.00277 0.233834
v -0.408572 1.00108 0.237357
v -0.407661 0.999843 0.235274
v -0.408443 1.0023 0.235071
v -0.40506 1.00244 0.238027
v -0.403484 1.00123 0.236487
v -0.404026 1.00364 0.236064
v -0.401826 1.00364 0.240352
v -0.400485 1.00245 0.238689
v -0.40006 1.00482 0.239122
v -0.399989 1.00309 0.242195
v -0.398729 1.00191 0.240514
v -0.399214 1.00425 0.240226
v -0.397863 1.0037 0.243346
v -0.39727 1.00272 0.241276
v -0.396155 1.00467 0.242014
v -0.396117 1.00236 0.244495
v -0.395365 1.00122 0.242615
v -0.394972 1.0035 0.242807
v -0.391502 1.00132 0.246859
v -0.390081 1.00022 0.245528
v -0.390406 1.00241 0.245233
v -0.388194 1.00226 0.2495
v -0.386344 1.00126 0.248999
v -0.386741 1.00324 0.248229
v -0.386561 1.00373 0.252468
v -0.384774 1.00276 0.251941
v -0.385167 1.00469 0.251213
v -0.384575 1.00541 0.255921
v -0.38325 1.00444 0.254731
v -0.38292 1.00638 0.255228
v -0.383758 1.0049 0.257153
v -0.382289 1.00395 0.256177
v -0.382019 1.00584 0.25679
v -0.381937 1.00326 0.261404
v -0.380722 1.00265 0.260047
v -0.380106 1.00387 0.261395
v -0.381041 1.00057 0.263312
v -0.37928 0.999987 0.263527
v -0.379711 1.00114 0.262125
v -0.380342 1.00357 0.265271
v -0.378766 1.00286 0.265787
v -0.378787 1.00428 0.264668
v -0.380199 1.00612 0.268301
v -0.378705 1.00525 0.268468
v -0.378712 1.00698 0.26859
v -0.380745 1.00585 0.272092
v -0.379333 1.00503 0.27245
v -0.379278 1.00667 0.272141
v -0.381252 1.00673 0.277204
v -0.380085 1.00594 0.276448
v -0.379944 1.00751 0.276702
v -0.379846 1.00616 0.279904
v -0.378738 1.00544 0.279092
v -0.378485 1.00686 0.279659
v -0.377946 1.00402 0.283902
v -0.376636 1.00341 0.283707
v -0.376749 1.00464 0.284488
v -0.378382 1.00209 0.287129
v -0.377211 1.00142 0.286755
v -0.377144 1.00276 0.287144
v -0.377593 1.0006 0.292077
v -0.376453 0.999944 0.292056
v -0.376451 1.00126 0.291957
v -0.37733 1.00082 0.295226
v -0.376195 1.00027 0.295088
v -0.376436 1.00137 0.2945
v -0.375721 1.00319 0.298848
v -0.374652 1.00266 0.298909
v -0.374767 1.00371 0.298345
v -0.374813 1.00532 0.30274
v -0.373933 1.00475 0.302332
v -0.373915 1.00587 0.302354
v -0.372719 1.0052 0.307268
v -0.371984 1.00468 0.306741
v -0.372065 1.00571 0.306633
v -0.483014 1.00334 0.250072
v -0.483465 1.00273 0.245845
v -0.486847 1.00395 0.248196
v -0.484946 1.00775 0.245433
v -0.484072 1.00687 0.24945
v -0.481132 1.00863 0.247015
v -0.483994 1.01041 0.245708
v -0.485633 1.00868 0.249106
v -0.48335 1.01213 0.249448
v -0.486285 1.01162 0.245469
v -0.48612 1.00956 0.249021
v -0.485923 1.01366 0.249033
v -0.488094 1.01173 0.24569
v -0.48964 1.00996 0.249009
v -0.48763 1.01348 0.249345
v -0.491215 1.01378 0.245292
v -0.493082 1.01195 0.248297
v -0.491587 1.0156 0.248835
v -0.493581 1.01534 0.244904
v -0.496003 1.01341 0.247292
v -0.496458 1.01725 0.246765
v -0.495662 1.01488 0.242509
v -0.498079 1.01306 0.244904
v -0.497025 1.01669 0.245653
v -0.495745 1.01532 0.243337
v -0.499054 1.0134 0.243641
v -0.499027 1.01722 0.243998
v -0.498188 1.01553 0.239301
v -0.4982 1.01362 0.242585
v -0.498382 1.01741 0.242604
v -0.49759 1.01547 0.240183
v -0.499232 1.01467 0.243485
v -0.501254 1.01626 0.240725
v -0.497724 1.01406 0.241704
v -0.50063 1.01221 0.240239
v -0.500884 1.0159 0.24083
v -0.49701 1.01434 0.2393
v -0.500197 1.01254 0.239904
v -0.500263 1.01614 0.238985
v -0.497407 1.01355 0.235359
v -0.499793 1.01199 0.23764
v -0.500678 1.0151 0.23594
v -0.498707 1.01154 0.233147
v -0.501589 1.01065 0.23507
v -0.50199 1.01243 0.231988
v -0.499417 1.00883 0.230525
v -0.500792 1.00774 0.233575
v -0.502633 1.00991 0.231506
v -0.500844 1.00572 0.22901
v -0.503116 1.00409 0.231015
v -0.503706 1.00734 0.230068
v -0.502609 1.00441 0.226334
v -0.505282 1.00294 0.227753
v -0.505649 1.00587 0.226141
v -0.503618 1.00179 0.222478
v -0.506406 1.00015 0.222037
v -0.506431 1.00341 0.222057
v -0.503107 1.00181 0.21824
v -0.505937 1.00034 0.218098
v -0.505737 1.00327 0.219345
v -0.504043 1.00386 0.213355
v -0.506656 1.00232 0.213957
v -0.506573 1.00539 0.214303
v -0.505735 1.00444 0.208152
v -0.507698 1.003 0.2099
v -0.508177 1.00587 0.209175
v -0.506569 1.00386 0.20703
v -0.508861 1.00262 0.208428
v -0.509265 1.00509 0.206862
v -0.507697 1.00142 0.202954
v -0.509845 0.999977 0.204204
v -0.509827 1.00285 0.204271
v -0.510439 1.00154 0.198496
v -0.512454 1.00015 0.199798
v -0.512488 1.00292 0.199779
v -0.51343 1.00147 0.193906
v -0.514928 1.0003 0.19578
v -0.515695 1.00264 0.194744
v -0.514435 1.00034 0.192681
v -0.516578 0.999025 0.193437
v -0.516637 1.00165 0.193308
v -0.515721 1.00011 0.188938
v -0.517922 0.998836 0.18899
v -0.517926 1.00137 0.189182
v -0.5161 1.00046 0.184149
v -0.51823 0.999249 0.184244
v -0.518189 1.00167 0.184651
v -0.516842 1.00128 0.179307
v -0.518926 1.00018 0.179222
v -0.518797 1.00238 0.180074
v -0.517543 1.00224 0.176315
v -0.518989 1.0011 0.177708
v -0.519248 1.00337 0.177403
v -0.519455 1.00174 0.173959
v -0.520761 1.00061 0.175408
v -0.520851 1.00286 0.175342
v -0.522261 1.00153 0.171484
v -0.523992 1.00044 0.172215
v -0.523988 1.00261 0.172261
v -0.524367 1.00161 0.167192
v -0.525229 1.00059 0.168804
v -0.525633 1.00263 0.168528
v -0.526716 1.0009 0.165539
v -0.527865 0.999883 0.166874
v -0.527819 1.00192 0.16693
v -0.529364 1.00103 0.163407
v -0.530482 1.00004 0.164694
v -0.530596 1.002 0.164603
v -0.533018 1.00066 0.160022
v -0.534024 0.999724 0.161298
v -0.534214 1.00158 0.161141
v -0.536541 1.00001 0.156863
v -0.537765 0.999123 0.1578
v -0.537671 1.0009 0.157929
v -0.537942 1.0002 0.155256
v -0.539325 0.999439 0.15599
v -0.538734 1.00095 0.156618
v -0.539678 1.0015 0.15352
v -0.540251 1.00074 0.154913
v -0.54084 1.00226 0.154494
v -0.541967 1.00004 0.151951
v -0.543168 0.999232 0.152684
v -0.543095 1.00085 0.15281
v -0.543762 1.00029 0.149475
v -0.544856 0.999593 0.150362
v -0.54427 1.00098 0.150799
v -0.546306 1.00209 0.147794
v -0.547567 1.00138 0.148188
v -0.54733 1.00279 0.148643
v -0.548209 1.00339 0.144478
v -0.549106 1.00267 0.145326
v -0.549012 1.00409 0.145428
v -0.551731 1.00388 0.141307
v -0.552658 1.00328 0.142052
v -0.552912 1.00447 0.141501
v -0.553386 1.00177 0.13777
v -0.554413 1.0012 0.13817
v -0.554491 1.00234 0.137677
v -0.553878 1.00035 0.134708
v -0.554883 0.999776 0.134518
v -0.554906 1.00092 0.134777
v -0.553797 1.00112 0.13096
v -0.5546 1.00057 0.131483
v -0.554665 1.00167 0.131383
v -0.555456 1.00075 0.128178
v -0.556359 1.00024 0.12824
v -0.556331 1.00126 0.128434
v -0.486323 1.01041 0.249015
v -0.482547 1.00993 0.249304
v -0.484083 1.01089 0.245944
v -0.484371 1.01402 0.251056
v -0.482423 1.01267 0.248151
v -0.484975 1.01536 0.247591
v -0.479878 1.01595 0.248949
v -0.483338 1.01521 0.247861
v -0.482736 1.01668 0.251206
v -0.481423 1.01789 0.250515
v -0.481106 1.01678 0.24704
v -0.483866 1.01899 0.247999
v -0.48246 1.02036 0.247822
v -0.47937 1.01873 0.248718
v -0.479292 1.02197 0.24715
v -0.47892 1.02088 0.247547
v -0.481609 1.01921 0.249222
v -0.480723 1.02255 0.250179
v -0.479431 1.02128 0.247065
v -0.482251 1.01957 0.248415
v -0.481677 1.02298 0.249272
v -0.480526 1.02192 0.245578
v -0.483979 1.02121 0.245562
v -0.482495 1.02262 0.248432
v -0.482457 1.0242 0.247629
v -0.481278 1.02382 0.244376
v -0.484631 1.02457 0.244921
v -0.480469 1.02594 0.246024
v -0.483341 1.02421 0.245207
v -0.483433 1.02765 0.245508
v -0.480099 1.02614 0.242689
v -0.482849 1.02443 0.243752
v -0.482828 1.02784 0.243862
v -0.481204 1.02623 0.241516
v -0.483686 1.02464 0.23991
v -0.484123 1.02781 0.240932
v -0.480217 1.02705 0.238562
v -0.483086 1.02539 0.238512
v -0.483096 1.02869 0.238821
v -0.480461 1.02737 0.234646
v -0.48305 1.02577 0.235786
v -0.483261 1.02895 0.235181
v -0.481619 1.02661 0.231054
v -0.483882 1.02565 0.233075
v -0.48464 1.02755 0.230639
v -0.482572 1.02322 0.228246
v -0.484534 1.0218 0.230188
v -0.485217 1.02463 0.2291
v -0.484736 1.02118 0.22494
v -0.486969 1.02055 0.226864
v -0.487603 1.02181 0.2242
v -0.485225 1.01719 0.22304
v -0.48733 1.0162 0.22483
v -0.487989 1.01818 0.222761
v -0.486258 1.01459 0.22023
v -0.487354 1.01399 0.222816
v -0.48902 1.01519 0.220804
v -0.487068 1.0107 0.219677
v -0.489289 1.01006 0.221247
v -0.489653 1.01134 0.218792
v -0.487499 1.00559 0.217044
v -0.489647 1.0047 0.218401
v -0.489971 1.00647 0.216401
v -0.488479 1.00119 0.212513
v -0.490371 0.999926 0.213741
v -0.490011 1.00245 0.214191
v -0.489918 1.00181 0.211398
v -0.49211 1.00058 0.21172
v -0.492129 1.00304 0.211091
v -0.490073 1.00089 0.207263
v -0.491874 0.999746 0.208503
v -0.492241 1.00203 0.207642
v -0.490812 1 0.205701
v -0.492919 0.998803 0.205635
v -0.492909 1.0012 0.206038
v -0.491221 1.00085 0.200483
v -0.493321 0.999832 0.200375
v -0.493067 1.00185 0.201518
v -0.491972 1.00221 0.197778
v -0.493803 1.00111 0.198593
v -0.493454 1.0033 0.199149
v -0.494022 1.00342 0.195219
v -0.495929 1.00231 0.195079
v -0.495946 1.00452 0.195125
v -0.493834 1.0035 0.191337
v -0.495665 1.00243 0.191077
v -0.495666 1.00457 0.190992
v -0.493236 1.00332 0.187095
v -0.495027 1.00239 0.186705
v -0.494638 1.00424 0.185895
v -0.491424 1.00143 0.182993
v -0.493118 1.00044 0.183248
v -0.493149 1.00241 0.183025
v -0.491949 1.00086 0.177789
v -0.493547 0.999935 0.178169
v -0.49343 1.00178 0.178528
v -0.493368 1.0017 0.174026
v -0.494806 1.00082 0.174695
v -0.494953 1.00257 0.174227
v -0.494588 1.00048 0.170297
v -0.496049 0.999613 0.169966
v -0.49609 1.00133 0.170146
v -0.49417 1.00077 0.167349
v -0.495623 0.999929 0.167421
v -0.495621 1.0016 0.16756
v -0.494764 1.00122 0.161889
v -0.496124 1.00043 0.162063
v -0.496099 1.002 0.162245
v -0.49555 1.00165 0.158127
v -0.496734 1.00092 0.158726
v -0.496872 1.00238 0.158328
v -0.497166 1.00013 0.153475
v -0.498385 0.999421 0.153352
v -0.49839 1.00084 0.153318
v -0.496924 1.00008 0.150989
v -0.498124 0.999412 0.150924
v -0.498098 1.00074 0.151286
v -0.49753 1.00153 0.145564
v -0.498625 1.00091 0.14575
v -0.498554 1.00215 0.146015
v -0.498943 1.00259 0.141063
v -0.499888 1.00213 0.141616
v -0.500026 1.00304 0.140862
v -0.499422 1.00034 0.1385
v -0.500423 0.999908 0.138224
v -0.500364 1.00076 0.138951
v -0.499867 1.00392 0.134279
v -0.500718 1.00342 0.134547
v -0.500765 1.00442 0.134319
v -0.500727 1.00291 0.129859
v -0.501425 1.00244 0.130282
v -0.501444 1.00338 0.130261
v -0.487604 1.00537 0.23166
v -0.488628 1.0043 0.228139
v -0.491007 1.00642 0.230248
v -0.486752 1.00781 0.230793
v -0.486924 1.00712 0.227104
v -0.489929 1.00851 0.22888
v -0.48651 1.01089 0.230409
v -0.486831 1.00905 0.227229
v -0.487109 1.01273 0.227245
v -0.482604 1.01106 0.22871
v -0.485525 1.00924 0.227517
v -0.485613 1.01288 0.227685
v -0.483761 1.01117 0.228208
v -0.482728 1.00984 0.225019
v -0.48517 1.01249 0.225146
v -0.48035 1.01261 0.226631
v -0.482955 1.01127 0.224604
v -0.483663 1.01395 0.226847
v -0.479781 1.01417 0.224537
v -0.482822 1.01241 0.224368
v -0.482817 1.01592 0.224092
v -0.479661 1.01396 0.222309
v -0.482741 1.01241 0.221967
v -0.482183 1.01549 0.220473
v -0.478496 1.01224 0.219201
v -0.481225 1.01054 0.218138
v -0.48125 1.01392 0.218139
v -0.47784 1.01224 0.217443
v -0.48044 1.01057 0.21616
v -0.480573 1.0139 0.216411
v -0.476258 1.01255 0.213421
v -0.479128 1.01104 0.213849
v -0.479058 1.01406 0.212589
v -0.476019 1.01084 0.209021
v -0.478727 1.00928 0.20963
v -0.478814 1.01239 0.208941
v -0.476528 1.01007 0.206459
v -0.47954 1.0093 0.206641
v -0.478484 1.01083 0.204145
v -0.475943 1.0065 0.204895
v -0.478646 1.00532 0.204191
v -0.477564 1.00766 0.202599
v -0.473715 1.0028 0.201481
v -0.475633 1.00139 0.199807
v -0.475107 1.00421 0.199327
v -0.469952 1.00172 0.197715
v -0.472302 1.00031 0.197013
v -0.472405 1.00311 0.197422
v -0.469302 1.00233 0.194097
v -0.47158 1.00099 0.193355
v -0.471303 1.00366 0.192748
v -0.466995 1.00107 0.189049
v -0.469285 0.999757 0.188981
v -0.469256 1.00237 0.188583
v -0.466691 1.00035 0.184946
v -0.46835 0.999163 0.183426
v -0.468842 1.00152 0.184232
v -0.464045 1.00236 0.180182
v -0.465958 1.00128 0.179135
v -0.46624 1.00344 0.180232
v -0.463173 1.00464 0.176213
v -0.465116 1.0035 0.175591
v -0.464893 1.00578 0.175089
v -0.461187 1.00351 0.171917
v -0.463014 1.00239 0.171258
v -0.462924 1.00462 0.171017
v -0.458983 1.00288 0.166632
v -0.460903 1.00201 0.166923
v -0.460708 1.00375 0.165715
v -0.458633 1.00136 0.164159
v -0.460401 1.00033 0.164521
v -0.460451 1.00238 0.164183
v -0.459224 1.0006 0.15939
v -0.460821 0.999609 0.160028
v -0.4609 1.00158 0.159833
v -0.460545 1.00015 0.155671
v -0.462189 0.999199 0.155698
v -0.462195 1.00109 0.155823
v -0.460743 1.00033 0.153188
v -0.46229 0.999411 0.152779
v -0.462344 1.00124 0.153002
v -0.460146 1.00077 0.149791
v -0.46163 0.99988 0.149403
v -0.461641 1.00165 0.149398
v -0.458932 1.00077 0.144851
v -0.460384 0.999928 0.144861
v -0.460389 1.0016 0.144724
v -0.458792 1.00033 0.139279
v -0.460175 0.999589 0.139265
v -0.460085 1.00106 0.139797
v -0.459658 1.00193 0.135319
v -0.460861 1.00124 0.134819
v -0.46097 1.00261 0.135339
v -0.459153 1.00319 0.132289
v -0.460156 1.00252 0.131572
v -0.460346 1.00386 0.131947
v -0.45775 1.0042 0.128849
v -0.458867 1.00353 0.12915
v -0.458873 1.00487 0.129165
v -0.458331 1.00422 0.126857
v -0.459475 1.00362 0.126764
v -0.459411 1.00481 0.127268
v -0.45873 1.00495 0.125694
v -0.45966 1.00433 0.125124
v -0.459556 1.00557 0.124969
v -0.457633 1.00466 0.124167
v -0.458243 1.00412 0.123261
v -0.458624 1.0052 0.123691
v -0.456748 1.00538 0.123111
v -0.457477 1.0048 0.122373
v -0.457658 1.00595 0.122598
v -0.454404 1.00633 0.119926
v -0.455173 1.00587 0.119274
v -0.455416 1.00678 0.119847
v -0.453685 1.00758 0.117941
v -0.454611 1.00706 0.117871
v -0.454604 1.00809 0.118116
v -0.453906 1.00828 0.114886
v -0.454746 1.00777 0.115105
v -0.454755 1.00878 0.115097
v -0.454906 1.00824 0.111293
v -0.455336 1.00793 0.112059
v -0.455761 1.00855 0.111513
v -0.487432 1.00386 0.270246
v -0.485897 1.00242 0.273992
v -0.483638 1.00528 0.271717
v -0.485202 1.00582 0.275016
v -0.486259 1.00506 0.270988
v -0.489161 1.00657 0.27367
v -0.488945 1.00664 0.273812
v -0.484864 1.00582 0.274457
v -0.48611 1.00746 0.270783
v -0.484344 1.00992 0.272811
v -0.488413 1.0097 0.273486
v -0.485828 1.01015 0.276676
v -0.488753 1.01309 0.27401
v -0.485277 1.01176 0.275626
v -0.485186 1.01441 0.272554
v -0.48691 1.01525 0.273659
v -0.486187 1.01325 0.277034
v -0.486243 1.01724 0.277072
v -0.489212 1.01523 0.274434
v -0.486896 1.01325 0.276961
v -0.48709 1.0172 0.277159
v -0.491993 1.01504 0.277343
v -0.488477 1.01336 0.277279
v -0.488987 1.0167 0.27921
v -0.492504 1.01397 0.279359
v -0.489231 1.01204 0.279984
v -0.48916 1.01588 0.279667
v -0.492935 1.01429 0.282871
v -0.489837 1.01242 0.283893
v -0.489695 1.01614 0.28342
v -0.493904 1.01482 0.287203
v -0.490723 1.013 0.286984
v -0.49072 1.01661 0.28763
v -0.493874 1.01403 0.292374
v -0.49115 1.01232 0.290832
v -0.490766 1.01572 0.29185
v -0.492692 1.01289 0.294534
v -0.489685 1.01118 0.294918
v -0.489856 1.01457 0.295666
v -0.493322 1.01207 0.297512
v -0.490445 1.01053 0.29844
v -0.491201 1.01359 0.299694
v -0.495536 1.01028 0.301596
v -0.492598 1.00953 0.300305
v -0.492764 1.01102 0.303241
v -0.495439 1.0066 0.302809
v -0.492554 1.00526 0.303145
v -0.49326 1.00793 0.304757
v -0.496766 1.00465 0.306437
v -0.494215 1.00394 0.30479
v -0.493929 1.00535 0.307555
v -0.496302 1.00131 0.307035
v -0.494247 0.999826 0.308697
v -0.493876 1.00278 0.30813
v -0.498092 1.00223 0.310152
v -0.497213 1.00144 0.31284
v -0.495421 1.00301 0.311121
v -0.499786 1.00551 0.311941
v -0.498306 1.00467 0.314222
v -0.497074 1.00634 0.312277
v -0.500562 1.00897 0.313601
v -0.499558 1.00763 0.315775
v -0.499026 1.0103 0.315461
v -0.503953 1.00974 0.316145
v -0.501698 1.00843 0.316713
v -0.5019 1.01103 0.317274
v -0.505139 1.00902 0.319352
v -0.502864 1.00778 0.319359
v -0.502976 1.01026 0.320108
v -0.505794 1.00776 0.323847
v -0.503736 1.00671 0.322907
v -0.503556 1.0088 0.324261
v -0.505327 1.00551 0.327247
v -0.503352 1.00456 0.326271
v -0.503167 1.00645 0.327741
v -0.50503 1.00371 0.329481
v -0.503055 1.0026 0.328922
v -0.502974 1.0048 0.329689
v -0.504743 1.00272 0.33202
v -0.502729 1.00176 0.331658
v -0.502859 1.00367 0.332852
v -0.505026 1.00099 0.334714
v -0.503144 0.999897 0.334912
v -0.503162 1.00207 0.335116
v -0.505647 1.00055 0.339142
v -0.504046 0.999531 0.339987
v -0.503873 1.00156 0.339565
v -0.507028 1.00159 0.343167
v -0.505689 1.0006 0.344216
v -0.505707 1.00257 0.344259
v -0.508513 1.00153 0.345098
v -0.507474 1.00057 0.346378
v -0.507394 1.00247 0.346326
v -0.511208 1.00172 0.347515
v -0.510405 1.00081 0.348866
v -0.510483 1.00262 0.348923
v -0.514439 1.00151 0.349381
v -0.513615 1.00072 0.350675
v -0.514277 1.0023 0.350917
v -0.51702 1.00043 0.350389
v -0.516045 0.999599 0.351449
v -0.516097 1.00126 0.351508
v -0.519785 1.00023 0.35306
v -0.519849 0.999493 0.354438
v -0.519315 1.00096 0.354367
v -0.523795 1.00169 0.353729
v -0.523709 1.00099 0.355014
v -0.523267 1.00239 0.354914
v -0.528807 1.00331 0.355082
v -0.528372 1.00266 0.356175
v -0.528065 1.00396 0.356006
v -0.532737 1.00453 0.357457
v -0.532018 1.00392 0.358257
v -0.532194 1.00514 0.358395
v -0.536707 1.00361 0.360427
v -0.535953 1.00315 0.361116
v -0.536531 1.00405 0.36144
v -0.484434 1.00386 0.269818
v -0.487879 1.00276 0.272138
v -0.484669 1.00494 0.273984
v -0.489178 1.00679 0.272461
v -0.485145 1.00578 0.272005
v -0.487134 1.0078 0.268934
v -0.485947 1.00863 0.269693
v -0.488634 1.00759 0.27263
v -0.485228 1.00967 0.273626
v -0.490282 1.01123 0.272268
v -0.486665 1.00949 0.272174
v -0.487249 1.01297 0.270252
v -0.487924 1.01196 0.270474
v -0.489238 1.01088 0.274063
v -0.485914 1.01303 0.273746
v -0.487521 1.01422 0.274466
v -0.4886 1.01393 0.270746
v -0.491285 1.01451 0.273494
v -0.487214 1.01668 0.271212
v -0.490475 1.01517 0.272464
v -0.488971 1.01817 0.274254
v -0.48792 1.01807 0.270951
v -0.49107 1.01622 0.271689
v -0.491169 1.01992 0.271212
v -0.48955 1.01781 0.267312
v -0.490373 1.01602 0.270402
v -0.491171 1.01958 0.270096
v -0.490621 1.0173 0.267249
v -0.493612 1.01568 0.268408
v -0.492711 1.01891 0.269711
v -0.492199 1.01873 0.265185
v -0.495166 1.01709 0.266002
v -0.494641 1.02036 0.267093
v -0.493401 1.01984 0.263249
v -0.496219 1.01858 0.264639
v -0.496437 1.02108 0.262371
v -0.493739 1.01783 0.261832
v -0.496656 1.01633 0.261579
v -0.496231 1.01932 0.260258
v -0.492864 1.0164 0.257576
v -0.494872 1.01547 0.259858
v -0.495918 1.01732 0.257492
v -0.493582 1.01357 0.256575
v -0.496256 1.01209 0.25682
v -0.496219 1.01504 0.255976
v -0.493555 1.01241 0.251681
v -0.495577 1.01107 0.253318
v -0.496107 1.01375 0.252272
v -0.4955 1.01067 0.247911
v -0.496864 1.00978 0.250174
v -0.498107 1.01155 0.248415
v -0.497396 1.00635 0.2455
v -0.499325 1.00536 0.246946
v -0.499814 1.00734 0.245319
v -0.498356 1.0037 0.242469
v -0.500078 1.00281 0.244008
v -0.500677 1.00458 0.242384
v -0.499612 1.00124 0.23959
v -0.501204 1.00008 0.240895
v -0.500843 1.00238 0.241259
v -0.502161 1.00212 0.237614
v -0.504234 1.00154 0.23703
v -0.503892 1.00269 0.238913
v -0.503149 1.00573 0.234734
v -0.504967 1.00532 0.235687
v -0.50338 1.00613 0.236782
v -0.503937 1.00838 0.234289
v -0.50558 1.00757 0.235091
v -0.504754 1.00918 0.235937
v -0.506258 1.0108 0.23208
v -0.508006 1.01029 0.232501
v -0.507011 1.01129 0.233722
v -0.508057 1.01357 0.230406
v -0.508644 1.01276 0.231856
v -0.507939 1.01437 0.231976
v -0.509928 1.01477 0.230896
v -0.511391 1.01399 0.230751
v -0.511338 1.01554 0.23135
v -0.510567 1.01521 0.230688
v -0.510688 1.01467 0.229161
v -0.511766 1.01575 0.229722
v -0.510046 1.01555 0.229097
v -0.511387 1.01489 0.229685
v -0.510792 1.01622 0.230368
v -0.511678 1.01722 0.228426
v -0.512494 1.01655 0.227342
v -0.512938 1.01789 0.227898
v -0.510969 1.01802 0.226017
v -0.511665 1.01728 0.22707
v -0.511726 1.01874 0.227039
v -0.512622 1.01792 0.224904
v -0.513561 1.01728 0.225714
v -0.513102 1.01856 0.226057
v -0.514708 1.01923 0.223755
v -0.515858 1.01866 0.223601
v -0.515778 1.01979 0.224224
v -0.515053 1.02031 0.222174
v -0.516177 1.01983 0.222204
v -0.515936 1.02077 0.221468
v -0.514795 1.01892 0.219812
v -0.515248 1.01836 0.220709
v -0.515499 1.01947 0.220539
v -0.516051 1.01845 0.219012
v -0.517045 1.01804 0.219209
v -0.516655 1.01885 0.219833
v -0.517202 1.01948 0.217799
v -0.51736 1.01898 0.218704
v -0.517009 1.01996 0.218703
v -0.483146 1.01106 0.229465
v -0.484325 1.00986 0.226307
v -0.486262 1.01226 0.228132
v -0.481395 1.01286 0.227076
v -0.484341 1.01125 0.226031
v -0.484519 1.01445 0.227458
v -0.481424 1.01388 0.22363
v -0.484071 1.01214 0.225014
v -0.484025 1.01559 0.225144
v -0.482564 1.01397 0.221664
v -0.485481 1.01237 0.222292
v -0.485064 1.01557 0.223332
v -0.483899 1.0151 0.220306
v -0.486263 1.01351 0.218633
v -0.486701 1.01667 0.219494
v -0.483232 1.01559 0.218859
v -0.485169 1.01466 0.216409
v -0.48637 1.01651 0.218812
v -0.4836 1.01657 0.218981
v -0.485228 1.01496 0.216711
v -0.485053 1.01818 0.216571
v -0.481211 1.01641 0.217228
v -0.48253 1.01593 0.214391
v -0.484325 1.0169 0.216812
v -0.482168 1.01691 0.217792
v -0.482824 1.01533 0.215144
v -0.482794 1.01848 0.215116
v -0.480683 1.01688 0.213721
v -0.478589 1.01635 0.215931
v -0.48139 1.01741 0.216696
v -0.481114 1.01618 0.217169
v -0.480382 1.01466 0.214604
v -0.47992 1.01769 0.214761
v -0.476988 1.01583 0.217236
v -0.478823 1.01447 0.215267
v -0.479558 1.01718 0.216375
v -0.478289 1.0163 0.217182
v -0.478151 1.01485 0.214573
v -0.47738 1.01774 0.214712
v -0.476148 1.0156 0.217532
v -0.475691 1.01432 0.214949
v -0.474399 1.01687 0.215554
v -0.472232 1.01383 0.218989
v -0.47312 1.01247 0.21668
v -0.472365 1.01518 0.2165
v -0.47074 1.01323 0.218546
v -0.471146 1.01205 0.216078
v -0.469717 1.01441 0.216246
v -0.467021 1.01089 0.218959
v -0.467379 1.00986 0.216543
v -0.465741 1.01192 0.216862
v -0.463173 1.00733 0.219566
v -0.462968 1.00679 0.217126
v -0.461046 1.00786 0.218332
v -0.461454 1.00279 0.220565
v -0.460313 1.00161 0.218845
v -0.460027 1.00396 0.219052
v -0.457087 1.00206 0.223798
v -0.45576 1.00133 0.222131
v -0.457431 1.00277 0.221684
v -0.454474 1.00464 0.22431
v -0.454024 1.00387 0.222338
v -0.455534 1.0054 0.222575
v -0.452875 1.00671 0.223921
v -0.452611 1.00566 0.222132
v -0.452426 1.00774 0.222155
v -0.449697 1.00639 0.224457
v -0.448524 1.00548 0.223122
v -0.449263 1.00729 0.222721
v -0.447864 1.00747 0.225325
v -0.446876 1.00652 0.223963
v -0.446565 1.00841 0.224236
v -0.444959 1.00667 0.227913
v -0.444102 1.00576 0.226571
v -0.444315 1.00758 0.226444
v -0.442824 1.00696 0.228975
v -0.442528 1.00607 0.227464
v -0.442434 1.00785 0.227474
v -0.438221 1.00673 0.229928
v -0.438507 1.00594 0.228492
v -0.43797 1.00751 0.228475
v -0.433705 1.00523 0.229799
v -0.434276 1.00455 0.228535
v -0.433542 1.0059 0.228413
v -0.429486 1.00264 0.228954
v -0.429492 1.00215 0.227635
v -0.428547 1.00312 0.228018
v -0.427162 1.00005 0.229861
v -0.426684 0.999402 0.228824
v -0.426887 1.0007 0.228744
v -0.424977 1.00041 0.230563
v -0.424846 0.999778 0.229481
v -0.42495 1.00103 0.229465
v -0.420515 1.0008 0.230757
v -0.42015 1.00025 0.229837
v -0.419939 1.00136 0.229942
v -0.418245 1.00025 0.231938
v -0.417545 0.99975 0.231303
v -0.41787 1.00074 0.231064
v -0.414717 1.00195 0.234352
v -0.41423 1.0015 0.233672
v -0.414514 1.0024 0.233534
v -0.497819 1.01553 0.243657
v -0.498327 1.01362 0.240391
v -0.498624 1.01742 0.240426
v -0.494428 1.01566 0.241736
v -0.497315 1.01401 0.239956
v -0.497842 1.0173 0.241732
v -0.49602 1.01669 0.237251
v -0.497248 1.01526 0.240459
v -0.494845 1.0181 0.2405
v -0.49516 1.0173 0.240814
v -0.496453 1.01645 0.237459
v -0.498654 1.01814 0.239899
v -0.494303 1.01912 0.239735
v -0.496871 1.01733 0.23788
v -0.497228 1.02091 0.238458
v -0.493551 1.01956 0.238176
v -0.496149 1.01788 0.236379
v -0.495277 1.02124 0.235504
v -0.490959 1.01851 0.235196
v -0.493986 1.01679 0.234801
v -0.49382 1.02021 0.234067
v -0.490485 1.01774 0.232518
v -0.493782 1.01707 0.231958
v -0.49188 1.01841 0.229463
v -0.489576 1.01544 0.23104
v -0.492392 1.01376 0.230363
v -0.492371 1.01711 0.230203
v -0.489111 1.01529 0.228569
v -0.491964 1.014 0.227638
v -0.490736 1.01656 0.226026
v -0.487379 1.01243 0.226078
v -0.489507 1.01104 0.224224
v -0.488275 1.01381 0.223383
v -0.483898 1.01036 0.223633
v -0.486673 1.0095 0.222764
v -0.484987 1.01122 0.220921
v -0.482425 1.00806 0.22162
v -0.48514 1.00698 0.222112
v -0.484753 1.00913 0.22011
v -0.48181 1.00493 0.21786
v -0.484121 1.00418 0.219342
v -0.48441 1.00568 0.21694
v -0.482108 1.0019 0.216559
v -0.48437 1.00054 0.215782
v -0.484491 1.00326 0.216198
v -0.48116 1.00256 0.211873
v -0.483591 1.00172 0.21126
v -0.483255 1.0034 0.213274
v -0.482087 1.00619 0.210157
v -0.483455 1.00499 0.208404
v -0.484013 1.00738 0.209013
v -0.480416 1.00705 0.208193
v -0.481661 1.00603 0.206336
v -0.482522 1.00807 0.207404
v -0.47847 1.0094 0.205585
v -0.480086 1.00828 0.204301
v -0.47956 1.01052 0.203815
v -0.475841 1.0084 0.203055
v -0.4775 1.00729 0.201981
v -0.477735 1.0095 0.20244
v -0.475009 1.00922 0.200476
v -0.475844 1.00813 0.19879
v -0.475714 1.0103 0.198716
v -0.472648 1.00902 0.199354
v -0.473153 1.00797 0.197607
v -0.473003 1.01007 0.197556
v -0.468355 1.00874 0.198018
v -0.46974 1.00774 0.196974
v -0.469649 1.00973 0.196844
v -0.466192 1.00844 0.195266
v -0.46754 1.0076 0.19421
v -0.4668 1.00927 0.193652
v -0.462568 1.00585 0.19251
v -0.463961 1.00533 0.19155
v -0.462726 1.00636 0.190818
v -0.459834 1.00139 0.190825
v -0.460156 1.0007 0.189384
v -0.460925 1.00207 0.189816
v -0.455482 1.00451 0.188161
v -0.456157 1.0039 0.186992
v -0.456725 1.00512 0.187616
v -0.452984 1.00707 0.185234
v -0.453865 1.00644 0.184404
v -0.454141 1.0077 0.184852
v -0.450919 1.00874 0.181562
v -0.452019 1.00814 0.1815
v -0.45194 1.00934 0.181128
v -0.450401 1.00799 0.179155
v -0.451435 1.0074 0.17917
v -0.451433 1.00858 0.179009
v -0.450196 1.00738 0.1745
v -0.451049 1.00691 0.174955
v -0.451167 1.00785 0.174442
v -0.450773 1.00596 0.172035
v -0.451605 1.00547 0.172283
v -0.45164 1.00646 0.172154
v -0.462285 1.01124 0.235002
v -0.46392 1.00963 0.238057
v -0.465399 1.01282 0.23657
v -0.463026 1.01011 0.23607
v -0.466577 1.00888 0.236278
v -0.465597 1.01132 0.233585
v -0.463791 1.00823 0.235829
v -0.465646 1.00658 0.233096
v -0.464087 1.00988 0.232517
v -0.460964 1.00747 0.233251
v -0.464121 1.00564 0.233237
v -0.46414 1.00928 0.233434
v -0.461354 1.00757 0.230276
v -0.463811 1.0058 0.232216
v -0.464213 1.00932 0.231608
v -0.462668 1.00714 0.228251
v -0.465055 1.00536 0.230166
v -0.464947 1.0089 0.230329
v -0.463396 1.00722 0.22754
v -0.46609 1.00547 0.228914
v -0.466168 1.00896 0.228805
v -0.464754 1.00713 0.224981
v -0.466531 1.00555 0.227452
v -0.46744 1.0087 0.226458
v -0.466495 1.00577 0.224385
v -0.469664 1.005 0.225089
v -0.468932 1.00653 0.222219
v -0.466389 1.00272 0.22134
v -0.468258 1.00135 0.223608
v -0.46923 1.00408 0.22216
v -0.468347 1.00049 0.218466
v -0.470851 0.998979 0.219579
v -0.470416 1.002 0.220293
v -0.470995 1.00158 0.214722
v -0.473536 1.00077 0.216144
v -0.471437 1.00237 0.217614
v -0.472704 1.00536 0.213677
v -0.47531 1.00444 0.214561
v -0.473782 1.00626 0.216225
v -0.474257 1.00878 0.21322
v -0.47627 1.00809 0.21143
v -0.476908 1.00947 0.213761
v -0.474013 1.01027 0.212001
v -0.476378 1.0089 0.212061
v -0.476394 1.01163 0.211904
v -0.474118 1.01016 0.210486
v -0.476334 1.00881 0.209805
v -0.476285 1.01149 0.209612
v -0.47299 1.00991 0.206836
v -0.475229 1.00861 0.206886
v -0.475244 1.0112 0.206958
v -0.473282 1.01004 0.201903
v -0.475243 1.00889 0.202849
v -0.475473 1.01118 0.20198
v -0.474385 1.00829 0.197929
v -0.476405 1.00712 0.198003
v -0.476414 1.00944 0.197755
v -0.474366 1.00783 0.193861
v -0.476312 1.00677 0.193846
v -0.476207 1.00888 0.193189
v -0.473555 1.00627 0.188536
v -0.47521 1.00546 0.189493
v -0.475448 1.00707 0.1882
v -0.47458 1.00246 0.183596
v -0.475885 1.00153 0.184635
v -0.476127 1.00338 0.184251
v -0.476063 1.00171 0.181687
v -0.477525 1.00097 0.18088
v -0.477723 1.00244 0.181952
v -0.475675 1.00377 0.179074
v -0.476965 1.00305 0.178169
v -0.47726 1.00448 0.1791
v -0.474797 1.00588 0.175705
v -0.476158 1.00512 0.176177
v -0.476243 1.00664 0.175586
v -0.4751 1.00509 0.174061
v -0.476399 1.00431 0.173658
v -0.476443 1.00587 0.17379
v -0.47404 1.00551 0.169596
v -0.475289 1.00481 0.16939
v -0.47516 1.00619 0.168986
v -0.472524 1.00397 0.164928
v -0.47357 1.00332 0.1645
v -0.473483 1.00461 0.164315
v -0.470691 1.00327 0.161192
v -0.471608 1.00274 0.160677
v -0.471272 1.00381 0.160307
v -0.467526 1.00118 0.157534
v -0.468422 1.00066 0.157403
v -0.468432 1.00171 0.157426
v -0.467043 1.00128 0.153356
v -0.467795 1.00084 0.153035
v -0.467865 1.00172 0.153305
v -0.480881 1.0065 0.289772
v -0.481803 1.00576 0.285643
v -0.484858 1.00724 0.288278
v -0.483719 1.00883 0.285754
v -0.481575 1.00694 0.288843
v -0.480332 1.01071 0.287445
v -0.482164 1.00956 0.286142
v -0.48265 1.00754 0.289741
v -0.483675 1.01156 0.289474
v -0.482175 1.0091 0.287442
v -0.485845 1.0073 0.287282
v -0.485433 1.0109 0.289189
v -0.486352 1.00987 0.284849
v -0.48318 1.00819 0.2867
v -0.484852 1.01154 0.288227
v -0.484079 1.00902 0.285821
v -0.485654 1.0075 0.28915
v -0.487468 1.01054 0.287316
v -0.486518 1.00775 0.284096
v -0.486635 1.0058 0.287494
v -0.487184 1.00968 0.287457
v -0.489227 1.00728 0.283926
v -0.490402 1.00537 0.287001
v -0.490523 1.00918 0.286979
v -0.4938 1.00716 0.282425
v -0.493267 1.00533 0.285566
v -0.493699 1.00898 0.285633
v -0.495262 1.00677 0.28351
v -0.496855 1.00538 0.286376
v -0.498335 1.00816 0.284706
v -0.498766 1.00527 0.281568
v -0.496335 1.00429 0.28386
v -0.499021 1.00624 0.284915
v -0.498589 1.00316 0.282158
v -0.498626 1.00199 0.285344
v -0.5009 1.00432 0.284377
v -0.501139 1.00002 0.281151
v -0.503848 0.999401 0.282828
v -0.501262 1.00064 0.284348
v -0.503822 1.00358 0.280302
v -0.504479 1.0029 0.283271
v -0.50176 1.00424 0.282555
v -0.504662 1.0076 0.280916
v -0.506523 1.00661 0.282998
v -0.504432 1.00858 0.283714
v -0.506577 1.01084 0.280753
v -0.509288 1.01014 0.28103
v -0.507989 1.01154 0.283099
v -0.508251 1.01333 0.27893
v -0.509814 1.01231 0.280906
v -0.508086 1.01434 0.281458
v -0.511199 1.01587 0.278116
v -0.511951 1.01465 0.280264
v -0.511119 1.01709 0.280407
v -0.514453 1.01709 0.277724
v -0.515693 1.016 0.279545
v -0.51461 1.01817 0.279936
v -0.517488 1.01885 0.276761
v -0.519008 1.01795 0.278285
v -0.517642 1.01973 0.27892
v -0.518682 1.02046 0.276504
v -0.520599 1.01946 0.277111
v -0.520048 1.02145 0.277997
v -0.519731 1.02163 0.275385
v -0.521616 1.02063 0.275717
v -0.521591 1.02262 0.274881
v -0.519689 1.02089 0.273673
v -0.521472 1.01989 0.273213
v -0.521533 1.02188 0.273863
v -0.520002 1.02183 0.269826
v -0.52101 1.02083 0.271223
v -0.521053 1.02282 0.271207
v -0.52164 1.02177 0.268758
v -0.522869 1.02086 0.269906
v -0.523205 1.02268 0.269405
v -0.523636 1.02052 0.26585
v -0.524838 1.0201 0.267089
v -0.525353 1.02093 0.265604
v -0.524165 1.01821 0.264522
v -0.52526 1.01741 0.265527
v -0.52557 1.019 0.26504
v -0.526609 1.01659 0.260691
v -0.527395 1.01596 0.261836
v -0.527927 1.01721 0.261153
v -0.529484 1.01338 0.257105
v -0.530284 1.01278 0.257979
v -0.5306 1.01399 0.257526
v -0.532275 1.01126 0.253179
v -0.532756 1.01075 0.2541
v -0.533171 1.01176 0.253719
v -0.482409 1.00332 0.296243
v -0.482462 1.00144 0.292381
v -0.484491 1.00518 0.29296
v -0.48007 1.00425 0.29532
v -0.481493 1.00239 0.291833
v -0.48308 1.00609 0.293014
v -0.480307 1.00536 0.294446
v -0.479953 1.00333 0.29092
v -0.479409 1.00738 0.29099
v -0.478279 1.00502 0.29468
v -0.477861 1.00329 0.291144
v -0.476049 1.00673 0.291874
v -0.475132 1.00334 0.295854
v -0.475293 1.00165 0.292464
v -0.473579 1.00501 0.292811
v -0.470428 1.00111 0.296678
v -0.470761 0.999345 0.293612
v -0.470224 1.00286 0.293578
v -0.466042 1.00044 0.296462
v -0.464737 0.999507 0.29354
v -0.467506 1.00136 0.293599
v -0.465468 1.00286 0.296042
v -0.462841 1.00201 0.294447
v -0.465103 1.00371 0.292976
v -0.465098 1.00474 0.295864
v -0.462295 1.0035 0.295592
v -0.46303 1.00598 0.293927
v -0.463365 1.00618 0.298477
v -0.461398 1.00509 0.296555
v -0.463215 1.00727 0.295715
v -0.461173 1.00894 0.299144
v -0.458541 1.0083 0.298618
v -0.460053 1.00957 0.296691
v -0.458919 1.01123 0.300577
v -0.45812 1.01071 0.298124
v -0.460507 1.01174 0.29853
v -0.458316 1.01353 0.300355
v -0.45722 1.01271 0.298254
v -0.45911 1.01435 0.29811
v -0.457185 1.01601 0.299826
v -0.454975 1.01532 0.299453
v -0.456042 1.0167 0.297885
v -0.456442 1.01814 0.300583
v -0.454422 1.01729 0.300902
v -0.454688 1.01899 0.299509
v -0.456 1.0198 0.30227
v -0.454191 1.01878 0.302042
v -0.454182 1.02081 0.302533
v -0.455879 1.0192 0.305185
v -0.454577 1.01864 0.303826
v -0.453995 1.01975 0.305342
v -0.454632 1.01856 0.306302
v -0.453977 1.0179 0.304617
v -0.455385 1.01921 0.304648
v -0.453271 1.01949 0.3061
v -0.45334 1.01906 0.304291
v -0.454785 1.01992 0.305092
v -0.45276 1.02105 0.305735
v -0.453937 1.02053 0.304518
v -0.452593 1.02158 0.304041
v -0.45283 1.01952 0.304937
v -0.451664 1.01868 0.304067
v -0.451575 1.02036 0.304181
v -0.450621 1.01937 0.306717
v -0.450677 1.01884 0.305216
v -0.451763 1.01989 0.305729
v -0.449457 1.02036 0.305909
v -0.450952 1.02005 0.305949
v -0.450336 1.02066 0.30469
v -0.449107 1.01859 0.305046
v -0.450274 1.01788 0.304616
v -0.450341 1.0193 0.304833
v -0.448563 1.01896 0.302557
v -0.449676 1.01832 0.30287
v -0.449725 1.01959 0.302492
v -0.449198 1.01812 0.300413
v -0.449877 1.01753 0.299654
v -0.449781 1.0187 0.299569
v -0.447886 1.01796 0.298901
v -0.448732 1.01789 0.299608
v -0.448929 1.01804 0.29853
v -0.457967 1.0062 0.234353
v -0.456138 1.00431 0.231582
v -0.455588 1.00807 0.232002
v -0.456373 1.00591 0.23555
v -0.454814 1.00403 0.232707
v -0.454932 1.00778 0.232618
v -0.455855 1.00598 0.23379
v -0.452709 1.00418 0.234373
v -0.452921 1.00777 0.235124
v -0.455979 1.00579 0.234333
v -0.452511 1.00471 0.234383
v -0.453768 1.00686 0.237028
v -0.456665 1.00329 0.235932
v -0.453564 1.00181 0.236563
v -0.454436 1.00477 0.238206
v -0.45823 1.00123 0.239022
v -0.455721 0.999601 0.24047
v -0.455429 1.00285 0.23984
v -0.45858 1.00208 0.241705
v -0.458817 1.00098 0.24464
v -0.456677 1.00318 0.243972
v -0.461383 1.00394 0.243334
v -0.459422 1.00304 0.245462
v -0.458478 1.00483 0.243206
v -0.462005 1.00717 0.245234
v -0.460575 1.00617 0.24749
v -0.459387 1.00816 0.245834
v -0.462432 1.01024 0.247105
v -0.463418 1.00942 0.249439
v -0.461319 1.01105 0.249395
v -0.464377 1.01167 0.247465
v -0.464091 1.01135 0.250014
v -0.462048 1.01198 0.248562
v -0.463161 1.01437 0.247965
v -0.463959 1.01334 0.250056
v -0.46504 1.01538 0.249206
v -0.462948 1.0141 0.248801
v -0.465067 1.01296 0.248413
v -0.465067 1.01524 0.249264
v -0.463482 1.01463 0.246373
v -0.465679 1.01423 0.247178
v -0.464006 1.01503 0.248663
v -0.46385 1.01741 0.246529
v -0.465736 1.01629 0.247007
v -0.4658 1.01852 0.246733
v -0.464345 1.01713 0.245048
v -0.466024 1.01607 0.244237
v -0.466158 1.01819 0.244553
v -0.46342 1.01761 0.24235
v -0.465342 1.017 0.242377
v -0.464697 1.01821 0.240902
v -0.46299 1.01616 0.240495
v -0.464417 1.01528 0.241466
v -0.464717 1.01703 0.240687
v -0.46419 1.01488 0.237666
v -0.46501 1.01413 0.23909
v -0.465702 1.01562 0.238337
v -0.465223 1.01376 0.236607
v -0.466604 1.01293 0.237208
v -0.466341 1.01458 0.237633
v -0.466082 1.01423 0.235364
v -0.467311 1.0134 0.236086
v -0.467297 1.01505 0.236128
v -0.467953 1.01432 0.232733
v -0.469241 1.0136 0.232848
v -0.469241 1.01505 0.232543
v -0.468172 1.01363 0.228861
v -0.468879 1.01298 0.229785
v -0.469089 1.01428 0.229591
v -0.469619 1.01314 0.227895
v -0.470733 1.01279 0.228298
v -0.470636 1.01348 0.227277
v -0.469583 1.0104 0.225714
v -0.470304 1.00991 0.226367
v -0.470538 1.01088 0.225933
v -0.489539 1.01289 0.293193
v -0.492879 1.01232 0.294953
v -0.489839 1.01344 0.296972
v -0.488973 1.01422 0.295254
v -0.491985 1.0125 0.293856
v -0.492315 1.01592 0.295331
v -0.49208 1.01485 0.291731
v -0.48992 1.01305 0.29405
v -0.490383 1.01665 0.294435
v -0.489726 1.01464 0.294309
v -0.492748 1.0131 0.293185
v -0.492898 1.01618 0.294993
v -0.493736 1.01525 0.293311
v -0.490646 1.01367 0.293816
v -0.490759 1.01682 0.292276
v -0.492986 1.0157 0.295498
v -0.491826 1.01441 0.292512
v -0.490101 1.01697 0.294064
v -0.491748 1.01414 0.29384
v -0.48888 1.01296 0.295014
v -0.490497 1.01532 0.296694
v -0.492792 1.01275 0.29738
v -0.491361 1.01156 0.294768
v -0.489955 1.01392 0.296421
v -0.491673 1.01079 0.298393
v -0.489619 1.01006 0.296275
v -0.488736 1.01152 0.298788
v -0.490314 1.00729 0.300979
v -0.48986 1.00646 0.298332
v -0.487987 1.00812 0.299611
v -0.489112 1.00526 0.30171
v -0.48849 1.00439 0.299265
v -0.486882 1.00612 0.300503
v -0.487007 1.00152 0.302692
v -0.484917 1.00036 0.302669
v -0.485006 1.00266 0.302041
v -0.486555 1.00217 0.304894
v -0.484563 1.0013 0.305466
v -0.484654 1.00303 0.304038
v -0.486155 1.00492 0.307947
v -0.484555 1.00423 0.308924
v -0.484323 1.00562 0.307505
v -0.486216 1.00768 0.311414
v -0.484978 1.00679 0.310492
v -0.485058 1.00856 0.310376
v -0.484174 1.0079 0.313686
v -0.483564 1.0071 0.312411
v -0.48329 1.00869 0.31257
v -0.481974 1.0074 0.314962
v -0.481696 1.00678 0.313646
v -0.480973 1.00801 0.314052
v -0.479416 1.00559 0.316281
v -0.479256 1.00495 0.315167
v -0.47903 1.00622 0.315215
v -0.475873 1.00493 0.317044
v -0.475708 1.00439 0.316119
v -0.475647 1.00547 0.316124
v -0.488425 1.02118 0.225897
v -0.485462 1.01938 0.225
v -0.485411 1.02296 0.225093
v -0.484317 1.02114 0.22566
v -0.486215 1.02 0.228359
v -0.487604 1.02227 0.226102
v -0.48803 1.01972 0.22426
v -0.485622 1.01811 0.225994
v -0.486356 1.02132 0.226736
v -0.488824 1.01924 0.225142
v -0.486987 1.01761 0.227321
v -0.487415 1.02085 0.227644
v -0.489736 1.0189 0.226069
v -0.489085 1.01733 0.228725
v -0.489452 1.02046 0.22881
v -0.492033 1.01866 0.22981
v -0.492389 1.01847 0.226803
v -0.489614 1.01886 0.227969
v -0.492653 1.01589 0.228117
v -0.490158 1.01449 0.228153
v -0.490219 1.01729 0.228745
v -0.492672 1.01571 0.229711
v -0.490495 1.01436 0.228554
v -0.490217 1.01704 0.229341
v -0.491087 1.01534 0.231867
v -0.491289 1.01416 0.229408
v -0.489914 1.01651 0.229679
v -0.491145 1.01477 0.231307
v -0.489834 1.01448 0.229005
v -0.488487 1.01506 0.231231
v -0.490121 1.01089 0.232448
v -0.489696 1.00998 0.230244
v -0.488324 1.01179 0.231081
v -0.488056 1.00831 0.233334
v -0.486602 1.00739 0.231984
v -0.486077 1.00921 0.233077
v -0.486039 1.0066 0.236247
v -0.486616 1.00616 0.234388
v -0.484852 1.00704 0.234695
v -0.483761 1.0023 0.236474
v -0.48417 1.00156 0.234996
v -0.483318 1.00304 0.234995
v -0.480861 1.00049 0.23635
v -0.480311 0.999775 0.235176
v -0.480682 1.0012 0.235057
v -0.477231 1.00143 0.237229
v -0.477335 1.0008 0.236142
v -0.477383 1.00206 0.236139
v -0.473512 1.00158 0.236521
v -0.473006 1.00108 0.235806
v -0.47311 1.00208 0.235735
v -0.486165 1.00806 0.221452
v -0.483174 1.00666 0.220079
v -0.482964 1.00946 0.222296
v -0.484727 1.00664 0.224843
v -0.484218 1.00511 0.221889
v -0.48292 1.00817 0.222426
v -0.483715 1.00601 0.225162
v -0.483194 1.00494 0.222162
v -0.481162 1.00708 0.223474
v -0.482294 1.00322 0.224981
v -0.479815 1.00271 0.223595
v -0.479764 1.00372 0.226295
v -0.481731 1.0014 0.226744
v -0.479547 1.00026 0.225626
v -0.480568 1.00253 0.224566
v -0.478395 1.00271 0.228286
v -0.478688 1.00209 0.225901
v -0.480486 1.00333 0.227079
v -0.476902 1.00527 0.225569
v -0.479065 1.00486 0.225768
v -0.477941 1.00567 0.227486
v -0.477211 1.00712 0.225789
v -0.478877 1.00637 0.224919
v -0.479041 1.00787 0.226266
v -0.477148 1.00923 0.223077
v -0.478647 1.00838 0.223285
v -0.47856 1.01007 0.22365
v -0.477964 1.00981 0.220591
v -0.479163 1.00909 0.2211
v -0.479271 1.01052 0.220713
v -0.47882 1.00899 0.218092
v -0.479839 1.00839 0.217844
v -0.479871 1.00959 0.217985
v -0.497226 1.00592 0.314895
v -0.494186 1.00388 0.31714
v -0.493558 1.00794 0.315911
v -0.497966 1.00644 0.316797
v -0.49446 1.00439 0.317398
v -0.49455 1.00847 0.317881
v -0.498403 1.00617 0.31948
v -0.495086 1.00441 0.320275
v -0.49505 1.00793 0.318734
v -0.498024 1.00768 0.32219
v -0.495541 1.0061 0.323884
v -0.495045 1.00925 0.322728
v -0.498981 1.00902 0.326884
v -0.497031 1.00767 0.325104
v -0.49642 1.01037 0.326169
v -0.498245 1.00834 0.327949
v -0.496029 1.00695 0.327032
v -0.495964 1.00972 0.32715
v -0.496645 1.00815 0.331338
v -0.494635 1.00702 0.331209
v -0.494736 1.00926 0.330651
v -0.49564 1.00861 0.333868
v -0.494847 1.0076 0.332231
v -0.494402 1.00962 0.332517
v -0.493135 1.00793 0.335306
v -0.492817 1.00707 0.333805
v -0.49244 1.00878 0.333925
v -0.490556 1.0072 0.335678
v -0.489624 1.00674 0.334775
v -0.489253 1.00765 0.335735
v -0.488898 1.00517 0.313692
v -0.489953 1.00511 0.30953
v -0.493043 1.00523 0.31251
v -0.488419 1.00906 0.312085
v -0.491461 1.00775 0.310403
v -0.491788 1.01037 0.313017
v -0.489827 1.01091 0.311872
v -0.489212 1.01006 0.308711
v -0.491982 1.01175 0.309459
v -0.48761 1.0134 0.308584
v -0.490443 1.01298 0.309045
v -0.488738 1.01382 0.311236
v -0.488594 1.01593 0.307817
v -0.490628 1.01516 0.309066
v -0.488991 1.0167 0.310183
v -0.490083 1.01797 0.307087
v -0.49088 1.01692 0.308753
v -0.491188 1.01902 0.308584
v -0.491576 1.01762 0.306651
v -0.493257 1.01696 0.306653
v -0.492803 1.01827 0.307814
v -0.492773 1.01934 0.306069
v -0.493424 1.01862 0.305013
v -0.493454 1.02005 0.305021
v -0.492094 1.01935 0.304607
v -0.492968 1.01869 0.305392
v -0.493127 1.02001 0.305184
v -0.467463 1.00236 0.180126
v -0.464178 1.00163 0.18134
v -0.464588 1.00309 0.178099
v -0.463924 1.00615 0.180339
v -0.466796 1.00568 0.181074
v -0.464857 1.00661 0.183166
v -0.465725 1.00911 0.17934
v -0.467013 1.00844 0.181456
v -0.464835 1.00978 0.181664
v -0.467569 1.0121 0.181854
v -0.466844 1.01158 0.179979
v -0.46863 1.01263 0.180136
v -0.467889 1.01357 0.180542
v -0.466314 1.01282 0.181128
v -0.466268 1.01432 0.180061
v -0.46747 1.01476 0.181574
v -0.467156 1.01459 0.183087
v -0.466009 1.01494 0.182097
v -0.468031 1.01771 0.182568
v -0.467077 1.01715 0.182799
v -0.467055 1.01828 0.182728
v -0.424942 1.00369 0.232488
v -0.423005 1.00255 0.235572
v -0.421319 1.00482 0.233011
v -0.422538 1.00607 0.234059
v -0.42575 1.00593 0.23441
v -0.423862 1.00621 0.23702
v -0.423393 1.00917 0.233669
v -0.425158 1.00803 0.235231
v -0.424074 1.0103 0.235942
v -0.424888 1.01021 0.233023
v -0.426271 1.00911 0.234344
v -0.426087 1.0113 0.234532
v -0.427771 1.01053 0.231193
v -0.428421 1.0101 0.232672
v -0.426993 1.01097 0.232618
v -0.428592 1.01177 0.231399
v -0.428374 1.01107 0.232581
v -0.42847 1.01246 0.232604
v -0.492211 1.01534 0.228962
v -0.489019 1.01449 0.229902
v -0.491042 1.01619 0.232093
v -0.49175 1.01253 0.233068
v -0.4932 1.01206 0.230803
v -0.490645 1.013 0.230603
v -0.492502 1.01115 0.232244
v -0.49136 1.0105 0.230224
v -0.490197 1.01179 0.231893
v -0.490271 1.00817 0.233965
v -0.491038 1.00782 0.232555
v -0.489553 1.00852 0.232522
v -0.489536 1.00181 0.210473
v -0.492896 1.0006 0.210679
v -0.491731 1.00302 0.213049
v -0.49114 1.00285 0.209348
v -0.492577 1.00176 0.210911
v -0.49172 1.00393 0.211405
v -0.412949 1.00146 0.236304
v -0.409737 1.0004 0.234533
v -0.412323 1.0025 0.232672
vn 0 0 0
vn 0 0 0
vn 0 0 0
vn 0 0 0
vn 0 0 0
vn 0 0 0
vn 0 0 0
vn 0 0 0
vn 0 0 0
vn 0 0 0
vn 0 0 0
vn 0 0 0
vn 0 0 0
vn 0 0 0
vn 0 0 0
vn 0 0 0
vn 0 0 0
vn 0 0 0
vn 0 0 0
vn 0 0 0
vn 0 0 0
vn 0 0 0
vn 0 0 0
vn 0 0 0
vn 0 0 0
vn 0 0 0
vn 0 0 0
vn 0 0 0
vn 0 0 0
vn 0 0 0
vn 0 0 0
vn 0 0 0
vn 0 0 0
vn 0 0 0
vn 0 0 0
vn 0 0 0
vn 0 0 0
vn 0 0 0
vn 0 0 0
vn 0 0 0
vn 0 0 0
vn 0 0 0
vn 0 0 0
vn 0 0 0
vn 0 0 0
vn 0 0 0
vn 0 0 0
vn 0 0 0
vn 0 0 0
vn 0 0 0
vn 0 0 0
vn 0 0 0
vn 0 0 0
vn 0 0 0
vn 0 0 0
vn 0 0 0
vn 0 0 0
vn 0 0 0
vn 0 0 0
vn 0 0 0
vn 0 0 0
vn 0 0 0
vn 0 0 0
vn 0 0 0
vn 0 0 0
vn 0 0 0
vn 0 0 0
vn 0 0 0
vn 0 0 0
vn 0 0 0
vn 0 0 0
vn 0 0 0
vn 0 0 0
vn 0 0 0
vn 0 0 0
vn 0 0 0
vn -0.966354 -0.139686 -0.21598
vn -0.643352 0.757486 0.110963
vn 0.369391 0.928144 0.0458258
vn -0.340814 -0.672577 0.656876
vn 0.516404 -0.855215 0.0439696
vn -0.342355 0.505091 -0.79226
vn -0.210008 0.381426 -0.900228
vn 0.0255744 -0.501208 0.864949
vn 0.827548 0.548773 0.118372
vn 0.0550879 0.884507 -0.463264
vn -0.783098 0.302037 -0.543628
vn -0.500323 0.235527 0.833189
vn -0.684321 0.107376 -0.721232
vn 0.683468 0.038596 -0.728959
vn 0.0563588 0.560972 -0.825914
vn -0.67843 0.33264 -0.655045
vn 0.340278 -0.049175 0.939038
vn 0.997811 -0.0617333 -0.0237002
vn -0.949317 -0.137459 -0.282671
vn -0.619863 0.0672675 0.781821
vn 0.754915 0.63374 -0.168753
vn -0.782186 -0.617274 0.0846032
vn 0.31925 -0.867596 -0.381257
vn -0.410141 0.469471 -0.781909
vn -0.541314 -0.117139 0.832621
vn 0.898065 -0.31375 0.308288
vn 0.380138 0.470113 -0.796548
vn -0.831961 0.00452644 -0.554816
vn 0.377833 -0.330399 0.864915
vn 0.946561 0.308148 -0.0952204
vn -0.848638 0.312369 -0.426895
vn -0.548909 -0.659748 0.513256
vn 0.576674 0.81389 0.0709175
vn -0.816464 0.0231891 -0.576931
vn -0.512108 -0.647337 0.564536
vn 0.113794 0.914828 -0.387479
vn -0.971448 0.00404414 0.23722
vn 0.488139 -0.870476 0.0631857
vn 0.35391 0.856092 0.376636
vn -0.991177 0.0870889 -0.0999172
vn 0.348666 -0.539956 0.766081
vn 0.415978 0.598057 0.685047
vn -0.958929 -0.0852878 -0.270519
vn 0.452278 -0.890607 -0.0475785
vn 0.046098 0.794114 0.606018
vn -0.91581 -0.141923 -0.375699
vn 0.607269 -0.794079 -0.0257554
vn 0.270131 0.818074 0.507724
vn -0.852124 0.0359905 -0.522101
vn 0.459773 -0.883689 -0.0877638
vn 0.179726 0.752979 0.633026
vn -0.952733 -0.00933408 -0.303664
vn 0.367493 -0.89983 -0.235063
vn 0.261412 0.590068 0.763861
vn -0.894928 -0.0564943 -0.442619
vn 0.726588 -0.578657 -0.370441
vn 0.307705 0.569712 0.762067
vn -0.938925 -0.0446175 -0.341217
vn 0.651345 -0.74115 -0.162622
vn 0.202241 0.631073 0.748896
vn -0.989692 0.023662 -0.141243
vn 0.661117 -0.728528 -0.179361
vn 0.369401 0.712769 0.596241
vn -0.999358 -0.0110663 0.0340832
vn 0.503886 -0.844115 0.183217
vn 0.500924 0.848619 -0.170061
vn -0.984431 0.0185434 0.174788
vn 0.506477 -0.859529 0.0684966
vn 0.485878 0.85505 -0.18114
vn -0.999401 0.0302007 -0.0169111
vn 0.460717 -0.845138 0.271075
vn 0.493604 0.868874 -0.0375998
vn -0.944326 0.0399416 -0.326577
vn 0.477899 -0.865043 0.152689
vn 0.454356 0.867096 0.204217
vn -0.99815 -0.0146927 -0.0589893
vn 0.494038 -0.834078 -0.24544
vn 0.426573 0.746563 0.510568
vn -0.992098 -0.0595328 -0.11044
vn 0.564528 -0.824964 0.0272389
vn 0.551597 0.784759 0.282654
vn -0.981901 -0.0581954 0.18023
vn 0.593361 -0.742651 0.31047
vn 0.445786 0.814427 -0.371461
vn -0.847336 0.12829 0.515328
vn 0.564186 -0.817696 0.114314
vn 0.314669 0.778989 -0.542365
vn -0.943164 0.147213 0.297942
vn 0.580278 -0.629345 0.516917
vn 0.426254 0.762346 -0.486966
vn -0.916168 0.0291163 0.399735
vn 0.645976 -0.735545 0.204176
vn 0.382533 0.788034 -0.482359
vn -0.982434 0.0152904 0.185984
vn 0.644349 -0.754604 0.124046
vn 0.403732 0.849195 -0.340393
vn -0.998844 -0.00477447 0.0478249
vn 0.362319 -0.931175 -0.0404642
vn 0.515437 0.822724 0.239688
vn -0.997464 -0.0503616 0.0502999
vn 0.32862 -0.941741 -0.0716484
vn 0.584041 0.701737 0.407996
vn -0.975063 -0.0634939 -0.212651
vn 0.630621 -0.60601 -0.484839
vn 0.567944 0.596502 0.56712
vn -0.975574 0.00536869 -0.219604
vn 0.535965 -0.836471 -0.114274
vn 0.434484 0.826684 0.357517
vn -0.981907 -0.0110543 -0.18904
vn 0.52171 -0.84946 -0.0789779
vn 0.451648 0.837068 0.308758
vn -0.967125 0.00568459 -0.25424
vn 0.481328 -0.874934 0.0530479
vn 0.452223 0.840246 0.299136
vn -0.840651 0.082739 -0.53522
vn 0.251202 -0.849254 0.464397
vn 0.583491 0.805109 0.106478
vn -0.753072 0.209129 -0.623817
vn -0.143556 -0.570449 0.80869
vn 0.699181 0.714069 0.0353652
vn -0.694125 -0.0539727 -0.717828
vn -0.0443935 -0.694178 0.718433
vn 0.369923 0.809353 0.456185
vn -0.698814 0.0334339 -0.714522
vn 0.413946 -0.840441 0.349726
vn 0.0886293 0.823339 0.560587
vn -0.672279 2.25774e-005 -0.740298
vn 0.0875769 -0.800645 0.592704
vn 0.538693 0.820769 0.190126
vn -0.795177 -0.00440991 -0.606361
vn 0.298692 -0.854305 0.425378
vn 0.469029 0.860619 0.198359
vn -0.806068 0.0225643 -0.591392
vn 0.23088 -0.83542 0.498767
vn 0.518991 0.841649 0.149247
vn -0.786861 -0.0801945 -0.611897
vn 0.343023 -0.838147 0.42408
vn 0.386122 0.851601 0.354522
vn -0.598148 -0.0546155 -0.799523
vn 0.561524 -0.770616 0.301398
vn -0.0341992 0.838221 0.544258
vn -0.596369 -0.0159873 -0.802551
vn 0.696648 -0.702107 0.147404
vn -0.166554 0.682644 0.711518
vn -0.47891 -0.101027 -0.872032
vn 0.477946 -0.814525 0.32881
vn -0.0788943 0.805679 0.587075
vn -0.199815 -0.0414555 -0.978956
vn 0.154204 -0.868716 0.470694
vn -0.0966612 0.790792 0.604404
vn -0.585939 -0.0120899 -0.810265
vn 0.155319 -0.920077 0.359631
vn 0.109778 0.876658 0.468423
vn -0.638096 0.02537 -0.769538
vn -0.0115846 -0.87428 0.485283
vn 0.362971 0.833254 0.417061
vn -0.738829 -0.101191 -0.666253
vn 0.0937483 -0.900179 0.425311
vn 0.291584 0.803008 0.519767
vn -0.525048 -0.0265572 -0.850658
vn 0.313208 -0.866785 0.388051
vn 0.286786 0.755618 0.588894
vn -0.510593 -0.0168866 -0.859657
vn -0.22389 -0.683055 0.695204
vn 0.617078 0.74241 0.26085
vn -0.732864 0.0273176 -0.679826
vn 0.0665714 -0.73902 0.670386
vn 0.604881 0.78133 0.153763
vn -0.457765 0.107003 -0.882611
vn 0.0452813 -0.786375 0.616088
vn 0.386508 0.885533 0.257765
vn -0.52424 0.0316236 -0.850983
vn 0.470752 -0.838867 0.273303
vn -0.0504985 0.809053 0.585562
vn -0.652274 0.0263811 -0.757524
vn 0.40485 -0.878748 0.25278
vn 0.156308 0.837331 0.523875
vn -0.79335 -0.0815795 -0.603274
vn 0.457411 -0.882415 0.110086
vn 0.255896 0.778965 0.572478
vn -0.602437 -0.0695648 -0.795129
vn 0.556465 -0.809145 0.188763
vn 0.0924493 0.756184 0.647795
vn -0.821884 0.0316394 -0.568776
vn 0.507679 -0.852335 0.125644
vn 0.197203 0.873443 0.445206
vn -0.966108 -0.00136328 -0.258136
vn 0.482416 -0.871734 0.0857591
vn 0.465116 0.860075 0.209613
vn -0.931893 0.00706398 -0.362665
vn 0.440033 -0.875468 0.199815
vn 0.468149 0.860195 0.202243
vn -0.759604 0.0136101 -0.650243
vn 0.27099 -0.864625 0.423069
vn 0.434984 0.864062 0.25335
vn -0.66616 0.00406266 -0.745797
vn 0.284463 -0.865629 0.412029
vn 0.361743 0.862303 0.354366
vn -0.584557 0.0133275 -0.811243
vn 0.240117 -0.872507 0.425529
vn 0.300852 0.865921 0.399586
vn -0.752233 -0.00524688 -0.658877
vn 0.419474 -0.876382 0.236637
vn 0.240782 0.853714 0.461733
vn -0.697576 -0.00336208 -0.716503
vn 0.309315 -0.885668 0.346291
vn 0.295644 0.858441 0.419135
vn -0.466621 -0.0382264 -0.883631
vn -0.00919838 -0.83027 0.557286
vn 0.377985 0.821795 0.426357
vn -0.660576 -0.0514606 -0.748994
vn 0.0798561 -0.811578 0.57876
vn 0.544018 0.811216 0.214413
vn -0.758064 -0.0228297 -0.65178
vn 0.179656 -0.806065 0.563899
vn 0.561261 0.817413 0.129704
vn -0.876368 -0.00924889 -0.481553
vn 0.266784 -0.803945 0.531505
vn 0.564738 0.824276 0.0404983
vn -0.902179 0.00456663 -0.431337
vn 0.391691 -0.832255 0.392339
vn 0.530348 0.836438 0.138211
vn -0.924832 0.0130779 -0.380152
vn 0.513141 -0.855019 0.0750256
vn 0.403224 0.848961 0.341578
vn -0.88398 -0.00636071 -0.467481
vn 0.364119 -0.862922 0.350405
vn 0.489732 0.856387 0.163598
vn -0.972527 -0.0297034 -0.230886
vn 0.457344 -0.864133 0.210025
vn 0.479182 0.865524 0.145783
vn -0.850376 -0.0358952 -0.52495
vn 0.333225 -0.843855 0.42056
vn 0.341887 0.904544 0.254783
vn -0.527241 -0.00526747 -0.849699
vn 0.390621 -0.85146 0.349901
vn 0.109025 0.850687 0.514242
vn -0.568782 -0.00228789 -0.822485
vn 0.447555 -0.835343 0.319214
vn 0.0786366 0.835994 0.543075
vn -0.526851 -0.0381645 -0.849101
vn 0.411607 -0.828663 0.379339
vn 0.0474815 0.840874 0.539144
vn -0.436806 -0.00414051 -0.899546
vn 0.425775 -0.804736 0.413661
vn 0.0149691 0.786918 0.616876
vn -0.507334 0.000683108 -0.861749
vn -0.0512724 -0.815819 0.57603
vn 0.471786 0.822026 0.318891
vn -0.613288 0.0255453 -0.789446
vn 0.186277 -0.861125 0.473037
vn 0.382025 0.812077 0.44112
vn -0.770054 -0.00707099 -0.637939
vn 0.597939 -0.801426 0.0135832
vn 0.0958062 0.749118 0.655472
vn -0.669961 -0.0346062 -0.741589
vn 0.485139 -0.837671 0.250893
vn 0.288394 0.77619 0.560677
vn -0.70697 0.0022596 -0.70724
vn 0.166381 -0.822195 0.544346
vn 0.501441 0.836114 0.222417
vn -0.665285 -0.0235356 -0.746218
vn 0.339864 -0.823271 0.454662
vn 0.366443 0.847413 0.384202
vn -0.569572 0.0153064 -0.821799
vn 0.492848 -0.845349 0.206121
vn 0.0198864 0.782443 0.622405
vn -0.770017 -0.0489517 -0.636143
vn 0.499074 -0.865003 0.0519193
vn 0.124229 0.712532 0.690554
vn -0.775132 -0.0834724 -0.62626
vn 0.515417 -0.774295 -0.367168
vn 0.134 0.530228 0.837199
vn 0.639629 0.255012 0.725151
vn 0.726603 -0.283959 0.625632
vn 0.712483 -0.51545 0.476108
vn 0.200881 0.8506 -0.485929
vn -0.142334 -0.359308 0.922301
vn 0.982442 0.180449 0.0473819
vn -0.165623 -0.966866 0.194265
vn -0.00561236 -0.692389 -0.721502
vn -0.729121 -0.454696 -0.511502
vn 0.382524 0.183218 -0.905597
vn 0.973809 -0.137529 0.181057
vn 0.769987 0.571666 -0.283406
vn -0.196812 -0.36689 -0.909206
vn 0.880961 -0.155515 0.446903
vn -0.228923 0.463587 0.855968
vn 0.333099 -0.463918 -0.820869
vn 0.508641 -0.314786 0.80137
vn -0.88679 0.436658 0.151436
vn -0.229628 0.643301 -0.730366
vn 0.311172 -0.683917 0.659871
vn -0.93285 0.234516 0.273483
vn 0.358732 0.708846 -0.607329
vn -0.961038 -0.0764205 0.265644
vn -0.61423 0.574087 0.541429
vn 0.677753 -0.337857 -0.653073
vn -0.634998 -0.757651 0.150806
vn 0.327807 0.501375 0.800728
vn 0.378965 0.921401 0.0860537
vn -0.670182 0.513859 -0.535542
vn -0.627265 0.379052 0.680337
vn 0.663306 -0.033381 -0.747603
vn -0.152869 -0.977011 -0.148598
vn 0.372239 0.921587 0.110066
vn 0.397025 -0.00264551 -0.917804
vn -0.245129 -0.876288 0.414767
vn -0.292918 0.852889 0.432181
vn 0.356369 0.00445703 -0.934335
vn -0.142181 -0.863016 0.484755
vn -0.261894 0.855345 0.446986
vn 0.274239 0.0186099 -0.961482
vn -0.349478 -0.887846 0.299322
vn -0.104831 0.858087 0.502689
vn 0.188106 -0.0901945 -0.977998
vn -0.119884 -0.908821 0.39959
vn -0.453383 0.740937 0.495435
vn 0.384521 -0.038602 -0.922309
vn 0.208704 -0.740742 0.638549
vn -0.623147 0.66755 0.407511
vn 0.2945 -0.0222966 -0.955391
vn -0.0207702 -0.862705 0.505281
vn -0.342388 0.839642 0.421629
vn 0.39946 -0.0651314 -0.914434
vn -0.131665 -0.850533 0.509173
vn -0.391944 0.836953 0.381955
vn 0.699434 -0.000594536 -0.714697
vn -0.343712 -0.841788 0.416239
vn -0.444478 0.876819 0.183381
vn 0.582329 0.0061922 -0.812929
vn -0.0988848 -0.807697 0.581246
vn -0.586823 0.803436 0.100645
vn 0.623711 -0.0510567 -0.779986
vn -0.436605 -0.860707 0.261839
vn -0.492196 0.859076 0.140468
vn 0.434904 0.107541 -0.894032
vn -0.426946 -0.730412 0.533119
vn -0.283153 0.934881 0.214061
vn 0.444867 0.0253333 -0.895238
vn -0.628305 -0.684384 0.369934
vn 0.106046 0.748877 0.654169
vn 0.389487 -0.00835639 -0.920994
vn -0.0545463 -0.847921 0.527309
vn -0.389891 0.84031 0.376647
vn 0.474332 -0.065111 -0.877935
vn -0.106658 -0.840781 0.530765
vn -0.425618 0.841669 0.332328
vn 0.687196 -0.0227615 -0.726115
vn -0.161779 -0.832042 0.530597
vn -0.583886 0.792292 0.17706
vn 0.429792 0.0190631 -0.902727
vn -0.0723425 -0.868471 0.490433
vn -0.420461 0.860314 0.288222
vn 0.547605 -0.00291986 -0.836732
vn -0.371276 -0.881894 0.290547
vn -0.269277 0.851711 0.449532
vn 0.632603 0.0140472 -0.774349
vn -0.370375 -0.868043 0.330643
vn -0.322842 0.853645 0.408734
vn 0.330196 0.0203682 -0.943693
vn -0.0374486 -0.862526 0.504624
vn -0.334216 0.86482 0.37468
vn 0.369372 0.013004 -0.929191
vn -0.277763 -0.87074 0.405784
vn -0.142262 0.856684 0.495837
vn 0.530231 -0.00513489 -0.847838
vn -0.40436 -0.846008 0.34751
vn -0.204376 0.861957 0.463961
vn 0.725019 0.010734 -0.688645
vn -0.3781 -0.854425 0.356368
vn -0.420032 0.874378 0.242973
vn 0.60004 0.0312357 -0.79936
vn -0.152956 -0.840367 0.519989
vn -0.49223 0.84987 0.18823
vn 0.569399 0.00751741 -0.822027
vn -0.375237 -0.865522 0.331767
vn -0.238507 0.853648 0.463033
vn 0.585479 0.0232294 -0.810355
vn -0.373329 -0.874253 0.310333
vn -0.244824 0.851721 0.463284
vn 0.291063 -0.0457764 -0.955608
vn 0.0181391 -0.886467 0.462437
vn -0.438616 0.821278 0.364855
vn 0.550156 -0.070252 -0.832102
vn -0.239509 -0.901106 0.361447
vn -0.395201 0.81482 0.424128
vn 0.616332 0.00971243 -0.787427
vn -0.348201 -0.870734 0.347244
vn -0.341123 0.851044 0.399199
vn 0.324954 0.0217705 -0.945479
vn -0.0617062 -0.850435 0.522448
vn -0.314882 0.868541 0.382734
vn 0.422795 0.010851 -0.90616
vn -0.31053 -0.859884 0.405181
vn -0.156284 0.872584 0.462788
vn 0.442771 0.0134001 -0.896535
vn -0.195714 -0.868039 0.456294
vn -0.285396 0.864024 0.414742
vn 0.659143 0.0027692 -0.752012
vn -0.44563 -0.859906 0.248948
vn -0.271729 0.870305 0.410771
vn 0.643343 -0.0168248 -0.765393
vn -0.387302 -0.853606 0.348358
vn -0.286239 0.874707 0.391094
vn 0.469551 -0.0118944 -0.882825
vn -0.390658 -0.850431 0.352354
vn -0.110803 0.84878 0.517007
vn 0.333858 0.00798238 -0.94259
vn -0.24239 -0.87882 0.411002
vn -0.125378 0.859529 0.495469
vn 0.0471067 0.0345107 -0.998294
vn 0.110204 -0.884612 0.453119
vn -0.225941 0.828238 0.512808
vn -0.24129 -0.0162488 -0.970317
vn 0.389432 -0.837885 0.382481
vn -0.242122 0.794504 0.556903
vn 0.0266084 -0.103632 -0.99426
vn -0.00640693 -0.876543 0.481281
vn -0.0420862 0.7943 0.606066
vn -0.165172 -0.0492776 -0.985033
vn -0.253345 -0.777691 0.575337
vn 0.385103 0.821259 0.420985
vn -0.255852 -0.0156664 -0.966589
vn -0.299235 -0.735197 0.60823
vn 0.513482 0.761746 0.395069
vn -0.48875 -0.00780444 -0.872389
vn 0.0949644 -0.838946 0.535866
vn 0.344219 0.860433 0.375724
vn -0.36356 -0.00213634 -0.931568
vn 0.0873894 -0.8224 0.562158
vn 0.271154 0.877972 0.394514
vn -0.117775 0.0184363 -0.992869
vn 0.198074 -0.876027 0.439707
vn -0.120882 0.838205 0.53179
vn -0.452712 0.0682014 -0.889045
vn 0.39339 -0.885287 0.248015
vn -0.0395392 0.821687 0.568566
vn -0.759525 -0.00514832 -0.650458
vn 0.59228 -0.805453 0.0212092
vn 0.0927039 0.741944 0.664022
vn -0.69197 -0.0215025 -0.721606
vn 0.537695 -0.813412 0.221914
vn 0.282159 0.755684 0.59104
vn -0.678334 0.0275944 -0.734236
vn 0.0789611 -0.793851 0.602964
vn 0.587475 0.796692 0.141969
vn -0.662868 0.0864103 -0.743733
vn -0.415898 -0.843554 0.339773
vn 0.686314 0.722051 0.0872599
vn -0.365006 0.156324 -0.917787
vn -0.730099 -0.241316 0.639313
vn 0.726893 0.685946 0.0332214
vn 0.970234 -0.222885 -0.0947056
vn -0.772519 -0.344064 -0.533698
vn -0.284682 0.33155 0.899462
vn 0.673551 0.163934 0.720732
vn 0.583904 0.199285 -0.786983
vn -0.94552 0.306809 -0.108906
vn 0.983049 -0.178209 0.0430932
vn 0.0523431 -0.812932 -0.580001
vn -0.227774 0.654059 0.721336
vn -0.495341 0.194033 0.846751
vn 0.783746 0.408321 -0.467993
vn -0.573413 0.200634 -0.79432
vn 0.644842 -0.242773 0.724735
vn -0.614769 -0.578438 -0.536161
vn -0.800528 0.309842 0.512985
vn 0.979572 0.0323091 0.198483
vn -0.307707 -0.496149 -0.811882
vn -0.692568 0.572165 0.439292
vn 0.723338 0.00431193 0.690481
vn -0.215039 -0.463158 -0.859792
vn -0.807186 0.573696 0.139007
vn 0.629181 -0.0393148 0.776264
vn -0.329986 -0.851602 -0.407288
vn -0.218384 0.864678 -0.452372
vn 0.382935 -0.0742224 0.920789
vn -0.407266 -0.813075 -0.415985
vn 0.0483446 0.835865 -0.546801
vn 0.129682 -0.0699412 0.989086
vn -0.483699 -0.75067 -0.450033
vn 0.345096 0.74568 -0.569974
vn -0.000934571 0.000842841 0.999999
vn -0.358624 -0.781659 -0.510292
vn 0.414878 0.767602 -0.488532
vn 0.187409 0.0637867 0.980209
vn -0.381276 -0.835701 -0.395262
vn 0.342725 0.77914 -0.524863
vn 0.469275 -0.00742127 0.883021
vn -0.471582 -0.846488 -0.24712
vn 0.134032 0.734107 -0.665674
vn 0.418786 -0.0967113 0.90292
vn -0.621656 -0.725452 -0.295403
vn 0.195962 0.712608 -0.673638
vn 0.116393 -0.108521 0.987257
vn -0.43674 -0.752422 -0.493072
vn 0.330469 0.772949 -0.541609
vn -0.0753236 -0.173247 0.981994
vn -0.500651 -0.649138 -0.572685
vn 0.685579 0.588137 -0.429042
vn -0.325971 -0.0436507 0.944371
vn -0.0170289 -0.770631 -0.637054
vn 0.539298 0.66791 -0.512887
vn -0.0345839 -0.00808575 0.999369
vn 0.22094 -0.870824 -0.439149
vn -0.0422931 0.859209 -0.509873
vn -0.0589734 0.0308768 0.997782
vn 0.334457 -0.892441 -0.3028
vn -0.0644871 0.85062 -0.521811
vn 0.143372 -0.0334332 0.989104
vn 0.00432173 -0.945742 -0.324889
vn 0.271388 0.784186 -0.558033
vn 0.258448 0.0008571 0.966025
vn -0.369502 -0.835155 -0.407412
vn 0.22898 0.773038 -0.591592
vn -0.00585634 -0.0121619 0.999909
vn 0.321709 -0.840918 -0.435156
vn -0.0964299 0.799598 -0.592743
vn 0.174063 0.0146494 0.984626
vn 0.270228 -0.828556 -0.49038
vn -0.290756 0.812893 -0.504645
vn 0.038268 0.0906818 0.995144
vn 0.449142 -0.843488 -0.294618
vn -0.147601 0.846161 -0.512079
vn -0.0634983 -0.0265095 0.99763
vn 0.166204 -0.902692 -0.396893
vn 0.318262 0.778073 -0.541582
vn 0.000124718 0.00329513 0.999995
vn -0.309224 -0.792787 -0.525232
vn 0.37682 0.767298 -0.518902
vn -0.0998805 -0.00418297 0.994991
vn 0.064596 -0.866757 -0.494531
vn 0.0751871 0.864659 -0.496702
vn -0.276289 -0.00390233 0.961067
vn 0.159652 -0.863802 -0.477867
vn 0.199036 0.866074 -0.458586
vn -0.277852 0.0548303 0.959058
vn 0.171999 -0.862846 -0.475303
vn 0.158089 0.86594 -0.474505
vn -0.456287 0.0733471 0.886804
vn 0.553408 -0.795678 -0.246245
vn -0.0225971 0.820429 -0.571301
vn -0.650047 0.0123501 0.759794
vn 0.495415 -0.825538 -0.270279
vn 0.301814 0.860314 -0.410814
vn -0.474844 0.0480615 0.878756
vn 0.280184 -0.822171 -0.495512
vn 0.441376 0.858458 -0.261224
vn -0.502951 -0.00239241 0.864311
vn 0.343329 -0.810678 -0.474264
vn 0.314797 0.844043 -0.434159
vn -0.476554 0.00480005 0.879132
vn -0.0673424 -0.78081 -0.621129
vn 0.620882 0.750798 -0.225406
vn -0.58569 0.0342631 0.809811
vn 0.275639 -0.88487 -0.375538
vn 0.33993 0.846661 -0.409405
vn -0.808464 0.0413117 0.587093
vn 0.56101 -0.827771 -0.00786212
vn 0.261549 0.814231 -0.518285
vn -0.853496 0.0147011 0.520891
vn 0.611031 -0.786832 0.0868142
vn 0.286183 0.801015 -0.525808
vn -0.849078 -0.0221083 0.527804
vn 0.553361 -0.825502 -0.111076
vn 0.412685 0.828311 -0.378935
vn -0.887844 -0.0226134 0.459589
vn 0.347661 -0.834645 -0.4272
vn 0.564185 0.825479 0.0167228
vn -0.775189 -0.260185 0.575662
vn 0.117853 -0.845796 -0.520326
vn 0.716337 0.65411 0.242901
vn -0.973662 0.102019 0.203898
vn 0.389402 -0.816529 -0.426201
vn 0.917677 0.384396 -0.100547
vn -0.99207 0.0973571 0.0794963
vn 0.561862 -0.536802 0.629408
vn 0.421585 0.582235 -0.695176
vn -0.994184 0.0253891 -0.104657
vn 0.516884 -0.731321 0.444972
vn 0.553 0.767264 -0.324803
vn -0.992653 -0.0120713 -0.120394
vn 0.471624 -0.874449 0.113622
vn 0.503564 0.860859 0.0731136
vn -0.959929 -0.0204413 0.279497
vn 0.410647 -0.902053 -0.132925
vn 0.522397 0.851257 -0.0496308
vn -0.917034 -0.0988283 0.38637
vn 0.421711 -0.827664 -0.370313
vn 0.55258 0.833453 -0.00325203
vn -0.997122 -0.0613824 0.0444852
vn 0.5179 -0.790676 -0.326513
vn 0.474474 0.810677 0.343042
vn -0.995793 0.0328085 0.0855596
vn 0.476597 -0.761919 -0.43856
vn 0.504121 0.748412 0.430977
vn -0.993396 -0.0208441 0.11283
vn 0.511469 -0.844567 -0.158449
vn 0.530282 0.841161 0.106064
vn -0.958157 0.0158565 0.285804
vn 0.555957 -0.831209 -0.00177286
vn 0.41644 0.874814 -0.247544
vn -0.957467 0.0205882 0.287806
vn 0.59285 -0.736518 0.325684
vn 0.361603 0.744092 -0.561757
vn -0.929096 -0.017722 0.369414
vn 0.567391 -0.819415 0.0814024
vn 0.434584 0.810684 -0.392337
vn -0.907662 -0.000685749 0.419701
vn -0.0112754 -0.999876 -0.0109591
vn 0.464374 0.868991 -0.170914
vn 0.857171 -0.0314577 0.514071
vn 0.940511 0.159474 -0.300011
vn -0.638462 0.768637 -0.0395427
vn -0.522594 -0.399328 -0.753281
vn 0.167144 -0.424284 0.88997
vn 0.921429 0.3592 -0.148136
vn -0.0350395 0.118749 -0.992306
vn -0.783624 -0.193191 0.590433
vn 0.733079 0.369061 0.571305
vn -0.111648 -0.00239861 -0.993745
vn -0.405116 -0.763069 0.503594
vn 0.221051 0.811287 0.541248
vn 0.0740398 0.0496386 -0.996019
vn -0.294039 -0.84428 0.448031
vn 0.110626 0.823773 0.556022
vn 0.253001 0.128199 -0.958935
vn -0.593692 -0.722059 0.355191
vn 0.23593 0.775545 0.585549
vn 0.602199 0.0778196 -0.794544
vn -0.66944 -0.725049 0.161722
vn -0.117897 0.865307 0.48718
vn 0.35519 -0.0627776 -0.932684
vn -0.358923 -0.85376 0.377185
vn -0.444128 0.866726 0.227016
vn 0.983294 -0.0943768 -0.155647
vn -0.833676 -0.372167 -0.408015
vn -0.731915 0.338489 0.591377
vn 0.0525626 0.246494 -0.967718
vn -0.224316 -0.946761 -0.230922
vn -0.408487 0.872733 -0.26735
vn -0.458367 -0.802568 -0.381817
vn -0.865108 -0.228604 0.446461
vn -0.835759 -0.457743 -0.303278
vn 0.967088 -0.0616796 0.246854
vn -0.791641 -0.609807 -0.037945
vn -0.861355 -0.385973 -0.330292
vn 0.998727 0.035229 0.0361089
vn -0.263883 -0.948427 -0.175645
vn -0.393953 0.858596 -0.328045
vn 0.934581 -0.0599851 -0.350657
vn -0.364742 -0.853613 0.371896
vn -0.617694 0.73891 -0.269194
vn 0.939933 -0.0422538 -0.338733
vn -0.342561 -0.564244 0.751186
vn -0.585807 0.672203 -0.45274
vn 0.800503 0.0299875 -0.598578
vn -0.0458011 -0.520858 0.852414
vn -0.808686 0.370805 -0.456651
vn 0.842351 -0.0784869 -0.533184
vn -0.157677 -0.645434 0.747364
vn -0.777273 0.608283 -0.160743
vn 0.94295 -0.106286 -0.315513
vn -0.41349 -0.812038 0.411849
vn -0.55601 0.818082 -0.146952
vn 0.998063 -0.0556386 0.0278212
vn -0.51832 -0.831473 0.199993
vn -0.54478 0.781552 -0.303959
vn 0.995243 -0.0127221 -0.0965855
vn -0.543259 -0.837805 -0.0543417
vn -0.46818 0.881189 0.065674
vn 0.95952 -0.00611178 -0.281575
vn -0.534193 -0.834056 -0.137797
vn -0.443448 0.826382 0.347053
vn 0.87086 -0.0599167 -0.487866
vn -0.450572 -0.869752 0.201288
vn -0.526618 0.838948 0.137256
vn 0.91302 -0.0497505 -0.404871
vn -0.408688 -0.797055 0.444609
vn -0.56131 0.810799 -0.165942
vn 0.885684 0.0323835 -0.463159
vn -0.349264 -0.781974 0.516267
vn -0.607532 0.777852 -0.160784
vn 0.833114 0.00464846 -0.553082
vn -0.429466 -0.87138 0.237182
vn -0.434941 0.863003 0.257008
vn 0.814276 -0.0549234 -0.577873
vn -0.356282 -0.858055 0.369872
vn -0.541573 0.827537 0.147923
vn 0.919142 -0.0462796 -0.391199
vn -0.355394 -0.826163 0.437206
vn -0.625796 0.7785 -0.0481328
vn 0.986555 -0.000549157 -0.163427
vn -0.490825 -0.870878 0.0257434
vn -0.500829 0.861104 0.0875809
vn 0.99153 0.00124105 -0.129873
vn -0.508165 -0.860617 -0.0332715
vn -0.491999 0.86178 0.123581
vn 0.97445 -0.00949848 -0.224404
vn -0.514651 -0.831885 -0.207608
vn -0.471138 0.842937 0.259783
vn 0.855372 -0.0190051 -0.517665
vn -0.447767 -0.892349 0.0567229
vn -0.485369 0.84326 0.230933
vn 0.709371 0.0032779 -0.704828
vn -0.278913 -0.85981 0.427709
vn -0.465618 0.853292 0.234719
vn 0.839024 0.00685842 -0.544052
vn -0.4308 -0.885103 0.176079
vn -0.416899 0.866713 0.273866
vn 0.705376 0.00592478 -0.708808
vn -0.234842 -0.889733 0.391439
vn -0.490791 0.84508 0.212047
vn 0.610899 -0.000665289 -0.791708
vn -0.22993 -0.86011 0.455349
vn -0.421215 0.847754 0.322321
vn 0.662286 0.00331579 -0.749244
vn -0.350061 -0.866888 0.354912
vn -0.33882 0.863894 0.372677
vn 0.670617 -0.000972577 -0.741803
vn -0.284815 -0.866266 0.410443
vn -0.413182 0.857841 0.305596
vn 0.710446 -0.00104792 -0.703751
vn -0.362002 -0.86675 0.343073
vn -0.416324 0.857005 0.303673
vn 0.660559 0.0420851 -0.749594
vn -0.559907 -0.821969 0.104262
vn -0.28045 0.848727 0.448342
vn 0.609378 -0.0600526 -0.790602
vn -0.529695 -0.823156 0.204542
vn -0.366339 0.795997 0.481855
vn 0.751009 -0.0525749 -0.658195
vn -0.278751 -0.844266 0.457726
vn -0.557338 0.804858 0.203909
vn 0.683569 0.0558273 -0.727748
vn -0.464738 -0.842409 0.272699
vn -0.236949 0.875595 0.420937
vn 0.799461 0.0503177 -0.598607
vn -0.66623 -0.741101 -0.0831064
vn -0.1319 0.767815 0.626948
vn 0.735339 -0.0253496 -0.677225
vn -0.525418 -0.831781 0.1791
vn -0.297237 0.843503 0.447384
vn 0.857294 -0.0448503 -0.51287
vn -0.502416 -0.815537 0.287189
vn -0.394873 0.891584 0.221704
vn 0.968526 -0.0666325 -0.239826
vn -0.411453 -0.801798 0.433389
vn -0.573482 0.784538 -0.235835
vn 0.999104 -0.0380463 -0.0185174
vn -0.493652 -0.861374 0.119762
vn -0.563595 0.812074 -0.151316
vn 0.939673 -0.0261097 -0.341076
vn -0.419666 -0.900086 0.117158
vn -0.498786 0.856625 0.131932
vn 0.859432 -0.0106937 -0.511137
vn 0.0462729 -0.995911 0.0775919
vn -0.503993 0.850465 0.150667
vn -0.705194 0.0876691 0.703574
vn 0.839211 0.386597 -0.382449
vn 0.0887008 0.359797 -0.928805
vn 0.181518 -0.322163 0.929119
vn 0.75494 -0.043893 0.654324
vn -0.471552 0.51402 -0.716535
vn 0.774495 -0.593909 0.217783
vn -0.356576 -0.85038 -0.38692
vn -0.509363 0.476419 0.716641
vn 0.60858 -0.0242104 0.793123
vn 0.520897 -0.288712 -0.803313
vn -0.930986 0.323164 -0.169794
vn -0.642056 0.0558713 0.764619
vn 0.806152 -0.420492 0.4163
vn 0.435895 0.41906 -0.796482
vn 0.996776 0.0355166 -0.0719416
vn -0.547046 -0.457906 0.700759
vn 0.246143 0.296254 0.922847
vn 0.602101 0.0691654 -0.795419
vn -0.599336 -0.800478 0.00567115
vn -0.311174 0.820649 0.479277
vn 0.938464 0.0694768 -0.338318
vn -0.41965 -0.722106 -0.54996
vn -0.439302 0.774534 0.455095
vn 0.218792 0.321881 0.921153
vn 0.52336 0.40806 -0.748052
vn -0.983351 0.0892318 -0.1583
vn 0.931726 -0.0994054 0.349293
vn -0.384534 -0.920884 0.0640765
vn -0.349546 0.745247 0.567824
vn 0.920179 0.107705 -0.376392
vn -0.427396 -0.902079 0.0598822
vn -0.464762 0.884862 -0.0318502
vn 0.985197 0.108718 -0.132542
vn -0.362706 -0.753504 -0.54834
vn -0.55398 0.832298 0.0196584
vn 0.998014 -0.0229176 0.058674
vn -0.446554 -0.862688 -0.2374
vn -0.516814 0.854572 0.0510975
vn 0.957073 -0.012766 -0.289565
vn -0.471384 -0.878466 0.0780641
vn -0.531184 0.84724 0.00537898
vn 0.930697 -0.0020386 -0.365786
vn -0.412968 -0.781306 0.467995
vn -0.642642 0.73348 -0.221403
vn 0.854163 -0.0436834 -0.518167
vn -0.242458 -0.589983 0.770152
vn -0.734219 0.568781 -0.370689
vn 0.942764 -0.0640846 -0.327245
vn -0.412077 -0.627807 0.660342
vn -0.590044 0.736128 -0.331606
vn 0.928572 0.059451 -0.366361
vn -0.194487 -0.475002 0.858223
vn -0.694688 0.411525 -0.589963
vn 0.889993 -0.00773029 -0.455909
vn -0.0648584 -0.61276 0.787603
vn -0.830845 0.421124 -0.363801
vn 0.984192 -0.0653699 -0.164599
vn -0.325497 -0.327237 0.887112
vn -0.723091 0.377794 -0.578282
vn 0.963904 -0.0144141 -0.265858
vn -0.417392 -0.476935 0.77351
vn -0.612973 0.383889 -0.690574
vn 0.74862 0.12374 -0.651349
vn -0.385925 -0.650672 0.653978
vn -0.664921 0.678514 -0.312249
vn 0.942998 0.100807 -0.317164
vn -0.585928 -0.805231 -0.091061
vn -0.352807 0.908274 0.22487
vn 0.953331 -0.0145988 -0.301573
vn -0.372238 -0.848132 0.376976
vn -0.571386 0.792939 -0.211577
vn 0.982904 -0.0436327 -0.178876
vn -0.477527 -0.854329 0.205161
vn -0.589596 0.803683 -0.0804442
vn 0.973753 -0.0415384 -0.223785
vn -0.578049 -0.802905 -0.145614
vn -0.454749 0.844099 0.284078
vn 0.874902 0.0369254 -0.48289
vn -0.594587 -0.800647 -0.0736861
vn -0.328971 0.806522 0.491222
vn 0.980884 0.0785478 -0.178036
vn -0.551198 -0.798524 -0.241952
vn -0.396233 0.860732 0.319594
vn 0.994449 -0.012161 0.104515
vn -0.50594 -0.85557 -0.109662
vn -0.498163 0.864514 -0.0667041
vn 0.95099 0.0376595 0.30692
vn -0.531381 -0.8413 -0.0992393
vn -0.39998 0.869036 -0.291192
vn 0.99702 0.0593924 0.0492389
vn -0.544523 -0.788935 0.284739
vn -0.395162 0.802339 -0.447324
vn 0.959439 0.0121243 -0.281656
vn -0.496419 -0.852558 0.16344
vn -0.486629 0.872057 0.052042
vn 0.950698 -0.0292859 -0.308731
vn -0.510755 -0.855489 0.0852545
vn -0.479071 0.857179 0.189037
vn 0.999319 -0.0366956 0.00377454
vn -0.472234 -0.880818 0.033983
vn -0.537445 0.838998 -0.0850522
vn 0.999672 -0.00663362 -0.0247473
vn -0.496732 -0.86656 -0.0482813
vn -0.498092 0.866484 0.0333234
vn 0.983587 0.00138911 -0.180431
vn -0.498705 -0.866771 -0.00125396
vn -0.487997 0.862807 0.131996
vn 0.961068 -0.0337283 -0.274245
vn -0.476479 -0.868252 0.138224
vn -0.519633 0.849643 0.0899339
vn 0.998437 -0.0354283 -0.0432258
vn -0.484033 -0.86977 0.0959783
vn -0.522049 0.845442 -0.112665
vn 0.998894 -0.0137679 -0.0449667
vn -0.522583 -0.852163 -0.0269356
vn -0.490712 0.870968 0.0248528
vn 0.965376 -0.00319325 -0.260843
vn -0.551087 -0.830424 -0.08184
vn -0.454938 0.849166 0.268231
vn 0.946351 -0.0863101 -0.3114
vn -0.541737 -0.826594 0.152524
vn -0.550346 0.833602 0.0471824
vn 0.990112 0.0151204 -0.13946
vn -0.59524 -0.762808 0.252612
vn -0.727456 0.670333 -0.146495
vn 0.983841 0.0169295 -0.178245
vn -0.593695 -0.759144 -0.266883
vn -0.541363 0.75708 0.365728
vn 0.977121 0.060467 -0.203905
vn 0.0767819 -0.976583 0.200975
vn -0.545098 0.830371 -0.115556
vn 0.62589 0.0791434 0.775885
vn -0.209944 -0.354873 -0.911037
vn -0.85957 0.502799 0.0912864
vn 0.551701 0.273791 0.787823
vn 0.610512 -0.2416 -0.754258
vn -0.873833 0.485982 -0.0153828
vn 0.133621 -0.0285808 0.99062
vn 0.751279 -0.226039 -0.62007
vn -0.569293 0.649714 -0.503762
vn 0.939816 -0.0141835 0.341386
vn -0.195434 -0.964876 -0.175553
vn 0.0112655 0.926763 -0.375478
vn 0.770414 0.022328 0.637153
vn 0.35184 0.0545215 -0.934471
vn -0.609108 0.096319 -0.787216
vn 0.920936 -0.015883 0.389391
vn -0.32205 -0.582098 -0.746623
vn -0.686312 0.652346 0.32159
vn 0.995642 -0.0382173 0.0850621
vn -0.373967 -0.610303 -0.69834
vn -0.56557 0.824154 0.0300091
vn 0.973212 -0.036335 0.227021
vn -0.548787 -0.834939 -0.0413484
vn -0.410489 0.862851 -0.294935
vn 0.937128 0.00243481 0.348978
vn -0.567953 -0.821804 0.0454705
vn -0.379612 0.79818 -0.467764
vn 0.938352 0.0093985 0.345554
vn -0.394634 -0.883796 -0.251335
vn -0.472732 0.862393 -0.181113
vn 0.988604 0.0195226 0.14927
vn -0.444875 -0.895447 -0.0161539
vn -0.488648 0.821763 -0.293137
vn 0.984785 -0.0834958 -0.152401
vn -0.523749 -0.804423 0.280342
vn -0.505796 0.787505 -0.352146
vn 0.951923 -0.138605 0.273188
vn -0.703697 -0.701173 0.114749
vn -0.221398 0.865861 -0.448628
vn 0.821493 -0.0769412 0.565003
vn -0.799949 -0.523652 0.293036
vn -0.0964012 0.494595 -0.863761
vn 0.718524 -0.01253 0.695389
vn -0.646093 -0.75792 -0.0901157
vn -0.0618171 0.712559 -0.698883
vn 0.928296 0.0366386 0.370032
vn -0.56034 -0.825547 -0.067022
vn -0.254563 0.882785 -0.394828
vn 0.93886 0.0306272 0.342935
vn -0.460285 -0.850845 -0.253377
vn -0.470053 0.872238 -0.135095
vn 0.98266 0.0153997 0.184775
vn -0.501975 -0.859429 0.0969668
vn -0.412458 0.835532 -0.362995
vn 0.934627 -0.0358789 0.353816
vn -0.396762 -0.873664 -0.281588
vn -0.539628 0.826005 -0.162844
vn 0.956944 0.00660481 0.290198
vn -0.394555 -0.786693 -0.474806
vn -0.556495 0.824526 0.102322
vn 0.927604 0.0240968 0.372786
vn -0.429146 -0.785408 -0.446058
vn -0.561856 0.826286 0.0396162
vn 0.922861 0.0183366 0.384696
vn -0.490437 -0.869922 -0.0520225
vn -0.382562 0.842405 -0.379473
vn 0.982614 0.0305739 0.183125
vn -0.508963 -0.851523 0.125959
vn -0.446661 0.770654 -0.454518
vn 0.99744 0.0427083 -0.0573625
vn -0.504437 -0.768617 0.39341
vn -0.489731 0.747318 -0.449087
vn 0.964717 0.00561951 -0.26323
vn -0.440282 -0.859613 0.259263
vn -0.524043 0.850417 -0.0465832
vn 0.987268 0.00460979 -0.158998
vn -0.479317 -0.876093 0.0521176
vn -0.508517 0.859149 0.0572086
vn 0.995957 0.014341 0.0886754
vn -0.470092 -0.863357 -0.183379
vn -0.51086 0.858641 0.0419293
vn 0.975667 0.00729672 0.219138
vn -0.459697 -0.863378 -0.207984
vn -0.506531 0.860931 -0.047165
vn 0.995682 0.00237928 0.0927949
vn -0.501635 -0.864917 -0.0167342
vn -0.491388 0.85995 -0.137929
vn 0.992409 0.0520847 -0.111405
vn -0.511676 -0.859082 0.0128568
vn -0.486248 0.87243 0.0492856
vn 0.993618 0.085329 0.0737748
vn -0.434454 -0.80158 -0.410753
vn -0.51614 0.797609 0.312121
vn 0.944021 -0.0129898 0.32963
vn -0.315714 -0.790884 -0.524239
vn -0.578424 0.806238 0.124123
vn 0.996929 -0.0427231 -0.0656353
vn -0.433968 -0.898599 -0.0647389
vn -0.49914 0.866043 0.0287917
vn 0.974755 0.133219 -0.179182
vn -0.531629 -0.843436 -0.0773691
vn -0.495875 0.849002 0.182493
vn 0.932226 0.128362 0.338346
vn -0.386773 -0.732491 -0.560236
vn -0.488126 0.859782 0.150024
vn 0.785304 0.00219628 0.619107
vn -0.344295 -0.850185 -0.398305
vn -0.442041 0.835664 -0.325983
vn 0.798611 -0.0259011 0.601291
vn -0.182916 -0.77536 -0.604449
vn -0.595875 0.799819 -0.072265
vn 0.915852 -0.0687757 0.395582
vn -0.362605 -0.781983 -0.506971
vn -0.547462 0.836827 0.00248317
vn 0.997714 -0.0589492 0.0330504
vn -0.461663 -0.797272 -0.388877
vn -0.553736 0.793197 0.253407
vn 0.975157 0.0109527 -0.221244
vn -0.419248 -0.906836 -0.0433517
vn -0.493037 0.853409 0.169137
vn 0.960989 0.0683364 -0.26801
vn 0.0242241 -0.998546 -0.0481567
vn -0.616616 0.783327 0.0786421
vn -0.711219 -0.506481 0.487489
vn -0.753524 0.164305 0.636558
vn 0.28282 0.943098 0.174868
vn 0.426723 -0.825557 0.369273
vn -0.123283 -0.884049 -0.450842
vn -0.888503 0.452862 -0.0740166
vn -0.488965 0.292656 -0.821746
vn 0.752311 -0.0531267 0.656663
vn 0.301668 0.493858 -0.815537
vn 0.233288 -0.431783 -0.871286
vn -0.937103 0.347833 0.0291699
vn 0.382044 0.422272 0.822027
vn -0.861182 -0.50763 0.0260323
vn 0.747407 -0.615285 0.250612
vn 0.633761 0.52259 -0.570304
vn -0.176104 0.0172617 -0.98422
vn -0.069031 -0.330163 0.941396
vn 0.838602 0.42649 0.3389
vn -0.572998 0.0363743 -0.818749
vn 0.152461 -0.939974 0.305293
vn -0.00177836 0.86515 0.50151
vn -0.956524 -0.0691068 -0.283348
vn 0.353369 -0.935477 0.00363082
vn 0.141504 0.651776 0.745094
vn -0.987511 0.0179746 -0.156524
vn 0.561625 -0.81525 -0.141225
vn 0.444833 0.730666 0.517929
vn -0.983922 0.00651856 -0.17848
vn 0.447043 -0.864248 0.230713
vn 0.512314 0.858574 0.0196096
vn -0.996893 0.0225005 -0.0754923
vn 0.460341 -0.885784 0.0589314
vn 0.512001 0.853309 0.0985828
vn -0.969142 -0.0739311 0.235153
vn 0.43254 -0.857723 -0.277885
vn 0.546104 0.819091 0.175671
vn -0.990335 -0.137345 -0.0193262
vn 0.513772 -0.852699 -0.0945685
vn 0.491058 0.828376 0.269548
vn -0.934463 0.00755564 -0.35598
vn 0.447775 -0.89279 -0.0492366
vn 0.325732 0.839715 0.434485
vn -0.968524 0.00596887 -0.248848
vn 0.466721 -0.799116 -0.378926
vn 0.358355 0.505957 0.784595
vn -0.95005 0.0227423 -0.311269
vn 0.613812 -0.586215 -0.52876
vn 0.32867 0.467013 0.820899
vn -0.992215 -0.0718499 0.101723
vn 0.397935 -0.746524 -0.533244
vn 0.466123 0.41896 0.779231
vn -0.906965 0.0986986 -0.40948
vn 0.743967 -0.640661 -0.189914
vn 0.629203 0.386703 0.674214
vn -0.787821 0.0063524 -0.615871
vn 0.0858999 -0.731236 0.676694
vn 0.686575 0.718956 0.108248
vn -0.802957 0.0534647 -0.593634
vn -0.0270111 -0.496575 0.867573
vn 0.812743 0.528137 -0.246008
vn -0.599307 0.0431542 -0.799355
vn -0.171302 -0.565906 0.806477
vn 0.793355 0.608723 0.00670245
vn -0.853896 0.00129294 -0.520442
vn 0.310282 -0.923928 0.223789
vn 0.342436 0.849648 0.401044
vn -0.978335 0.0435967 -0.202383
vn 0.495812 -0.86023 -0.119054
vn 0.425268 0.82253 0.377612
vn -0.998415 0.0260763 0.049865
vn 0.451867 -0.817458 -0.357181
vn 0.525046 0.75804 0.386912
vn -0.990696 -0.0178127 0.134924
vn 0.439513 -0.723311 -0.532587
vn 0.561181 0.69651 0.447158
vn -0.993856 -0.0371888 0.104248
vn 0.478488 -0.73742 -0.476719
vn 0.557051 0.715697 0.421273
vn -0.998438 -0.0481809 -0.0283023
vn 0.534625 -0.799927 -0.272568
vn 0.474207 0.799462 0.368765
vn -0.991723 -0.00590997 -0.128259
vn 0.545817 -0.804446 -0.234416
vn 0.468021 0.772366 0.429426
vn -0.9615 0.0232974 -0.273817
vn 0.449188 -0.870884 0.199478
vn 0.5062 0.852322 0.131564
vn -0.849234 0.0230821 -0.527512
vn 0.320199 -0.841222 0.43568
vn 0.493161 0.860546 0.127491
vn -0.710234 0.00514757 -0.703947
vn 0.308454 -0.868625 0.387745
vn 0.361944 0.862703 0.353185
vn -0.565034 -0.00403739 -0.825058
vn 0.214792 -0.857901 0.466765
vn 0.292736 0.867219 0.402786
vn -0.422884 0.018795 -0.905989
vn 0.296349 -0.846805 0.441699
vn 0.0479985 0.853361 0.519106
vn -0.600506 0.0475879 -0.798203
vn 0.486328 -0.834365 0.259461
vn -0.0276275 0.81673 0.576358
vn -0.370049 0.0109851 -0.928947
vn -0.0498794 -0.877289 0.477364
vn 0.3072 0.831766 0.462379
vn -0.235711 -0.0288335 -0.971395
vn -0.174376 -0.81043 0.559282
vn 0.360658 0.823393 0.43812
vn -0.445563 -0.023602 -0.89494
vn 0.00580673 -0.837588 0.546272
vn 0.385866 0.844152 0.372176
vn -0.576872 -0.0162333 -0.816673
vn 0.190245 -0.851354 0.488879
vn 0.344685 0.847056 0.404584
vn -0.592918 -0.0373265 -0.804397
vn 0.156843 -0.98527 -0.0681406
vn 0.145277 0.856909 0.494572
vn -0.603661 -0.315191 -0.732289
vn -0.638963 0.416212 -0.646911
vn 0.152188 0.889699 0.430435
vn -0.765361 -0.536511 0.355498
vn 0.447009 -0.750446 0.486841
vn 0.229606 0.597784 -0.768073
vn -0.457365 -0.144269 -0.877498
vn -0.833122 0.289377 0.471348
vn 0.738633 0.337783 0.583373
vn -0.86219 -0.503237 -0.0581426
vn -0.00655329 -0.966976 -0.254784
vn 0.327807 0.583818 -0.742764
vn 0.710275 0.316261 -0.628879
vn -0.756261 -0.410598 0.509391
vn 0.74248 0.248816 0.621944
vn 0.929018 -0.0527188 0.366259
vn -0.350001 0.277629 -0.894663
vn -0.87237 0.0915711 0.480193
vn 0.844589 -0.105155 -0.524987
vn -0.551824 -0.763502 0.335493
vn 0.0832401 0.454115 0.887046
vn 0.975887 0.129894 -0.17542
vn -0.724484 -0.581398 -0.37027
vn -0.399384 0.660057 0.636253
vn 0.517462 -0.0595506 -0.853631
vn -0.0330651 -0.9222 0.385297
vn -0.514243 0.82946 -0.218061
vn 0.665466 -0.0482726 -0.744866
vn -0.379828 -0.886344 0.264811
vn -0.519102 0.752447 0.405409
vn 0.743234 0.152444 -0.651432
vn -0.636095 -0.744493 -0.202765
vn -0.291395 0.81429 0.502016
vn 0.993731 -0.0725059 -0.0850992
vn -0.644646 -0.762019 -0.0613135
vn -0.215495 0.94311 0.25319
vn 0.986602 0.0130336 0.162625
vn -0.467502 -0.763069 0.446282
vn -0.434418 0.651398 -0.622063
vn 0.987162 0.0243443 -0.157856
vn -0.249184 -0.81011 0.530687
vn -0.567138 0.532614 -0.628234
vn 0.999998 -0.00197835 0.000193784
vn -0.482414 -0.652666 0.584212
vn -0.65874 0.566081 -0.495596
vn 0.94127 0.058148 -0.332611
vn -0.311553 -0.851913 0.420926
vn -0.573532 0.777379 -0.258346
vn 0.868836 -0.0446247 -0.493085
vn -0.211215 -0.766899 0.606015
vn -0.723094 0.673329 -0.154156
vn 0.939082 -0.0534683 -0.339508
vn -0.252958 -0.602532 0.756946
vn -0.713903 0.586566 -0.38247
vn 0.892631 -0.0367841 -0.449285
vn -0.313277 -0.680719 0.662178
vn -0.695264 0.544449 -0.469237
vn 0.681905 0.189028 -0.706593
vn -0.248381 -0.823306 0.510366
vn -0.696097 0.696861 -0.172725
vn 0.825937 0.0352187 -0.562661
vn -0.587844 -0.730912 -0.346709
vn -0.394524 0.684816 0.612681
vn 0.647039 -0.0687629 -0.75935
vn -0.88759 -0.453879 -0.0786014
vn 0.121437 0.487359 0.864716
vn 0.695249 0.0577099 -0.716449
vn -0.898361 -0.418419 -0.133688
vn 0.177963 0.479131 0.859513
vn 0.637206 -0.0227107 -0.770359
vn -0.816365 -0.567565 -0.106852
vn -0.0106062 0.637253 0.770582
vn 0.437994 0.210005 -0.874105
vn -0.672401 -0.701006 0.237627
vn 0.243563 0.656242 0.714159
vn 0.846745 0.490348 -0.206354
vn -0.610134 -0.712273 -0.346992
vn -0.095042 0.608615 0.787753
vn 0.618792 0.407711 0.671467
vn 0.577838 0.238246 -0.780603
vn -0.98339 0.173868 0.0520944
vn 0.991794 -0.118154 -0.0488399
vn -0.369586 -0.880785 0.296013
vn 0.335116 0.550295 0.76477
vn 0.88971 -0.033629 0.455285
vn -0.125573 -0.452085 -0.883091
vn -0.700234 0.408425 0.585544
vn 0.888978 -0.117479 -0.442624
vn 0.0859208 -0.992577 0.0860714
vn -0.188432 0.973485 -0.129695
vn 0.608571 0.175475 -0.773854
vn -0.38497 -0.880923 0.275269
vn -0.258503 0.850668 0.457756
vn 0.816197 0.305098 -0.49065
vn -0.666731 -0.648853 -0.366687
vn -0.26071 0.779165 0.570028
vn 0.968547 0.247654 0.0241655
vn -0.604457 -0.761154 -0.235109
vn -0.389354 0.895441 0.215845
vn 0.724909 0.178654 -0.665274
vn -0.13526 -0.746742 0.651215
vn -0.547712 0.671609 -0.498953
vn 0.646763 -0.139883 -0.749754
vn -0.481895 -0.83571 0.263374
vn -0.479938 0.752327 0.451292
vn 0.506845 -0.357503 -0.784411
vn -0.543409 -0.734024 -0.407327
vn 0.0481911 0.773892 0.631482
vn 0.844066 0.0723904 0.531331
vn -0.441802 0.0747552 -0.893993
vn -0.773185 0.631344 0.0599078
vn 0.984209 -0.094585 0.149618
vn -0.3952 -0.652236 -0.646842
vn -0.654231 0.676165 0.338796
vn 0.930551 -0.0311365 -0.364836
vn -0.477322 -0.872245 -0.106545
vn -0.471566 0.863998 0.176446
vn 0.889448 0.226417 -0.397012
vn -0.486895 -0.873087 0.0255458
vn -0.429968 0.85156 0.299956
vn 0.961343 0.270047 -0.0537949
vn -0.378214 -0.661406 -0.647685
vn -0.493574 0.852915 0.170061
vn 0.631568 0.775291 0.0066772
vn 0.381259 -0.50927 -0.771548
vn -0.566771 0.819593 -0.0838944
vn 0.945803 -0.308268 -0.102119
vn 0.643578 0.133992 -0.753561
vn 0.485067 0.734327 -0.474841
vn -0.551718 0.813347 0.184593
vn -0.669327 -0.691782 -0.270997
vn -0.0690661 0.835084 -0.545769
vn 0.735103 0.488968 0.469609
vn 0.618544 0.620653 -0.481864
vn 0.451686 0.889994 -0.062378
vn 0.866829 -0.26772 -0.420634
vn -0.0726435 -0.329574 -0.941331
vn 0.832446 -0.357695 -0.423188
vn -0.753915 0.0826927 0.651746
vn 0.144107 -0.764955 -0.627755
vn -0.676196 -0.170873 0.716632
vn 0.593539 -0.146838 0.791297
vn -0.376032 -0.778781 -0.502096
vn 0.225171 0.973592 -0.037645
vn -0.286972 -0.0570381 0.956239
vn 0.116636 -0.1986 -0.973116
vn -0.437657 0.498745 -0.748138
vn -0.289531 0.0341716 0.956558
vn -0.0695283 -0.822307 -0.564781
vn 0.463385 0.81659 -0.344174
vn 0.0706193 0.0143177 0.997401
vn -0.378436 -0.768078 -0.516568
vn 0.525907 0.745865 -0.408788
vn -0.00389263 -0.0712482 0.997451
vn -0.244847 -0.802842 -0.543594
vn 0.307347 0.82984 -0.465729
vn -0.212305 -0.101209 0.971948
vn -0.31242 -0.730171 -0.607654
vn 0.576273 0.708507 -0.407341
vn -0.450744 -0.166851 0.876921
vn -0.260992 -0.590016 -0.764044
vn 0.792664 0.591932 -0.145946
vn -0.53629 -0.0244164 0.843681
vn -0.108637 -0.515708 -0.849849
vn 0.871283 0.484601 -0.0776459
vn -0.244042 -0.0590454 0.967965
vn 0.344249 -0.708773 -0.615738
vn 0.174322 0.89926 -0.401178
vn 0.109813 0.030357 0.993489
vn 0.589031 -0.576856 -0.565933
vn -0.589348 0.641139 -0.491537
vn -0.113061 0.0474141 0.992456
vn 0.516428 -0.660526 -0.544984
vn -0.428021 0.715518 -0.552116
vn -0.328402 0.055138 0.942927
vn 0.326575 -0.858977 -0.394345
vn 0.147504 0.834278 -0.531246
vn -0.606493 0.0383578 0.794163
vn 0.56014 -0.779733 -0.279748
vn 0.126615 0.839513 -0.528381
vn -0.521499 0.00732294 0.85322
vn 0.204074 -0.851156 -0.483619
vn 0.391824 0.861928 -0.321799
vn -0.284144 0.0051744 0.958768
vn 0.183124 -0.88125 -0.435733
vn 0.167165 0.860782 -0.480739
vn -0.0425531 0.023765 0.998812
vn -0.116076 -0.872559 -0.474518
vn 0.221295 0.835104 -0.503617
vn 0.0751854 -0.0954033 0.992595
vn -0.342233 -0.80097 -0.491247
vn 0.312982 0.777538 -0.545414
vn -0.18251 -0.161575 0.969837
vn -0.260179 -0.725584 -0.637051
vn 0.581186 0.740161 -0.338209
vn -0.318872 -0.00514655 0.947784
vn -0.143068 -0.726555 -0.672049
vn 0.61526 0.690664 -0.380051
vn -0.134435 -0.00516592 0.990909
vn 0.175746 -0.857789 -0.483024
vn 0.0285373 0.863278 -0.503922
vn -0.301102 -0.0039075 0.953584
vn 0.254083 -0.855164 -0.451815
vn 0.132797 0.88489 -0.446469
vn -0.530222 -0.0186829 0.847653
vn 0.299784 -0.856636 -0.419886
vn 0.312529 0.836355 -0.450373
vn -0.546067 -0.0539434 0.836003
vn 0.331996 -0.921868 0.199844
vn 0.0167195 0.820473 -0.571441
vn 0.177744 -0.235178 0.955562
vn 0.652751 -0.277317 -0.70499
vn 0.236088 0.970346 -0.0518759
vn 0.980336 -0.125266 0.15248
vn 0.404764 -0.678192 -0.613369
vn -0.0892037 0.99394 -0.0642359
vn 0.507692 -0.565526 -0.649945
vn 0.200473 -0.979685 -0.00538752
vn 0.498251 0.699465 0.512342
vn 0.331936 0.620058 0.710878
vn -0.267032 0.0207625 -0.963464
vn -0.958288 0.0721548 0.276546
vn 0.901283 0.0137087 0.433014
vn 0.579135 -0.485906 -0.654598
vn -0.277369 0.730988 0.623476
vn 0.792635 0.056658 0.607058
vn -0.361053 -0.831661 -0.421877
vn -0.388586 0.877935 -0.2797
vn 0.965269 -0.025753 0.259985
vn -0.565078 -0.824721 0.0228346
vn -0.206419 0.777169 -0.594474
vn 0.830701 -0.428291 0.355672
vn -0.707174 -0.706217 -0.0340869
vn -0.145158 0.741791 -0.654733
vn 0.980028 -0.000409124 0.19886
vn -0.78836 -0.564357 0.244927
vn -0.262286 0.297827 -0.917881
vn 0.851871 -0.0958486 0.514906
vn -0.56212 -0.794085 -0.231192
vn -0.281213 0.891046 -0.356309
vn 0.645843 -0.0380658 0.762521
vn -0.657962 -0.750319 -0.06409
vn 0.0453534 0.704604 -0.70815
vn 0.784786 0.0691511 0.615897
vn -0.707301 -0.699289 0.103538
vn 0.0706153 0.585637 -0.807492
vn 0.969893 0.119933 0.21195
vn -0.640302 -0.583777 0.499217
vn -0.152735 0.465979 -0.871514
vn 0.988361 -0.106743 -0.108388
vn -0.439392 -0.643149 0.627132
vn -0.529258 0.452616 -0.717652
vn 0.988123 -0.0488447 0.145695
vn -0.700568 -0.596744 0.391283
vn -0.62136 0.507423 -0.597021
vn 0.989572 0.0881102 0.113947
vn -0.547603 -0.762073 -0.345509
vn -0.43862 0.87362 0.210714
vn 0.784973 0.107534 0.610127
vn -0.207259 -0.502107 -0.839603
vn -0.740644 0.546505 0.390868
vn 0.808423 0.0597505 0.585561
vn -0.169737 -0.763467 -0.623143
vn -0.579351 0.810203 -0.0890145
vn 0.728185 0.031259 0.684668
vn -0.183808 -0.727417 -0.66112
vn -0.557096 0.805802 -0.200817
vn 0.86505 0.0852849 0.494383
vn -0.531324 -0.823758 -0.197782
vn -0.243733 0.860472 -0.447417
vn 0.656489 0.0660952 0.751435
vn -0.0813583 -0.801414 -0.59255
vn -0.404677 0.88694 -0.222651
vn 0.317252 0.0140064 0.948238
vn -0.147538 -0.872669 -0.465491
vn -0.0947206 0.863353 -0.495631
vn 0.640337 0.00182633 0.768092
vn -0.41128 -0.863247 -0.292666
vn -0.109535 0.865814 -0.488229
vn 0.665926 -0.041598 0.744857
vn -0.447533 -0.827015 -0.340237
vn -0.19036 0.85847 -0.476227
vn 0.596284 -0.133886 0.79153
vn -0.676515 -0.710538 -0.193554
vn 0.194704 0.653484 -0.73147
vn 0.548498 -0.0602591 0.833978
vn -0.662559 -0.621697 -0.417742
vn -0.0034569 0.591479 -0.806313
vn 0.715467 -0.063768 0.69573
vn -0.0329009 -0.723375 -0.689671
vn -0.65033 0.755578 -0.0785595
vn 0.856287 -0.0320993 0.515502
vn -0.147554 -0.75637 -0.637285
vn -0.646834 0.761701 0.0376661
vn 0.958746 -0.00550391 0.284212
vn -0.40069 -0.870485 -0.285837
vn -0.552409 0.817858 -0.1611
vn 0.9953 0.0327651 0.0911264
vn -0.49567 -0.853725 0.159576
vn -0.462512 0.828718 -0.315134
vn 0.989184 0.0140467 -0.146004
vn -0.432328 -0.851835 0.295752
vn -0.559332 0.797112 -0.227509
vn 0.974083 -0.00345885 -0.226166
vn 0.0877107 -0.880775 0.465341
vn -0.592132 0.739724 -0.319668
vn 0.693249 -0.018102 -0.72047
vn -0.841928 -0.395607 0.366949
vn -0.767063 0.591957 -0.247389
vn 0.859866 0.00353198 0.510507
vn -0.960633 -0.109895 0.255163
vn -0.595162 0.503246 -0.626519
vn 0.544893 -0.538735 0.642539
vn -0.60433 -0.796665 -0.010507
vn 0.543095 -0.255426 -0.799878
vn 0.963381 0.0553946 0.26235
vn -0.514422 -0.857393 0.0157153
vn 0.751951 0.297879 -0.588079
vn 0.905217 0.0076493 -0.424881
vn -0.373826 -0.912687 0.165093
vn -0.528326 0.844077 -0.0916783
vn 0.766837 0.0148229 -0.641671
vn -0.346243 -0.856791 0.382133
vn -0.493251 0.852895 0.171095
vn 0.821823 0.0173054 -0.56948
vn -0.461808 -0.877548 0.129006
vn -0.410875 0.867918 0.279105
vn 0.802049 -0.372142 -0.467149
vn -0.413647 -0.900212 0.136066
vn -0.607433 0.79374 0.031648
vn 0.92721 -0.368733 -0.0657087
vn -0.588519 -0.525631 0.614294
vn -0.420222 0.586597 -0.692327
vn 0.850089 0.0608814 -0.523107
vn -0.283197 -0.568693 0.772262
vn -0.656791 0.364501 -0.660125
vn 0.788312 -0.022291 -0.614872
vn -0.394894 -0.778788 0.487388
vn -0.651514 0.758601 -0.00737589
vn 0.680394 0.00710637 -0.732812
vn -0.680849 -0.713247 0.166507
vn -0.0782704 0.831917 0.549353
vn 0.848718 0.22413 -0.479002
vn -0.784888 -0.535367 -0.311983
vn 0.163199 0.507292 0.84618
vn 0.818377 0.563825 0.111183
vn 0.0338872 -0.0746844 -0.996631
vn -0.48454 0.407852 0.773872
vn 0.999566 -0.029407 0.00200323
vn 0.160061 -0.562162 -0.811391
vn 0.0505982 0.835658 0.546914
vn 0.982687 -0.00315405 0.185247
vn -0.473566 -0.868429 -0.146857
vn -0.471699 0.867646 -0.15713
vn 0.99839 0.0125797 0.0553101
vn -0.485141 -0.874171 0.0215295
vn -0.464501 0.869349 -0.168732
vn 0.982137 -0.0260365 -0.186358
vn -0.461529 -0.871915 0.163573
vn -0.547889 0.83405 -0.0646452
vn 0.996561 -0.0368992 -0.0741885
vn -0.488306 -0.844779 0.218872
vn -0.534702 0.822946 -0.191972
vn 0.995553 0.0289489 0.0896475
vn -0.477637 -0.876134 0.0652156
vn -0.476386 0.855254 -0.203952
vn 0.987846 0.0792938 -0.133687
vn -0.409403 -0.811214 0.417518
vn -0.550529 0.720435 -0.421772
vn 0.85849 0.00454531 -0.51281
vn -0.237844 -0.790341 0.564617
vn -0.645394 0.708241 -0.286113
vn 0.998243 -0.0016303 -0.0592363
vn -0.381075 -0.911159 -0.156753
vn -0.653564 0.744974 0.13367
vn 0.983636 0.0344892 0.176835
vn -0.239633 -0.682088 -0.690892
vn -0.612962 0.705704 0.355331
vn 0.994013 -0.0858257 -0.0676115
vn -0.407221 -0.85239 -0.328027
vn -0.614973 0.788468 -0.0112406
vn 0.993014 -0.0379688 0.111724
vn -0.49937 -0.864367 0.059161
vn -0.528011 0.814664 -0.239847
vn 0.957394 -0.0127615 0.288503
vn -0.493343 -0.855723 -0.156049
vn -0.473864 0.860621 -0.186503
vn 0.913963 -0.0349223 0.404292
vn -0.538645 -0.840597 -0.0570855
vn -0.374754 0.834564 -0.40381
vn 0.818531 0.0338098 0.573466
vn -0.507372 -0.836935 -0.205215
vn -0.260408 0.851048 -0.455966
vn 0.956638 0.0664157 0.283606
vn -0.59505 -0.796188 0.109542
vn -0.26643 0.831008 -0.488304
vn 0.993265 0.0139235 0.115024
vn 0.00586909 -0.999211 -0.0392871
vn -0.511531 0.856668 -0.0667508
vn 0.904997 0.19143 -0.379914
vn 0.703925 0.415016 -0.576412
vn -0.601486 0.79701 0.0546824
vn 0.255599 -0.543884 -0.799287
vn 0.977516 -0.135053 0.161933
vn 0.733961 0.651984 -0.19031
vn -0.99863 0.0520036 -0.00583705
vn -0.263653 -0.369282 0.891133
vn 0.381654 0.484425 0.787193
vn 0.865632 0.456075 -0.206584
vn -0.92775 -0.359956 -0.0985487
vn -0.812269 0.199605 0.548066
vn 0.179236 0.42004 -0.88963
vn 0.536417 -0.827594 -0.165364
vn -0.205677 0.939661 -0.273376
vn 0.423091 -0.531516 -0.733815
vn -0.241911 -0.122481 0.962537
vn -0.856164 -0.17322 0.486804
vn 0.237892 0.0431519 -0.970333
vn 0.176327 -0.763464 0.621314
vn -0.905708 0.413459 0.0935098
vn 0.256888 -0.00351681 -0.966435
vn -0.128594 -0.877234 0.462519
vn -0.228846 0.857284 0.461187
vn -0.132701 -0.345689 -0.928918
vn -0.0578543 -0.862831 0.50217
vn -0.271458 0.847194 0.456698
vn 0.0761261 -0.316447 -0.945551
vn -0.0656802 -0.853495 0.516946
vn -0.705531 0.676195 0.212099
vn 0.0941323 0.169301 -0.981059
vn 0.527846 -0.766811 0.365212
vn -0.917243 0.319247 0.238216
vn -0.0732654 -0.57658 -0.813749
vn 0.725116 -0.626611 0.285596
vn -0.863359 0.263844 0.430112
vn 0.112393 -0.0709178 -0.99113
vn 0.295791 -0.848669 0.438484
vn -0.762738 0.28318 0.581412
vn -0.0451705 -0.0298539 -0.998533
vn -0.674012 -0.49776 0.545841
vn 0.780303 0.405113 0.476456
vn 0.434592 0.221567 -0.872948
vn -0.866128 -0.430805 0.253436
vn 0.671343 0.417707 0.612226
vn 0.695303 0.113391 -0.709715
vn -0.915501 -0.32372 -0.238877
vn 0.149138 0.478259 0.865463
vn 0.337092 -0.0902467 -0.937136
vn -0.766153 -0.58912 0.256802
vn 0.326374 0.544786 0.772456
vn 0.165594 0.0146027 -0.986086
vn -0.568149 -0.723415 0.392271
vn 0.326661 0.730427 0.599808
vn 0.260183 0.0518565 -0.964166
vn -0.494594 -0.794299 0.352797
vn 0.177846 0.795786 0.578874
vn 0.463734 0.137047 -0.875311
vn -0.633615 -0.745315 0.207453
vn 0.203387 0.742499 0.638223
vn 0.72311 0.253425 -0.642564
vn -0.842638 -0.521091 -0.135741
vn 0.00844759 0.683214 0.730169
vn 0.983588 0.0262546 -0.178511
vn -0.684158 -0.693499 -0.225803
vn -0.367997 0.844067 0.390037
vn 0.997887 -0.0648163 -0.0044959
vn -0.530657 -0.847209 -0.0252935
vn -0.540649 0.802636 -0.251941
vn 0.788384 -0.0729826 -0.610839
vn -0.3408 -0.926153 0.161545
vn -0.421474 0.892379 0.161308
vn 0.71919 -0.0630993 -0.691943
vn -0.453887 -0.829026 0.326652
vn -0.423085 0.877032 0.227628
vn 0.883087 -0.0830784 -0.461796
vn -0.377133 -0.690075 0.617711
vn -0.634728 0.737198 -0.231647
vn 0.850934 0.0301555 -0.524406
vn -0.186346 -0.595278 0.781614
vn -0.776213 0.505624 -0.376613
vn 0.804978 -0.00333624 -0.593296
vn -0.195343 -0.795844 0.573126
vn -0.648852 0.760427 -0.027231
vn 0.802278 0.0140491 -0.596785
vn -0.14938 -0.762525 0.629477
vn -0.679433 0.729201 -0.0814634
vn 0.791518 0.0797572 -0.60592
vn 0.261778 -0.919152 0.294332
vn -0.658391 0.752676 0.000605471
vn 0.361689 -0.0324287 0.931735
vn 0.108249 -0.263106 -0.958675
vn -0.494909 0.788795 -0.36451
vn 0.72404 -0.226192 0.651616
vn 0.0767252 -0.74657 -0.660868
vn -0.504671 0.817891 -0.276336
vn 0.0826216 -0.266334 0.960333
vn 0.471032 -0.443419 -0.762567
vn -0.504861 0.453473 -0.734491
vn -0.271273 -0.00649068 0.962481
vn -0.00568483 -0.830545 -0.556922
vn 0.360021 0.848178 -0.388559
vn -0.20614 0.0322772 0.97799
vn -0.26232 -0.77689 -0.57239
vn 0.600792 0.719707 -0.347952
vn 0.139283 -0.0105165 0.990197
vn -0.232167 -0.814375 -0.531875
vn 0.491888 0.738444 -0.461245
vn -0.154748 0.127888 0.979642
vn 0.272136 -0.821122 -0.501697
vn -0.0286628 0.785922 -0.617661
vn -0.624628 0.15731 0.764914
vn 0.916247 -0.399834 -0.0249712
vn -0.482062 0.436497 -0.759662
vn -0.846649 -0.0321325 0.531181
vn 0.879499 -0.212168 0.425989
vn 0.0658692 0.493694 -0.867137
vn -0.59654 0.0343255 0.801849
vn 0.635067 -0.760269 -0.136679
vn -0.0871796 0.766337 -0.636496
vn -0.537929 0.0581714 0.840981
vn 0.897363 -0.342032 0.278844
vn -0.143955 0.596429 -0.789652
vn 0.00176609 -0.108337 0.994113
vn 0.596659 -0.54896 -0.585355
vn -0.718737 0.434524 -0.542777
vn -0.269344 0.215286 0.938672
vn 0.823356 -0.441183 -0.35699
vn -0.732041 0.449118 -0.512259
vn -0.827959 0.231322 0.510856
vn 0.875267 -0.433248 0.214951
vn -0.236379 0.436279 -0.868209
vn -0.931815 0.187386 0.310816
vn 0.707892 -0.425517 0.56376
vn 0.273404 0.573815 -0.772001
vn -0.990983 0.0476097 0.12524
vn 0.506372 -0.792702 0.339427
vn 0.514147 0.770225 -0.377368
vn -0.676006 -0.715276 0.177191
vn -0.0390478 -0.995213 0.0895915
vn 0.645799 -0.30267 0.700953
vn 0.00719759 -0.0291367 0.99955
vn 0.114926 -0.54782 -0.828665
vn 0.571068 0.479325 0.66643
vn 0.514658 0.603935 0.608596
vn 0.914654 -0.363462 -0.176929
vn -0.666772 0.697276 -0.263099
vn 0.923718 0.0104008 0.382932
vn 0.709564 -0.429954 -0.558263
vn -0.446365 0.894763 0.0125737
vn -0.632277 -0.316735 0.70704
vn 0.245206 -0.246102 -0.937714
vn 0.817179 0.454483 -0.354491
vn -0.222824 0.340784 0.913354
vn 0.761217 -0.608388 -0.224528
vn -0.0903042 0.989015 0.117028
vn 0.911037 -0.392086 0.127597
vn 0.302367 -0.844906 -0.441257
vn -0.10418 0.938693 -0.328636
vn 0.976454 0.00975085 0.215505
vn -0.734622 -0.645511 0.208916
vn -0.370151 0.432565 -0.822116
vn 0.98782 -0.152788 -0.0294515
vn -0.461668 -0.885352 -0.0549038
vn -0.530639 0.836376 -0.137468
vn 0.96381 -0.127985 0.233858
vn -0.0386562 -0.999225 -0.00739701
vn -0.316737 0.819196 -0.478117
vn 0.728533 0.333337 0.598437
vn 0.365331 -0.897075 0.248577
vn 0.223052 0.703463 -0.674824
vn -0.580542 0.00147598 0.814229
vn 0.518112 -0.501522 -0.692846
vn 0.545472 0.81401 -0.199622
vn -0.180377 -0.000274451 0.983597
vn 0.332158 -0.853649 -0.401191
vn 0.457857 0.848666 -0.264826
vn -0.399504 0.502253 0.766902
vn 0.712263 0.448391 0.540025
vn 0.862213 0.464231 -0.202678
vn -0.928439 -0.0671365 -0.365368
vn 0.362544 -0.927762 0.0884303
vn -0.312386 0.877544 0.363774
vn -0.922246 -0.0610063 -0.38176
vn 0.728257 -0.628183 -0.273912
vn 0.135916 0.514744 0.846502
vn -0.895966 0.286507 -0.33935
vn 0.47623 -0.878366 0.0409686
vn 0.334049 0.764077 0.551903
vn -0.716139 0.203975 -0.667487
vn -0.44449 -0.513285 0.734144
vn 0.584951 0.775144 0.238715
vn -0.83434 -0.0773427 -0.545797
vn 0.196552 -0.66889 0.716905
vn 0.719759 0.657542 -0.222678
vn -0.677365 0.246121 -0.693254
vn -0.0887748 -0.574362 0.813773
vn 0.771526 0.560544 -0.300895
vn -0.198982 0.123143 -0.972236
vn -0.709293 -0.237714 0.663623
vn 0.819936 0.531399 0.212885
vn -0.862265 0.221568 -0.455419
vn -0.687072 -0.59906 0.411167
vn 0.741029 0.660277 0.12211
vn -0.842872 -0.538098 0.00419035
vn -0.944427 -0.107872 0.310516
vn 0.895304 0.418178 0.153487
vn 0.952388 -0.252723 -0.170553
vn -0.98616 -0.109818 -0.124209
vn -0.98144 0.0315307 0.189159
vn 0.730302 0.116313 -0.673149
vn -0.15367 -0.897421 -0.413547
vn 0.0643457 0.893433 0.444563
vn 0.964083 -0.0445522 -0.261836
vn -0.482049 -0.452046 -0.750522
vn 0.310935 0.585907 0.748353
vn 0.997765 0.00773098 -0.0663684
vn -0.444613 -0.859163 -0.253295
vn -0.506404 0.848185 -0.155362
vn 0.982763 -0.00704478 0.184737
vn -0.624752 -0.775033 -0.0949138
vn -0.488868 0.769886 -0.410225
vn 0.953289 0.138429 -0.268471
vn -0.394515 -0.671915 0.626808
vn -0.473606 0.502233 -0.723505
vn 0.750325 -0.0366452 -0.660052
vn -0.139302 -0.79631 0.58863
vn -0.725392 0.669779 -0.158754
vn 0.80187 -0.00486709 -0.597478
vn -0.322594 -0.814427 0.48233
vn -0.677597 0.727688 0.106456
vn 0.828276 -0.00237866 -0.560316
vn -0.559552 -0.825311 0.0759124
vn -0.354915 0.848503 0.392528
vn 0.97235 0.0510646 -0.227876
vn -0.496209 -0.868155 -0.00907707
vn -0.443139 0.894156 0.064136
vn 0.819019 -0.218697 -0.530452
vn -0.30934 -0.850904 0.424583
vn -0.557843 0.81829 -0.138609
vn 0.909824 -0.245029 -0.334935
vn -0.565444 -0.724773 0.393671
vn -0.370604 0.822155 -0.432103
vn 0.937647 0.224114 -0.26569
vn 0.111502 -0.606445 0.787268
vn -0.594466 0.385958 -0.705441
vn 0.787598 -0.614076 0.0509898
vn -0.82012 -0.556971 0.131097
vn 0.158316 0.650686 0.74266
vn 0.967518 0.0485757 0.248092
vn -0.45361 -0.11828 -0.883317
vn -0.714502 0.513151 0.475566
vn 0.322017 0.147944 -0.935103
vn 0.526575 -0.849558 0.031137
vn 0.244203 0.854405 -0.458647
vn -0.423124 -0.344597 0.837985
vn -0.792992 -0.595373 0.12921
vn -0.506392 0.210003 0.836341
vn -0.189092 0.720105 -0.667602
vn 0.89781 0.30967 -0.313116
vn 0.297137 0.339291 -0.892519
vn -0.772978 -0.000382135 0.634433
vn 0.396095 -0.5811 0.710937
vn 0.0431696 0.941172 0.335159
vn -0.967517 -0.0296064 -0.251065
vn 0.985479 -0.0384872 -0.16538
vn 0.59979 0.0508294 0.798541
vn -0.922757 0.109822 0.369403
vn 0.253858 -0.693143 -0.674617
vn 0.367481 0.278665 0.887301
vn -0.850558 -0.0379635 0.52451
vn 0.123305 -0.51901 -0.845828
vn 0.722043 0.561531 0.40415
vn -0.615785 0.0571466 0.785839
vn -0.180002 -0.489951 -0.852964
vn 0.89399 0.364137 0.261123
vn -0.564567 -0.112123 0.817737
vn -0.224524 -0.607388 -0.762016
vn 0.872067 0.488807 0.0238057
vn -0.972397 0.0180636 0.232632
vn 0.38472 -0.725059 -0.571209
vn 0.810661 0.58483 -0.0283098
vn -0.992824 0.0747044 0.093383
vn 0.510334 -0.782984 0.355663
vn 0.491408 0.793548 -0.358886
vn -0.998934 -0.00863585 0.0453411
vn 0.418177 -0.550962 0.722197
vn 0.549181 0.649609 -0.525746
vn -0.832745 -0.0944228 0.545546
vn 0.565104 -0.79475 0.221427
vn 0.451929 0.788546 -0.41708
vn -0.579852 -0.00186537 0.81472
vn 0.276486 -0.885738 -0.372859
vn 0.414774 0.849044 -0.327242
vn -0.452555 0.0195983 0.891521
vn 0.0397644 -0.833165 -0.551593
vn 0.549102 0.787269 -0.280525
vn -0.273885 0.0302555 0.961287
vn -0.183817 -0.772941 -0.607267
vn 0.593692 0.745166 -0.303738
vn -0.209799 0.0036953 0.977738
vn -0.146303 -0.988693 -0.0328982
vn 0.304295 0.841696 -0.44604
vn -0.757837 0.2748 0.59175
vn 0.563547 -0.242474 0.789697
vn -0.120375 0.921389 0.36953
vn 0.977067 0.21238 0.0153365
vn -0.104673 -0.895908 0.431731
vn 0.253692 -0.950738 0.178148
vn -0.392134 0.174795 -0.903149
vn 0.647257 -0.731521 0.214325
vn -0.834122 -0.0352336 -0.550453
vn -0.661243 -0.0698615 -0.746912
vn 0.430114 -0.849797 0.304707
vn 0.111765 0.820041 0.561286
vn -0.772839 0.399128 -0.493373
vn -0.415293 -0.877861 0.238522
vn -0.651416 0.549512 0.523158
vn -0.0903454 0.870716 0.483417
vn -0.32099 -0.353438 -0.878662
vn -0.645891 0.406163 0.646418
vn -0.987651 0.0256944 -0.154547
vn 0.678522 -0.361106 -0.639695
vn 0.974285 0.0305762 0.223237
vn -0.939633 0.126677 0.317871
vn 0.251918 -0.924687 -0.285465
vn 0.523292 0.717013 0.460497
vn -0.468856 0.00346934 0.883268
vn 0.0404954 -0.988979 -0.14241
vn 0.726914 0.586441 0.357327
vn -0.786277 -0.11529 0.607023
vn 0.00208834 0.183899 -0.982943
vn 0.791096 0.430881 0.434176
vn -0.605702 -0.0967853 0.789784
vn -0.206815 -0.39184 -0.896487
vn 0.947408 0.27615 0.161736
vn -0.757915 0.0234482 0.651932
vn -0.0436613 -0.753085 -0.656473
vn 0.751106 0.643189 0.148822
vn -0.297 0.162724 0.94091
vn -0.474142 -0.66456 -0.577538
vn 0.906472 0.421487 -0.0256322
vn 0.0198176 -0.0444734 0.998814
vn -0.612697 -0.565032 -0.552576
vn 0.75772 0.460217 -0.462667
vn -0.179691 -0.0497808 0.982463
vn -0.0527466 -0.843645 -0.534304
vn 0.332294 0.769906 -0.544818
vn 0.0431924 0.00263929 0.999063
vn 0.14694 -0.872869 -0.465305
vn -0.0400556 0.860041 -0.50865
vn 0.184591 0.057639 0.981124
vn 0.102918 -0.991389 0.0809631
vn -0.0277038 0.864491 -0.501885
vn -0.912473 -0.0105345 0.409002
vn 0.782479 -0.491551 -0.382236
vn 0.642352 0.0987335 0.760024
vn -0.512575 0.0460706 0.857406
vn 0.0160527 -0.754309 -0.656323
vn 0.760378 0.487182 0.42951
vn -0.650787 -0.273344 0.70835
vn 0.0951519 -0.840069 -0.53407
vn 0.680647 0.718436 -0.143422
vn -0.694569 -0.718182 0.042306
vn 0.143545 -0.81773 -0.557416
vn 0.665166 -0.297359 0.684932
vn -0.394946 -0.219499 0.892098
vn 0.48625 -0.379983 -0.786876
vn 0.635182 0.243623 0.732934
vn 0.56312 -0.472459 0.677996
vn 0.245249 -0.880202 -0.406322
vn -0.552956 0.824989 -0.116756
vn 0.933809 -0.235525 -0.26931
vn -0.733138 -0.594911 -0.329529
vn -0.280363 0.478542 0.832102
vn 0.999501 0.029952 0.00998614
vn -0.573264 -0.214232 -0.790868
vn -0.48955 0.396574 0.776576
vn 0.967486 -0.0261063 -0.251573
vn -0.561064 -0.725035 -0.399414
vn -0.492794 0.772716 0.40008
vn 0.952306 -0.034458 -0.303193
vn -0.520053 -0.85407 0.0104055
vn -0.507545 0.853066 0.121142
vn 0.950852 -0.0946326 -0.29483
vn 0.024005 -0.97472 0.222138
vn -0.555628 0.809523 -0.189605
vn -0.978608 0.124563 -0.16374
vn 0.404842 -0.33816 0.849559
vn 0.538214 0.841488 0.0471549
vn -0.990152 -0.0242471 -0.137878
vn 0.243713 -0.76127 0.600892
vn 0.379278 0.833279 0.402236
vn -0.995764 0.0866431 -0.0307584
vn 0.504995 -0.851179 0.14309
vn 0.454242 0.864625 0.21468
vn -0.989582 0.077642 -0.121242
vn 0.108759 -0.744514 0.658689
vn 0.567329 0.801663 -0.188346
vn -0.937888 -0.076983 0.33829
vn 0.138325 -0.984089 0.111508
vn 0.440529 0.848757 0.292483
vn -0.885071 -0.022707 0.464903
vn 0.389486 -0.848129 -0.359135
vn 0.619363 0.779597 0.0928333
vn -0.929245 0.00140294 0.369461
vn 0.453213 -0.874456 0.172985
vn 0.504884 0.853574 -0.128466
vn -0.680807 -0.00191963 0.73246
vn 0.264808 -0.959451 -0.0965932
vn 0.510838 0.858974 -0.0347603
vn -0.334968 -0.228737 0.914044
vn 0.102475 -0.840409 -0.532176
vn 0.518434 0.801639 -0.297658
vn -0.267506 -0.539728 0.798207
vn -0.195081 -0.977818 -0.0762592
vn 0.385281 0.921586 -0.0473029
vn 0.828273 0.254772 0.499054
vn -0.735648 0.295774 -0.609377
vn -0.944417 0.20544 0.256653
vn 0.958498 0.0655901 0.277451
vn -0.073292 -0.668534 -0.740061
vn -0.672378 0.25416 0.695205
vn 0.768607 -0.105256 0.631003
vn 0.691805 0.0766359 -0.718006
vn -0.922304 0.37329 -0.100046
vn 0.769888 -0.299692 -0.563434
vn -0.803155 -0.460568 0.377914
vn -0.0979939 0.34354 0.934011
vn 0.444101 0.169562 -0.879786
vn -0.916713 -0.23978 -0.319598
vn 0.23021 0.453466 0.86103
vn 0.309605 -0.0168637 -0.950716
vn -0.766381 -0.635465 -0.0940457
vn -0.237468 0.839551 0.488635
vn 0.507599 -0.0908352 -0.856792
vn -0.515984 -0.843706 -0.148055
vn -0.543932 0.749537 0.377269
vn 0.34187 0.053355 0.938232
vn 0.234109 -0.393977 -0.888805
vn -0.855496 0.444561 0.265504
vn 0.902502 0.0962493 0.419792
vn 0.601284 -0.781509 0.166437
vn 0.682679 0.652081 -0.329758
vn -0.908607 0.289146 -0.301375
vn 0.00223711 -0.232138 0.97268
vn 0.414097 0.757677 -0.504429
vn 0.501178 -0.113496 -0.857869
vn -0.865318 0.0156897 0.500978
vn 0.458937 0.161099 0.873741
vn 0.164792 -0.060951 -0.984443
vn -0.846013 -0.37486 -0.379134
vn 0.502185 0.520968 0.69022
vn 0.292264 -0.159905 0.942875
vn 0.503293 -0.412615 -0.75924
vn -0.821916 0.391761 -0.413494
vn -0.85997 0.478682 -0.176959
vn 0.758616 -0.384249 0.52617
vn 0.473133 0.310971 -0.824283
vn -0.738487 0.401678 -0.541565
vn -0.691055 -0.278489 0.666999
vn 0.853817 0.473818 -0.215622
vn -0.963412 -0.0993582 -0.248929
vn -0.937929 -0.119405 0.325625
vn -0.0421011 0.436676 -0.898633
vn -0.639617 0.226242 -0.734646
vn -0.368387 -0.521605 0.769558
vn 0.58941 0.801965 0.097196
vn 0.694986 0.179435 -0.696274
vn -0.961273 -0.101367 0.256279
vn 0.282968 -0.0214125 0.95889
vn 0.462365 0.087373 -0.882374
vn -0.858581 -0.512312 0.0193589
vn 0.451065 0.305565 0.838553
vn 0.478621 0.00956592 -0.87797
vn -0.793722 -0.608049 -0.0168083
vn -0.198786 0.861221 0.467742
vn 0.0135086 0.2138 -0.976784
vn -0.8223 -0.559364 -0.104569
vn 0.0508434 0.956543 0.287125
vn -0.178265 0.0454956 -0.98293
vn -0.866084 -0.198184 -0.458935
vn 0.461864 0.774957 -0.431419
vn -0.882238 0.324907 0.340724
vn 0.457301 -0.731117 -0.506304
vn -0.210938 -0.435038 0.875355
vn -0.149482 0.495123 0.855867
vn -0.191922 -0.515897 -0.834875
vn 0.899383 -0.312602 0.305598
vn -0.574845 0.0942414 0.812817
vn -0.201268 -0.179212 -0.963003
vn 0.99191 0.115442 0.0527998
vn -0.219727 0.359956 0.906726
vn -0.689542 -0.663761 -0.289748
vn 0.981688 0.183637 0.0506616
vn 0.567217 0.393796 -0.723319
vn -0.95006 0.289019 0.117707
vn -0.205719 0.855306 0.475532
vn 0.556506 -0.0389489 -0.82993
vn -0.435603 -0.669828 -0.601315
vn 0.0963669 0.766946 0.634435
vn 0 0 0
vn 0 0 0
vn 0 0 0
vt 0 1
vt 1 1
vt 0 0
vt 1 0
vt 0 1
vt 1 1
vt 0 0
vt 1 0
vt 0 1
vt 1 1
vt 0 0
vt 1 0
vt 0 1
vt 1 1
vt 0 0
vt 1 0
vt 0 1
vt 1 1
vt 0 0
vt 1 0
vt 0 1
vt 1 1
vt 0 0
vt 1 0
vt 0 1
vt 1 1
vt 0 0
vt 1 0
vt 0 1
vt 1 1
vt 0 0
vt 1 0
vt 0 1
vt 1 1
vt 0 0
vt 1 0
vt 0 1
vt 1 1
vt 0 0
vt 1 0
vt 0 1
vt 1 1
vt 0 0
vt 1 0
vt 0 1
vt 1 1
vt 0 0
vt 1 0
vt 0 1
vt 1 1
vt 0 0
vt 1 0
vt 0 1
vt 1 1
vt 0 0
vt 1 0
vt 0 1
vt 1 1
vt 0 0
vt 1 0
vt 0 1
vt 1 1
vt 0 0
vt 1 0
vt 0 1
vt 1 1
vt 0 0
vt 1 0
vt 0 1
vt 1 1
vt 0 0
vt 1 0
vt 0 1
vt 1 1
vt 0 0
vt 1 0
vt 0 1
vt 0.3 1
vt 0.6 1
vt 0 0
vt 0.3 0
vt 0.6 0
vt 0 1
vt 0.3 1
vt 0.6 1
vt 0 0
vt 0.3 0
vt 0.6 0
vt 0 1
vt 0.3 1
vt 0.6 1
vt 0 0
vt 0.3 0
vt 0.6 0
vt 0 1
vt 0.3 1
vt 0.6 1
vt 0 0
vt 0.3 0
vt 0.6 0
vt 0 1
vt 0.3 1
vt 0.6 1
vt 0 0
vt 0.3 0
vt 0.6 0
vt 0 1
vt 0.3 1
vt 0.6 1
vt 0 0
vt 0.3 0
vt 0.6 0
vt 0 1
vt 0.3 1
vt 0.6 1
vt 0 0
vt 0.3 0
vt 0.6 0
vt 0 1
vt 0.3 1
vt 0.6 1
vt 0 0
vt 0.3 0
vt 0.6 0
vt 0 1
vt 0.3 1
vt 0.6 1
vt 0 0
vt 0.3 0
vt 0.6 0
vt 0 1
vt 0.3 1
vt 0.6 1
vt 0 0
vt 0.3 0
vt 0.6 0
vt 0 1
vt 0.3 1
vt 0.6 1
vt 0 0
vt 0.3 0
vt 0.6 0
vt 0 1
vt 0.3 1
vt 0.6 1
vt 0 0
vt 0.3 0
vt 0.6 0
vt 0 1
vt 0.3 1
vt 0.6 1
vt 0 0
vt 0.3 0
vt 0.6 0
vt 0 1
vt 0.3 1
vt 0.6 1
vt 0 0
vt 0.3 0
vt 0.6 0
vt 0 1
vt 0.3 1
vt 0.6 1
vt 0 0
vt 0.3 0
vt 0.6 0
vt 0 1
vt 0.3 1
vt 0.6 1
vt 0 0
vt 0.3 0
vt 0.6 0
vt 0 1
vt 0.3 1
vt 0.6 1
vt 0 0
vt 0.3 0
vt 0.6 0
vt 0 1
vt 0.3 1
vt 0.6 1
vt 0 0
vt 0.3 0
vt 0.6 0
vt 0 1
vt 0.3 1
vt 0.6 1
vt 0 0
vt 0.3 0
vt 0.6 0
vt 0 1
vt 0.3 1
vt 0.6 1
vt 0 0
vt 0.3 0
vt 0.6 0
vt 0 1
vt 0.3 1
vt 0.6 1
vt 0 0
vt 0.3 0
vt 0.6 0
vt 0 1
vt 0.3 1
vt 0.6 1
vt 0 0
vt 0.3 0
vt 0.6 0
vt 0 1
vt 0.3 1
vt 0.6 1
vt 0 0
vt 0.3 0
vt 0.6 0
vt 0 1
vt 0.3 1
vt 0.6 1
vt 0 0
vt 0.3 0
vt 0.6 0
vt 0 1
vt 0.3 1
vt 0.6 1
vt 0 0
vt 0.3 0
vt 0.6 0
vt 0 1
vt 0.3 1
vt 0.6 1
vt 0 0
vt 0.3 0
vt 0.6 0
vt 0 1
vt 0.3 1
vt 0.6 1
vt 0 0
vt 0.3 0
vt 0.6 0
vt 0 1
vt 0.3 1
vt 0.6 1
vt 0 0
vt 0.3 0
vt 0.6 0
vt 0 1
vt 0.3 1
vt 0.6 1
vt 0 0
vt 0.3 0
vt 0.6 0
vt 0 1
vt 0.3 1
vt 0.6 1
vt 0 0
vt 0.3 0
vt 0.6 0
vt 0 1
vt 0.3 1
vt 0.6 1
vt 0 0
vt 0.3 0
vt 0.6 0
vt 0 1
vt 0.3 1
vt 0.6 1
vt 0 0
vt 0.3 0
vt 0.6 0
vt 0 1
vt 0.3 1
vt 0.6 1
vt 0 0
vt 0.3 0
vt 0.6 0
vt 0 1
vt 0.3 1
vt 0.6 1
vt 0 0
vt 0.3 0
vt 0.6 0
vt 0 1
vt 0.3 1
vt 0.6 1
vt 0 0
vt 0.3 0
vt 0.6 0
vt 0 1
vt 0.3 1
vt 0.6 1
vt 0 0
vt 0.3 0
vt 0.6 0
vt 0 1
vt 0.3 1
vt 0.6 1
vt 0 0
vt 0.3 0
vt 0.6 0
vt 0 1
vt 0.3 1
vt 0.6 1
vt 0 0
vt 0.3 0
vt 0.6 0
vt 0 1
vt 0.3 1
vt 0.6 1
vt 0 0
vt 0.3 0
vt 0.6 0
vt 0 1
vt 0.3 1
vt 0.6 1
vt 0 0
vt 0.3 0
vt 0.6 0
vt 0 1
vt 0.3 1
vt 0.6 1
vt 0 0
vt 0.3 0
vt 0.6 0
vt 0 1
vt 0.3 1
vt 0.6 1
vt 0 0
vt 0.3 0
vt 0.6 0
vt 0 1
vt 0.3 1
vt 0.6 1
vt 0 0
vt 0.3 0
vt 0.6 0
vt 0 1
vt 0.3 1
vt 0.6 1
vt 0 0
vt 0.3 0
vt 0.6 0
vt 0 1
vt 0.3 1
vt 0.6 1
vt 0 0
vt 0.3 0
vt 0.6 0
vt 0 1
vt 0.3 1
vt 0.6 1
vt 0 1
vt 0.3 1
vt 0.6 1
vt 0 0
vt 0.3 0
vt 0.6 0
vt 0 1
vt 0.3 1
vt 0.6 1
vt 0 0
vt 0.3 0
vt 0.6 0
vt 0 1
vt 0.3 1
vt 0.6 1
vt 0 0
vt 0.3 0
vt 0.6 0
vt 0 1
vt 0.3 1
vt 0.6 1
vt 0 0
vt 0.3 0
vt 0.6 0
vt 0 1
vt 0.3 1
vt 0.6 1
vt 0 0
vt 0.3 0
vt 0.6 0
vt 0 1
vt 0.3 1
vt 0.6 1
vt 0 0
vt 0.3 0
vt 0.6 0
vt 0 1
vt 0.3 1
vt 0.6 1
vt 0 0
vt 0.3 0
vt 0.6 0
vt 0 1
vt 0.3 1
vt 0.6 1
vt 0 0
vt 0.3 0
vt 0.6 0
vt 0 1
vt 0.3 1
vt 0.6 1
vt 0 0
vt 0.3 0
vt 0.6 0
vt 0 1
vt 0.3 1
vt 0.6 1
vt 0 0
vt 0.3 0
vt 0.6 0
vt 0 1
vt 0.3 1
vt 0.6 1
vt 0 0
vt 0.3 0
vt 0.6 0
vt 0 1
vt 0.3 1
vt 0.6 1
vt 0 0
vt 0.3 0
vt 0.6 0
vt 0 1
vt 0.3 1
vt 0.6 1
vt 0 0
vt 0.3 0
vt 0.6 0
vt 0 1
vt 0.3 1
vt 0.6 1
vt 0 0
vt 0.3 0
vt 0.6 0
vt 0 1
vt 0.3 1
vt 0.6 1
vt 0 0
vt 0.3 0
vt 0.6 0
vt 0 1
vt 0.3 1
vt 0.6 1
vt 0 0
vt 0.3 0
vt 0.6 0
vt 0 1
vt 0.3 1
vt 0.6 1
vt 0 0
vt 0.3 0
vt 0.6 0
vt 0 1
vt 0.3 1
vt 0.6 1
vt 0 0
vt 0.3 0
vt 0.6 0
vt 0 1
vt 0.3 1
vt 0.6 1
vt 0 0
vt 0.3 0
vt 0.6 0
vt 0 1
vt 0.3 1
vt 0.6 1
vt 0 0
vt 0.3 0
vt 0.6 0
vt 0 1
vt 0.3 1
vt 0.6 1
vt 0 0
vt 0.3 0
vt 0.6 0
vt 0 1
vt 0.3 1
vt 0.6 1
vt 0 0
vt 0.3 0
vt 0.6 0
vt 0 1
vt 0.3 1
vt 0.6 1
vt 0 0
vt 0.3 0
vt 0.6 0
vt 0 1
vt 0.3 1
vt 0.6 1
vt 0 0
vt 0.3 0
vt 0.6 0
vt 0 1
vt 0.3 1
vt 0.6 1
vt 0 0
vt 0.3 0
vt 0.6 0
vt 0 1
vt 0.3 1
vt 0.6 1
vt 0 0
vt 0.3 0
vt 0.6 0
vt 0 1
vt 0.3 1
vt 0.6 1
vt 0 0
vt 0.3 0
vt 0.6 0
vt 0 1
vt 0.3 1
vt 0.6 1
vt 0 0
vt 0.3 0
vt 0.6 0
vt 0 1
vt 0.3 1
vt 0.6 1
vt 0 0
vt 0.3 0
vt 0.6 0
vt 0 1
vt 0.3 1
vt 0.6 1
vt 0 1
vt 0.3 1
vt 0.6 1
vt 0 0
vt 0.3 0
vt 0.6 0
vt 0 1
vt 0.3 1
vt 0.6 1
vt 0 0
vt 0.3 0
vt 0.6 0
vt 0 1
vt 0.3 1
vt 0.6 1
vt 0 0
vt 0.3 0
vt 0.6 0
vt 0 1
vt 0.3 1
vt 0.6 1
vt 0 0
vt 0.3 0
vt 0.6 0
vt 0 1
vt 0.3 1
vt 0.6 1
vt 0 0
vt 0.3 0
vt 0.6 0
vt 0 1
vt 0.3 1
vt 0.6 1
vt 0 0
vt 0.3 0
vt 0.6 0
vt 0 1
vt 0.3 1
vt 0.6 1
vt 0 0
vt 0.3 0
vt 0.6 0
vt 0 1
vt 0.3 1
vt 0.6 1
vt 0 0
vt 0.3 0
vt 0.6 0
vt 0 1
vt 0.3 1
vt 0.6 1
vt 0 0
vt 0.3 0
vt 0.6 0
vt 0 1
vt 0.3 1
vt 0.6 1
vt 0 0
vt 0.3 0
vt 0.6 0
vt 0 1
vt 0.3 1
vt 0.6 1
vt 0 0
vt 0.3 0
vt 0.6 0
vt 0 1
vt 0.3 1
vt 0.6 1
vt 0 0
vt 0.3 0
vt 0.6 0
vt 0 1
vt 0.3 1
vt 0.6 1
vt 0 0
vt 0.3 0
vt 0.6 0
vt 0 1
vt 0.3 1
vt 0.6 1
vt 0 0
vt 0.3 0
vt 0.6 0
vt 0 1
vt 0.3 1
vt 0.6 1
vt 0 0
vt 0.3 0
vt 0.6 0
vt 0 1
vt 0.3 1
vt 0.6 1
vt 0 0
vt 0.3 0
vt 0.6 0
vt 0 1
vt 0.3 1
vt 0.6 1
vt 0 0
vt 0.3 0
vt 0.6 0
vt 0 1
vt 0.3 1
vt 0.6 1
vt 0 0
vt 0.3 0
vt 0.6 0
vt 0 1
vt 0.3 1
vt 0.6 1
vt 0 0
vt 0.3 0
vt 0.6 0
vt 0 1
vt 0.3 1
vt 0.6 1
vt 0 0
vt 0.3 0
vt 0.6 0
vt 0 1
vt 0.3 1
vt 0.6 1
vt 0 0
vt 0.3 0
vt 0.6 0
vt 0 1
vt 0.3 1
vt 0.6 1
vt 0 0
vt 0.3 0
vt 0.6 0
vt 0 1
vt 0.3 1
vt 0.6 1
vt 0 0
vt 0.3 0
vt 0.6 0
vt 0 1
vt 0.3 1
vt 0.6 1
vt 0 0
vt 0.3 0
vt 0.6 0
vt 0 1
vt 0.3 1
vt 0.6 1
vt 0 0
vt 0.3 0
vt 0.6 0
vt 0 1
vt 0.3 1
vt 0.6 1
vt 0 0
vt 0.3 0
vt 0.6 0
vt 0 1
vt 0.3 1
vt 0.6 1
vt 0 0
vt 0.3 0
vt 0.6 0
vt 0 1
vt 0.3 1
vt 0.6 1
vt 0 0
vt 0.3 0
vt 0.6 0
vt 0 1
vt 0.3 1
vt 0.6 1
vt 0 0
vt 0.3 0
vt 0.6 0
vt 0 1
vt 0.3 1
vt 0.6 1
vt 0 0
vt 0.3 0
vt 0.6 0
vt 0 1
vt 0.3 1
vt 0.6 1
vt 0 0
vt 0.3 0
vt 0.6 0
vt 0 1
vt 0.3 1
vt 0.6 1
vt 0 0
vt 0.3 0
vt 0.6 0
vt 0 1
vt 0.3 1
vt 0.6 1
vt 0 0
vt 0.3 0
vt 0.6 0
vt 0 1
vt 0.3 1
vt 0.6 1
vt 0 0
vt 0.3 0
vt 0.6 0
vt 0 1
vt 0.3 1
vt 0.6 1
vt 0 0
vt 0.3 0
vt 0.6 0
vt 0 1
vt 0.3 1
vt 0.6 1
vt 0 0
vt 0.3 0
vt 0.6 0
vt 0 1
vt 0.3 1
vt 0.6 1
vt 0 0
vt 0.3 0
vt 0.6 0
vt 0 1
vt 0.3 1
vt 0.6 1
vt 0 0
vt 0.3 0
vt 0.6 0
vt 0 1
vt 0.3 1
vt 0.6 1
vt 0 0
vt 0.3 0
vt 0.6 0
vt 0 1
vt 0.3 1
vt 0.6 1
vt 0 0
vt 0.3 0
vt 0.6 0
vt 0 1
vt 0.3 1
vt 0.6 1
vt 0 0
vt 0.3 0
vt 0.6 0
vt 0 1
vt 0.3 1
vt 0.6 1
vt 0 0
vt 0.3 0
vt 0.6 0
vt 0 1
vt 0.3 1
vt 0.6 1
vt 0 0
vt 0.3 0
vt 0.6 0
vt 0 1
vt 0.3 1
vt 0.6 1
vt 0 0
vt 0.3 0
vt 0.6 0
vt 0 1
vt 0.3 1
vt 0.6 1
vt 0 0
vt 0.3 0
vt 0.6 0
vt 0 1
vt 0.3 1
vt 0.6 1
vt 0 0
vt 0.3 0
vt 0.6 0
vt 0 1
vt 0.3 1
vt 0.6 1
vt 0 0
vt 0.3 0
vt 0.6 0
vt 0 1
vt 0.3 1
vt 0.6 1
vt 0 0
vt 0.3 0
vt 0.6 0
vt 0 1
vt 0.3 1
vt 0.6 1
vt 0 0
vt 0.3 0
vt 0.6 0
vt 0 1
vt 0.3 1
vt 0.6 1
vt 0 0
vt 0.3 0
vt 0.6 0
vt 0 1
vt 0.3 1
vt 0.6 1
vt 0 0
vt 0.3 0
vt 0.6 0
vt 0 1
vt 0.3 1
vt 0.6 1
vt 0 1
vt 0.3 1
vt 0.6 1
vt 0 0
vt 0.3 0
vt 0.6 0
vt 0 1
vt 0.3 1
vt 0.6 1
vt 0 0
vt 0.3 0
vt 0.6 0
vt 0 1
vt 0.3 1
vt 0.6 1
vt 0 0
vt 0.3 0
vt 0.6 0
vt 0 1
vt 0.3 1
vt 0.6 1
vt 0 0
vt 0.3 0
vt 0.6 0
vt 0 1
vt 0.3 1
vt 0.6 1
vt 0 0
vt 0.3 0
vt 0.6 0
vt 0 1
vt 0.3 1
vt 0.6 1
vt 0 0
vt 0.3 0
vt 0.6 0
vt 0 1
vt 0.3 1
vt 0.6 1
vt 0 0
vt 0.3 0
vt 0.6 0
vt 0 1
vt 0.3 1
vt 0.6 1
vt 0 0
vt 0.3 0
vt 0.6 0
vt 0 1
vt 0.3 1
vt 0.6 1
vt 0 0
vt 0.3 0
vt 0.6 0
vt 0 1
vt 0.3 1
vt 0.6 1
vt 0 0
vt 0.3 0
vt 0.6 0
vt 0 1
vt 0.3 1
vt 0.6 1
vt 0 0
vt 0.3 0
vt 0.6 0
vt 0 1
vt 0.3 1
vt 0.6 1
vt 0 0
vt 0.3 0
vt 0.6 0
vt 0 1
vt 0.3 1
vt 0.6 1
vt 0 0
vt 0.3 0
vt 0.6 0
vt 0 1
vt 0.3 1
vt 0.6 1
vt 0 0
vt 0.3 0
vt 0.6 0
vt 0 1
vt 0.3 1
vt 0.6 1
vt 0 0
vt 0.3 0
vt 0.6 0
vt 0 1
vt 0.3 1
vt 0.6 1
vt 0 0
vt 0.3 0
vt 0.6 0
vt 0 1
vt 0.3 1
vt 0.6 1
vt 0 0
vt 0.3 0
vt 0.6 0
vt 0 1
vt 0.3 1
vt 0.6 1
vt 0 0
vt 0.3 0
vt 0.6 0
vt 0 1
vt 0.3 1
vt 0.6 1
vt 0 0
vt 0.3 0
vt 0.6 0
vt 0 1
vt 0.3 1
vt 0.6 1
vt 0 0
vt 0.3 0
vt 0.6 0
vt 0 1
vt 0.3 1
vt 0.6 1
vt 0 0
vt 0.3 0
vt 0.6 0
vt 0 1
vt 0.3 1
vt 0.6 1
vt 0 0
vt 0.3 0
vt 0.6 0
vt 0 1
vt 0.3 1
vt 0.6 1
vt 0 0
vt 0.3 0
vt 0.6 0
vt 0 1
vt 0.3 1
vt 0.6 1
vt 0 0
vt 0.3 0
vt 0.6 0
vt 0 1
vt 0.3 1
vt 0.6 1
vt 0 0
vt 0.3 0
vt 0.6 0
vt 0 1
vt 0.3 1
vt 0.6 1
vt 0 0
vt 0.3 0
vt 0.6 0
vt 0 1
vt 0.3 1
vt 0.6 1
vt 0 0
vt 0.3 0
vt 0.6 0
vt 0 1
vt 0.3 1
vt 0.6 1
vt 0 0
vt 0.3 0
vt 0.6 0
vt 0 1
vt 0.3 1
vt 0.6 1
vt 0 0
vt 0.3 0
vt 0.6 0
vt 0 1
vt 0.3 1
vt 0.6 1
vt 0 0
vt 0.3 0
vt 0.6 0
vt 0 1
vt 0.3 1
vt 0.6 1
vt 0 0
vt 0.3 0
vt 0.6 0
vt 0 1
vt 0.3 1
vt 0.6 1
vt 0 0
vt 0.3 0
vt 0.6 0
vt 0 1
vt 0.3 1
vt 0.6 1
vt 0 0
vt 0.3 0
vt 0.6 0
vt 0 1
vt 0.3 1
vt 0.6 1
vt 0 0
vt 0.3 0
vt 0.6 0
vt 0 1
vt 0.3 1
vt 0.6 1
vt 0 0
vt 0.3 0
vt 0.6 0
vt 0 1
vt 0.3 1
vt 0.6 1
vt 0 0
vt 0.3 0
vt 0.6 0
vt 0 1
vt 0.3 1
vt 0.6 1
vt 0 0
vt 0.3 0
vt 0.6 0
vt 0 1
vt 0.3 1
vt 0.6 1
vt 0 0
vt 0.3 0
vt 0.6 0
vt 0 1
vt 0.3 1
vt 0.6 1
vt 0 0
vt 0.3 0
vt 0.6 0
vt 0 1
vt 0.3 1
vt 0.6 1
vt 0 0
vt 0.3 0
vt 0.6 0
vt 0 1
vt 0.3 1
vt 0.6 1
vt 0 0
vt 0.3 0
vt 0.6 0
vt 0 1
vt 0.3 1
vt 0.6 1
vt 0 0
vt 0.3 0
vt 0.6 0
vt 0 1
vt 0.3 1
vt 0.6 1
vt 0 1
vt 0.3 1
vt 0.6 1
vt 0 0
vt 0.3 0
vt 0.6 0
vt 0 1
vt 0.3 1
vt 0.6 1
vt 0 0
vt 0.3 0
vt 0.6 0
vt 0 1
vt 0.3 1
vt 0.6 1
vt 0 0
vt 0.3 0
vt 0.6 0
vt 0 1
vt 0.3 1
vt 0.6 1
vt 0 0
vt 0.3 0
vt 0.6 0
vt 0 1
vt 0.3 1
vt 0.6 1
vt 0 0
vt 0.3 0
vt 0.6 0
vt 0 1
vt 0.3 1
vt 0.6 1
vt 0 0
vt 0.3 0
vt 0.6 0
vt 0 1
vt 0.3 1
vt 0.6 1
vt 0 0
vt 0.3 0
vt 0.6 0
vt 0 1
vt 0.3 1
vt 0.6 1
vt 0 0
vt 0.3 0
vt 0.6 0
vt 0 1
vt 0.3 1
vt 0.6 1
vt 0 0
vt 0.3 0
vt 0.6 0
vt 0 1
vt 0.3 1
vt 0.6 1
vt 0 0
vt 0.3 0
vt 0.6 0
vt 0 1
vt 0.3 1
vt 0.6 1
vt 0 0
vt 0.3 0
vt 0.6 0
vt 0 1
vt 0.3 1
vt 0.6 1
vt 0 0
vt 0.3 0
vt 0.6 0
vt 0 1
vt 0.3 1
vt 0.6 1
vt 0 0
vt 0.3 0
vt 0.6 0
vt 0 1
vt 0.3 1
vt 0.6 1
vt 0 0
vt 0.3 0
vt 0.6 0
vt 0 1
vt 0.3 1
vt 0.6 1
vt 0 0
vt 0.3 0
vt 0.6 0
vt 0 1
vt 0.3 1
vt 0.6 1
vt 0 0
vt 0.3 0
vt 0.6 0
vt 0 1
vt 0.3 1
vt 0.6 1
vt 0 0
vt 0.3 0
vt 0.6 0
vt 0 1
vt 0.3 1
vt 0.6 1
vt 0 0
vt 0.3 0
vt 0.6 0
vt 0 1
vt 0.3 1
vt 0.6 1
vt 0 0
vt 0.3 0
vt 0.6 0
vt 0 1
vt 0.3 1
vt 0.6 1
vt 0 1
vt 0.3 1
vt 0.6 1
vt 0 0
vt 0.3 0
vt 0.6 0
vt 0 1
vt 0.3 1
vt 0.6 1
vt 0 0
vt 0.3 0
vt 0.6 0
vt 0 1
vt 0.3 1
vt 0.6 1
vt 0 0
vt 0.3 0
vt 0.6 0
vt 0 1
vt 0.3 1
vt 0.6 1
vt 0 0
vt 0.3 0
vt 0.6 0
vt 0 1
vt 0.3 1
vt 0.6 1
vt 0 0
vt 0.3 0
vt 0.6 0
vt 0 1
vt 0.3 1
vt 0.6 1
vt 0 0
vt 0.3 0
vt 0.6 0
vt 0 1
vt 0.3 1
vt 0.6 1
vt 0 0
vt 0.3 0
vt 0.6 0
vt 0 1
vt 0.3 1
vt 0.6 1
vt 0 0
vt 0.3 0
vt 0.6 0
vt 0 1
vt 0.3 1
vt 0.6 1
vt 0 0
vt 0.3 0
vt 0.6 0
vt 0 1
vt 0.3 1
vt 0.6 1
vt 0 0
vt 0.3 0
vt 0.6 0
vt 0 1
vt 0.3 1
vt 0.6 1
vt 0 0
vt 0.3 0
vt 0.6 0
vt 0 1
vt 0.3 1
vt 0.6 1
vt 0 0
vt 0.3 0
vt 0.6 0
vt 0 1
vt 0.3 1
vt 0.6 1
vt 0 0
vt 0.3 0
vt 0.6 0
vt 0 1
vt 0.3 1
vt 0.6 1
vt 0 0
vt 0.3 0
vt 0.6 0
vt 0 1
vt 0.3 1
vt 0.6 1
vt 0 0
vt 0.3 0
vt 0.6 0
vt 0 1
vt 0.3 1
vt 0.6 1
vt 0 0
vt 0.3 0
vt 0.6 0
vt 0 1
vt 0.3 1
vt 0.6 1
vt 0 0
vt 0.3 0
vt 0.6 0
vt 0 1
vt 0.3 1
vt 0.6 1
vt 0 0
vt 0.3 0
vt 0.6 0
vt 0 1
vt 0.3 1
vt 0.6 1
vt 0 0
vt 0.3 0
vt 0.6 0
vt 0 1
vt 0.3 1
vt 0.6 1
vt 0 0
vt 0.3 0
vt 0.6 0
vt 0 1
vt 0.3 1
vt 0.6 1
vt 0 0
vt 0.3 0
vt 0.6 0
vt 0 1
vt 0.3 1
vt 0.6 1
vt 0 0
vt 0.3 0
vt 0.6 0
vt 0 1
vt 0.3 1
vt 0.6 1
vt 0 0
vt 0.3 0
vt 0.6 0
vt 0 1
vt 0.3 1
vt 0.6 1
vt 0 0
vt 0.3 0
vt 0.6 0
vt 0 1
vt 0.3 1
vt 0.6 1
vt 0 0
vt 0.3 0
vt 0.6 0
vt 0 1
vt 0.3 1
vt 0.6 1
vt 0 0
vt 0.3 0
vt 0.6 0
vt 0 1
vt 0.3 1
vt 0.6 1
vt 0 0
vt 0.3 0
vt 0.6 0
vt 0 1
vt 0.3 1
vt 0.6 1
vt 0 0
vt 0.3 0
vt 0.6 0
vt 0 1
vt 0.3 1
vt 0.6 1
vt 0 0
vt 0.3 0
vt 0.6 0
vt 0 1
vt 0.3 1
vt 0.6 1
vt 0 0
vt 0.3 0
vt 0.6 0
vt 0 1
vt 0.3 1
vt 0.6 1
vt 0 0
vt 0.3 0
vt 0.6 0
vt 0 1
vt 0.3 1
vt 0.6 1
vt 0 0
vt 0.3 0
vt 0.6 0
vt 0 1
vt 0.3 1
vt 0.6 1
vt 0 0
vt 0.3 0
vt 0.6 0
vt 0 1
vt 0.3 1
vt 0.6 1
vt 0 0
vt 0.3 0
vt 0.6 0
vt 0 1
vt 0.3 1
vt 0.6 1
vt 0 0
vt 0.3 0
vt 0.6 0
vt 0 1
vt 0.3 1
vt 0.6 1
vt 0 0
vt 0.3 0
vt 0.6 0
vt 0 1
vt 0.3 1
vt 0.6 1
vt 0 0
vt 0.3 0
vt 0.6 0
vt 0 1
vt 0.3 1
vt 0.6 1
vt 0 0
vt 0.3 0
vt 0.6 0
vt 0 1
vt 0.3 1
vt 0.6 1
vt 0 0
vt 0.3 0
vt 0.6 0
vt 0 1
vt 0.3 1
vt 0.6 1
vt 0 0
vt 0.3 0
vt 0.6 0
vt 0 1
vt 0.3 1
vt 0.6 1
vt 0 0
vt 0.3 0
vt 0.6 0
vt 0 1
vt 0.3 1
vt 0.6 1
vt 0 0
vt 0.3 0
vt 0.6 0
vt 0 1
vt 0.3 1
vt 0.6 1
vt 0 0
vt 0.3 0
vt 0.6 0
vt 0 1
vt 0.3 1
vt 0.6 1
vt 0 0
vt 0.3 0
vt 0.6 0
vt 0 1
vt 0.3 1
vt 0.6 1
vt 0 0
vt 0.3 0
vt 0.6 0
vt 0 1
vt 0.3 1
vt 0.6 1
vt 0 0
vt 0.3 0
vt 0.6 0
vt 0 1
vt 0.3 1
vt 0.6 1
vt 0 0
vt 0.3 0
vt 0.6 0
vt 0 1
vt 0.3 1
vt 0.6 1
vt 0 0
vt 0.3 0
vt 0.6 0
vt 0 1
vt 0.3 1
vt 0.6 1
vt 0 0
vt 0.3 0
vt 0.6 0
vt 0 1
vt 0.3 1
vt 0.6 1
vt 0 0
vt 0.3 0
vt 0.6 0
vt 0 1
vt 0.3 1
vt 0.6 1
vt 0 0
vt 0.3 0
vt 0.6 0
vt 0 1
vt 0.3 1
vt 0.6 1
vt 0 0
vt 0.3 0
vt 0.6 0
vt 0 1
vt 0.3 1
vt 0.6 1
vt 0 0
vt 0.3 0
vt 0.6 0
vt 0 1
vt 0.3 1
vt 0.6 1
vt 0 0
vt 0.3 0
vt 0.6 0
vt 0 1
vt 0.3 1
vt 0.6 1
vt 0 0
vt 0.3 0
vt 0.6 0
vt 0 1
vt 0.3 1
vt 0.6 1
vt 0 0
vt 0.3 0
vt 0.6 0
vt 0 1
vt 0.3 1
vt 0.6 1
vt 0 0
vt 0.3 0
vt 0.6 0
vt 0 1
vt 0.3 1
vt 0.6 1
vt 0 0
vt 0.3 0
vt 0.6 0
vt 0 1
vt 0.3 1
vt 0.6 1
vt 0 0
vt 0.3 0
vt 0.6 0
vt 0 1
vt 0.3 1
vt 0.6 1
vt 0 0
vt 0.3 0
vt 0.6 0
vt 0 1
vt 0.3 1
vt 0.6 1
vt 0 0
vt 0.3 0
vt 0.6 0
vt 0 1
vt 0.3 1
vt 0.6 1
vt 0 0
vt 0.3 0
vt 0.6 0
vt 0 1
vt 0.3 1
vt 0.6 1
vt 0 0
vt 0.3 0
vt 0.6 0
vt 0 1
vt 0.3 1
vt 0.6 1
vt 0 0
vt 0.3 0
vt 0.6 0
vt 0 1
vt 0.3 1
vt 0.6 1
vt 0 0
vt 0.3 0
vt 0.6 0
vt 0 1
vt 0.3 1
vt 0.6 1
vt 0 0
vt 0.3 0
vt 0.6 0
vt 0 1
vt 0.3 1
vt 0.6 1
vt 0 1
vt 0.3 1
vt 0.6 1
vt 0 0
vt 0.3 0
vt 0.6 0
vt 0 1
vt 0.3 1
vt 0.6 1
vt 0 0
vt 0.3 0
vt 0.6 0
vt 0 1
vt 0.3 1
vt 0.6 1
vt 0 0
vt 0.3 0
vt 0.6 0
vt 0 1
vt 0.3 1
vt 0.6 1
vt 0 0
vt 0.3 0
vt 0.6 0
vt 0 1
vt 0.3 1
vt 0.6 1
vt 0 0
vt 0.3 0
vt 0.6 0
vt 0 1
vt 0.3 1
vt 0.6 1
vt 0 0
vt 0.3 0
vt 0.6 0
vt 0 1
vt 0.3 1
vt 0.6 1
vt 0 0
vt 0.3 0
vt 0.6 0
vt 0 1
vt 0.3 1
vt 0.6 1
vt 0 0
vt 0.3 0
vt 0.6 0
vt 0 1
vt 0.3 1
vt 0.6 1
vt 0 0
vt 0.3 0
vt 0.6 0
vt 0 1
vt 0.3 1
vt 0.6 1
vt 0 0
vt 0.3 0
vt 0.6 0
vt 0 1
vt 0.3 1
vt 0.6 1
vt 0 0
vt 0.3 0
vt 0.6 0
vt 0 1
vt 0.3 1
vt 0.6 1
vt 0 0
vt 0.3 0
vt 0.6 0
vt 0 1
vt 0.3 1
vt 0.6 1
vt 0 0
vt 0.3 0
vt 0.6 0
vt 0 1
vt 0.3 1
vt 0.6 1
vt 0 0
vt 0.3 0
vt 0.6 0
vt 0 1
vt 0.3 1
vt 0.6 1
vt 0 0
vt 0.3 0
vt 0.6 0
vt 0 1
vt 0.3 1
vt 0.6 1
vt 0 0
vt 0.3 0
vt 0.6 0
vt 0 1
vt 0.3 1
vt 0.6 1
vt 0 0
vt 0.3 0
vt 0.6 0
vt 0 1
vt 0.3 1
vt 0.6 1
vt 0 0
vt 0.3 0
vt 0.6 0
vt 0 1
vt 0.3 1
vt 0.6 1
vt 0 0
vt 0.3 0
vt 0.6 0
vt 0 1
vt 0.3 1
vt 0.6 1
vt 0 0
vt 0.3 0
vt 0.6 0
vt 0 1
vt 0.3 1
vt 0.6 1
vt 0 0
vt 0.3 0
vt 0.6 0
vt 0 1
vt 0.3 1
vt 0.6 1
vt 0 0
vt 0.3 0
vt 0.6 0
vt 0 1
vt 0.3 1
vt 0.6 1
vt 0 0
vt 0.3 0
vt 0.6 0
vt 0 1
vt 0.3 1
vt 0.6 1
vt 0 0
vt 0.3 0
vt 0.6 0
vt 0 1
vt 0.3 1
vt 0.6 1
vt 0 0
vt 0.3 0
vt 0.6 0
vt 0 1
vt 0.3 1
vt 0.6 1
vt 0 0
vt 0.3 0
vt 0.6 0
vt 0 1
vt 0.3 1
vt 0.6 1
vt 0 0
vt 0.3 0
vt 0.6 0
vt 0 1
vt 0.3 1
vt 0.6 1
vt 0 0
vt 0.3 0
vt 0.6 0
vt 0 1
vt 0.3 1
vt 0.6 1
vt 0 1
vt 0.3 1
vt 0.6 1
vt 0 0
vt 0.3 0
vt 0.6 0
vt 0 1
vt 0.3 1
vt 0.6 1
vt 0 0
vt 0.3 0
vt 0.6 0
vt 0 1
vt 0.3 1
vt 0.6 1
vt 0 0
vt 0.3 0
vt 0.6 0
vt 0 1
vt 0.3 1
vt 0.6 1
vt 0 0
vt 0.3 0
vt 0.6 0
vt 0 1
vt 0.3 1
vt 0.6 1
vt 0 0
vt 0.3 0
vt 0.6 0
vt 0 1
vt 0.3 1
vt 0.6 1
vt 0 0
vt 0.3 0
vt 0.6 0
vt 0 1
vt 0.3 1
vt 0.6 1
vt 0 0
vt 0.3 0
vt 0.6 0
vt 0 1
vt 0.3 1
vt 0.6 1
vt 0 0
vt 0.3 0
vt 0.6 0
vt 0 1
vt 0.3 1
vt 0.6 1
vt 0 0
vt 0.3 0
vt 0.6 0
vt 0 1
vt 0.3 1
vt 0.6 1
vt 0 0
vt 0.3 0
vt 0.6 0
vt 0 1
vt 0.3 1
vt 0.6 1
vt 0 0
vt 0.3 0
vt 0.6 0
vt 0 1
vt 0.3 1
vt 0.6 1
vt 0 0
vt 0.3 0
vt 0.6 0
vt 0 1
vt 0.3 1
vt 0.6 1
vt 0 1
vt 0.3 1
vt 0.6 1
vt 0 0
vt 0.3 0
vt 0.6 0
vt 0 1
vt 0.3 1
vt 0.6 1
vt 0 0
vt 0.3 0
vt 0.6 0
vt 0 1
vt 0.3 1
vt 0.6 1
vt 0 0
vt 0.3 0
vt 0.6 0
vt 0 1
vt 0.3 1
vt 0.6 1
vt 0 0
vt 0.3 0
vt 0.6 0
vt 0 1
vt 0.3 1
vt 0.6 1
vt 0 0
vt 0.3 0
vt 0.6 0
vt 0 1
vt 0.3 1
vt 0.6 1
vt 0 0
vt 0.3 0
vt 0.6 0
vt 0 1
vt 0.3 1
vt 0.6 1
vt 0 0
vt 0.3 0
vt 0.6 0
vt 0 1
vt 0.3 1
vt 0.6 1
vt 0 0
vt 0.3 0
vt 0.6 0
vt 0 1
vt 0.3 1
vt 0.6 1
vt 0 0
vt 0.3 0
vt 0.6 0
vt 0 1
vt 0.3 1
vt 0.6 1
vt 0 1
vt 0.3 1
vt 0.6 1
vt 0 0
vt 0.3 0
vt 0.6 0
vt 0 1
vt 0.3 1
vt 0.6 1
vt 0 0
vt 0.3 0
vt 0.6 0
vt 0 1
vt 0.3 1
vt 0.6 1
vt 0 0
vt 0.3 0
vt 0.6 0
vt 0 1
vt 0.3 1
vt 0.6 1
vt 0 0
vt 0.3 0
vt 0.6 0
vt 0 1
vt 0.3 1
vt 0.6 1
vt 0 0
vt 0.3 0
vt 0.6 0
vt 0 1
vt 0.3 1
vt 0.6 1
vt 0 0
vt 0.3 0
vt 0.6 0
vt 0 1
vt 0.3 1
vt 0.6 1
vt 0 0
vt 0.3 0
vt 0.6 0
vt 0 1
vt 0.3 1
vt 0.6 1
vt 0 0
vt 0.3 0
vt 0.6 0
vt 0 1
vt 0.3 1
vt 0.6 1
vt 0 1
vt 0.3 1
vt 0.6 1
vt 0 0
vt 0.3 0
vt 0.6 0
vt 0 1
vt 0.3 1
vt 0.6 1
vt 0 0
vt 0.3 0
vt 0.6 0
vt 0 1
vt 0.3 1
vt 0.6 1
vt 0 0
vt 0.3 0
vt 0.6 0
vt 0 1
vt 0.3 1
vt 0.6 1
vt 0 0
vt 0.3 0
vt 0.6 0
vt 0 1
vt 0.3 1
vt 0.6 1
vt 0 0
vt 0.3 0
vt 0.6 0
vt 0 1
vt 0.3 1
vt 0.6 1
vt 0 1
vt 0.3 1
vt 0.6 1
vt 0 0
vt 0.3 0
vt 0.6 0
vt 0 1
vt 0.3 1
vt 0.6 1
vt 0 0
vt 0.3 0
vt 0.6 0
vt 0 1
vt 0.3 1
vt 0.6 1
vt 0 0
vt 0.3 0
vt 0.6 0
vt 0 1
vt 0.3 1
vt 0.6 1
vt 0 0
vt 0.3 0
vt 0.6 0
vt 0 1
vt 0.3 1
vt 0.6 1
vt 0 0
vt 0.3 0
vt 0.6 0
vt 0 1
vt 0.3 1
vt 0.6 1
vt 0 0
vt 0.3 0
vt 0.6 0
vt 0 1
vt 0.3 1
vt 0.6 1
vt 0 0
vt 0.3 0
vt 0.6 0
vt 0 1
vt 0.3 1
vt 0.6 1
vt 0 0
vt 0.3 0
vt 0.6 0
vt 0 1
vt 0.3 1
vt 0.6 1
vt 0 0
vt 0.3 0
vt 0.6 0
vt 0 1
vt 0.3 1
vt 0.6 1
vt 0 1
vt 0.3 1
vt 0.6 1
vt 0 0
vt 0.3 0
vt 0.6 0
vt 0 1
vt 0.3 1
vt 0.6 1
vt 0 0
vt 0.3 0
vt 0.6 0
vt 0 1
vt 0.3 1
vt 0.6 1
vt 0 0
vt 0.3 0
vt 0.6 0
vt 0 1
vt 0.3 1
vt 0.6 1
vt 0 1
vt 0.3 1
vt 0.6 1
vt 0 0
vt 0.3 0
vt 0.6 0
vt 0 1
vt 0.3 1
vt 0.6 1
vt 0 0
vt 0.3 0
vt 0.6 0
vt 0 1
vt 0.3 1
vt 0.6 1
vt 0 0
vt 0.3 0
vt 0.6 0
vt 0 1
vt 0.3 1
vt 0.6 1
vt 0 0
vt 0.3 0
vt 0.6 0
vt 0 1
vt 0.3 1
vt 0.6 1
vt 0 0
vt 0.3 0
vt 0.6 0
vt 0 1
vt 0.3 1
vt 0.6 1
vt 0 0
vt 0.3 0
vt 0.6 0
vt 0 1
vt 0.3 1
vt 0.6 1
usemtl leaf_adult
f 3/3/3 1/1/1 2/2/2
f 2/2/2 4/4/4 3/3/3
f 7/7/7 5/5/5 6/6/6
f 6/6/6 8/8/8 7/7/7
f 11/11/11 9/9/9 10/10/10
f 10/10/10 12/12/12 11/11/11
f 15/15/15 13/13/13 14/14/14
f 14/14/14 16/16/16 15/15/15
f 19/19/19 17/17/17 18/18/18
f 18/18/18 20/20/20 19/19/19
f 23/23/23 21/21/21 22/22/22
f 22/22/22 24/24/24 23/23/23
f 27/27/27 25/25/25 26/26/26
f 26/26/26 28/28/28 27/27/27
f 31/31/31 29/29/29 30/30/30
f 30/30/30 32/32/32 31/31/31
f 35/35/35 33/33/33 34/34/34
f 34/34/34 36/36/36 35/35/35
f 39/39/39 37/37/37 38/38/38
f 38/38/38 40/40/40 39/39/39
f 43/43/43 41/41/41 42/42/42
f 42/42/42 44/44/44 43/43/43
f 47/47/47 45/45/45 46/46/46
f 46/46/46 48/48/48 47/47/47
f 51/51/51 49/49/49 50/50/50
f 50/50/50 52/52/52 51/51/51
f 55/55/55 53/53/53 54/54/54
f 54/54/54 56/56/56 55/55/55
f 59/59/59 57/57/57 58/58/58
f 58/58/58 60/60/60 59/59/59
f 63/63/63 61/61/61 62/62/62
f 62/62/62 64/64/64 63/63/63
f 67/67/67 65/65/65 66/66/66
f 66/66/66 68/68/68 67/67/67
f 71/71/71 69/69/69 70/70/70
f 70/70/70 72/72/72 71/71/71
f 75/75/75 73/73/73 74/74/74
f 74/74/74 76/76/76 75/75/75
usemtl leaf_young
usemtl branch
f 79/79/79 82/82/82 78/78/78
f 78/78/78 82/82/82 81/81/81
f 78/78/78 81/81/81 77/77/77
f 77/77/77 81/81/81 80/80/80
f 77/77/77 80/80/80 82/82/82
f 77/77/77 82/82/82 79/79/79
f 82/82/82 85/85/85 81/81/81
f 81/81/81 85/85/85 84/84/84
f 81/81/81 84/84/84 80/80/80
f 80/80/80 84/84/84 83/83/83
f 80/80/80 83/83/83 85/85/85
f 80/80/80 85/85/85 82/82/82
f 85/85/85 88/88/88 84/84/84
f 84/84/84 88/88/88 87/87/87
f 84/84/84 87/87/87 83/83/83
f 83/83/83 87/87/87 86/86/86
f 83/83/83 86/86/86 88/88/88
f 83/83/83 88/88/88 85/85/85
f 88/88/88 91/91/91 87/87/87
f 87/87/87 91/91/91 90/90/90
f 87/87/87 90/90/90 86/86/86
f 86/86/86 90/90/90 89/89/89
f 86/86/86 89/89/89 91/91/91
f 86/86/86 91/91/91 88/88/88
f 91/91/91 94/94/94 90/90/90
f 90/90/90 94/94/94 93/93/93
f 90/90/90 93/93/93 89/89/89
f 89/89/89 93/93/93 92/92/92
f 89/89/89 92/92/92 94/94/94
f 89/89/89 94/94/94 91/91/91
f 94/94/94 97/97/97 93/93/93
f 93/93/93 97/97/97 96/96/96
f 93/93/93 96/96/96 92/92/92
f 92/92/92 96/96/96 95/95/95
f 92/92/92 95/95/95 97/97/97
f 92/92/92 97/97/97 94/94/94
f 97/97/97 100/100/100 96/96/96
f 96/96/96 100/100/100 99/99/99
f 96/96/96 99/99/99 95/95/95
f 95/95/95 99/99/99 98/98/98
f 95/95/95 98/98/98 100/100/100
f 95/95/95 100/100/100 97/97/97
f 100/100/100 103/103/103 99/99/99
f 99/99/99 103/103/103 102/102/102
f 99/99/99 102/102/102 98/98/98
f 98/98/98 102/102/102 101/101/101
f 98/98/98 101/101/101 103/103/103
f 98/98/98 103/103/103 100/100/100
f 103/103/103 106/106/106 102/102/102
f 102/102/102 106/106/106 105/105/105
f 102/102/102 105/105/105 101/101/101
f 101/101/101 105/105/105 104/104/104
f 101/101/101 104/104/104 106/106/106
f 101/101/101 106/106/106 103/103/103
f 106/106/106 109/109/109 105/105/105
f 105/105/105 109/109/109 108/108/108
f 105/105/105 108/108/108 104/104/104
f 104/104/104 108/108/108 107/107/107
f 104/104/104 107/107/107 109/109/109
f 104/104/104 109/109/109 106/106/106
f 109/109/109 112/112/112 108/108/108
f 108/108/108 112/112/112 111/111/111
f 108/108/108 111/111/111 107/107/107
f 107/107/107 111/111/111 110/110/110
f 107/107/107 110/110/110 112/112/112
f 107/107/107 112/112/112 109/109/109
f 112/112/112 115/115/115 111/111/111
f 111/111/111 115/115/115 114/114/114
f 111/111/111 114/114/114 110/110/110
f 110/110/110 114/114/114 113/113/113
f 110/110/110 113/113/113 115/115/115
f 110/110/110 115/115/115 112/112/112
f 115/115/115 118/118/118 114/114/114
f 114/114/114 118/118/118 117/117/117
f 114/114/114 117/117/117 113/113/113
f 113/113/113 117/117/117 116/116/116
f 113/113/113 116/116/116 118/118/118
f 113/113/113 118/118/118 115/115/115
f 118/118/118 121/121/121 117/117/117
f 117/117/117 121/121/121 120/120/120
f 117/117/117 120/120/120 116/116/116
f 116/116/116 120/120/120 119/119/119
f 116/116/116 119/119/119 121/121/121
f 116/116/116 121/121/121 118/118/118
f 121/121/121 124/124/124 120/120/120
f 120/120/120 124/124/124 123/123/123
f 120/120/120 123/123/123 119/119/119
f 119/119/119 123/123/123 122/122/122
f 119/119/119 122/122/122 124/124/124
f 119/119/119 124/124/124 121/121/121
f 124/124/124 127/127/127 123/123/123
f 123/123/123 127/127/127 126/126/126
f 123/123/123 126/126/126 122/122/122
f 122/122/122 126/126/126 125/125/125
f 122/122/122 125/125/125 127/127/127
f 122/122/122 127/127/127 124/124/124
f 127/127/127 130/130/130 126/126/126
f 126/126/126 130/130/130 129/129/129
f 126/126/126 129/129/129 125/125/125
f 125/125/125 129/129/129 128/128/128
f 125/125/125 128/128/128 130/130/130
f 125/125/125 130/130/130 127/127/127
f 130/130/130 133/133/133 129/129/129
f 129/129/129 133/133/133 132/132/132
f 129/129/129 132/132/132 128/128/128
f 128/128/128 132/132/132 131/131/131
f 128/128/128 131/131/131 133/133/133
f 128/128/128 133/133/133 130/130/130
f 133/133/133 136/136/136 132/132/132
f 132/132/132 136/136/136 135/135/135
f 132/132/132 135/135/135 131/131/131
f 131/131/131 135/135/135 134/134/134
f 131/131/131 134/134/134 136/136/136
f 131/131/131 136/136/136 133/133/133
f 136/136/136 139/139/139 135/135/135
f 135/135/135 139/139/139 138/138/138
f 135/135/135 138/138/138 134/134/134
f 134/134/134 138/138/138 137/137/137
f 134/134/134 137/137/137 139/139/139
f 134/134/134 139/139/139 136/136/136
f 139/139/139 142/142/142 138/138/138
f 138/138/138 142/142/142 141/141/141
f 138/138/138 141/141/141 137/137/137
f 137/137/137 141/141/141 140/140/140
f 137/137/137 140/140/140 142/142/142
f 137/137/137 142/142/142 139/139/139
f 142/142/142 145/145/145 141/141/141
f 141/141/141 145/145/145 144/144/144
f 141/141/141 144/144/144 140/140/140
f 140/140/140 144/144/144 143/143/143
f 140/140/140 143/143/143 145/145/145
f 140/140/140 145/145/145 142/142/142
f 145/145/145 148/148/148 144/144/144
f 144/144/144 148/148/148 147/147/147
f 144/144/144 147/147/147 143/143/143
f 143/143/143 147/147/147 146/146/146
f 143/143/143 146/146/146 148/148/148
f 143/143/143 148/148/148 145/145/145
f 148/148/148 151/151/151 147/147/147
f 147/147/147 151/151/151 150/150/150
f 147/147/147 150/150/150 146/146/146
f 146/146/146 150/150/150 149/149/149
f 146/146/146 149/149/149 151/151/151
f 146/146/146 151/151/151 148/148/148
f 151/151/151 154/154/154 150/150/150
f 150/150/150 154/154/154 153/153/153
f 150/150/150 153/153/153 149/149/149
f 149/149/149 153/153/153 152/152/152
f 149/149/149 152/152/152 154/154/154
f 149/149/149 154/154/154 151/151/151
f 154/154/154 157/157/157 153/153/153
f 153/153/153 157/157/157 156/156/156
f 153/153/153 156/156/156 152/152/152
f 152/152/152 156/156/156 155/155/155
f 152/152/152 155/155/155 157/157/157
f 152/152/152 157/157/157 154/154/154
f 157/157/157 160/160/160 156/156/156
f 156/156/156 160/160/160 159/159/159
f 156/156/156 159/159/159 155/155/155
f 155/155/155 159/159/159 158/158/158
f 155/155/155 158/158/158 160/160/160
f 155/155/155 160/160/160 157/157/157
f 160/160/160 163/163/163 159/159/159
f 159/159/159 163/163/163 162/162/162
f 159/159/159 162/162/162 158/158/158
f 158/158/158 162/162/162 161/161/161
f 158/158/158 161/161/161 163/163/163
f 158/158/158 163/163/163 160/160/160
f 163/163/163 166/166/166 162/162/162
f 162/162/162 166/166/166 165/165/165
f 162/162/162 165/165/165 161/161/161
f 161/161/161 165/165/165 164/164/164
f 161/161/161 164/164/164 166/166/166
f 161/161/161 166/166/166 163/163/163
f 166/166/166 169/169/169 165/165/165
f 165/165/165 169/169/169 168/168/168
f 165/165/165 168/168/168 164/164/164
f 164/164/164 168/168/168 167/167/167
f 164/164/164 167/167/167 169/169/169
f 164/164/164 169/169/169 166/166/166
f 169/169/169 172/172/172 168/168/168
f 168/168/168 172/172/172 171/171/171
f 168/168/168 171/171/171 167/167/167
f 167/167/167 171/171/171 170/170/170
f 167/167/167 170/170/170 172/172/172
f 167/167/167 172/172/172 169/169/169
f 172/172/172 175/175/175 171/171/171
f 171/171/171 175/175/175 174/174/174
f 171/171/171 174/174/174 170/170/170
f 170/170/170 174/174/174 173/173/173
f 170/170/170 173/173/173 175/175/175
f 170/170/170 175/175/175 172/172/172
f 175/175/175 178/178/178 174/174/174
f 174/174/174 178/178/178 177/177/177
f 174/174/174 177/177/177 173/173/173
f 173/173/173 177/177/177 176/176/176
f 173/173/173 176/176/176 178/178/178
f 173/173/173 178/178/178 175/175/175
f 178/178/178 181/181/181 177/177/177
f 177/177/177 181/181/181 180/180/180
f 177/177/177 180/180/180 176/176/176
f 176/176/176 180/180/180 179/179/179
f 176/176/176 179/179/179 181/181/181
f 176/176/176 181/181/181 178/178/178
f 181/181/181 184/184/184 180/180/180
f 180/180/180 184/184/184 183/183/183
f 180/180/180 183/183/183 179/179/179
f 179/179/179 183/183/183 182/182/182
f 179/179/179 182/182/182 184/184/184
f 179/179/179 184/184/184 181/181/181
f 184/184/184 187/187/187 183/183/183
f 183/183/183 187/187/187 186/186/186
f 183/183/183 186/186/186 182/182/182
f 182/182/182 186/186/186 185/185/185
f 182/182/182 185/185/185 187/187/187
f 182/182/182 187/187/187 184/184/184
f 187/187/187 190/190/190 186/186/186
f 186/186/186 190/190/190 189/189/189
f 186/186/186 189/189/189 185/185/185
f 185/185/185 189/189/189 188/188/188
f 185/185/185 188/188/188 190/190/190
f 185/185/185 190/190/190 187/187/187
f 190/190/190 193/193/193 189/189/189
f 189/189/189 193/193/193 192/192/192
f 189/189/189 192/192/192 188/188/188
f 188/188/188 192/192/192 191/191/191
f 188/188/188 191/191/191 193/193/193
f 188/188/188 193/193/193 190/190/190
f 193/193/193 196/196/196 192/192/192
f 192/192/192 196/196/196 195/195/195
f 192/192/192 195/195/195 191/191/191
f 191/191/191 195/195/195 194/194/194
f 191/191/191 194/194/194 196/196/196
f 191/191/191 196/196/196 193/193/193
f 196/196/196 199/199/199 195/195/195
f 195/195/195 199/199/199 198/198/198
f 195/195/195 198/198/198 194/194/194
f 194/194/194 198/198/198 197/197/197
f 194/194/194 197/197/197 199/199/199
f 194/194/194 199/199/199 196/196/196
f 199/199/199 202/202/202 198/198/198
f 198/198/198 202/202/202 201/201/201
f 198/198/198 201/201/201 197/197/197
f 197/197/197 201/201/201 200/200/200
f 197/197/197 200/200/200 202/202/202
f 197/197/197 202/202/202 199/199/199
f 202/202/202 205/205/205 201/201/201
f 201/201/201 205/205/205 204/204/204
f 201/201/201 204/204/204 200/200/200
f 200/200/200 204/204/204 203/203/203
f 200/200/200 203/203/203 205/205/205
f 200/200/200 205/205/205 202/202/202
f 205/205/205 208/208/208 204/204/204
f 204/204/204 208/208/208 207/207/207
f 204/204/204 207/207/207 203/203/203
f 203/203/203 207/207/207 206/206/206
f 203/203/203 206/206/206 208/208/208
f 203/203/203 208/208/208 205/205/205
f 208/208/208 211/211/211 207/207/207
f 207/207/207 211/211/211 210/210/210
f 207/207/207 210/210/210 206/206/206
f 206/206/206 210/210/210 209/209/209
f 206/206/206 209/209/209 211/211/211
f 206/206/206 211/211/211 208/208/208
f 211/211/211 214/214/214 210/210/210
f 210/210/210 214/214/214 213/213/213
f 210/210/210 213/213/213 209/209/209
f 209/209/209 213/213/213 212/212/212
f 209/209/209 212/212/212 214/214/214
f 209/209/209 214/214/214 211/211/211
f 214/214/214 217/217/217 213/213/213
f 213/213/213 217/217/217 216/216/216
f 213/213/213 216/216/216 212/212/212
f 212/212/212 216/216/216 215/215/215
f 212/212/212 215/215/215 217/217/217
f 212/212/212 217/217/217 214/214/214
f 217/217/217 220/220/220 216/216/216
f 216/216/216 220/220/220 219/219/219
f 216/216/216 219/219/219 215/215/215
f 215/215/215 219/219/219 218/218/218
f 215/215/215 218/218/218 220/220/220
f 215/215/215 220/220/220 217/217/217
f 220/220/220 223/223/223 219/219/219
f 219/219/219 223/223/223 222/222/222
f 219/219/219 222/222/222 218/218/218
f 218/218/218 222/222/222 221/221/221
f 218/218/218 221/221/221 223/223/223
f 218/218/218 223/223/223 220/220/220
f 223/223/223 226/226/226 222/222/222
f 222/222/222 226/226/226 225/225/225
f 222/222/222 225/225/225 221/221/221
f 221/221/221 225/225/225 224/224/224
f 221/221/221 224/224/224 226/226/226
f 221/221/221 226/226/226 223/223/223
f 226/226/226 229/229/229 225/225/225
f 225/225/225 229/229/229 228/228/228
f 225/225/225 228/228/228 224/224/224
f 224/224/224 228/228/228 227/227/227
f 224/224/224 227/227/227 229/229/229
f 224/224/224 229/229/229 226/226/226
f 229/229/229 232/232/232 228/228/228
f 228/228/228 232/232/232 231/231/231
f 228/228/228 231/231/231 227/227/227
f 227/227/227 231/231/231 230/230/230
f 227/227/227 230/230/230 232/232/232
f 227/227/227 232/232/232 229/229/229
f 232/232/232 235/235/235 231/231/231
f 231/231/231 235/235/235 234/234/234
f 231/231/231 234/234/234 230/230/230
f 230/230/230 234/234/234 233/233/233
f 230/230/230 233/233/233 235/235/235
f 230/230/230 235/235/235 232/232/232
f 235/235/235 238/238/238 234/234/234
f 234/234/234 238/238/238 237/237/237
f 234/234/234 237/237/237 233/233/233
f 233/233/233 237/237/237 236/236/236
f 233/233/233 236/236/236 238/238/238
f 233/233/233 238/238/238 235/235/235
f 238/238/238 241/241/241 237/237/237
f 237/237/237 241/241/241 240/240/240
f 237/237/237 240/240/240 236/236/236
f 236/236/236 240/240/240 239/239/239
f 236/236/236 239/239/239 241/241/241
f 236/236/236 241/241/241 238/238/238
f 241/241/241 244/244/244 240/240/240
f 240/240/240 244/244/244 243/243/243
f 240/240/240 243/243/243 239/239/239
f 239/239/239 243/243/243 242/242/242
f 239/239/239 242/242/242 244/244/244
f 239/239/239 244/244/244 241/241/241
f 244/244/244 247/247/247 243/243/243
f 243/243/243 247/247/247 246/246/246
f 243/243/243 246/246/246 242/242/242
f 242/242/242 246/246/246 245/245/245
f 242/242/242 245/245/245 247/247/247
f 242/242/242 247/247/247 244/244/244
f 247/247/247 250/250/250 246/246/246
f 246/246/246 250/250/250 249/249/249
f 246/246/246 249/249/249 245/245/245
f 245/245/245 249/249/249 248/248/248
f 245/245/245 248/248/248 250/250/250
f 245/245/245 250/250/250 247/247/247
f 250/250/250 253/253/253 249/249/249
f 249/249/249 253/253/253 252/252/252
f 249/249/249 252/252/252 248/248/248
f 248/248/248 252/252/252 251/251/251
f 248/248/248 251/251/251 253/253/253
f 248/248/248 253/253/253 250/250/250
f 253/253/253 256/256/256 252/252/252
f 252/252/252 256/256/256 255/255/255
f 252/252/252 255/255/255 251/251/251
f 251/251/251 255/255/255 254/254/254
f 251/251/251 254/254/254 256/256/256
f 251/251/251 256/256/256 253/253/253
f 256/256/256 259/259/259 255/255/255
f 255/255/255 259/259/259 258/258/258
f 255/255/255 258/258/258 254/254/254
f 254/254/254 258/258/258 257/257/257
f 254/254/254 257/257/257 259/259/259
f 254/254/254 259/259/259 256/256/256
f 259/259/259 262/262/262 258/258/258
f 258/258/258 262/262/262 261/261/261
f 258/258/258 261/261/261 257/257/257
f 257/257/257 261/261/261 260/260/260
f 257/257/257 260/260/260 262/262/262
f 257/257/257 262/262/262 259/259/259
f 262/262/262 265/265/265 261/261/261
f 261/261/261 265/265/265 264/264/264
f 261/261/261 264/264/264 260/260/260
f 260/260/260 264/264/264 263/263/263
f 260/260/260 263/263/263 265/265/265
f 260/260/260 265/265/265 262/262/262
f 265/265/265 268/268/268 264/264/264
f 264/264/264 268/268/268 267/267/267
f 264/264/264 267/267/267 263/263/263
f 263/263/263 267/267/267 266/266/266
f 263/263/263 266/266/266 268/268/268
f 263/263/263 268/268/268 265/265/265
f 268/268/268 271/271/271 267/267/267
f 267/267/267 271/271/271 270/270/270
f 267/267/267 270/270/270 266/266/266
f 266/266/266 270/270/270 269/269/269
f 266/266/266 269/269/269 271/271/271
f 266/266/266 271/271/271 268/268/268
f 271/271/271 274/274/274 270/270/270
f 270/270/270 274/274/274 273/273/273
f 270/270/270 273/273/273 269/269/269
f 269/269/269 273/273/273 272/272/272
f 269/269/269 272/272/272 274/274/274
f 269/269/269 274/274/274 271/271/271
f 274/274/274 277/277/277 273/273/273
f 273/273/273 277/277/277 276/276/276
f 273/273/273 276/276/276 272/272/272
f 272/272/272 276/276/276 275/275/275
f 272/272/272 275/275/275 277/277/277
f 272/272/272 277/277/277 274/274/274
f 277/277/277 280/280/280 276/276/276
f 276/276/276 280/280/280 279/279/279
f 276/276/276 279/279/279 275/275/275
f 275/275/275 279/279/279 278/278/278
f 275/275/275 278/278/278 280/280/280
f 275/275/275 280/280/280 277/277/277
f 280/280/280 283/283/283 279/279/279
f 279/279/279 283/283/283 282/282/282
f 279/279/279 282/282/282 278/278/278
f 278/278/278 282/282/282 281/281/281
f 278/278/278 281/281/281 283/283/283
f 278/278/278 283/283/283 280/280/280
f 283/283/283 286/286/286 282/282/282
f 282/282/282 286/286/286 285/285/285
f 282/282/282 285/285/285 281/281/281
f 281/281/281 285/285/285 284/284/284
f 281/281/281 284/284/284 286/286/286
f 281/281/281 286/286/286 283/283/283
f 286/286/286 289/289/289 285/285/285
f 285/285/285 289/289/289 288/288/288
f 285/285/285 288/288/288 284/284/284
f 284/284/284 288/288/288 287/287/287
f 284/284/284 287/287/287 289/289/289
f 284/284/284 289/289/289 286/286/286
f 289/289/289 292/292/292 288/288/288
f 288/288/288 292/292/292 291/291/291
f 288/288/288 291/291/291 287/287/287
f 287/287/287 291/291/291 290/290/290
f 287/287/287 290/290/290 292/292/292
f 287/287/287 292/292/292 289/289/289
f 292/292/292 295/295/295 291/291/291
f 291/291/291 295/295/295 294/294/294
f 291/291/291 294/294/294 290/290/290
f 290/290/290 294/294/294 293/293/293
f 290/290/290 293/293/293 295/295/295
f 290/290/290 295/295/295 292/292/292
f 295/295/295 298/298/298 294/294/294
f 294/294/294 298/298/298 297/297/297
f 294/294/294 297/297/297 293/293/293
f 293/293/293 297/297/297 296/296/296
f 293/293/293 296/296/296 298/298/298
f 293/293/293 298/298/298 295/295/295
f 298/298/298 301/301/301 297/297/297
f 297/297/297 301/301/301 300/300/300
f 297/297/297 300/300/300 296/296/296
f 296/296/296 300/300/300 299/299/299
f 296/296/296 299/299/299 301/301/301
f 296/296/296 301/301/301 298/298/298
f 301/301/301 304/304/304 300/300/300
f 300/300/300 304/304/304 303/303/303
f 300/300/300 303/303/303 299/299/299
f 299/299/299 303/303/303 302/302/302
f 299/299/299 302/302/302 304/304/304
f 299/299/299 304/304/304 301/301/301
f 304/304/304 307/307/307 303/303/303
f 303/303/303 307/307/307 306/306/306
f 303/303/303 306/306/306 302/302/302
f 302/302/302 306/306/306 305/305/305
f 302/302/302 305/305/305 307/307/307
f 302/302/302 307/307/307 304/304/304
f 307/307/307 310/310/310 306/306/306
f 306/306/306 310/310/310 309/309/309
f 306/306/306 309/309/309 305/305/305
f 305/305/305 309/309/309 308/308/308
f 305/305/305 308/308/308 310/310/310
f 305/305/305 310/310/310 307/307/307
f 310/310/310 313/313/313 309/309/309
f 309/309/309 313/313/313 312/312/312
f 309/309/309 312/312/312 308/308/308
f 308/308/308 312/312/312 311/311/311
f 308/308/308 311/311/311 313/313/313
f 308/308/308 313/313/313 310/310/310
f 313/313/313 316/316/316 312/312/312
f 312/312/312 316/316/316 315/315/315
f 312/312/312 315/315/315 311/311/311
f 311/311/311 315/315/315 314/314/314
f 311/311/311 314/314/314 316/316/316
f 311/311/311 316/316/316 313/313/313
f 316/316/316 319/319/319 315/315/315
f 315/315/315 319/319/319 318/318/318
f 315/315/315 318/318/318 314/314/314
f 314/314/314 318/318/318 317/317/317
f 314/314/314 317/317/317 319/319/319
f 314/314/314 319/319/319 316/316/316
f 319/319/319 322/322/322 318/318/318
f 318/318/318 322/322/322 321/321/321
f 318/318/318 321/321/321 317/317/317
f 317/317/317 321/321/321 320/320/320
f 317/317/317 320/320/320 322/322/322
f 317/317/317 322/322/322 319/319/319
f 322/322/322 325/325/325 321/321/321
f 321/321/321 325/325/325 324/324/324
f 321/321/321 324/324/324 320/320/320
f 320/320/320 324/324/324 323/323/323
f 320/320/320 323/323/323 325/325/325
f 320/320/320 325/325/325 322/322/322
f 325/325/325 328/328/328 324/324/324
f 324/324/324 328/328/328 327/327/327
f 324/324/324 327/327/327 323/323/323
f 323/323/323 327/327/327 326/326/326
f 323/323/323 326/326/326 328/328/328
f 323/323/323 328/328/328 325/325/325
f 328/328/328 331/331/331 327/327/327
f 327/327/327 331/331/331 330/330/330
f 327/327/327 330/330/330 326/326/326
f 326/326/326 330/330/330 329/329/329
f 326/326/326 329/329/329 331/331/331
f 326/326/326 331/331/331 328/328/328
f 331/331/331 334/334/334 330/330/330
f 330/330/330 334/334/334 333/333/333
f 330/330/330 333/333/333 329/329/329
f 329/329/329 333/333/333 332/332/332
f 329/329/329 332/332/332 334/334/334
f 329/329/329 334/334/334 331/331/331
f 334/334/334 337/337/337 333/333/333
f 333/333/333 337/337/337 336/336/336
f 333/333/333 336/336/336 332/332/332
f 332/332/332 336/336/336 335/335/335
f 332/332/332 335/335/335 337/337/337
f 332/332/332 337/337/337 334/334/334
f 337/337/337 340/340/340 336/336/336
f 336/336/336 340/340/340 339/339/339
f 336/336/336 339/339/339 335/335/335
f 335/335/335 339/339/339 338/338/338
f 335/335/335 338/338/338 340/340/340
f 335/335/335 340/340/340 337/337/337
f 340/340/340 343/343/343 339/339/339
f 339/339/339 343/343/343 342/342/342
f 339/339/339 342/342/342 338/338/338
f 338/338/338 342/342/342 341/341/341
f 338/338/338 341/341/341 343/343/343
f 338/338/338 343/343/343 340/340/340
f 343/343/343 346/346/346 342/342/342
f 342/342/342 346/346/346 345/345/345
f 342/342/342 345/345/345 341/341/341
f 341/341/341 345/345/345 344/344/344
f 341/341/341 344/344/344 346/346/346
f 341/341/341 346/346/346 343/343/343
f 346/346/346 349/349/349 345/345/345
f 345/345/345 349/349/349 348/348/348
f 345/345/345 348/348/348 344/344/344
f 344/344/344 348/348/348 347/347/347
f 344/344/344 347/347/347 349/349/349
f 344/344/344 349/349/349 346/346/346
f 352/352/352 355/355/355 351/351/351
f 351/351/351 355/355/355 354/354/354
f 351/351/351 354/354/354 350/350/350
f 350/350/350 354/354/354 353/353/353
f 350/350/350 353/353/353 355/355/355
f 350/350/350 355/355/355 352/352/352
f 355/355/355 358/358/358 354/354/354
f 354/354/354 358/358/358 357/357/357
f 354/354/354 357/357/357 353/353/353
f 353/353/353 357/357/357 356/356/356
f 353/353/353 356/356/356 358/358/358
f 353/353/353 358/358/358 355/355/355
f 358/358/358 361/361/361 357/357/357
f 357/357/357 361/361/361 360/360/360
f 357/357/357 360/360/360 356/356/356
f 356/356/356 360/360/360 359/359/359
f 356/356/356 359/359/359 361/361/361
f 356/356/356 361/361/361 358/358/358
f 361/361/361 364/364/364 360/360/360
f 360/360/360 364/364/364 363/363/363
f 360/360/360 363/363/363 359/359/359
f 359/359/359 363/363/363 362/362/362
f 359/359/359 362/362/362 364/364/364
f 359/359/359 364/364/364 361/361/361
f 364/364/364 367/367/367 363/363/363
f 363/363/363 367/367/367 366/366/366
f 363/363/363 366/366/366 362/362/362
f 362/362/362 366/366/366 365/365/365
f 362/362/362 365/365/365 367/367/367
f 362/362/362 367/367/367 364/364/364
f 367/367/367 370/370/370 366/366/366
f 366/366/366 370/370/370 369/369/369
f 366/366/366 369/369/369 365/365/365
f 365/365/365 369/369/369 368/368/368
f 365/365/365 368/368/368 370/370/370
f 365/365/365 370/370/370 367/367/367
f 370/370/370 373/373/373 369/369/369
f 369/369/369 373/373/373 372/372/372
f 369/369/369 372/372/372 368/368/368
f 368/368/368 372/372/372 371/371/371
f 368/368/368 371/371/371 373/373/373
f 368/368/368 373/373/373 370/370/370
f 373/373/373 376/376/376 372/372/372
f 372/372/372 376/376/376 375/375/375
f 372/372/372 375/375/375 371/371/371
f 371/371/371 375/375/375 374/374/374
f 371/371/371 374/374/374 376/376/376
f 371/371/371 376/376/376 373/373/373
f 376/376/376 379/379/379 375/375/375
f 375/375/375 379/379/379 378/378/378
f 375/375/375 378/378/378 374/374/374
f 374/374/374 378/378/378 377/377/377
f 374/374/374 377/377/377 379/379/379
f 374/374/374 379/379/379 376/376/376
f 379/379/379 382/382/382 378/378/378
f 378/378/378 382/382/382 381/381/381
f 378/378/378 381/381/381 377/377/377
f 377/377/377 381/381/381 380/380/380
f 377/377/377 380/380/380 382/382/382
f 377/377/377 382/382/382 379/379/379
f 382/382/382 385/385/385 381/381/381
f 381/381/381 385/385/385 384/384/384
f 381/381/381 384/384/384 380/380/380
f 380/380/380 384/384/384 383/383/383
f 380/380/380 383/383/383 385/385/385
f 380/380/380 385/385/385 382/382/382
f 385/385/385 388/388/388 384/384/384
f 384/384/384 388/388/388 387/387/387
f 384/384/384 387/387/387 383/383/383
f 383/383/383 387/387/387 386/386/386
f 383/383/383 386/386/386 388/388/388
f 383/383/383 388/388/388 385/385/385
f 388/388/388 391/391/391 387/387/387
f 387/387/387 391/391/391 390/390/390
f 387/387/387 390/390/390 386/386/386
f 386/386/386 390/390/390 389/389/389
f 386/386/386 389/389/389 391/391/391
f 386/386/386 391/391/391 388/388/388
f 391/391/391 394/394/394 390/390/390
f 390/390/390 394/394/394 393/393/393
f 390/390/390 393/393/393 389/389/389
f 389/389/389 393/393/393 392/392/392
f 389/389/389 392/392/392 394/394/394
f 389/389/389 394/394/394 391/391/391
f 394/394/394 397/397/397 393/393/393
f 393/393/393 397/397/397 396/396/396
f 393/393/393 396/396/396 392/392/392
f 392/392/392 396/396/396 395/395/395
f 392/392/392 395/395/395 397/397/397
f 392/392/392 397/397/397 394/394/394
f 397/397/397 400/400/400 396/396/396
f 396/396/396 400/400/400 399/399/399
f 396/396/396 399/399/399 395/395/395
f 395/395/395 399/399/399 398/398/398
f 395/395/395 398/398/398 400/400/400
f 395/395/395 400/400/400 397/397/397
f 400/400/400 403/403/403 399/399/399
f 399/399/399 403/403/403 402/402/402
f 399/399/399 402/402/402 398/398/398
f 398/398/398 402/402/402 401/401/401
f 398/398/398 401/401/401 403/403/403
f 398/398/398 403/403/403 400/400/400
f 403/403/403 406/406/406 402/402/402
f 402/402/402 406/406/406 405/405/405
f 402/402/402 405/405/405 401/401/401
f 401/401/401 405/405/405 404/404/404
f 401/401/401 404/404/404 406/406/406
f 401/401/401 406/406/406 403/403/403
f 406/406/406 409/409/409 405/405/405
f 405/405/405 409/409/409 408/408/408
f 405/405/405 408/408/408 404/404/404
f 404/404/404 408/408/408 407/407/407
f 404/404/404 407/407/407 409/409/409
f 404/404/404 409/409/409 406/406/406
f 409/409/409 412/412/412 408/408/408
f 408/408/408 412/412/412 411/411/411
f 408/408/408 411/411/411 407/407/407
f 407/407/407 411/411/411 410/410/410
f 407/407/407 410/410/410 412/412/412
f 407/407/407 412/412/412 409/409/409
f 412/412/412 415/415/415 411/411/411
f 411/411/411 415/415/415 414/414/414
f 411/411/411 414/414/414 410/410/410
f 410/410/410 414/414/414 413/413/413
f 410/410/410 413/413/413 415/415/415
f 410/410/410 415/415/415 412/412/412
f 415/415/415 418/418/418 414/414/414
f 414/414/414 418/418/418 417/417/417
f 414/414/414 417/417/417 413/413/413
f 413/413/413 417/417/417 416/416/416
f 413/413/413 416/416/416 418/418/418
f 413/413/413 418/418/418 415/415/415
f 418/418/418 421/421/421 417/417/417
f 417/417/417 421/421/421 420/420/420
f 417/417/417 420/420/420 416/416/416
f 416/416/416 420/420/420 419/419/419
f 416/416/416 419/419/419 421/421/421
f 416/416/416 421/421/421 418/418/418
f 421/421/421 424/424/424 420/420/420
f 420/420/420 424/424/424 423/423/423
f 420/420/420 423/423/423 419/419/419
f 419/419/419 423/423/423 422/422/422
f 419/419/419 422/422/422 424/424/424
f 419/419/419 424/424/424 421/421/421
f 424/424/424 427/427/427 423/423/423
f 423/423/423 427/427/427 426/426/426
f 423/423/423 426/426/426 422/422/422
f 422/422/422 426/426/426 425/425/425
f 422/422/422 425/425/425 427/427/427
f 422/422/422 427/427/427 424/424/424
f 427/427/427 430/430/430 426/426/426
f 426/426/426 430/430/430 429/429/429
f 426/426/426 429/429/429 425/425/425
f 425/425/425 429/429/429 428/428/428
f 425/425/425 428/428/428 430/430/430
f 425/425/425 430/430/430 427/427/427
f 430/430/430 433/433/433 429/429/429
f 429/429/429 433/433/433 432/432/432
f 429/429/429 432/432/432 428/428/428
f 428/428/428 432/432/432 431/431/431
f 428/428/428 431/431/431 433/433/433
f 428/428/428 433/433/433 430/430/430
f 433/433/433 436/436/436 432/432/432
f 432/432/432 436/436/436 435/435/435
f 432/432/432 435/435/435 431/431/431
f 431/431/431 435/435/435 434/434/434
f 431/431/431 434/434/434 436/436/436
f 431/431/431 436/436/436 433/433/433
f 436/436/436 439/439/439 435/435/435
f 435/435/435 439/439/439 438/438/438
f 435/435/435 438/438/438 434/434/434
f 434/434/434 438/438/438 437/437/437
f 434/434/434 437/437/437 439/439/439
f 434/434/434 439/439/439 436/436/436
f 439/439/439 442/442/442 438/438/438
f 438/438/438 442/442/442 441/441/441
f 438/438/438 441/441/441 437/437/437
f 437/437/437 441/441/441 440/440/440
f 437/437/437 440/440/440 442/442/442
f 437/437/437 442/442/442 439/439/439
f 442/442/442 445/445/445 441/441/441
f 441/441/441 445/445/445 444/444/444
f 441/441/441 444/444/444 440/440/440
f 440/440/440 444/444/444 443/443/443
f 440/440/440 443/443/443 445/445/445
f 440/440/440 445/445/445 442/442/442
f 445/445/445 448/448/448 444/444/444
f 444/444/444 448/448/448 447/447/447
f 444/444/444 447/447/447 443/443/443
f 443/443/443 447/447/447 446/446/446
f 443/443/443 446/446/446 448/448/448
f 443/443/443 448/448/448 445/445/445
f 448/448/448 451/451/451 447/447/447
f 447/447/447 451/451/451 450/450/450
f 447/447/447 450/450/450 446/446/446
f 446/446/446 450/450/450 449/449/449
f 446/446/446 449/449/449 451/451/451
f 446/446/446 451/451/451 448/448/448
f 451/451/451 454/454/454 450/450/450
f 450/450/450 454/454/454 453/453/453
f 450/450/450 453/453/453 449/449/449
f 449/449/449 453/453/453 452/452/452
f 449/449/449 452/452/452 454/454/454
f 449/449/449 454/454/454 451/451/451
f 454/454/454 457/457/457 453/453/453
f 453/453/453 457/457/457 456/456/456
f 453/453/453 456/456/456 452/452/452
f 452/452/452 456/456/456 455/455/455
f 452/452/452 455/455/455 457/457/457
f 452/452/452 457/457/457 454/454/454
f 457/457/457 460/460/460 456/456/456
f 456/456/456 460/460/460 459/459/459
f 456/456/456 459/459/459 455/455/455
f 455/455/455 459/459/459 458/458/458
f 455/455/455 458/458/458 460/460/460
f 455/455/455 460/460/460 457/457/457
f 460/460/460 463/463/463 459/459/459
f 459/459/459 463/463/463 462/462/462
f 459/459/459 462/462/462 458/458/458
f 458/458/458 462/462/462 461/461/461
f 458/458/458 461/461/461 463/463/463
f 458/458/458 463/463/463 460/460/460
f 463/463/463 466/466/466 462/462/462
f 462/462/462 466/466/466 465/465/465
f 462/462/462 465/465/465 461/461/461
f 461/461/461 465/465/465 464/464/464
f 461/461/461 464/464/464 466/466/466
f 461/461/461 466/466/466 463/463/463
f 466/466/466 469/469/469 465/465/465
f 465/465/465 469/469/469 468/468/468
f 465/465/465 468/468/468 464/464/464
f 464/464/464 468/468/468 467/467/467
f 464/464/464 467/467/467 469/469/469
f 464/464/464 469/469/469 466/466/466
f 469/469/469 472/472/472 468/468/468
f 468/468/468 472/472/472 471/471/471
f 468/468/468 471/471/471 467/467/467
f 467/467/467 471/471/471 470/470/470
f 467/467/467 470/470/470 472/472/472
f 467/467/467 472/472/472 469/469/469
f 472/472/472 475/475/475 471/471/471
f 471/471/471 475/475/475 474/474/474
f 471/471/471 474/474/474 470/470/470
f 470/470/470 474/474/474 473/473/473
f 470/470/470 473/473/473 475/475/475
f 470/470/470 475/475/475 472/472/472
f 475/475/475 478/478/478 474/474/474
f 474/474/474 478/478/478 477/477/477
f 474/474/474 477/477/477 473/473/473
f 473/473/473 477/477/477 476/476/476
f 473/473/473 476/476/476 478/478/478
f 473/473/473 478/478/478 475/475/475
f 478/478/478 481/481/481 477/477/477
f 477/477/477 481/481/481 480/480/480
f 477/477/477 480/480/480 476/476/476
f 476/476/476 480/480/480 479/479/479
f 476/476/476 479/479/479 481/481/481
f 476/476/476 481/481/481 478/478/478
f 481/481/481 484/484/484 480/480/480
f 480/480/480 484/484/484 483/483/483
f 480/480/480 483/483/483 479/479/479
f 479/479/479 483/483/483 482/482/482
f 479/479/479 482/482/482 484/484/484
f 479/479/479 484/484/484 481/481/481
f 484/484/484 487/487/487 483/483/483
f 483/483/483 487/487/487 486/486/486
f 483/483/483 486/486/486 482/482/482
f 482/482/482 486/486/486 485/485/485
f 482/482/482 485/485/485 487/487/487
f 482/482/482 487/487/487 484/484/484
f 487/487/487 490/490/490 486/486/486
f 486/486/486 490/490/490 489/489/489
f 486/486/486 489/489/489 485/485/485
f 485/485/485 489/489/489 488/488/488
f 485/485/485 488/488/488 490/490/490
f 485/485/485 490/490/490 487/487/487
f 490/490/490 493/493/493 489/489/489
f 489/489/489 493/493/493 492/492/492
f 489/489/489 492/492/492 488/488/488
f 488/488/488 492/492/492 491/491/491
f 488/488/488 491/491/491 493/493/493
f 488/488/488 493/493/493 490/490/490
f 493/493/493 496/496/496 492/492/492
f 492/492/492 496/496/496 495/495/495
f 492/492/492 495/495/495 491/491/491
f 491/491/491 495/495/495 494/494/494
f 491/491/491 494/494/494 496/496/496
f 491/491/491 496/496/496 493/493/493
f 496/496/496 499/499/499 495/495/495
f 495/495/495 499/499/499 498/498/498
f 495/495/495 498/498/498 494/494/494
f 494/494/494 498/498/498 497/497/497
f 494/494/494 497/497/497 499/499/499
f 494/494/494 499/499/499 496/496/496
f 499/499/499 502/502/502 498/498/498
f 498/498/498 502/502/502 501/501/501
f 498/498/498 501/501/501 497/497/497
f 497/497/497 501/501/501 500/500/500
f 497/497/497 500/500/500 502/502/502
f 497/497/497 502/502/502 499/499/499
f 502/502/502 505/505/505 501/501/501
f 501/501/501 505/505/505 504/504/504
f 501/501/501 504/504/504 500/500/500
f 500/500/500 504/504/504 503/503/503
f 500/500/500 503/503/503 505/505/505
f 500/500/500 505/505/505 502/502/502
f 505/505/505 508/508/508 504/504/504
f 504/504/504 508/508/508 507/507/507
f 504/504/504 507/507/507 503/503/503
f 503/503/503 507/507/507 506/506/506
f 503/503/503 506/506/506 508/508/508
f 503/503/503 508/508/508 505/505/505
f 508/508/508 511/511/511 507/507/507
f 507/507/507 511/511/511 510/510/510
f 507/507/507 510/510/510 506/506/506
f 506/506/506 510/510/510 509/509/509
f 506/506/506 509/509/509 511/511/511
f 506/506/506 511/511/511 508/508/508
f 511/511/511 514/514/514 510/510/510
f 510/510/510 514/514/514 513/513/513
f 510/510/510 513/513/513 509/509/509
f 509/509/509 513/513/513 512/512/512
f 509/509/509 512/512/512 514/514/514
f 509/509/509 514/514/514 511/511/511
f 514/514/514 517/517/517 513/513/513
f 513/513/513 517/517/517 516/516/516
f 513/513/513 516/516/516 512/512/512
f 512/512/512 516/516/516 515/515/515
f 512/512/512 515/515/515 517/517/517
f 512/512/512 517/517/517 514/514/514
f 517/517/517 520/520/520 516/516/516
f 516/516/516 520/520/520 519/519/519
f 516/516/516 519/519/519 515/515/515
f 515/515/515 519/519/519 518/518/518
f 515/515/515 518/518/518 520/520/520
f 515/515/515 520/520/520 517/517/517
f 520/520/520 523/523/523 519/519/519
f 519/519/519 523/523/523 522/522/522
f 519/519/519 522/522/522 518/518/518
f 518/518/518 522/522/522 521/521/521
f 518/518/518 521/521/521 523/523/523
f 518/518/518 523/523/523 520/520/520
f 523/523/523 526/526/526 522/522/522
f 522/522/522 526/526/526 525/525/525
f 522/522/522 525/525/525 521/521/521
f 521/521/521 525/525/525 524/524/524
f 521/521/521 524/524/524 526/526/526
f 521/521/521 526/526/526 523/523/523
f 529/529/529 532/532/532 528/528/528
f 528/528/528 532/532/532 531/531/531
f 528/528/528 531/531/531 527/527/527
f 527/527/527 531/531/531 530/530/530
f 527/527/527 530/530/530 532/532/532
f 527/527/527 532/532/532 529/529/529
f 532/532/532 535/535/535 531/531/531
f 531/531/531 535/535/535 534/534/534
f 531/531/531 534/534/534 530/530/530
f 530/530/530 534/534/534 533/533/533
f 530/530/530 533/533/533 535/535/535
f 530/530/530 535/535/535 532/532/532
f 535/535/535 538/538/538 534/534/534
f 534/534/534 538/538/538 537/537/537
f 534/534/534 537/537/537 533/533/533
f 533/533/533 537/537/537 536/536/536
f 533/533/533 536/536/536 538/538/538
f 533/533/533 538/538/538 535/535/535
f 538/538/538 541/541/541 537/537/537
f 537/537/537 541/541/541 540/540/540
f 537/537/537 540/540/540 536/536/536
f 536/536/536 540/540/540 539/539/539
f 536/536/536 539/539/539 541/541/541
f 536/536/536 541/541/541 538/538/538
f 541/541/541 544/544/544 540/540/540
f 540/540/540 544/544/544 543/543/543
f 540/540/540 543/543/543 539/539/539
f 539/539/539 543/543/543 542/542/542
f 539/539/539 542/542/542 544/544/544
f 539/539/539 544/544/544 541/541/541
f 544/544/544 547/547/547 543/543/543
f 543/543/543 547/547/547 546/546/546
f 543/543/543 546/546/546 542/542/542
f 542/542/542 546/546/546 545/545/545
f 542/542/542 545/545/545 547/547/547
f 542/542/542 547/547/547 544/544/544
f 547/547/547 550/550/550 546/546/546
f 546/546/546 550/550/550 549/549/549
f 546/546/546 549/549/549 545/545/545
f 545/545/545 549/549/549 548/548/548
f 545/545/545 548/548/548 550/550/550
f 545/545/545 550/550/550 547/547/547
f 550/550/550 553/553/553 549/549/549
f 549/549/549 553/553/553 552/552/552
f 549/549/549 552/552/552 548/548/548
f 548/548/548 552/552/552 551/551/551
f 548/548/548 551/551/551 553/553/553
f 548/548/548 553/553/553 550/550/550
f 553/553/553 556/556/556 552/552/552
f 552/552/552 556/556/556 555/555/555
f 552/552/552 555/555/555 551/551/551
f 551/551/551 555/555/555 554/554/554
f 551/551/551 554/554/554 556/556/556
f 551/551/551 556/556/556 553/553/553
f 556/556/556 559/559/559 555/555/555
f 555/555/555 559/559/559 558/558/558
f 555/555/555 558/558/558 554/554/554
f 554/554/554 558/558/558 557/557/557
f 554/554/554 557/557/557 559/559/559
f 554/554/554 559/559/559 556/556/556
f 559/559/559 562/562/562 558/558/558
f 558/558/558 562/562/562 561/561/561
f 558/558/558 561/561/561 557/557/557
f 557/557/557 561/561/561 560/560/560
f 557/557/557 560/560/560 562/562/562
f 557/557/557 562/562/562 559/559/559
f 562/562/562 565/565/565 561/561/561
f 561/561/561 565/565/565 564/564/564
f 561/561/561 564/564/564 560/560/560
f 560/560/560 564/564/564 563/563/563
f 560/560/560 563/563/563 565/565/565
f 560/560/560 565/565/565 562/562/562
f 565/565/565 568/568/568 564/564/564
f 564/564/564 568/568/568 567/567/567
f 564/564/564 567/567/567 563/563/563
f 563/563/563 567/567/567 566/566/566
f 563/563/563 566/566/566 568/568/568
f 563/563/563 568/568/568 565/565/565
f 568/568/568 571/571/571 567/567/567
f 567/567/567 571/571/571 570/570/570
f 567/567/567 570/570/570 566/566/566
f 566/566/566 570/570/570 569/569/569
f 566/566/566 569/569/569 571/571/571
f 566/566/566 571/571/571 568/568/568
f 571/571/571 574/574/574 570/570/570
f 570/570/570 574/574/574 573/573/573
f 570/570/570 573/573/573 569/569/569
f 569/569/569 573/573/573 572/572/572
f 569/569/569 572/572/572 574/574/574
f 569/569/569 574/574/574 571/571/571
f 574/574/574 577/577/577 573/573/573
f 573/573/573 577/577/577 576/576/576
f 573/573/573 576/576/576 572/572/572
f 572/572/572 576/576/576 575/575/575
f 572/572/572 575/575/575 577/577/577
f 572/572/572 577/577/577 574/574/574
f 577/577/577 580/580/580 576/576/576
f 576/576/576 580/580/580 579/579/579
f 576/576/576 579/579/579 575/575/575
f 575/575/575 579/579/579 578/578/578
f 575/575/575 578/578/578 580/580/580
f 575/575/575 580/580/580 577/577/577
f 580/580/580 583/583/583 579/579/579
f 579/579/579 583/583/583 582/582/582
f 579/579/579 582/582/582 578/578/578
f 578/578/578 582/582/582 581/581/581
f 578/578/578 581/581/581 583/583/583
f 578/578/578 583/583/583 580/580/580
f 583/583/583 586/586/586 582/582/582
f 582/582/582 586/586/586 585/585/585
f 582/582/582 585/585/585 581/581/581
f 581/581/581 585/585/585 584/584/584
f 581/581/581 584/584/584 586/586/586
f 581/581/581 586/586/586 583/583/583
f 586/586/586 589/589/589 585/585/585
f 585/585/585 589/589/589 588/588/588
f 585/585/585 588/588/588 584/584/584
f 584/584/584 588/588/588 587/587/587
f 584/584/584 587/587/587 589/589/589
f 584/584/584 589/589/589 586/586/586
f 589/589/589 592/592/592 588/588/588
f 588/588/588 592/592/592 591/591/591
f 588/588/588 591/591/591 587/587/587
f 587/587/587 591/591/591 590/590/590
f 587/587/587 590/590/590 592/592/592
f 587/587/587 592/592/592 589/589/589
f 592/592/592 595/595/595 591/591/591
f 591/591/591 595/595/595 594/594/594
f 591/591/591 594/594/594 590/590/590
f 590/590/590 594/594/594 593/593/593
f 590/590/590 593/593/593 595/595/595
f 590/590/590 595/595/595 592/592/592
f 595/595/595 598/598/598 594/594/594
f 594/594/594 598/598/598 597/597/597
f 594/594/594 597/597/597 593/593/593
f 593/593/593 597/597/597 596/596/596
f 593/593/593 596/596/596 598/598/598
f 593/593/593 598/598/598 595/595/595
f 598/598/598 601/601/601 597/597/597
f 597/597/597 601/601/601 600/600/600
f 597/597/597 600/600/600 596/596/596
f 596/596/596 600/600/600 599/599/599
f 596/596/596 599/599/599 601/601/601
f 596/596/596 601/601/601 598/598/598
f 601/601/601 604/604/604 600/600/600
f 600/600/600 604/604/604 603/603/603
f 600/600/600 603/603/603 599/599/599
f 599/599/599 603/603/603 602/602/602
f 599/599/599 602/602/602 604/604/604
f 599/599/599 604/604/604 601/601/601
f 604/604/604 607/607/607 603/603/603
f 603/603/603 607/607/607 606/606/606
f 603/603/603 606/606/606 602/602/602
f 602/602/602 606/606/606 605/605/605
f 602/602/602 605/605/605 607/607/607
f 602/602/602 607/607/607 604/604/604
f 607/607/607 610/610/610 606/606/606
f 606/606/606 610/610/610 609/609/609
f 606/606/606 609/609/609 605/605/605
f 605/605/605 609/609/609 608/608/608
f 605/605/605 608/608/608 610/610/610
f 605/605/605 610/610/610 607/607/607
f 610/610/610 613/613/613 609/609/609
f 609/609/609 613/613/613 612/612/612
f 609/609/609 612/612/612 608/608/608
f 608/608/608 612/612/612 611/611/611
f 608/608/608 611/611/611 613/613/613
f 608/608/608 613/613/613 610/610/610
f 613/613/613 616/616/616 612/612/612
f 612/612/612 616/616/616 615/615/615
f 612/612/612 615/615/615 611/611/611
f 611/611/611 615/615/615 614/614/614
f 611/611/611 614/614/614 616/616/616
f 611/611/611 616/616/616 613/613/613
f 616/616/616 619/619/619 615/615/615
f 615/615/615 619/619/619 618/618/618
f 615/615/615 618/618/618 614/614/614
f 614/614/614 618/618/618 617/617/617
f 614/614/614 617/617/617 619/619/619
f 614/614/614 619/619/619 616/616/616
f 619/619/619 622/622/622 618/618/618
f 618/618/618 622/622/622 621/621/621
f 618/618/618 621/621/621 617/617/617
f 617/617/617 621/621/621 620/620/620
f 617/617/617 620/620/620 622/622/622
f 617/617/617 622/622/622 619/619/619
f 622/622/622 625/625/625 621/621/621
f 621/621/621 625/625/625 624/624/624
f 621/621/621 624/624/624 620/620/620
f 620/620/620 624/624/624 623/623/623
f 620/620/620 623/623/623 625/625/625
f 620/620/620 625/625/625 622/622/622
f 625/625/625 628/628/628 624/624/624
f 624/624/624 628/628/628 627/627/627
f 624/624/624 627/627/627 623/623/623
f 623/623/623 627/627/627 626/626/626
f 623/623/623 626/626/626 628/628/628
f 623/623/623 628/628/628 625/625/625
f 628/628/628 631/631/631 627/627/627
f 627/627/627 631/631/631 630/630/630
f 627/627/627 630/630/630 626/626/626
f 626/626/626 630/630/630 629/629/629
f 626/626/626 629/629/629 631/631/631
f 626/626/626 631/631/631 628/628/628
f 631/631/631 634/634/634 630/630/630
f 630/630/630 634/634/634 633/633/633
f 630/630/630 633/633/633 629/629/629
f 629/629/629 633/633/633 632/632/632
f 629/629/629 632/632/632 634/634/634
f 629/629/629 634/634/634 631/631/631
f 634/634/634 637/637/637 633/633/633
f 633/633/633 637/637/637 636/636/636
f 633/633/633 636/636/636 632/632/632
f 632/632/632 636/636/636 635/635/635
f 632/632/632 635/635/635 637/637/637
f 632/632/632 637/637/637 634/634/634
f 637/637/637 640/640/640 636/636/636
f 636/636/636 640/640/640 639/639/639
f 636/636/636 639/639/639 635/635/635
f 635/635/635 639/639/639 638/638/638
f 635/635/635 638/638/638 640/640/640
f 635/635/635 640/640/640 637/637/637
f 640/640/640 643/643/643 639/639/639
f 639/639/639 643/643/643 642/642/642
f 639/639/639 642/642/642 638/638/638
f 638/638/638 642/642/642 641/641/641
f 638/638/638 641/641/641 643/643/643
f 638/638/638 643/643/643 640/640/640
f 643/643/643 646/646/646 642/642/642
f 642/642/642 646/646/646 645/645/645
f 642/642/642 645/645/645 641/641/641
f 641/641/641 645/645/645 644/644/644
f 641/641/641 644/644/644 646/646/646
f 641/641/641 646/646/646 643/643/643
f 646/646/646 649/649/649 645/645/645
f 645/645/645 649/649/649 648/648/648
f 645/645/645 648/648/648 644/644/644
f 644/644/644 648/648/648 647/647/647
f 644/644/644 647/647/647 649/649/649
f 644/644/644 649/649/649 646/646/646
f 649/649/649 652/652/652 648/648/648
f 648/648/648 652/652/652 651/651/651
f 648/648/648 651/651/651 647/647/647
f 647/647/647 651/651/651 650/650/650
f 647/647/647 650/650/650 652/652/652
f 647/647/647 652/652/652 649/649/649
f 652/652/652 655/655/655 651/651/651
f 651/651/651 655/655/655 654/654/654
f 651/651/651 654/654/654 650/650/650
f 650/650/650 654/654/654 653/653/653
f 650/650/650 653/653/653 655/655/655
f 650/650/650 655/655/655 652/652/652
f 655/655/655 658/658/658 654/654/654
f 654/654/654 658/658/658 657/657/657
f 654/654/654 657/657/657 653/653/653
f 653/653/653 657/657/657 656/656/656
f 653/653/653 656/656/656 658/658/658
f 653/653/653 658/658/658 655/655/655
f 658/658/658 661/661/661 657/657/657
f 657/657/657 661/661/661 660/660/660
f 657/657/657 660/660/660 656/656/656
f 656/656/656 660/660/660 659/659/659
f 656/656/656 659/659/659 661/661/661
f 656/656/656 661/661/661 658/658/658
f 661/661/661 664/664/664 660/660/660
f 660/660/660 664/664/664 663/663/663
f 660/660/660 663/663/663 659/659/659
f 659/659/659 663/663/663 662/662/662
f 659/659/659 662/662/662 664/664/664
f 659/659/659 664/664/664 661/661/661
f 664/664/664 667/667/667 663/663/663
f 663/663/663 667/667/667 666/666/666
f 663/663/663 666/666/666 662/662/662
f 662/662/662 666/666/666 665/665/665
f 662/662/662 665/665/665 667/667/667
f 662/662/662 667/667/667 664/664/664
f 667/667/667 670/670/670 666/666/666
f 666/666/666 670/670/670 669/669/669
f 666/666/666 669/669/669 665/665/665
f 665/665/665 669/669/669 668/668/668
f 665/665/665 668/668/668 670/670/670
f 665/665/665 670/670/670 667/667/667
f 670/670/670 673/673/673 669/669/669
f 669/669/669 673/673/673 672/672/672
f 669/669/669 672/672/672 668/668/668
f 668/668/668 672/672/672 671/671/671
f 668/668/668 671/671/671 673/673/673
f 668/668/668 673/673/673 670/670/670
f 673/673/673 676/676/676 672/672/672
f 672/672/672 676/676/676 675/675/675
f 672/672/672 675/675/675 671/671/671
f 671/671/671 675/675/675 674/674/674
f 671/671/671 674/674/674 676/676/676
f 671/671/671 676/676/676 673/673/673
f 676/676/676 679/679/679 675/675/675
f 675/675/675 679/679/679 678/678/678
f 675/675/675 678/678/678 674/674/674
f 674/674/674 678/678/678 677/677/677
f 674/674/674 677/677/677 679/679/679
f 674/674/674 679/679/679 676/676/676
f 679/679/679 682/682/682 678/678/678
f 678/678/678 682/682/682 681/681/681
f 678/678/678 681/681/681 677/677/677
f 677/677/677 681/681/681 680/680/680
f 677/677/677 680/680/680 682/682/682
f 677/677/677 682/682/682 679/679/679
f 682/682/682 685/685/685 681/681/681
f 681/681/681 685/685/685 684/684/684
f 681/681/681 684/684/684 680/680/680
f 680/680/680 684/684/684 683/683/683
f 680/680/680 683/683/683 685/685/685
f 680/680/680 685/685/685 682/682/682
f 685/685/685 688/688/688 684/684/684
f 684/684/684 688/688/688 687/687/687
f 684/684/684 687/687/687 683/683/683
f 683/683/683 687/687/687 686/686/686
f 683/683/683 686/686/686 688/688/688
f 683/683/683 688/688/688 685/685/685
f 691/691/691 694/694/694 690/690/690
f 690/690/690 694/694/694 693/693/693
f 690/690/690 693/693/693 689/689/689
f 689/689/689 693/693/693 692/692/692
f 689/689/689 692/692/692 694/694/694
f 689/689/689 694/694/694 691/691/691
f 694/694/694 697/697/697 693/693/693
f 693/693/693 697/697/697 696/696/696
f 693/693/693 696/696/696 692/692/692
f 692/692/692 696/696/696 695/695/695
f 692/692/692 695/695/695 697/697/697
f 692/692/692 697/697/697 694/694/694
f 697/697/697 700/700/700 696/696/696
f 696/696/696 700/700/700 699/699/699
f 696/696/696 699/699/699 695/695/695
f 695/695/695 699/699/699 698/698/698
f 695/695/695 698/698/698 700/700/700
f 695/695/695 700/700/700 697/697/697
f 700/700/700 703/703/703 699/699/699
f 699/699/699 703/703/703 702/702/702
f 699/699/699 702/702/702 698/698/698
f 698/698/698 702/702/702 701/701/701
f 698/698/698 701/701/701 703/703/703
f 698/698/698 703/703/703 700/700/700
f 703/703/703 706/706/706 702/702/702
f 702/702/702 706/706/706 705/705/705
f 702/702/702 705/705/705 701/701/701
f 701/701/701 705/705/705 704/704/704
f 701/701/701 704/704/704 706/706/706
f 701/701/701 706/706/706 703/703/703
f 706/706/706 709/709/709 705/705/705
f 705/705/705 709/709/709 708/708/708
f 705/705/705 708/708/708 704/704/704
f 704/704/704 708/708/708 707/707/707
f 704/704/704 707/707/707 709/709/709
f 704/704/704 709/709/709 706/706/706
f 709/709/709 712/712/712 708/708/708
f 708/708/708 712/712/712 711/711/711
f 708/708/708 711/711/711 707/707/707
f 707/707/707 711/711/711 710/710/710
f 707/707/707 710/710/710 712/712/712
f 707/707/707 712/712/712 709/709/709
f 712/712/712 715/715/715 711/711/711
f 711/711/711 715/715/715 714/714/714
f 711/711/711 714/714/714 710/710/710
f 710/710/710 714/714/714 713/713/713
f 710/710/710 713/713/713 715/715/715
f 710/710/710 715/715/715 712/712/712
f 715/715/715 718/718/718 714/714/714
f 714/714/714 718/718/718 717/717/717
f 714/714/714 717/717/717 713/713/713
f 713/713/713 717/717/717 716/716/716
f 713/713/713 716/716/716 718/718/718
f 713/713/713 718/718/718 715/715/715
f 718/718/718 721/721/721 717/717/717
f 717/717/717 721/721/721 720/720/720
f 717/717/717 720/720/720 716/716/716
f 716/716/716 720/720/720 719/719/719
f 716/716/716 719/719/719 721/721/721
f 716/716/716 721/721/721 718/718/718
f 721/721/721 724/724/724 720/720/720
f 720/720/720 724/724/724 723/723/723
f 720/720/720 723/723/723 719/719/719
f 719/719/719 723/723/723 722/722/722
f 719/719/719 722/722/722 724/724/724
f 719/719/719 724/724/724 721/721/721
f 724/724/724 727/727/727 723/723/723
f 723/723/723 727/727/727 726/726/726
f 723/723/723 726/726/726 722/722/722
f 722/722/722 726/726/726 725/725/725
f 722/722/722 725/725/725 727/727/727
f 722/722/722 727/727/727 724/724/724
f 727/727/727 730/730/730 726/726/726
f 726/726/726 730/730/730 729/729/729
f 726/726/726 729/729/729 725/725/725
f 725/725/725 729/729/729 728/728/728
f 725/725/725 728/728/728 730/730/730
f 725/725/725 730/730/730 727/727/727
f 730/730/730 733/733/733 729/729/729
f 729/729/729 733/733/733 732/732/732
f 729/729/729 732/732/732 728/728/728
f 728/728/728 732/732/732 731/731/731
f 728/728/728 731/731/731 733/733/733
f 728/728/728 733/733/733 730/730/730
f 733/733/733 736/736/736 732/732/732
f 732/732/732 736/736/736 735/735/735
f 732/732/732 735/735/735 731/731/731
f 731/731/731 735/735/735 734/734/734
f 731/731/731 734/734/734 736/736/736
f 731/731/731 736/736/736 733/733/733
f 736/736/736 739/739/739 735/735/735
f 735/735/735 739/739/739 738/738/738
f 735/735/735 738/738/738 734/734/734
f 734/734/734 738/738/738 737/737/737
f 734/734/734 737/737/737 739/739/739
f 734/734/734 739/739/739 736/736/736
f 739/739/739 742/742/742 738/738/738
f 738/738/738 742/742/742 741/741/741
f 738/738/738 741/741/741 737/737/737
f 737/737/737 741/741/741 740/740/740
f 737/737/737 740/740/740 742/742/742
f 737/737/737 742/742/742 739/739/739
f 742/742/742 745/745/745 741/741/741
f 741/741/741 745/745/745 744/744/744
f 741/741/741 744/744/744 740/740/740
f 740/740/740 744/744/744 743/743/743
f 740/740/740 743/743/743 745/745/745
f 740/740/740 745/745/745 742/742/742
f 745/745/745 748/748/748 744/744/744
f 744/744/744 748/748/748 747/747/747
f 744/744/744 747/747/747 743/743/743
f 743/743/743 747/747/747 746/746/746
f 743/743/743 746/746/746 748/748/748
f 743/743/743 748/748/748 745/745/745
f 748/748/748 751/751/751 747/747/747
f 747/747/747 751/751/751 750/750/750
f 747/747/747 750/750/750 746/746/746
f 746/746/746 750/750/750 749/749/749
f 746/746/746 749/749/749 751/751/751
f 746/746/746 751/751/751 748/748/748
f 751/751/751 754/754/754 750/750/750
f 750/750/750 754/754/754 753/753/753
f 750/750/750 753/753/753 749/749/749
f 749/749/749 753/753/753 752/752/752
f 749/749/749 752/752/752 754/754/754
f 749/749/749 754/754/754 751/751/751
f 754/754/754 757/757/757 753/753/753
f 753/753/753 757/757/757 756/756/756
f 753/753/753 756/756/756 752/752/752
f 752/752/752 756/756/756 755/755/755
f 752/752/752 755/755/755 757/757/757
f 752/752/752 757/757/757 754/754/754
f 757/757/757 760/760/760 756/756/756
f 756/756/756 760/760/760 759/759/759
f 756/756/756 759/759/759 755/755/755
f 755/755/755 759/759/759 758/758/758
f 755/755/755 758/758/758 760/760/760
f 755/755/755 760/760/760 757/757/757
f 760/760/760 763/763/763 759/759/759
f 759/759/759 763/763/763 762/762/762
f 759/759/759 762/762/762 758/758/758
f 758/758/758 762/762/762 761/761/761
f 758/758/758 761/761/761 763/763/763
f 758/758/758 763/763/763 760/760/760
f 763/763/763 766/766/766 762/762/762
f 762/762/762 766/766/766 765/765/765
f 762/762/762 765/765/765 761/761/761
f 761/761/761 765/765/765 764/764/764
f 761/761/761 764/764/764 766/766/766
f 761/761/761 766/766/766 763/763/763
f 766/766/766 769/769/769 765/765/765
f 765/765/765 769/769/769 768/768/768
f 765/765/765 768/768/768 764/764/764
f 764/764/764 768/768/768 767/767/767
f 764/764/764 767/767/767 769/769/769
f 764/764/764 769/769/769 766/766/766
f 769/769/769 772/772/772 768/768/768
f 768/768/768 772/772/772 771/771/771
f 768/768/768 771/771/771 767/767/767
f 767/767/767 771/771/771 770/770/770
f 767/767/767 770/770/770 772/772/772
f 767/767/767 772/772/772 769/769/769
f 772/772/772 775/775/775 771/771/771
f 771/771/771 775/775/775 774/774/774
f 771/771/771 774/774/774 770/770/770
f 770/770/770 774/774/774 773/773/773
f 770/770/770 773/773/773 775/775/775
f 770/770/770 775/775/775 772/772/772
f 775/775/775 778/778/778 774/774/774
f 774/774/774 778/778/778 777/777/777
f 774/774/774 777/777/777 773/773/773
f 773/773/773 777/777/777 776/776/776
f 773/773/773 776/776/776 778/778/778
f 773/773/773 778/778/778 775/775/775
f 778/778/778 781/781/781 777/777/777
f 777/777/777 781/781/781 780/780/780
f 777/777/777 780/780/780 776/776/776
f 776/776/776 780/780/780 779/779/779
f 776/776/776 779/779/779 781/781/781
f 776/776/776 781/781/781 778/778/778
f 781/781/781 784/784/784 780/780/780
f 780/780/780 784/784/784 783/783/783
f 780/780/780 783/783/783 779/779/779
f 779/779/779 783/783/783 782/782/782
f 779/779/779 782/782/782 784/784/784
f 779/779/779 784/784/784 781/781/781
f 784/784/784 787/787/787 783/783/783
f 783/783/783 787/787/787 786/786/786
f 783/783/783 786/786/786 782/782/782
f 782/782/782 786/786/786 785/785/785
f 782/782/782 785/785/785 787/787/787
f 782/782/782 787/787/787 784/784/784
f 787/787/787 790/790/790 786/786/786
f 786/786/786 790/790/790 789/789/789
f 786/786/786 789/789/789 785/785/785
f 785/785/785 789/789/789 788/788/788
f 785/785/785 788/788/788 790/790/790
f 785/785/785 790/790/790 787/787/787
f 790/790/790 793/793/793 789/789/789
f 789/789/789 793/793/793 792/792/792
f 789/789/789 792/792/792 788/788/788
f 788/788/788 792/792/792 791/791/791
f 788/788/788 791/791/791 793/793/793
f 788/788/788 793/793/793 790/790/790
f 793/793/793 796/796/796 792/792/792
f 792/792/792 796/796/796 795/795/795
f 792/792/792 795/795/795 791/791/791
f 791/791/791 795/795/795 794/794/794
f 791/791/791 794/794/794 796/796/796
f 791/791/791 796/796/796 793/793/793
f 796/796/796 799/799/799 795/795/795
f 795/795/795 799/799/799 798/798/798
f 795/795/795 798/798/798 794/794/794
f 794/794/794 798/798/798 797/797/797
f 794/794/794 797/797/797 799/799/799
f 794/794/794 799/799/799 796/796/796
f 799/799/799 802/802/802 798/798/798
f 798/798/798 802/802/802 801/801/801
f 798/798/798 801/801/801 797/797/797
f 797/797/797 801/801/801 800/800/800
f 797/797/797 800/800/800 802/802/802
f 797/797/797 802/802/802 799/799/799
f 802/802/802 805/805/805 801/801/801
f 801/801/801 805/805/805 804/804/804
f 801/801/801 804/804/804 800/800/800
f 800/800/800 804/804/804 803/803/803
f 800/800/800 803/803/803 805/805/805
f 800/800/800 805/805/805 802/802/802
f 805/805/805 808/808/808 804/804/804
f 804/804/804 808/808/808 807/807/807
f 804/804/804 807/807/807 803/803/803
f 803/803/803 807/807/807 806/806/806
f 803/803/803 806/806/806 808/808/808
f 803/803/803 808/808/808 805/805/805
f 808/808/808 811/811/811 807/807/807
f 807/807/807 811/811/811 810/810/810
f 807/807/807 810/810/810 806/806/806
f 806/806/806 810/810/810 809/809/809
f 806/806/806 809/809/809 811/811/811
f 806/806/806 811/811/811 808/808/808
f 811/811/811 814/814/814 810/810/810
f 810/810/810 814/814/814 813/813/813
f 810/810/810 813/813/813 809/809/809
f 809/809/809 813/813/813 812/812/812
f 809/809/809 812/812/812 814/814/814
f 809/809/809 814/814/814 811/811/811
f 814/814/814 817/817/817 813/813/813
f 813/813/813 817/817/817 816/816/816
f 813/813/813 816/816/816 812/812/812
f 812/812/812 816/816/816 815/815/815
f 812/812/812 815/815/815 817/817/817
f 812/812/812 817/817/817 814/814/814
f 817/817/817 820/820/820 816/816/816
f 816/816/816 820/820/820 819/819/819
f 816/816/816 819/819/819 815/815/815
f 815/815/815 819/819/819 818/818/818
f 815/815/815 818/818/818 820/820/820
f 815/815/815 820/820/820 817/817/817
f 820/820/820 823/823/823 819/819/819
f 819/819/819 823/823/823 822/822/822
f 819/819/819 822/822/822 818/818/818
f 818/818/818 822/822/822 821/821/821
f 818/818/818 821/821/821 823/823/823
f 818/818/818 823/823/823 820/820/820
f 823/823/823 826/826/826 822/822/822
f 822/822/822 826/826/826 825/825/825
f 822/822/822 825/825/825 821/821/821
f 821/821/821 825/825/825 824/824/824
f 821/821/821 824/824/824 826/826/826
f 821/821/821 826/826/826 823/823/823
f 826/826/826 829/829/829 825/825/825
f 825/825/825 829/829/829 828/828/828
f 825/825/825 828/828/828 824/824/824
f 824/824/824 828/828/828 827/827/827
f 824/824/824 827/827/827 829/829/829
f 824/824/824 829/829/829 826/826/826
f 829/829/829 832/832/832 828/828/828
f 828/828/828 832/832/832 831/831/831
f 828/828/828 831/831/831 827/827/827
f 827/827/827 831/831/831 830/830/830
f 827/827/827 830/830/830 832/832/832
f 827/827/827 832/832/832 829/829/829
f 832/832/832 835/835/835 831/831/831
f 831/831/831 835/835/835 834/834/834
f 831/831/831 834/834/834 830/830/830
f 830/830/830 834/834/834 833/833/833
f 830/830/830 833/833/833 835/835/835
f 830/830/830 835/835/835 832/832/832
f 838/838/838 841/841/841 837/837/837
f 837/837/837 841/841/841 840/840/840
f 837/837/837 840/840/840 836/836/836
f 836/836/836 840/840/840 839/839/839
f 836/836/836 839/839/839 841/841/841
f 836/836/836 841/841/841 838/838/838
f 841/841/841 844/844/844 840/840/840
f 840/840/840 844/844/844 843/843/843
f 840/840/840 843/843/843 839/839/839
f 839/839/839 843/843/843 842/842/842
f 839/839/839 842/842/842 844/844/844
f 839/839/839 844/844/844 841/841/841
f 844/844/844 847/847/847 843/843/843
f 843/843/843 847/847/847 846/846/846
f 843/843/843 846/846/846 842/842/842
f 842/842/842 846/846/846 845/845/845
f 842/842/842 845/845/845 847/847/847
f 842/842/842 847/847/847 844/844/844
f 847/847/847 850/850/850 846/846/846
f 846/846/846 850/850/850 849/849/849
f 846/846/846 849/849/849 845/845/845
f 845/845/845 849/849/849 848/848/848
f 845/845/845 848/848/848 850/850/850
f 845/845/845 850/850/850 847/847/847
f 850/850/850 853/853/853 849/849/849
f 849/849/849 853/853/853 852/852/852
f 849/849/849 852/852/852 848/848/848
f 848/848/848 852/852/852 851/851/851
f 848/848/848 851/851/851 853/853/853
f 848/848/848 853/853/853 850/850/850
f 853/853/853 856/856/856 852/852/852
f 852/852/852 856/856/856 855/855/855
f 852/852/852 855/855/855 851/851/851
f 851/851/851 855/855/855 854/854/854
f 851/851/851 854/854/854 856/856/856
f 851/851/851 856/856/856 853/853/853
f 856/856/856 859/859/859 855/855/855
f 855/855/855 859/859/859 858/858/858
f 855/855/855 858/858/858 854/854/854
f 854/854/854 858/858/858 857/857/857
f 854/854/854 857/857/857 859/859/859
f 854/854/854 859/859/859 856/856/856
f 859/859/859 862/862/862 858/858/858
f 858/858/858 862/862/862 861/861/861
f 858/858/858 861/861/861 857/857/857
f 857/857/857 861/861/861 860/860/860
f 857/857/857 860/860/860 862/862/862
f 857/857/857 862/862/862 859/859/859
f 862/862/862 865/865/865 861/861/861
f 861/861/861 865/865/865 864/864/864
f 861/861/861 864/864/864 860/860/860
f 860/860/860 864/864/864 863/863/863
f 860/860/860 863/863/863 865/865/865
f 860/860/860 865/865/865 862/862/862
f 865/865/865 868/868/868 864/864/864
f 864/864/864 868/868/868 867/867/867
f 864/864/864 867/867/867 863/863/863
f 863/863/863 867/867/867 866/866/866
f 863/863/863 866/866/866 868/868/868
f 863/863/863 868/868/868 865/865/865
f 868/868/868 871/871/871 867/867/867
f 867/867/867 871/871/871 870/870/870
f 867/867/867 870/870/870 866/866/866
f 866/866/866 870/870/870 869/869/869
f 866/866/866 869/869/869 871/871/871
f 866/866/866 871/871/871 868/868/868
f 871/871/871 874/874/874 870/870/870
f 870/870/870 874/874/874 873/873/873
f 870/870/870 873/873/873 869/869/869
f 869/869/869 873/873/873 872/872/872
f 869/869/869 872/872/872 874/874/874
f 869/869/869 874/874/874 871/871/871
f 874/874/874 877/877/877 873/873/873
f 873/873/873 877/877/877 876/876/876
f 873/873/873 876/876/876 872/872/872
f 872/872/872 876/876/876 875/875/875
f 872/872/872 875/875/875 877/877/877
f 872/872/872 877/877/877 874/874/874
f 877/877/877 880/880/880 876/876/876
f 876/876/876 880/880/880 879/879/879
f 876/876/876 879/879/879 875/875/875
f 875/875/875 879/879/879 878/878/878
f 875/875/875 878/878/878 880/880/880
f 875/875/875 880/880/880 877/877/877
f 880/880/880 883/883/883 879/879/879
f 879/879/879 883/883/883 882/882/882
f 879/879/879 882/882/882 878/878/878
f 878/878/878 882/882/882 881/881/881
f 878/878/878 881/881/881 883/883/883
f 878/878/878 883/883/883 880/880/880
f 883/883/883 886/886/886 882/882/882
f 882/882/882 886/886/886 885/885/885
f 882/882/882 885/885/885 881/881/881
f 881/881/881 885/885/885 884/884/884
f 881/881/881 884/884/884 886/886/886
f 881/881/881 886/886/886 883/883/883
f 886/886/886 889/889/889 885/885/885
f 885/885/885 889/889/889 888/888/888
f 885/885/885 888/888/888 884/884/884
f 884/884/884 888/888/888 887/887/887
f 884/884/884 887/887/887 889/889/889
f 884/884/884 889/889/889 886/886/886
f 889/889/889 892/892/892 888/888/888
f 888/888/888 892/892/892 891/891/891
f 888/888/888 891/891/891 887/887/887
f 887/887/887 891/891/891 890/890/890
f 887/887/887 890/890/890 892/892/892
f 887/887/887 892/892/892 889/889/889
f 892/892/892 895/895/895 891/891/891
f 891/891/891 895/895/895 894/894/894
f 891/891/891 894/894/894 890/890/890
f 890/890/890 894/894/894 893/893/893
f 890/890/890 893/893/893 895/895/895
f 890/890/890 895/895/895 892/892/892
f 895/895/895 898/898/898 894/894/894
f 894/894/894 898/898/898 897/897/897
f 894/894/894 897/897/897 893/893/893
f 893/893/893 897/897/897 896/896/896
f 893/893/893 896/896/896 898/898/898
f 893/893/893 898/898/898 895/895/895
f 898/898/898 901/901/901 897/897/897
f 897/897/897 901/901/901 900/900/900
f 897/897/897 900/900/900 896/896/896
f 896/896/896 900/900/900 899/899/899
f 896/896/896 899/899/899 901/901/901
f 896/896/896 901/901/901 898/898/898
f 901/901/901 904/904/904 900/900/900
f 900/900/900 904/904/904 903/903/903
f 900/900/900 903/903/903 899/899/899
f 899/899/899 903/903/903 902/902/902
f 899/899/899 902/902/902 904/904/904
f 899/899/899 904/904/904 901/901/901
f 904/904/904 907/907/907 903/903/903
f 903/903/903 907/907/907 906/906/906
f 903/903/903 906/906/906 902/902/902
f 902/902/902 906/906/906 905/905/905
f 902/902/902 905/905/905 907/907/907
f 902/902/902 907/907/907 904/904/904
f 907/907/907 910/910/910 906/906/906
f 906/906/906 910/910/910 909/909/909
f 906/906/906 909/909/909 905/905/905
f 905/905/905 909/909/909 908/908/908
f 905/905/905 908/908/908 910/910/910
f 905/905/905 910/910/910 907/907/907
f 910/910/910 913/913/913 909/909/909
f 909/909/909 913/913/913 912/912/912
f 909/909/909 912/912/912 908/908/908
f 908/908/908 912/912/912 911/911/911
f 908/908/908 911/911/911 913/913/913
f 908/908/908 913/913/913 910/910/910
f 913/913/913 916/916/916 912/912/912
f 912/912/912 916/916/916 915/915/915
f 912/912/912 915/915/915 911/911/911
f 911/911/911 915/915/915 914/914/914
f 911/911/911 914/914/914 916/916/916
f 911/911/911 916/916/916 913/913/913
f 916/916/916 919/919/919 915/915/915
f 915/915/915 919/919/919 918/918/918
f 915/915/915 918/918/918 914/914/914
f 914/914/914 918/918/918 917/917/917
f 914/914/914 917/917/917 919/919/919
f 914/914/914 919/919/919 916/916/916
f 919/919/919 922/922/922 918/918/918
f 918/918/918 922/922/922 921/921/921
f 918/918/918 921/921/921 917/917/917
f 917/917/917 921/921/921 920/920/920
f 917/917/917 920/920/920 922/922/922
f 917/917/917 922/922/922 919/919/919
f 922/922/922 925/925/925 921/921/921
f 921/921/921 925/925/925 924/924/924
f 921/921/921 924/924/924 920/920/920
f 920/920/920 924/924/924 923/923/923
f 920/920/920 923/923/923 925/925/925
f 920/920/920 925/925/925 922/922/922
f 925/925/925 928/928/928 924/924/924
f 924/924/924 928/928/928 927/927/927
f 924/924/924 927/927/927 923/923/923
f 923/923/923 927/927/927 926/926/926
f 923/923/923 926/926/926 928/928/928
f 923/923/923 928/928/928 925/925/925
f 928/928/928 931/931/931 927/927/927
f 927/927/927 931/931/931 930/930/930
f 927/927/927 930/930/930 926/926/926
f 926/926/926 930/930/930 929/929/929
f 926/926/926 929/929/929 931/931/931
f 926/926/926 931/931/931 928/928/928
f 931/931/931 934/934/934 930/930/930
f 930/930/930 934/934/934 933/933/933
f 930/930/930 933/933/933 929/929/929
f 929/929/929 933/933/933 932/932/932
f 929/929/929 932/932/932 934/934/934
f 929/929/929 934/934/934 931/931/931
f 934/934/934 937/937/937 933/933/933
f 933/933/933 937/937/937 936/936/936
f 933/933/933 936/936/936 932/932/932
f 932/932/932 936/936/936 935/935/935
f 932/932/932 935/935/935 937/937/937
f 932/932/932 937/937/937 934/934/934
f 937/937/937 940/940/940 936/936/936
f 936/936/936 940/940/940 939/939/939
f 936/936/936 939/939/939 935/935/935
f 935/935/935 939/939/939 938/938/938
f 935/935/935 938/938/938 940/940/940
f 935/935/935 940/940/940 937/937/937
f 940/940/940 943/943/943 939/939/939
f 939/939/939 943/943/943 942/942/942
f 939/939/939 942/942/942 938/938/938
f 938/938/938 942/942/942 941/941/941
f 938/938/938 941/941/941 943/943/943
f 938/938/938 943/943/943 940/940/940
f 943/943/943 946/946/946 942/942/942
f 942/942/942 946/946/946 945/945/945
f 942/942/942 945/945/945 941/941/941
f 941/941/941 945/945/945 944/944/944
f 941/941/941 944/944/944 946/946/946
f 941/941/941 946/946/946 943/943/943
f 946/946/946 949/949/949 945/945/945
f 945/945/945 949/949/949 948/948/948
f 945/945/945 948/948/948 944/944/944
f 944/944/944 948/948/948 947/947/947
f 944/944/944 947/947/947 949/949/949
f 944/944/944 949/949/949 946/946/946
f 949/949/949 952/952/952 948/948/948
f 948/948/948 952/952/952 951/951/951
f 948/948/948 951/951/951 947/947/947
f 947/947/947 951/951/951 950/950/950
f 947/947/947 950/950/950 952/952/952
f 947/947/947 952/952/952 949/949/949
f 952/952/952 955/955/955 951/951/951
f 951/951/951 955/955/955 954/954/954
f 951/951/951 954/954/954 950/950/950
f 950/950/950 954/954/954 953/953/953
f 950/950/950 953/953/953 955/955/955
f 950/950/950 955/955/955 952/952/952
f 955/955/955 958/958/958 954/954/954
f 954/954/954 958/958/958 957/957/957
f 954/954/954 957/957/957 953/953/953
f 953/953/953 957/957/957 956/956/956
f 953/953/953 956/956/956 958/958/958
f 953/953/953 958/958/958 955/955/955
f 958/958/958 961/961/961 957/957/957
f 957/957/957 961/961/961 960/960/960
f 957/957/957 960/960/960 956/956/956
f 956/956/956 960/960/960 959/959/959
f 956/956/956 959/959/959 961/961/961
f 956/956/956 961/961/961 958/958/958
f 961/961/961 964/964/964 960/960/960
f 960/960/960 964/964/964 963/963/963
f 960/960/960 963/963/963 959/959/959
f 959/959/959 963/963/963 962/962/962
f 959/959/959 962/962/962 964/964/964
f 959/959/959 964/964/964 961/961/961
f 964/964/964 967/967/967 963/963/963
f 963/963/963 967/967/967 966/966/966
f 963/963/963 966/966/966 962/962/962
f 962/962/962 966/966/966 965/965/965
f 962/962/962 965/965/965 967/967/967
f 962/962/962 967/967/967 964/964/964
f 970/970/970 973/973/973 969/969/969
f 969/969/969 973/973/973 972/972/972
f 969/969/969 972/972/972 968/968/968
f 968/968/968 972/972/972 971/971/971
f 968/968/968 971/971/971 973/973/973
f 968/968/968 973/973/973 970/970/970
f 973/973/973 976/976/976 972/972/972
f 972/972/972 976/976/976 975/975/975
f 972/972/972 975/975/975 971/971/971
f 971/971/971 975/975/975 974/974/974
f 971/971/971 974/974/974 976/976/976
f 971/971/971 976/976/976 973/973/973
f 976/976/976 979/979/979 975/975/975
f 975/975/975 979/979/979 978/978/978
f 975/975/975 978/978/978 974/974/974
f 974/974/974 978/978/978 977/977/977
f 974/974/974 977/977/977 979/979/979
f 974/974/974 979/979/979 976/976/976
f 979/979/979 982/982/982 978/978/978
f 978/978/978 982/982/982 981/981/981
f 978/978/978 981/981/981 977/977/977
f 977/977/977 981/981/981 980/980/980
f 977/977/977 980/980/980 982/982/982
f 977/977/977 982/982/982 979/979/979
f 982/982/982 985/985/985 981/981/981
f 981/981/981 985/985/985 984/984/984
f 981/981/981 984/984/984 980/980/980
f 980/980/980 984/984/984 983/983/983
f 980/980/980 983/983/983 985/985/985
f 980/980/980 985/985/985 982/982/982
f 985/985/985 988/988/988 984/984/984
f 984/984/984 988/988/988 987/987/987
f 984/984/984 987/987/987 983/983/983
f 983/983/983 987/987/987 986/986/986
f 983/983/983 986/986/986 988/988/988
f 983/983/983 988/988/988 985/985/985
f 988/988/988 991/991/991 987/987/987
f 987/987/987 991/991/991 990/990/990
f 987/987/987 990/990/990 986/986/986
f 986/986/986 990/990/990 989/989/989
f 986/986/986 989/989/989 991/991/991
f 986/986/986 991/991/991 988/988/988
f 991/991/991 994/994/994 990/990/990
f 990/990/990 994/994/994 993/993/993
f 990/990/990 993/993/993 989/989/989
f 989/989/989 993/993/993 992/992/992
f 989/989/989 992/992/992 994/994/994
f 989/989/989 994/994/994 991/991/991
f 994/994/994 997/997/997 993/993/993
f 993/993/993 997/997/997 996/996/996
f 993/993/993 996/996/996 992/992/992
f 992/992/992 996/996/996 995/995/995
f 992/992/992 995/995/995 997/997/997
f 992/992/992 997/997/997 994/994/994
f 997/997/997 1000/1000/1000 996/996/996
f 996/996/996 1000/1000/1000 999/999/999
f 996/996/996 999/999/999 995/995/995
f 995/995/995 999/999/999 998/998/998
f 995/995/995 998/998/998 1000/1000/1000
f 995/995/995 1000/1000/1000 997/997/997
f 1000/1000/1000 1003/1003/1003 999/999/999
f 999/999/999 1003/1003/1003 1002/1002/1002
f 999/999/999 1002/1002/1002 998/998/998
f 998/998/998 1002/1002/1002 1001/1001/1001
f 998/998/998 1001/1001/1001 1003/1003/1003
f 998/998/998 1003/1003/1003 1000/1000/1000
f 1003/1003/1003 1006/1006/1006 1002/1002/1002
f 1002/1002/1002 1006/1006/1006 1005/1005/1005
f 1002/1002/1002 1005/1005/1005 1001/1001/1001
f 1001/1001/1001 1005/1005/1005 1004/1004/1004
f 1001/1001/1001 1004/1004/1004 1006/1006/1006
f 1001/1001/1001 1006/1006/1006 1003/1003/1003
f 1006/1006/1006 1009/1009/1009 1005/1005/1005
f 1005/1005/1005 1009/1009/1009 1008/1008/1008
f 1005/1005/1005 1008/1008/1008 1004/1004/1004
f 1004/1004/1004 1008/1008/1008 1007/1007/1007
f 1004/1004/1004 1007/1007/1007 1009/1009/1009
f 1004/1004/1004 1009/1009/1009 1006/1006/1006
f 1009/1009/1009 1012/1012/1012 1008/1008/1008
f 1008/1008/1008 1012/1012/1012 1011/1011/1011
f 1008/1008/1008 1011/1011/1011 1007/1007/1007
f 1007/1007/1007 1011/1011/1011 1010/1010/1010
f 1007/1007/1007 1010/1010/1010 1012/1012/1012
f 1007/1007/1007 1012/1012/1012 1009/1009/1009
f 1012/1012/1012 1015/1015/1015 1011/1011/1011
f 1011/1011/1011 1015/1015/1015 1014/1014/1014
f 1011/1011/1011 1014/1014/1014 1010/1010/1010
f 1010/1010/1010 1014/1014/1014 1013/1013/1013
f 1010/1010/1010 1013/1013/1013 1015/1015/1015
f 1010/1010/1010 1015/1015/1015 1012/1012/1012
f 1015/1015/1015 1018/1018/1018 1014/1014/1014
f 1014/1014/1014 1018/1018/1018 1017/1017/1017
f 1014/1014/1014 1017/1017/1017 1013/1013/1013
f 1013/1013/1013 1017/1017/1017 1016/1016/1016
f 1013/1013/1013 1016/1016/1016 1018/1018/1018
f 1013/1013/1013 1018/1018/1018 1015/1015/1015
f 1018/1018/1018 1021/1021/1021 1017/1017/1017
f 1017/1017/1017 1021/1021/1021 1020/1020/1020
f 1017/1017/1017 1020/1020/1020 1016/1016/1016
f 1016/1016/1016 1020/1020/1020 1019/1019/1019
f 1016/1016/1016 1019/1019/1019 1021/1021/1021
f 1016/1016/1016 1021/1021/1021 1018/1018/1018
f 1021/1021/1021 1024/1024/1024 1020/1020/1020
f 1020/1020/1020 1024/1024/1024 1023/1023/1023
f 1020/1020/1020 1023/1023/1023 1019/1019/1019
f 1019/1019/1019 1023/1023/1023 1022/1022/1022
f 1019/1019/1019 1022/1022/1022 1024/1024/1024
f 1019/1019/1019 1024/1024/1024 1021/1021/1021
f 1024/1024/1024 1027/1027/1027 1023/1023/1023
f 1023/1023/1023 1027/1027/1027 1026/1026/1026
f 1023/1023/1023 1026/1026/1026 1022/1022/1022
f 1022/1022/1022 1026/1026/1026 1025/1025/1025
f 1022/1022/1022 1025/1025/1025 1027/1027/1027
f 1022/1022/1022 1027/1027/1027 1024/1024/1024
f 1027/1027/1027 1030/1030/1030 1026/1026/1026
f 1026/1026/1026 1030/1030/1030 1029/1029/1029
f 1026/1026/1026 1029/1029/1029 1025/1025/1025
f 1025/1025/1025 1029/1029/1029 1028/1028/1028
f 1025/1025/1025 1028/1028/1028 1030/1030/1030
f 1025/1025/1025 1030/1030/1030 1027/1027/1027
f 1030/1030/1030 1033/1033/1033 1029/1029/1029
f 1029/1029/1029 1033/1033/1033 1032/1032/1032
f 1029/1029/1029 1032/1032/1032 1028/1028/1028
f 1028/1028/1028 1032/1032/1032 1031/1031/1031
f 1028/1028/1028 1031/1031/1031 1033/1033/1033
f 1028/1028/1028 1033/1033/1033 1030/1030/1030
f 1033/1033/1033 1036/1036/1036 1032/1032/1032
f 1032/1032/1032 1036/1036/1036 1035/1035/1035
f 1032/1032/1032 1035/1035/1035 1031/1031/1031
f 1031/1031/1031 1035/1035/1035 1034/1034/1034
f 1031/1031/1031 1034/1034/1034 1036/1036/1036
f 1031/1031/1031 1036/1036/1036 1033/1033/1033
f 1036/1036/1036 1039/1039/1039 1035/1035/1035
f 1035/1035/1035 1039/1039/1039 1038/1038/1038
f 1035/1035/1035 1038/1038/1038 1034/1034/1034
f 1034/1034/1034 1038/1038/1038 1037/1037/1037
f 1034/1034/1034 1037/1037/1037 1039/1039/1039
f 1034/1034/1034 1039/1039/1039 1036/1036/1036
f 1039/1039/1039 1042/1042/1042 1038/1038/1038
f 1038/1038/1038 1042/1042/1042 1041/1041/1041
f 1038/1038/1038 1041/1041/1041 1037/1037/1037
f 1037/1037/1037 1041/1041/1041 1040/1040/1040
f 1037/1037/1037 1040/1040/1040 1042/1042/1042
f 1037/1037/1037 1042/1042/1042 1039/1039/1039
f 1042/1042/1042 1045/1045/1045 1041/1041/1041
f 1041/1041/1041 1045/1045/1045 1044/1044/1044
f 1041/1041/1041 1044/1044/1044 1040/1040/1040
f 1040/1040/1040 1044/1044/1044 1043/1043/1043
f 1040/1040/1040 1043/1043/1043 1045/1045/1045
f 1040/1040/1040 1045/1045/1045 1042/1042/1042
f 1045/1045/1045 1048/1048/1048 1044/1044/1044
f 1044/1044/1044 1048/1048/1048 1047/1047/1047
f 1044/1044/1044 1047/1047/1047 1043/1043/1043
f 1043/1043/1043 1047/1047/1047 1046/1046/1046
f 1043/1043/1043 1046/1046/1046 1048/1048/1048
f 1043/1043/1043 1048/1048/1048 1045/1045/1045
f 1048/1048/1048 1051/1051/1051 1047/1047/1047
f 1047/1047/1047 1051/1051/1051 1050/1050/1050
f 1047/1047/1047 1050/1050/1050 1046/1046/1046
f 1046/1046/1046 1050/1050/1050 1049/1049/1049
f 1046/1046/1046 1049/1049/1049 1051/1051/1051
f 1046/1046/1046 1051/1051/1051 1048/1048/1048
f 1051/1051/1051 1054/1054/1054 1050/1050/1050
f 1050/1050/1050 1054/1054/1054 1053/1053/1053
f 1050/1050/1050 1053/1053/1053 1049/1049/1049
f 1049/1049/1049 1053/1053/1053 1052/1052/1052
f 1049/1049/1049 1052/1052/1052 1054/1054/1054
f 1049/1049/1049 1054/1054/1054 1051/1051/1051
f 1054/1054/1054 1057/1057/1057 1053/1053/1053
f 1053/1053/1053 1057/1057/1057 1056/1056/1056
f 1053/1053/1053 1056/1056/1056 1052/1052/1052
f 1052/1052/1052 1056/1056/1056 1055/1055/1055
f 1052/1052/1052 1055/1055/1055 1057/1057/1057
f 1052/1052/1052 1057/1057/1057 1054/1054/1054
f 1057/1057/1057 1060/1060/1060 1056/1056/1056
f 1056/1056/1056 1060/1060/1060 1059/1059/1059
f 1056/1056/1056 1059/1059/1059 1055/1055/1055
f 1055/1055/1055 1059/1059/1059 1058/1058/1058
f 1055/1055/1055 1058/1058/1058 1060/1060/1060
f 1055/1055/1055 1060/1060/1060 1057/1057/1057
f 1060/1060/1060 1063/1063/1063 1059/1059/1059
f 1059/1059/1059 1063/1063/1063 1062/1062/1062
f 1059/1059/1059 1062/1062/1062 1058/1058/1058
f 1058/1058/1058 1062/1062/1062 1061/1061/1061
f 1058/1058/1058 1061/1061/1061 1063/1063/1063
f 1058/1058/1058 1063/1063/1063 1060/1060/1060
f 1063/1063/1063 1066/1066/1066 1062/1062/1062
f 1062/1062/1062 1066/1066/1066 1065/1065/1065
f 1062/1062/1062 1065/1065/1065 1061/1061/1061
f 1061/1061/1061 1065/1065/1065 1064/1064/1064
f 1061/1061/1061 1064/1064/1064 1066/1066/1066
f 1061/1061/1061 1066/1066/1066 1063/1063/1063
f 1066/1066/1066 1069/1069/1069 1065/1065/1065
f 1065/1065/1065 1069/1069/1069 1068/1068/1068
f 1065/1065/1065 1068/1068/1068 1064/1064/1064
f 1064/1064/1064 1068/1068/1068 1067/1067/1067
f 1064/1064/1064 1067/1067/1067 1069/1069/1069
f 1064/1064/1064 1069/1069/1069 1066/1066/1066
f 1069/1069/1069 1072/1072/1072 1068/1068/1068
f 1068/1068/1068 1072/1072/1072 1071/1071/1071
f 1068/1068/1068 1071/1071/1071 1067/1067/1067
f 1067/1067/1067 1071/1071/1071 1070/1070/1070
f 1067/1067/1067 1070/1070/1070 1072/1072/1072
f 1067/1067/1067 1072/1072/1072 1069/1069/1069
f 1072/1072/1072 1075/1075/1075 1071/1071/1071
f 1071/1071/1071 1075/1075/1075 1074/1074/1074
f 1071/1071/1071 1074/1074/1074 1070/1070/1070
f 1070/1070/1070 1074/1074/1074 1073/1073/1073
f 1070/1070/1070 1073/1073/1073 1075/1075/1075
f 1070/1070/1070 1075/1075/1075 1072/1072/1072
f 1075/1075/1075 1078/1078/1078 1074/1074/1074
f 1074/1074/1074 1078/1078/1078 1077/1077/1077
f 1074/1074/1074 1077/1077/1077 1073/1073/1073
f 1073/1073/1073 1077/1077/1077 1076/1076/1076
f 1073/1073/1073 1076/1076/1076 1078/1078/1078
f 1073/1073/1073 1078/1078/1078 1075/1075/1075
f 1078/1078/1078 1081/1081/1081 1077/1077/1077
f 1077/1077/1077 1081/1081/1081 1080/1080/1080
f 1077/1077/1077 1080/1080/1080 1076/1076/1076
f 1076/1076/1076 1080/1080/1080 1079/1079/1079
f 1076/1076/1076 1079/1079/1079 1081/1081/1081
f 1076/1076/1076 1081/1081/1081 1078/1078/1078
f 1081/1081/1081 1084/1084/1084 1080/1080/1080
f 1080/1080/1080 1084/1084/1084 1083/1083/1083
f 1080/1080/1080 1083/1083/1083 1079/1079/1079
f 1079/1079/1079 1083/1083/1083 1082/1082/1082
f 1079/1079/1079 1082/1082/1082 1084/1084/1084
f 1079/1079/1079 1084/1084/1084 1081/1081/1081
f 1084/1084/1084 1087/1087/1087 1083/1083/1083
f 1083/1083/1083 1087/1087/1087 1086/1086/1086
f 1083/1083/1083 1086/1086/1086 1082/1082/1082
f 1082/1082/1082 1086/1086/1086 1085/1085/1085
f 1082/1082/1082 1085/1085/1085 1087/1087/1087
f 1082/1082/1082 1087/1087/1087 1084/1084/1084
f 1087/1087/1087 1090/1090/1090 1086/1086/1086
f 1086/1086/1086 1090/1090/1090 1089/1089/1089
f 1086/1086/1086 1089/1089/1089 1085/1085/1085
f 1085/1085/1085 1089/1089/1089 1088/1088/1088
f 1085/1085/1085 1088/1088/1088 1090/1090/1090
f 1085/1085/1085 1090/1090/1090 1087/1087/1087
f 1093/1093/1093 1096/1096/1096 1092/1092/1092
f 1092/1092/1092 1096/1096/1096 1095/1095/1095
f 1092/1092/1092 1095/1095/1095 1091/1091/1091
f 1091/1091/1091 1095/1095/1095 1094/1094/1094
f 1091/1091/1091 1094/1094/1094 1096/1096/1096
f 1091/1091/1091 1096/1096/1096 1093/1093/1093
f 1096/1096/1096 1099/1099/1099 1095/1095/1095
f 1095/1095/1095 1099/1099/1099 1098/1098/1098
f 1095/1095/1095 1098/1098/1098 1094/1094/1094
f 1094/1094/1094 1098/1098/1098 1097/1097/1097
f 1094/1094/1094 1097/1097/1097 1099/1099/1099
f 1094/1094/1094 1099/1099/1099 1096/1096/1096
f 1099/1099/1099 1102/1102/1102 1098/1098/1098
f 1098/1098/1098 1102/1102/1102 1101/1101/1101
f 1098/1098/1098 1101/1101/1101 1097/1097/1097
f 1097/1097/1097 1101/1101/1101 1100/1100/1100
f 1097/1097/1097 1100/1100/1100 1102/1102/1102
f 1097/1097/1097 1102/1102/1102 1099/1099/1099
f 1102/1102/1102 1105/1105/1105 1101/1101/1101
f 1101/1101/1101 1105/1105/1105 1104/1104/1104
f 1101/1101/1101 1104/1104/1104 1100/1100/1100
f 1100/1100/1100 1104/1104/1104 1103/1103/1103
f 1100/1100/1100 1103/1103/1103 1105/1105/1105
f 1100/1100/1100 1105/1105/1105 1102/1102/1102
f 1105/1105/1105 1108/1108/1108 1104/1104/1104
f 1104/1104/1104 1108/1108/1108 1107/1107/1107
f 1104/1104/1104 1107/1107/1107 1103/1103/1103
f 1103/1103/1103 1107/1107/1107 1106/1106/1106
f 1103/1103/1103 1106/1106/1106 1108/1108/1108
f 1103/1103/1103 1108/1108/1108 1105/1105/1105
f 1108/1108/1108 1111/1111/1111 1107/1107/1107
f 1107/1107/1107 1111/1111/1111 1110/1110/1110
f 1107/1107/1107 1110/1110/1110 1106/1106/1106
f 1106/1106/1106 1110/1110/1110 1109/1109/1109
f 1106/1106/1106 1109/1109/1109 1111/1111/1111
f 1106/1106/1106 1111/1111/1111 1108/1108/1108
f 1111/1111/1111 1114/1114/1114 1110/1110/1110
f 1110/1110/1110 1114/1114/1114 1113/1113/1113
f 1110/1110/1110 1113/1113/1113 1109/1109/1109
f 1109/1109/1109 1113/1113/1113 1112/1112/1112
f 1109/1109/1109 1112/1112/1112 1114/1114/1114
f 1109/1109/1109 1114/1114/1114 1111/1111/1111
f 1114/1114/1114 1117/1117/1117 1113/1113/1113
f 1113/1113/1113 1117/1117/1117 1116/1116/1116
f 1113/1113/1113 1116/1116/1116 1112/1112/1112
f 1112/1112/1112 1116/1116/1116 1115/1115/1115
f 1112/1112/1112 1115/1115/1115 1117/1117/1117
f 1112/1112/1112 1117/1117/1117 1114/1114/1114
f 1117/1117/1117 1120/1120/1120 1116/1116/1116
f 1116/1116/1116 1120/1120/1120 1119/1119/1119
f 1116/1116/1116 1119/1119/1119 1115/1115/1115
f 1115/1115/1115 1119/1119/1119 1118/1118/1118
f 1115/1115/1115 1118/1118/1118 1120/1120/1120
f 1115/1115/1115 1120/1120/1120 1117/1117/1117
f 1120/1120/1120 1123/1123/1123 1119/1119/1119
f 1119/1119/1119 1123/1123/1123 1122/1122/1122
f 1119/1119/1119 1122/1122/1122 1118/1118/1118
f 1118/1118/1118 1122/1122/1122 1121/1121/1121
f 1118/1118/1118 1121/1121/1121 1123/1123/1123
f 1118/1118/1118 1123/1123/1123 1120/1120/1120
f 1123/1123/1123 1126/1126/1126 1122/1122/1122
f 1122/1122/1122 1126/1126/1126 1125/1125/1125
f 1122/1122/1122 1125/1125/1125 1121/1121/1121
f 1121/1121/1121 1125/1125/1125 1124/1124/1124
f 1121/1121/1121 1124/1124/1124 1126/1126/1126
f 1121/1121/1121 1126/1126/1126 1123/1123/1123
f 1126/1126/1126 1129/1129/1129 1125/1125/1125
f 1125/1125/1125 1129/1129/1129 1128/1128/1128
f 1125/1125/1125 1128/1128/1128 1124/1124/1124
f 1124/1124/1124 1128/1128/1128 1127/1127/1127
f 1124/1124/1124 1127/1127/1127 1129/1129/1129
f 1124/1124/1124 1129/1129/1129 1126/1126/1126
f 1129/1129/1129 1132/1132/1132 1128/1128/1128
f 1128/1128/1128 1132/1132/1132 1131/1131/1131
f 1128/1128/1128 1131/1131/1131 1127/1127/1127
f 1127/1127/1127 1131/1131/1131 1130/1130/1130
f 1127/1127/1127 1130/1130/1130 1132/1132/1132
f 1127/1127/1127 1132/1132/1132 1129/1129/1129
f 1132/1132/1132 1135/1135/1135 1131/1131/1131
f 1131/1131/1131 1135/1135/1135 1134/1134/1134
f 1131/1131/1131 1134/1134/1134 1130/1130/1130
f 1130/1130/1130 1134/1134/1134 1133/1133/1133
f 1130/1130/1130 1133/1133/1133 1135/1135/1135
f 1130/1130/1130 1135/1135/1135 1132/1132/1132
f 1135/1135/1135 1138/1138/1138 1134/1134/1134
f 1134/1134/1134 1138/1138/1138 1137/1137/1137
f 1134/1134/1134 1137/1137/1137 1133/1133/1133
f 1133/1133/1133 1137/1137/1137 1136/1136/1136
f 1133/1133/1133 1136/1136/1136 1138/1138/1138
f 1133/1133/1133 1138/1138/1138 1135/1135/1135
f 1138/1138/1138 1141/1141/1141 1137/1137/1137
f 1137/1137/1137 1141/1141/1141 1140/1140/1140
f 1137/1137/1137 1140/1140/1140 1136/1136/1136
f 1136/1136/1136 1140/1140/1140 1139/1139/1139
f 1136/1136/1136 1139/1139/1139 1141/1141/1141
f 1136/1136/1136 1141/1141/1141 1138/1138/1138
f 1141/1141/1141 1144/1144/1144 1140/1140/1140
f 1140/1140/1140 1144/1144/1144 1143/1143/1143
f 1140/1140/1140 1143/1143/1143 1139/1139/1139
f 1139/1139/1139 1143/1143/1143 1142/1142/1142
f 1139/1139/1139 1142/1142/1142 1144/1144/1144
f 1139/1139/1139 1144/1144/1144 1141/1141/1141
f 1144/1144/1144 1147/1147/1147 1143/1143/1143
f 1143/1143/1143 1147/1147/1147 1146/1146/1146
f 1143/1143/1143 1146/1146/1146 1142/1142/1142
f 1142/1142/1142 1146/1146/1146 1145/1145/1145
f 1142/1142/1142 1145/1145/1145 1147/1147/1147
f 1142/1142/1142 1147/1147/1147 1144/1144/1144
f 1147/1147/1147 1150/1150/1150 1146/1146/1146
f 1146/1146/1146 1150/1150/1150 1149/1149/1149
f 1146/1146/1146 1149/1149/1149 1145/1145/1145
f 1145/1145/1145 1149/1149/1149 1148/1148/1148
f 1145/1145/1145 1148/1148/1148 1150/1150/1150
f 1145/1145/1145 1150/1150/1150 1147/1147/1147
f 1150/1150/1150 1153/1153/1153 1149/1149/1149
f 1149/1149/1149 1153/1153/1153 1152/1152/1152
f 1149/1149/1149 1152/1152/1152 1148/1148/1148
f 1148/1148/1148 1152/1152/1152 1151/1151/1151
f 1148/1148/1148 1151/1151/1151 1153/1153/1153
f 1148/1148/1148 1153/1153/1153 1150/1150/1150
f 1153/1153/1153 1156/1156/1156 1152/1152/1152
f 1152/1152/1152 1156/1156/1156 1155/1155/1155
f 1152/1152/1152 1155/1155/1155 1151/1151/1151
f 1151/1151/1151 1155/1155/1155 1154/1154/1154
f 1151/1151/1151 1154/1154/1154 1156/1156/1156
f 1151/1151/1151 1156/1156/1156 1153/1153/1153
f 1156/1156/1156 1159/1159/1159 1155/1155/1155
f 1155/1155/1155 1159/1159/1159 1158/1158/1158
f 1155/1155/1155 1158/1158/1158 1154/1154/1154
f 1154/1154/1154 1158/1158/1158 1157/1157/1157
f 1154/1154/1154 1157/1157/1157 1159/1159/1159
f 1154/1154/1154 1159/1159/1159 1156/1156/1156
f 1159/1159/1159 1162/1162/1162 1158/1158/1158
f 1158/1158/1158 1162/1162/1162 1161/1161/1161
f 1158/1158/1158 1161/1161/1161 1157/1157/1157
f 1157/1157/1157 1161/1161/1161 1160/1160/1160
f 1157/1157/1157 1160/1160/1160 1162/1162/1162
f 1157/1157/1157 1162/1162/1162 1159/1159/1159
f 1162/1162/1162 1165/1165/1165 1161/1161/1161
f 1161/1161/1161 1165/1165/1165 1164/1164/1164
f 1161/1161/1161 1164/1164/1164 1160/1160/1160
f 1160/1160/1160 1164/1164/1164 1163/1163/1163
f 1160/1160/1160 1163/1163/1163 1165/1165/1165
f 1160/1160/1160 1165/1165/1165 1162/1162/1162
f 1165/1165/1165 1168/1168/1168 1164/1164/1164
f 1164/1164/1164 1168/1168/1168 1167/1167/1167
f 1164/1164/1164 1167/1167/1167 1163/1163/1163
f 1163/1163/1163 1167/1167/1167 1166/1166/1166
f 1163/1163/1163 1166/1166/1166 1168/1168/1168
f 1163/1163/1163 1168/1168/1168 1165/1165/1165
f 1168/1168/1168 1171/1171/1171 1167/1167/1167
f 1167/1167/1167 1171/1171/1171 1170/1170/1170
f 1167/1167/1167 1170/1170/1170 1166/1166/1166
f 1166/1166/1166 1170/1170/1170 1169/1169/1169
f 1166/1166/1166 1169/1169/1169 1171/1171/1171
f 1166/1166/1166 1171/1171/1171 1168/1168/1168
f 1171/1171/1171 1174/1174/1174 1170/1170/1170
f 1170/1170/1170 1174/1174/1174 1173/1173/1173
f 1170/1170/1170 1173/1173/1173 1169/1169/1169
f 1169/1169/1169 1173/1173/1173 1172/1172/1172
f 1169/1169/1169 1172/1172/1172 1174/1174/1174
f 1169/1169/1169 1174/1174/1174 1171/1171/1171
f 1174/1174/1174 1177/1177/1177 1173/1173/1173
f 1173/1173/1173 1177/1177/1177 1176/1176/1176
f 1173/1173/1173 1176/1176/1176 1172/1172/1172
f 1172/1172/1172 1176/1176/1176 1175/1175/1175
f 1172/1172/1172 1175/1175/1175 1177/1177/1177
f 1172/1172/1172 1177/1177/1177 1174/1174/1174
f 1177/1177/1177 1180/1180/1180 1176/1176/1176
f 1176/1176/1176 1180/1180/1180 1179/1179/1179
f 1176/1176/1176 1179/1179/1179 1175/1175/1175
f 1175/1175/1175 1179/1179/1179 1178/1178/1178
f 1175/1175/1175 1178/1178/1178 1180/1180/1180
f 1175/1175/1175 1180/1180/1180 1177/1177/1177
f 1180/1180/1180 1183/1183/1183 1179/1179/1179
f 1179/1179/1179 1183/1183/1183 1182/1182/1182
f 1179/1179/1179 1182/1182/1182 1178/1178/1178
f 1178/1178/1178 1182/1182/1182 1181/1181/1181
f 1178/1178/1178 1181/1181/1181 1183/1183/1183
f 1178/1178/1178 1183/1183/1183 1180/1180/1180
f 1183/1183/1183 1186/1186/1186 1182/1182/1182
f 1182/1182/1182 1186/1186/1186 1185/1185/1185
f 1182/1182/1182 1185/1185/1185 1181/1181/1181
f 1181/1181/1181 1185/1185/1185 1184/1184/1184
f 1181/1181/1181 1184/1184/1184 1186/1186/1186
f 1181/1181/1181 1186/1186/1186 1183/1183/1183
f 1186/1186/1186 1189/1189/1189 1185/1185/1185
f 1185/1185/1185 1189/1189/1189 1188/1188/1188
f 1185/1185/1185 1188/1188/1188 1184/1184/1184
f 1184/1184/1184 1188/1188/1188 1187/1187/1187
f 1184/1184/1184 1187/1187/1187 1189/1189/1189
f 1184/1184/1184 1189/1189/1189 1186/1186/1186
f 1189/1189/1189 1192/1192/1192 1188/1188/1188
f 1188/1188/1188 1192/1192/1192 1191/1191/1191
f 1188/1188/1188 1191/1191/1191 1187/1187/1187
f 1187/1187/1187 1191/1191/1191 1190/1190/1190
f 1187/1187/1187 1190/1190/1190 1192/1192/1192
f 1187/1187/1187 1192/1192/1192 1189/1189/1189
f 1192/1192/1192 1195/1195/1195 1191/1191/1191
f 1191/1191/1191 1195/1195/1195 1194/1194/1194
f 1191/1191/1191 1194/1194/1194 1190/1190/1190
f 1190/1190/1190 1194/1194/1194 1193/1193/1193
f 1190/1190/1190 1193/1193/1193 1195/1195/1195
f 1190/1190/1190 1195/1195/1195 1192/1192/1192
f 1195/1195/1195 1198/1198/1198 1194/1194/1194
f 1194/1194/1194 1198/1198/1198 1197/1197/1197
f 1194/1194/1194 1197/1197/1197 1193/1193/1193
f 1193/1193/1193 1197/1197/1197 1196/1196/1196
f 1193/1193/1193 1196/1196/1196 1198/1198/1198
f 1193/1193/1193 1198/1198/1198 1195/1195/1195
f 1198/1198/1198 1201/1201/1201 1197/1197/1197
f 1197/1197/1197 1201/1201/1201 1200/1200/1200
f 1197/1197/1197 1200/1200/1200 1196/1196/1196
f 1196/1196/1196 1200/1200/1200 1199/1199/1199
f 1196/1196/1196 1199/1199/1199 1201/1201/1201
f 1196/1196/1196 1201/1201/1201 1198/1198/1198
f 1201/1201/1201 1204/1204/1204 1200/1200/1200
f 1200/1200/1200 1204/1204/1204 1203/1203/1203
f 1200/1200/1200 1203/1203/1203 1199/1199/1199
f 1199/1199/1199 1203/1203/1203 1202/1202/1202
f 1199/1199/1199 1202/1202/1202 1204/1204/1204
f 1199/1199/1199 1204/1204/1204 1201/1201/1201
f 1204/1204/1204 1207/1207/1207 1203/1203/1203
f 1203/1203/1203 1207/1207/1207 1206/1206/1206
f 1203/1203/1203 1206/1206/1206 1202/1202/1202
f 1202/1202/1202 1206/1206/1206 1205/1205/1205
f 1202/1202/1202 1205/1205/1205 1207/1207/1207
f 1202/1202/1202 1207/1207/1207 1204/1204/1204
f 1210/1210/1210 1213/1213/1213 1209/1209/1209
f 1209/1209/1209 1213/1213/1213 1212/1212/1212
f 1209/1209/1209 1212/1212/1212 1208/1208/1208
f 1208/1208/1208 1212/1212/1212 1211/1211/1211
f 1208/1208/1208 1211/1211/1211 1213/1213/1213
f 1208/1208/1208 1213/1213/1213 1210/1210/1210
f 1213/1213/1213 1216/1216/1216 1212/1212/1212
f 1212/1212/1212 1216/1216/1216 1215/1215/1215
f 1212/1212/1212 1215/1215/1215 1211/1211/1211
f 1211/1211/1211 1215/1215/1215 1214/1214/1214
f 1211/1211/1211 1214/1214/1214 1216/1216/1216
f 1211/1211/1211 1216/1216/1216 1213/1213/1213
f 1216/1216/1216 1219/1219/1219 1215/1215/1215
f 1215/1215/1215 1219/1219/1219 1218/1218/1218
f 1215/1215/1215 1218/1218/1218 1214/1214/1214
f 1214/1214/1214 1218/1218/1218 1217/1217/1217
f 1214/1214/1214 1217/1217/1217 1219/1219/1219
f 1214/1214/1214 1219/1219/1219 1216/1216/1216
f 1219/1219/1219 1222/1222/1222 1218/1218/1218
f 1218/1218/1218 1222/1222/1222 1221/1221/1221
f 1218/1218/1218 1221/1221/1221 1217/1217/1217
f 1217/1217/1217 1221/1221/1221 1220/1220/1220
f 1217/1217/1217 1220/1220/1220 1222/1222/1222
f 1217/1217/1217 1222/1222/1222 1219/1219/1219
f 1222/1222/1222 1225/1225/1225 1221/1221/1221
f 1221/1221/1221 1225/1225/1225 1224/1224/1224
f 1221/1221/1221 1224/1224/1224 1220/1220/1220
f 1220/1220/1220 1224/1224/1224 1223/1223/1223
f 1220/1220/1220 1223/1223/1223 1225/1225/1225
f 1220/1220/1220 1225/1225/1225 1222/1222/1222
f 1225/1225/1225 1228/1228/1228 1224/1224/1224
f 1224/1224/1224 1228/1228/1228 1227/1227/1227
f 1224/1224/1224 1227/1227/1227 1223/1223/1223
f 1223/1223/1223 1227/1227/1227 1226/1226/1226
f 1223/1223/1223 1226/1226/1226 1228/1228/1228
f 1223/1223/1223 1228/1228/1228 1225/1225/1225
f 1228/1228/1228 1231/1231/1231 1227/1227/1227
f 1227/1227/1227 1231/1231/1231 1230/1230/1230
f 1227/1227/1227 1230/1230/1230 1226/1226/1226
f 1226/1226/1226 1230/1230/1230 1229/1229/1229
f 1226/1226/1226 1229/1229/1229 1231/1231/1231
f 1226/1226/1226 1231/1231/1231 1228/1228/1228
f 1231/1231/1231 1234/1234/1234 1230/1230/1230
f 1230/1230/1230 1234/1234/1234 1233/1233/1233
f 1230/1230/1230 1233/1233/1233 1229/1229/1229
f 1229/1229/1229 1233/1233/1233 1232/1232/1232
f 1229/1229/1229 1232/1232/1232 1234/1234/1234
f 1229/1229/1229 1234/1234/1234 1231/1231/1231
f 1234/1234/1234 1237/1237/1237 1233/1233/1233
f 1233/1233/1233 1237/1237/1237 1236/1236/1236
f 1233/1233/1233 1236/1236/1236 1232/1232/1232
f 1232/1232/1232 1236/1236/1236 1235/1235/1235
f 1232/1232/1232 1235/1235/1235 1237/1237/1237
f 1232/1232/1232 1237/1237/1237 1234/1234/1234
f 1237/1237/1237 1240/1240/1240 1236/1236/1236
f 1236/1236/1236 1240/1240/1240 1239/1239/1239
f 1236/1236/1236 1239/1239/1239 1235/1235/1235
f 1235/1235/1235 1239/1239/1239 1238/1238/1238
f 1235/1235/1235 1238/1238/1238 1240/1240/1240
f 1235/1235/1235 1240/1240/1240 1237/1237/1237
f 1240/1240/1240 1243/1243/1243 1239/1239/1239
f 1239/1239/1239 1243/1243/1243 1242/1242/1242
f 1239/1239/1239 1242/1242/1242 1238/1238/1238
f 1238/1238/1238 1242/1242/1242 1241/1241/1241
f 1238/1238/1238 1241/1241/1241 1243/1243/1243
f 1238/1238/1238 1243/1243/1243 1240/1240/1240
f 1243/1243/1243 1246/1246/1246 1242/1242/1242
f 1242/1242/1242 1246/1246/1246 1245/1245/1245
f 1242/1242/1242 1245/1245/1245 1241/1241/1241
f 1241/1241/1241 1245/1245/1245 1244/1244/1244
f 1241/1241/1241 1244/1244/1244 1246/1246/1246
f 1241/1241/1241 1246/1246/1246 1243/1243/1243
f 1246/1246/1246 1249/1249/1249 1245/1245/1245
f 1245/1245/1245 1249/1249/1249 1248/1248/1248
f 1245/1245/1245 1248/1248/1248 1244/1244/1244
f 1244/1244/1244 1248/1248/1248 1247/1247/1247
f 1244/1244/1244 1247/1247/1247 1249/1249/1249
f 1244/1244/1244 1249/1249/1249 1246/1246/1246
f 1249/1249/1249 1252/1252/1252 1248/1248/1248
f 1248/1248/1248 1252/1252/1252 1251/1251/1251
f 1248/1248/1248 1251/1251/1251 1247/1247/1247
f 1247/1247/1247 1251/1251/1251 1250/1250/1250
f 1247/1247/1247 1250/1250/1250 1252/1252/1252
f 1247/1247/1247 1252/1252/1252 1249/1249/1249
f 1252/1252/1252 1255/1255/1255 1251/1251/1251
f 1251/1251/1251 1255/1255/1255 1254/1254/1254
f 1251/1251/1251 1254/1254/1254 1250/1250/1250
f 1250/1250/1250 1254/1254/1254 1253/1253/1253
f 1250/1250/1250 1253/1253/1253 1255/1255/1255
f 1250/1250/1250 1255/1255/1255 1252/1252/1252
f 1255/1255/1255 1258/1258/1258 1254/1254/1254
f 1254/1254/1254 1258/1258/1258 1257/1257/1257
f 1254/1254/1254 1257/1257/1257 1253/1253/1253
f 1253/1253/1253 1257/1257/1257 1256/1256/1256
f 1253/1253/1253 1256/1256/1256 1258/1258/1258
f 1253/1253/1253 1258/1258/1258 1255/1255/1255
f 1258/1258/1258 1261/1261/1261 1257/1257/1257
f 1257/1257/1257 1261/1261/1261 1260/1260/1260
f 1257/1257/1257 1260/1260/1260 1256/1256/1256
f 1256/1256/1256 1260/1260/1260 1259/1259/1259
f 1256/1256/1256 1259/1259/1259 1261/1261/1261
f 1256/1256/1256 1261/1261/1261 1258/1258/1258
f 1261/1261/1261 1264/1264/1264 1260/1260/1260
f 1260/1260/1260 1264/1264/1264 1263/1263/1263
f 1260/1260/1260 1263/1263/1263 1259/1259/1259
f 1259/1259/1259 1263/1263/1263 1262/1262/1262
f 1259/1259/1259 1262/1262/1262 1264/1264/1264
f 1259/1259/1259 1264/1264/1264 1261/1261/1261
f 1264/1264/1264 1267/1267/1267 1263/1263/1263
f 1263/1263/1263 1267/1267/1267 1266/1266/1266
f 1263/1263/1263 1266/1266/1266 1262/1262/1262
f 1262/1262/1262 1266/1266/1266 1265/1265/1265
f 1262/1262/1262 1265/1265/1265 1267/1267/1267
f 1262/1262/1262 1267/1267/1267 1264/1264/1264
f 1267/1267/1267 1270/1270/1270 1266/1266/1266
f 1266/1266/1266 1270/1270/1270 1269/1269/1269
f 1266/1266/1266 1269/1269/1269 1265/1265/1265
f 1265/1265/1265 1269/1269/1269 1268/1268/1268
f 1265/1265/1265 1268/1268/1268 1270/1270/1270
f 1265/1265/1265 1270/1270/1270 1267/1267/1267
f 1270/1270/1270 1273/1273/1273 1269/1269/1269
f 1269/1269/1269 1273/1273/1273 1272/1272/1272
f 1269/1269/1269 1272/1272/1272 1268/1268/1268
f 1268/1268/1268 1272/1272/1272 1271/1271/1271
f 1268/1268/1268 1271/1271/1271 1273/1273/1273
f 1268/1268/1268 1273/1273/1273 1270/1270/1270
f 1273/1273/1273 1276/1276/1276 1272/1272/1272
f 1272/1272/1272 1276/1276/1276 1275/1275/1275
f 1272/1272/1272 1275/1275/1275 1271/1271/1271
f 1271/1271/1271 1275/1275/1275 1274/1274/1274
f 1271/1271/1271 1274/1274/1274 1276/1276/1276
f 1271/1271/1271 1276/1276/1276 1273/1273/1273
f 1276/1276/1276 1279/1279/1279 1275/1275/1275
f 1275/1275/1275 1279/1279/1279 1278/1278/1278
f 1275/1275/1275 1278/1278/1278 1274/1274/1274
f 1274/1274/1274 1278/1278/1278 1277/1277/1277
f 1274/1274/1274 1277/1277/1277 1279/1279/1279
f 1274/1274/1274 1279/1279/1279 1276/1276/1276
f 1279/1279/1279 1282/1282/1282 1278/1278/1278
f 1278/1278/1278 1282/1282/1282 1281/1281/1281
f 1278/1278/1278 1281/1281/1281 1277/1277/1277
f 1277/1277/1277 1281/1281/1281 1280/1280/1280
f 1277/1277/1277 1280/1280/1280 1282/1282/1282
f 1277/1277/1277 1282/1282/1282 1279/1279/1279
f 1282/1282/1282 1285/1285/1285 1281/1281/1281
f 1281/1281/1281 1285/1285/1285 1284/1284/1284
f 1281/1281/1281 1284/1284/1284 1280/1280/1280
f 1280/1280/1280 1284/1284/1284 1283/1283/1283
f 1280/1280/1280 1283/1283/1283 1285/1285/1285
f 1280/1280/1280 1285/1285/1285 1282/1282/1282
f 1285/1285/1285 1288/1288/1288 1284/1284/1284
f 1284/1284/1284 1288/1288/1288 1287/1287/1287
f 1284/1284/1284 1287/1287/1287 1283/1283/1283
f 1283/1283/1283 1287/1287/1287 1286/1286/1286
f 1283/1283/1283 1286/1286/1286 1288/1288/1288
f 1283/1283/1283 1288/1288/1288 1285/1285/1285
f 1288/1288/1288 1291/1291/1291 1287/1287/1287
f 1287/1287/1287 1291/1291/1291 1290/1290/1290
f 1287/1287/1287 1290/1290/1290 1286/1286/1286
f 1286/1286/1286 1290/1290/1290 1289/1289/1289
f 1286/1286/1286 1289/1289/1289 1291/1291/1291
f 1286/1286/1286 1291/1291/1291 1288/1288/1288
f 1291/1291/1291 1294/1294/1294 1290/1290/1290
f 1290/1290/1290 1294/1294/1294 1293/1293/1293
f 1290/1290/1290 1293/1293/1293 1289/1289/1289
f 1289/1289/1289 1293/1293/1293 1292/1292/1292
f 1289/1289/1289 1292/1292/1292 1294/1294/1294
f 1289/1289/1289 1294/1294/1294 1291/1291/1291
f 1294/1294/1294 1297/1297/1297 1293/1293/1293
f 1293/1293/1293 1297/1297/1297 1296/1296/1296
f 1293/1293/1293 1296/1296/1296 1292/1292/1292
f 1292/1292/1292 1296/1296/1296 1295/1295/1295
f 1292/1292/1292 1295/1295/1295 1297/1297/1297
f 1292/1292/1292 1297/1297/1297 1294/1294/1294
f 1297/1297/1297 1300/1300/1300 1296/1296/1296
f 1296/1296/1296 1300/1300/1300 1299/1299/1299
f 1296/1296/1296 1299/1299/1299 1295/1295/1295
f 1295/1295/1295 1299/1299/1299 1298/1298/1298
f 1295/1295/1295 1298/1298/1298 1300/1300/1300
f 1295/1295/1295 1300/1300/1300 1297/1297/1297
f 1300/1300/1300 1303/1303/1303 1299/1299/1299
f 1299/1299/1299 1303/1303/1303 1302/1302/1302
f 1299/1299/1299 1302/1302/1302 1298/1298/1298
f 1298/1298/1298 1302/1302/1302 1301/1301/1301
f 1298/1298/1298 1301/1301/1301 1303/1303/1303
f 1298/1298/1298 1303/1303/1303 1300/1300/1300
f 1303/1303/1303 1306/1306/1306 1302/1302/1302
f 1302/1302/1302 1306/1306/1306 1305/1305/1305
f 1302/1302/1302 1305/1305/1305 1301/1301/1301
f 1301/1301/1301 1305/1305/1305 1304/1304/1304
f 1301/1301/1301 1304/1304/1304 1306/1306/1306
f 1301/1301/1301 1306/1306/1306 1303/1303/1303
f 1306/1306/1306 1309/1309/1309 1305/1305/1305
f 1305/1305/1305 1309/1309/1309 1308/1308/1308
f 1305/1305/1305 1308/1308/1308 1304/1304/1304
f 1304/1304/1304 1308/1308/1308 1307/1307/1307
f 1304/1304/1304 1307/1307/1307 1309/1309/1309
f 1304/1304/1304 1309/1309/1309 1306/1306/1306
f 1309/1309/1309 1312/1312/1312 1308/1308/1308
f 1308/1308/1308 1312/1312/1312 1311/1311/1311
f 1308/1308/1308 1311/1311/1311 1307/1307/1307
f 1307/1307/1307 1311/1311/1311 1310/1310/1310
f 1307/1307/1307 1310/1310/1310 1312/1312/1312
f 1307/1307/1307 1312/1312/1312 1309/1309/1309
f 1312/1312/1312 1315/1315/1315 1311/1311/1311
f 1311/1311/1311 1315/1315/1315 1314/1314/1314
f 1311/1311/1311 1314/1314/1314 1310/1310/1310
f 1310/1310/1310 1314/1314/1314 1313/1313/1313
f 1310/1310/1310 1313/1313/1313 1315/1315/1315
f 1310/1310/1310 1315/1315/1315 1312/1312/1312
f 1318/1318/1318 1321/1321/1321 1317/1317/1317
f 1317/1317/1317 1321/1321/1321 1320/1320/1320
f 1317/1317/1317 1320/1320/1320 1316/1316/1316
f 1316/1316/1316 1320/1320/1320 1319/1319/1319
f 1316/1316/1316 1319/1319/1319 1321/1321/1321
f 1316/1316/1316 1321/1321/1321 1318/1318/1318
f 1321/1321/1321 1324/1324/1324 1320/1320/1320
f 1320/1320/1320 1324/1324/1324 1323/1323/1323
f 1320/1320/1320 1323/1323/1323 1319/1319/1319
f 1319/1319/1319 1323/1323/1323 1322/1322/1322
f 1319/1319/1319 1322/1322/1322 1324/1324/1324
f 1319/1319/1319 1324/1324/1324 1321/1321/1321
f 1324/1324/1324 1327/1327/1327 1323/1323/1323
f 1323/1323/1323 1327/1327/1327 1326/1326/1326
f 1323/1323/1323 1326/1326/1326 1322/1322/1322
f 1322/1322/1322 1326/1326/1326 1325/1325/1325
f 1322/1322/1322 1325/1325/1325 1327/1327/1327
f 1322/1322/1322 1327/1327/1327 1324/1324/1324
f 1327/1327/1327 1330/1330/1330 1326/1326/1326
f 1326/1326/1326 1330/1330/1330 1329/1329/1329
f 1326/1326/1326 1329/1329/1329 1325/1325/1325
f 1325/1325/1325 1329/1329/1329 1328/1328/1328
f 1325/1325/1325 1328/1328/1328 1330/1330/1330
f 1325/1325/1325 1330/1330/1330 1327/1327/1327
f 1330/1330/1330 1333/1333/1333 1329/1329/1329
f 1329/1329/1329 1333/1333/1333 1332/1332/1332
f 1329/1329/1329 1332/1332/1332 1328/1328/1328
f 1328/1328/1328 1332/1332/1332 1331/1331/1331
f 1328/1328/1328 1331/1331/1331 1333/1333/1333
f 1328/1328/1328 1333/1333/1333 1330/1330/1330
f 1333/1333/1333 1336/1336/1336 1332/1332/1332
f 1332/1332/1332 1336/1336/1336 1335/1335/1335
f 1332/1332/1332 1335/1335/1335 1331/1331/1331
f 1331/1331/1331 1335/1335/1335 1334/1334/1334
f 1331/1331/1331 1334/1334/1334 1336/1336/1336
f 1331/1331/1331 1336/1336/1336 1333/1333/1333
f 1336/1336/1336 1339/1339/1339 1335/1335/1335
f 1335/1335/1335 1339/1339/1339 1338/1338/1338
f 1335/1335/1335 1338/1338/1338 1334/1334/1334
f 1334/1334/1334 1338/1338/1338 1337/1337/1337
f 1334/1334/1334 1337/1337/1337 1339/1339/1339
f 1334/1334/1334 1339/1339/1339 1336/1336/1336
f 1339/1339/1339 1342/1342/1342 1338/1338/1338
f 1338/1338/1338 1342/1342/1342 1341/1341/1341
f 1338/1338/1338 1341/1341/1341 1337/1337/1337
f 1337/1337/1337 1341/1341/1341 1340/1340/1340
f 1337/1337/1337 1340/1340/1340 1342/1342/1342
f 1337/1337/1337 1342/1342/1342 1339/1339/1339
f 1342/1342/1342 1345/1345/1345 1341/1341/1341
f 1341/1341/1341 1345/1345/1345 1344/1344/1344
f 1341/1341/1341 1344/1344/1344 1340/1340/1340
f 1340/1340/1340 1344/1344/1344 1343/1343/1343
f 1340/1340/1340 1343/1343/1343 1345/1345/1345
f 1340/1340/1340 1345/1345/1345 1342/1342/1342
f 1345/1345/1345 1348/1348/1348 1344/1344/1344
f 1344/1344/1344 1348/1348/1348 1347/1347/1347
f 1344/1344/1344 1347/1347/1347 1343/1343/1343
f 1343/1343/1343 1347/1347/1347 1346/1346/1346
f 1343/1343/1343 1346/1346/1346 1348/1348/1348
f 1343/1343/1343 1348/1348/1348 1345/1345/1345
f 1348/1348/1348 1351/1351/1351 1347/1347/1347
f 1347/1347/1347 1351/1351/1351 1350/1350/1350
f 1347/1347/1347 1350/1350/1350 1346/1346/1346
f 1346/1346/1346 1350/1350/1350 1349/1349/1349
f 1346/1346/1346 1349/1349/1349 1351/1351/1351
f 1346/1346/1346 1351/1351/1351 1348/1348/1348
f 1351/1351/1351 1354/1354/1354 1350/1350/1350
f 1350/1350/1350 1354/1354/1354 1353/1353/1353
f 1350/1350/1350 1353/1353/1353 1349/1349/1349
f 1349/1349/1349 1353/1353/1353 1352/1352/1352
f 1349/1349/1349 1352/1352/1352 1354/1354/1354
f 1349/1349/1349 1354/1354/1354 1351/1351/1351
f 1354/1354/1354 1357/1357/1357 1353/1353/1353
f 1353/1353/1353 1357/1357/1357 1356/1356/1356
f 1353/1353/1353 1356/1356/1356 1352/1352/1352
f 1352/1352/1352 1356/1356/1356 1355/1355/1355
f 1352/1352/1352 1355/1355/1355 1357/1357/1357
f 1352/1352/1352 1357/1357/1357 1354/1354/1354
f 1357/1357/1357 1360/1360/1360 1356/1356/1356
f 1356/1356/1356 1360/1360/1360 1359/1359/1359
f 1356/1356/1356 1359/1359/1359 1355/1355/1355
f 1355/1355/1355 1359/1359/1359 1358/1358/1358
f 1355/1355/1355 1358/1358/1358 1360/1360/1360
f 1355/1355/1355 1360/1360/1360 1357/1357/1357
f 1360/1360/1360 1363/1363/1363 1359/1359/1359
f 1359/1359/1359 1363/1363/1363 1362/1362/1362
f 1359/1359/1359 1362/1362/1362 1358/1358/1358
f 1358/1358/1358 1362/1362/1362 1361/1361/1361
f 1358/1358/1358 1361/1361/1361 1363/1363/1363
f 1358/1358/1358 1363/1363/1363 1360/1360/1360
f 1363/1363/1363 1366/1366/1366 1362/1362/1362
f 1362/1362/1362 1366/1366/1366 1365/1365/1365
f 1362/1362/1362 1365/1365/1365 1361/1361/1361
f 1361/1361/1361 1365/1365/1365 1364/1364/1364
f 1361/1361/1361 1364/1364/1364 1366/1366/1366
f 1361/1361/1361 1366/1366/1366 1363/1363/1363
f 1366/1366/1366 1369/1369/1369 1365/1365/1365
f 1365/1365/1365 1369/1369/1369 1368/1368/1368
f 1365/1365/1365 1368/1368/1368 1364/1364/1364
f 1364/1364/1364 1368/1368/1368 1367/1367/1367
f 1364/1364/1364 1367/1367/1367 1369/1369/1369
f 1364/1364/1364 1369/1369/1369 1366/1366/1366
f 1369/1369/1369 1372/1372/1372 1368/1368/1368
f 1368/1368/1368 1372/1372/1372 1371/1371/1371
f 1368/1368/1368 1371/1371/1371 1367/1367/1367
f 1367/1367/1367 1371/1371/1371 1370/1370/1370
f 1367/1367/1367 1370/1370/1370 1372/1372/1372
f 1367/1367/1367 1372/1372/1372 1369/1369/1369
f 1372/1372/1372 1375/1375/1375 1371/1371/1371
f 1371/1371/1371 1375/1375/1375 1374/1374/1374
f 1371/1371/1371 1374/1374/1374 1370/1370/1370
f 1370/1370/1370 1374/1374/1374 1373/1373/1373
f 1370/1370/1370 1373/1373/1373 1375/1375/1375
f 1370/1370/1370 1375/1375/1375 1372/1372/1372
f 1375/1375/1375 1378/1378/1378 1374/1374/1374
f 1374/1374/1374 1378/1378/1378 1377/1377/1377
f 1374/1374/1374 1377/1377/1377 1373/1373/1373
f 1373/1373/1373 1377/1377/1377 1376/1376/1376
f 1373/1373/1373 1376/1376/1376 1378/1378/1378
f 1373/1373/1373 1378/1378/1378 1375/1375/1375
f 1378/1378/1378 1381/1381/1381 1377/1377/1377
f 1377/1377/1377 1381/1381/1381 1380/1380/1380
f 1377/1377/1377 1380/1380/1380 1376/1376/1376
f 1376/1376/1376 1380/1380/1380 1379/1379/1379
f 1376/1376/1376 1379/1379/1379 1381/1381/1381
f 1376/1376/1376 1381/1381/1381 1378/1378/1378
f 1381/1381/1381 1384/1384/1384 1380/1380/1380
f 1380/1380/1380 1384/1384/1384 1383/1383/1383
f 1380/1380/1380 1383/1383/1383 1379/1379/1379
f 1379/1379/1379 1383/1383/1383 1382/1382/1382
f 1379/1379/1379 1382/1382/1382 1384/1384/1384
f 1379/1379/1379 1384/1384/1384 1381/1381/1381
f 1384/1384/1384 1387/1387/1387 1383/1383/1383
f 1383/1383/1383 1387/1387/1387 1386/1386/1386
f 1383/1383/1383 1386/1386/1386 1382/1382/1382
f 1382/1382/1382 1386/1386/1386 1385/1385/1385
f 1382/1382/1382 1385/1385/1385 1387/1387/1387
f 1382/1382/1382 1387/1387/1387 1384/1384/1384
f 1387/1387/1387 1390/1390/1390 1386/1386/1386
f 1386/1386/1386 1390/1390/1390 1389/1389/1389
f 1386/1386/1386 1389/1389/1389 1385/1385/1385
f 1385/1385/1385 1389/1389/1389 1388/1388/1388
f 1385/1385/1385 1388/1388/1388 1390/1390/1390
f 1385/1385/1385 1390/1390/1390 1387/1387/1387
f 1390/1390/1390 1393/1393/1393 1389/1389/1389
f 1389/1389/1389 1393/1393/1393 1392/1392/1392
f 1389/1389/1389 1392/1392/1392 1388/1388/1388
f 1388/1388/1388 1392/1392/1392 1391/1391/1391
f 1388/1388/1388 1391/1391/1391 1393/1393/1393
f 1388/1388/1388 1393/1393/1393 1390/1390/1390
f 1393/1393/1393 1396/1396/1396 1392/1392/1392
f 1392/1392/1392 1396/1396/1396 1395/1395/1395
f 1392/1392/1392 1395/1395/1395 1391/1391/1391
f 1391/1391/1391 1395/1395/1395 1394/1394/1394
f 1391/1391/1391 1394/1394/1394 1396/1396/1396
f 1391/1391/1391 1396/1396/1396 1393/1393/1393
f 1396/1396/1396 1399/1399/1399 1395/1395/1395
f 1395/1395/1395 1399/1399/1399 1398/1398/1398
f 1395/1395/1395 1398/1398/1398 1394/1394/1394
f 1394/1394/1394 1398/1398/1398 1397/1397/1397
f 1394/1394/1394 1397/1397/1397 1399/1399/1399
f 1394/1394/1394 1399/1399/1399 1396/1396/1396
f 1399/1399/1399 1402/1402/1402 1398/1398/1398
f 1398/1398/1398 1402/1402/1402 1401/1401/1401
f 1398/1398/1398 1401/1401/1401 1397/1397/1397
f 1397/1397/1397 1401/1401/1401 1400/1400/1400
f 1397/1397/1397 1400/1400/1400 1402/1402/1402
f 1397/1397/1397 1402/1402/1402 1399/1399/1399
f 1402/1402/1402 1405/1405/1405 1401/1401/1401
f 1401/1401/1401 1405/1405/1405 1404/1404/1404
f 1401/1401/1401 1404/1404/1404 1400/1400/1400
f 1400/1400/1400 1404/1404/1404 1403/1403/1403
f 1400/1400/1400 1403/1403/1403 1405/1405/1405
f 1400/1400/1400 1405/1405/1405 1402/1402/1402
f 1405/1405/1405 1408/1408/1408 1404/1404/1404
f 1404/1404/1404 1408/1408/1408 1407/1407/1407
f 1404/1404/1404 1407/1407/1407 1403/1403/1403
f 1403/1403/1403 1407/1407/1407 1406/1406/1406
f 1403/1403/1403 1406/1406/1406 1408/1408/1408
f 1403/1403/1403 1408/1408/1408 1405/1405/1405
f 1408/1408/1408 1411/1411/1411 1407/1407/1407
f 1407/1407/1407 1411/1411/1411 1410/1410/1410
f 1407/1407/1407 1410/1410/1410 1406/1406/1406
f 1406/1406/1406 1410/1410/1410 1409/1409/1409
f 1406/1406/1406 1409/1409/1409 1411/1411/1411
f 1406/1406/1406 1411/1411/1411 1408/1408/1408
f 1411/1411/1411 1414/1414/1414 1410/1410/1410
f 1410/1410/1410 1414/1414/1414 1413/1413/1413
f 1410/1410/1410 1413/1413/1413 1409/1409/1409
f 1409/1409/1409 1413/1413/1413 1412/1412/1412
f 1409/1409/1409 1412/1412/1412 1414/1414/1414
f 1409/1409/1409 1414/1414/1414 1411/1411/1411
f 1414/1414/1414 1417/1417/1417 1413/1413/1413
f 1413/1413/1413 1417/1417/1417 1416/1416/1416
f 1413/1413/1413 1416/1416/1416 1412/1412/1412
f 1412/1412/1412 1416/1416/1416 1415/1415/1415
f 1412/1412/1412 1415/1415/1415 1417/1417/1417
f 1412/1412/1412 1417/1417/1417 1414/1414/1414
f 1420/1420/1420 1423/1423/1423 1419/1419/1419
f 1419/1419/1419 1423/1423/1423 1422/1422/1422
f 1419/1419/1419 1422/1422/1422 1418/1418/1418
f 1418/1418/1418 1422/1422/1422 1421/1421/1421
f 1418/1418/1418 1421/1421/1421 1423/1423/1423
f 1418/1418/1418 1423/1423/1423 1420/1420/1420
f 1423/1423/1423 1426/1426/1426 1422/1422/1422
f 1422/1422/1422 1426/1426/1426 1425/1425/1425
f 1422/1422/1422 1425/1425/1425 1421/1421/1421
f 1421/1421/1421 1425/1425/1425 1424/1424/1424
f 1421/1421/1421 1424/1424/1424 1426/1426/1426
f 1421/1421/1421 1426/1426/1426 1423/1423/1423
f 1426/1426/1426 1429/1429/1429 1425/1425/1425
f 1425/1425/1425 1429/1429/1429 1428/1428/1428
f 1425/1425/1425 1428/1428/1428 1424/1424/1424
f 1424/1424/1424 1428/1428/1428 1427/1427/1427
f 1424/1424/1424 1427/1427/1427 1429/1429/1429
f 1424/1424/1424 1429/1429/1429 1426/1426/1426
f 1429/1429/1429 1432/1432/1432 1428/1428/1428
f 1428/1428/1428 1432/1432/1432 1431/1431/1431
f 1428/1428/1428 1431/1431/1431 1427/1427/1427
f 1427/1427/1427 1431/1431/1431 1430/1430/1430
f 1427/1427/1427 1430/1430/1430 1432/1432/1432
f 1427/1427/1427 1432/1432/1432 1429/1429/1429
f 1432/1432/1432 1435/1435/1435 1431/1431/1431
f 1431/1431/1431 1435/1435/1435 1434/1434/1434
f 1431/1431/1431 1434/1434/1434 1430/1430/1430
f 1430/1430/1430 1434/1434/1434 1433/1433/1433
f 1430/1430/1430 1433/1433/1433 1435/1435/1435
f 1430/1430/1430 1435/1435/1435 1432/1432/1432
f 1435/1435/1435 1438/1438/1438 1434/1434/1434
f 1434/1434/1434 1438/1438/1438 1437/1437/1437
f 1434/1434/1434 1437/1437/1437 1433/1433/1433
f 1433/1433/1433 1437/1437/1437 1436/1436/1436
f 1433/1433/1433 1436/1436/1436 1438/1438/1438
f 1433/1433/1433 1438/1438/1438 1435/1435/1435
f 1438/1438/1438 1441/1441/1441 1437/1437/1437
f 1437/1437/1437 1441/1441/1441 1440/1440/1440
f 1437/1437/1437 1440/1440/1440 1436/1436/1436
f 1436/1436/1436 1440/1440/1440 1439/1439/1439
f 1436/1436/1436 1439/1439/1439 1441/1441/1441
f 1436/1436/1436 1441/1441/1441 1438/1438/1438
f 1441/1441/1441 1444/1444/1444 1440/1440/1440
f 1440/1440/1440 1444/1444/1444 1443/1443/1443
f 1440/1440/1440 1443/1443/1443 1439/1439/1439
f 1439/1439/1439 1443/1443/1443 1442/1442/1442
f 1439/1439/1439 1442/1442/1442 1444/1444/1444
f 1439/1439/1439 1444/1444/1444 1441/1441/1441
f 1444/1444/1444 1447/1447/1447 1443/1443/1443
f 1443/1443/1443 1447/1447/1447 1446/1446/1446
f 1443/1443/1443 1446/1446/1446 1442/1442/1442
f 1442/1442/1442 1446/1446/1446 1445/1445/1445
f 1442/1442/1442 1445/1445/1445 1447/1447/1447
f 1442/1442/1442 1447/1447/1447 1444/1444/1444
f 1447/1447/1447 1450/1450/1450 1446/1446/1446
f 1446/1446/1446 1450/1450/1450 1449/1449/1449
f 1446/1446/1446 1449/1449/1449 1445/1445/1445
f 1445/1445/1445 1449/1449/1449 1448/1448/1448
f 1445/1445/1445 1448/1448/1448 1450/1450/1450
f 1445/1445/1445 1450/1450/1450 1447/1447/1447
f 1450/1450/1450 1453/1453/1453 1449/1449/1449
f 1449/1449/1449 1453/1453/1453 1452/1452/1452
f 1449/1449/1449 1452/1452/1452 1448/1448/1448
f 1448/1448/1448 1452/1452/1452 1451/1451/1451
f 1448/1448/1448 1451/1451/1451 1453/1453/1453
f 1448/1448/1448 1453/1453/1453 1450/1450/1450
f 1453/1453/1453 1456/1456/1456 1452/1452/1452
f 1452/1452/1452 1456/1456/1456 1455/1455/1455
f 1452/1452/1452 1455/1455/1455 1451/1451/1451
f 1451/1451/1451 1455/1455/1455 1454/1454/1454
f 1451/1451/1451 1454/1454/1454 1456/1456/1456
f 1451/1451/1451 1456/1456/1456 1453/1453/1453
f 1456/1456/1456 1459/1459/1459 1455/1455/1455
f 1455/1455/1455 1459/1459/1459 1458/1458/1458
f 1455/1455/1455 1458/1458/1458 1454/1454/1454
f 1454/1454/1454 1458/1458/1458 1457/1457/1457
f 1454/1454/1454 1457/1457/1457 1459/1459/1459
f 1454/1454/1454 1459/1459/1459 1456/1456/1456
f 1459/1459/1459 1462/1462/1462 1458/1458/1458
f 1458/1458/1458 1462/1462/1462 1461/1461/1461
f 1458/1458/1458 1461/1461/1461 1457/1457/1457
f 1457/1457/1457 1461/1461/1461 1460/1460/1460
f 1457/1457/1457 1460/1460/1460 1462/1462/1462
f 1457/1457/1457 1462/1462/1462 1459/1459/1459
f 1462/1462/1462 1465/1465/1465 1461/1461/1461
f 1461/1461/1461 1465/1465/1465 1464/1464/1464
f 1461/1461/1461 1464/1464/1464 1460/1460/1460
f 1460/1460/1460 1464/1464/1464 1463/1463/1463
f 1460/1460/1460 1463/1463/1463 1465/1465/1465
f 1460/1460/1460 1465/1465/1465 1462/1462/1462
f 1465/1465/1465 1468/1468/1468 1464/1464/1464
f 1464/1464/1464 1468/1468/1468 1467/1467/1467
f 1464/1464/1464 1467/1467/1467 1463/1463/1463
f 1463/1463/1463 1467/1467/1467 1466/1466/1466
f 1463/1463/1463 1466/1466/1466 1468/1468/1468
f 1463/1463/1463 1468/1468/1468 1465/1465/1465
f 1468/1468/1468 1471/1471/1471 1467/1467/1467
f 1467/1467/1467 1471/1471/1471 1470/1470/1470
f 1467/1467/1467 1470/1470/1470 1466/1466/1466
f 1466/1466/1466 1470/1470/1470 1469/1469/1469
f 1466/1466/1466 1469/1469/1469 1471/1471/1471
f 1466/1466/1466 1471/1471/1471 1468/1468/1468
f 1471/1471/1471 1474/1474/1474 1470/1470/1470
f 1470/1470/1470 1474/1474/1474 1473/1473/1473
f 1470/1470/1470 1473/1473/1473 1469/1469/1469
f 1469/1469/1469 1473/1473/1473 1472/1472/1472
f 1469/1469/1469 1472/1472/1472 1474/1474/1474
f 1469/1469/1469 1474/1474/1474 1471/1471/1471
f 1474/1474/1474 1477/1477/1477 1473/1473/1473
f 1473/1473/1473 1477/1477/1477 1476/1476/1476
f 1473/1473/1473 1476/1476/1476 1472/1472/1472
f 1472/1472/1472 1476/1476/1476 1475/1475/1475
f 1472/1472/1472 1475/1475/1475 1477/1477/1477
f 1472/1472/1472 1477/1477/1477 1474/1474/1474
f 1477/1477/1477 1480/1480/1480 1476/1476/1476
f 1476/1476/1476 1480/1480/1480 1479/1479/1479
f 1476/1476/1476 1479/1479/1479 1475/1475/1475
f 1475/1475/1475 1479/1479/1479 1478/1478/1478
f 1475/1475/1475 1478/1478/1478 1480/1480/1480
f 1475/1475/1475 1480/1480/1480 1477/1477/1477
f 1480/1480/1480 1483/1483/1483 1479/1479/1479
f 1479/1479/1479 1483/1483/1483 1482/1482/1482
f 1479/1479/1479 1482/1482/1482 1478/1478/1478
f 1478/1478/1478 1482/1482/1482 1481/1481/1481
f 1478/1478/1478 1481/1481/1481 1483/1483/1483
f 1478/1478/1478 1483/1483/1483 1480/1480/1480
f 1483/1483/1483 1486/1486/1486 1482/1482/1482
f 1482/1482/1482 1486/1486/1486 1485/1485/1485
f 1482/1482/1482 1485/1485/1485 1481/1481/1481
f 1481/1481/1481 1485/1485/1485 1484/1484/1484
f 1481/1481/1481 1484/1484/1484 1486/1486/1486
f 1481/1481/1481 1486/1486/1486 1483/1483/1483
f 1486/1486/1486 1489/1489/1489 1485/1485/1485
f 1485/1485/1485 1489/1489/1489 1488/1488/1488
f 1485/1485/1485 1488/1488/1488 1484/1484/1484
f 1484/1484/1484 1488/1488/1488 1487/1487/1487
f 1484/1484/1484 1487/1487/1487 1489/1489/1489
f 1484/1484/1484 1489/1489/1489 1486/1486/1486
f 1489/1489/1489 1492/1492/1492 1488/1488/1488
f 1488/1488/1488 1492/1492/1492 1491/1491/1491
f 1488/1488/1488 1491/1491/1491 1487/1487/1487
f 1487/1487/1487 1491/1491/1491 1490/1490/1490
f 1487/1487/1487 1490/1490/1490 1492/1492/1492
f 1487/1487/1487 1492/1492/1492 1489/1489/1489
f 1492/1492/1492 1495/1495/1495 1491/1491/1491
f 1491/1491/1491 1495/1495/1495 1494/1494/1494
f 1491/1491/1491 1494/1494/1494 1490/1490/1490
f 1490/1490/1490 1494/1494/1494 1493/1493/1493
f 1490/1490/1490 1493/1493/1493 1495/1495/1495
f 1490/1490/1490 1495/1495/1495 1492/1492/1492
f 1495/1495/1495 1498/1498/1498 1494/1494/1494
f 1494/1494/1494 1498/1498/1498 1497/1497/1497
f 1494/1494/1494 1497/1497/1497 1493/1493/1493
f 1493/1493/1493 1497/1497/1497 1496/1496/1496
f 1493/1493/1493 1496/1496/1496 1498/1498/1498
f 1493/1493/1493 1498/1498/1498 1495/1495/1495
f 1498/1498/1498 1501/1501/1501 1497/1497/1497
f 1497/1497/1497 1501/1501/1501 1500/1500/1500
f 1497/1497/1497 1500/1500/1500 1496/1496/1496
f 1496/1496/1496 1500/1500/1500 1499/1499/1499
f 1496/1496/1496 1499/1499/1499 1501/1501/1501
f 1496/1496/1496 1501/1501/1501 1498/1498/1498
f 1501/1501/1501 1504/1504/1504 1500/1500/1500
f 1500/1500/1500 1504/1504/1504 1503/1503/1503
f 1500/1500/1500 1503/1503/1503 1499/1499/1499
f 1499/1499/1499 1503/1503/1503 1502/1502/1502
f 1499/1499/1499 1502/1502/1502 1504/1504/1504
f 1499/1499/1499 1504/1504/1504 1501/1501/1501
f 1504/1504/1504 1507/1507/1507 1503/1503/1503
f 1503/1503/1503 1507/1507/1507 1506/1506/1506
f 1503/1503/1503 1506/1506/1506 1502/1502/1502
f 1502/1502/1502 1506/1506/1506 1505/1505/1505
f 1502/1502/1502 1505/1505/1505 1507/1507/1507
f 1502/1502/1502 1507/1507/1507 1504/1504/1504
f 1507/1507/1507 1510/1510/1510 1506/1506/1506
f 1506/1506/1506 1510/1510/1510 1509/1509/1509
f 1506/1506/1506 1509/1509/1509 1505/1505/1505
f 1505/1505/1505 1509/1509/1509 1508/1508/1508
f 1505/1505/1505 1508/1508/1508 1510/1510/1510
f 1505/1505/1505 1510/1510/1510 1507/1507/1507
f 1510/1510/1510 1513/1513/1513 1509/1509/1509
f 1509/1509/1509 1513/1513/1513 1512/1512/1512
f 1509/1509/1509 1512/1512/1512 1508/1508/1508
f 1508/1508/1508 1512/1512/1512 1511/1511/1511
f 1508/1508/1508 1511/1511/1511 1513/1513/1513
f 1508/1508/1508 1513/1513/1513 1510/1510/1510
f 1516/1516/1516 1519/1519/1519 1515/1515/1515
f 1515/1515/1515 1519/1519/1519 1518/1518/1518
f 1515/1515/1515 1518/1518/1518 1514/1514/1514
f 1514/1514/1514 1518/1518/1518 1517/1517/1517
f 1514/1514/1514 1517/1517/1517 1519/1519/1519
f 1514/1514/1514 1519/1519/1519 1516/1516/1516
f 1519/1519/1519 1522/1522/1522 1518/1518/1518
f 1518/1518/1518 1522/1522/1522 1521/1521/1521
f 1518/1518/1518 1521/1521/1521 1517/1517/1517
f 1517/1517/1517 1521/1521/1521 1520/1520/1520
f 1517/1517/1517 1520/1520/1520 1522/1522/1522
f 1517/1517/1517 1522/1522/1522 1519/1519/1519
f 1522/1522/1522 1525/1525/1525 1521/1521/1521
f 1521/1521/1521 1525/1525/1525 1524/1524/1524
f 1521/1521/1521 1524/1524/1524 1520/1520/1520
f 1520/1520/1520 1524/1524/1524 1523/1523/1523
f 1520/1520/1520 1523/1523/1523 1525/1525/1525
f 1520/1520/1520 1525/1525/1525 1522/1522/1522
f 1525/1525/1525 1528/1528/1528 1524/1524/1524
f 1524/1524/1524 1528/1528/1528 1527/1527/1527
f 1524/1524/1524 1527/1527/1527 1523/1523/1523
f 1523/1523/1523 1527/1527/1527 1526/1526/1526
f 1523/1523/1523 1526/1526/1526 1528/1528/1528
f 1523/1523/1523 1528/1528/1528 1525/1525/1525
f 1528/1528/1528 1531/1531/1531 1527/1527/1527
f 1527/1527/1527 1531/1531/1531 1530/1530/1530
f 1527/1527/1527 1530/1530/1530 1526/1526/1526
f 1526/1526/1526 1530/1530/1530 1529/1529/1529
f 1526/1526/1526 1529/1529/1529 1531/1531/1531
f 1526/1526/1526 1531/1531/1531 1528/1528/1528
f 1531/1531/1531 1534/1534/1534 1530/1530/1530
f 1530/1530/1530 1534/1534/1534 1533/1533/1533
f 1530/1530/1530 1533/1533/1533 1529/1529/1529
f 1529/1529/1529 1533/1533/1533 1532/1532/1532
f 1529/1529/1529 1532/1532/1532 1534/1534/1534
f 1529/1529/1529 1534/1534/1534 1531/1531/1531
f 1534/1534/1534 1537/1537/1537 1533/1533/1533
f 1533/1533/1533 1537/1537/1537 1536/1536/1536
f 1533/1533/1533 1536/1536/1536 1532/1532/1532
f 1532/1532/1532 1536/1536/1536 1535/1535/1535
f 1532/1532/1532 1535/1535/1535 1537/1537/1537
f 1532/1532/1532 1537/1537/1537 1534/1534/1534
f 1537/1537/1537 1540/1540/1540 1536/1536/1536
f 1536/1536/1536 1540/1540/1540 1539/1539/1539
f 1536/1536/1536 1539/1539/1539 1535/1535/1535
f 1535/1535/1535 1539/1539/1539 1538/1538/1538
f 1535/1535/1535 1538/1538/1538 1540/1540/1540
f 1535/1535/1535 1540/1540/1540 1537/1537/1537
f 1540/1540/1540 1543/1543/1543 1539/1539/1539
f 1539/1539/1539 1543/1543/1543 1542/1542/1542
f 1539/1539/1539 1542/1542/1542 1538/1538/1538
f 1538/1538/1538 1542/1542/1542 1541/1541/1541
f 1538/1538/1538 1541/1541/1541 1543/1543/1543
f 1538/1538/1538 1543/1543/1543 1540/1540/1540
f 1543/1543/1543 1546/1546/1546 1542/1542/1542
f 1542/1542/1542 1546/1546/1546 1545/1545/1545
f 1542/1542/1542 1545/1545/1545 1541/1541/1541
f 1541/1541/1541 1545/1545/1545 1544/1544/1544
f 1541/1541/1541 1544/1544/1544 1546/1546/1546
f 1541/1541/1541 1546/1546/1546 1543/1543/1543
f 1546/1546/1546 1549/1549/1549 1545/1545/1545
f 1545/1545/1545 1549/1549/1549 1548/1548/1548
f 1545/1545/1545 1548/1548/1548 1544/1544/1544
f 1544/1544/1544 1548/1548/1548 1547/1547/1547
f 1544/1544/1544 1547/1547/1547 1549/1549/1549
f 1544/1544/1544 1549/1549/1549 1546/1546/1546
f 1549/1549/1549 1552/1552/1552 1548/1548/1548
f 1548/1548/1548 1552/1552/1552 1551/1551/1551
f 1548/1548/1548 1551/1551/1551 1547/1547/1547
f 1547/1547/1547 1551/1551/1551 1550/1550/1550
f 1547/1547/1547 1550/1550/1550 1552/1552/1552
f 1547/1547/1547 1552/1552/1552 1549/1549/1549
f 1552/1552/1552 1555/1555/1555 1551/1551/1551
f 1551/1551/1551 1555/1555/1555 1554/1554/1554
f 1551/1551/1551 1554/1554/1554 1550/1550/1550
f 1550/1550/1550 1554/1554/1554 1553/1553/1553
f 1550/1550/1550 1553/1553/1553 1555/1555/1555
f 1550/1550/1550 1555/1555/1555 1552/1552/1552
f 1555/1555/1555 1558/1558/1558 1554/1554/1554
f 1554/1554/1554 1558/1558/1558 1557/1557/1557
f 1554/1554/1554 1557/1557/1557 1553/1553/1553
f 1553/1553/1553 1557/1557/1557 1556/1556/1556
f 1553/1553/1553 1556/1556/1556 1558/1558/1558
f 1553/1553/1553 1558/1558/1558 1555/1555/1555
f 1558/1558/1558 1561/1561/1561 1557/1557/1557
f 1557/1557/1557 1561/1561/1561 1560/1560/1560
f 1557/1557/1557 1560/1560/1560 1556/1556/1556
f 1556/1556/1556 1560/1560/1560 1559/1559/1559
f 1556/1556/1556 1559/1559/1559 1561/1561/1561
f 1556/1556/1556 1561/1561/1561 1558/1558/1558
f 1561/1561/1561 1564/1564/1564 1560/1560/1560
f 1560/1560/1560 1564/1564/1564 1563/1563/1563
f 1560/1560/1560 1563/1563/1563 1559/1559/1559
f 1559/1559/1559 1563/1563/1563 1562/1562/1562
f 1559/1559/1559 1562/1562/1562 1564/1564/1564
f 1559/1559/1559 1564/1564/1564 1561/1561/1561
f 1564/1564/1564 1567/1567/1567 1563/1563/1563
f 1563/1563/1563 1567/1567/1567 1566/1566/1566
f 1563/1563/1563 1566/1566/1566 1562/1562/1562
f 1562/1562/1562 1566/1566/1566 1565/1565/1565
f 1562/1562/1562 1565/1565/1565 1567/1567/1567
f 1562/1562/1562 1567/1567/1567 1564/1564/1564
f 1567/1567/1567 1570/1570/1570 1566/1566/1566
f 1566/1566/1566 1570/1570/1570 1569/1569/1569
f 1566/1566/1566 1569/1569/1569 1565/1565/1565
f 1565/1565/1565 1569/1569/1569 1568/1568/1568
f 1565/1565/1565 1568/1568/1568 1570/1570/1570
f 1565/1565/1565 1570/1570/1570 1567/1567/1567
f 1570/1570/1570 1573/1573/1573 1569/1569/1569
f 1569/1569/1569 1573/1573/1573 1572/1572/1572
f 1569/1569/1569 1572/1572/1572 1568/1568/1568
f 1568/1568/1568 1572/1572/1572 1571/1571/1571
f 1568/1568/1568 1571/1571/1571 1573/1573/1573
f 1568/1568/1568 1573/1573/1573 1570/1570/1570
f 1573/1573/1573 1576/1576/1576 1572/1572/1572
f 1572/1572/1572 1576/1576/1576 1575/1575/1575
f 1572/1572/1572 1575/1575/1575 1571/1571/1571
f 1571/1571/1571 1575/1575/1575 1574/1574/1574
f 1571/1571/1571 1574/1574/1574 1576/1576/1576
f 1571/1571/1571 1576/1576/1576 1573/1573/1573
f 1576/1576/1576 1579/1579/1579 1575/1575/1575
f 1575/1575/1575 1579/1579/1579 1578/1578/1578
f 1575/1575/1575 1578/1578/1578 1574/1574/1574
f 1574/1574/1574 1578/1578/1578 1577/1577/1577
f 1574/1574/1574 1577/1577/1577 1579/1579/1579
f 1574/1574/1574 1579/1579/1579 1576/1576/1576
f 1579/1579/1579 1582/1582/1582 1578/1578/1578
f 1578/1578/1578 1582/1582/1582 1581/1581/1581
f 1578/1578/1578 1581/1581/1581 1577/1577/1577
f 1577/1577/1577 1581/1581/1581 1580/1580/1580
f 1577/1577/1577 1580/1580/1580 1582/1582/1582
f 1577/1577/1577 1582/1582/1582 1579/1579/1579
f 1582/1582/1582 1585/1585/1585 1581/1581/1581
f 1581/1581/1581 1585/1585/1585 1584/1584/1584
f 1581/1581/1581 1584/1584/1584 1580/1580/1580
f 1580/1580/1580 1584/1584/1584 1583/1583/1583
f 1580/1580/1580 1583/1583/1583 1585/1585/1585
f 1580/1580/1580 1585/1585/1585 1582/1582/1582
f 1585/1585/1585 1588/1588/1588 1584/1584/1584
f 1584/1584/1584 1588/1588/1588 1587/1587/1587
f 1584/1584/1584 1587/1587/1587 1583/1583/1583
f 1583/1583/1583 1587/1587/1587 1586/1586/1586
f 1583/1583/1583 1586/1586/1586 1588/1588/1588
f 1583/1583/1583 1588/1588/1588 1585/1585/1585
f 1588/1588/1588 1591/1591/1591 1587/1587/1587
f 1587/1587/1587 1591/1591/1591 1590/1590/1590
f 1587/1587/1587 1590/1590/1590 1586/1586/1586
f 1586/1586/1586 1590/1590/1590 1589/1589/1589
f 1586/1586/1586 1589/1589/1589 1591/1591/1591
f 1586/1586/1586 1591/1591/1591 1588/1588/1588
f 1591/1591/1591 1594/1594/1594 1590/1590/1590
f 1590/1590/1590 1594/1594/1594 1593/1593/1593
f 1590/1590/1590 1593/1593/1593 1589/1589/1589
f 1589/1589/1589 1593/1593/1593 1592/1592/1592
f 1589/1589/1589 1592/1592/1592 1594/1594/1594
f 1589/1589/1589 1594/1594/1594 1591/1591/1591
f 1594/1594/1594 1597/1597/1597 1593/1593/1593
f 1593/1593/1593 1597/1597/1597 1596/1596/1596
f 1593/1593/1593 1596/1596/1596 1592/1592/1592
f 1592/1592/1592 1596/1596/1596 1595/1595/1595
f 1592/1592/1592 1595/1595/1595 1597/1597/1597
f 1592/1592/1592 1597/1597/1597 1594/1594/1594
f 1597/1597/1597 1600/1600/1600 1596/1596/1596
f 1596/1596/1596 1600/1600/1600 1599/1599/1599
f 1596/1596/1596 1599/1599/1599 1595/1595/1595
f 1595/1595/1595 1599/1599/1599 1598/1598/1598
f 1595/1595/1595 1598/1598/1598 1600/1600/1600
f 1595/1595/1595 1600/1600/1600 1597/1597/1597
f 1600/1600/1600 1603/1603/1603 1599/1599/1599
f 1599/1599/1599 1603/1603/1603 1602/1602/1602
f 1599/1599/1599 1602/1602/1602 1598/1598/1598
f 1598/1598/1598 1602/1602/1602 1601/1601/1601
f 1598/1598/1598 1601/1601/1601 1603/1603/1603
f 1598/1598/1598 1603/1603/1603 1600/1600/1600
f 1603/1603/1603 1606/1606/1606 1602/1602/1602
f 1602/1602/1602 1606/1606/1606 1605/1605/1605
f 1602/1602/1602 1605/1605/1605 1601/1601/1601
f 1601/1601/1601 1605/1605/1605 1604/1604/1604
f 1601/1601/1601 1604/1604/1604 1606/1606/1606
f 1601/1601/1601 1606/1606/1606 1603/1603/1603
f 1609/1609/1609 1612/1612/1612 1608/1608/1608
f 1608/1608/1608 1612/1612/1612 1611/1611/1611
f 1608/1608/1608 1611/1611/1611 1607/1607/1607
f 1607/1607/1607 1611/1611/1611 1610/1610/1610
f 1607/1607/1607 1610/1610/1610 1612/1612/1612
f 1607/1607/1607 1612/1612/1612 1609/1609/1609
f 1612/1612/1612 1615/1615/1615 1611/1611/1611
f 1611/1611/1611 1615/1615/1615 1614/1614/1614
f 1611/1611/1611 1614/1614/1614 1610/1610/1610
f 1610/1610/1610 1614/1614/1614 1613/1613/1613
f 1610/1610/1610 1613/1613/1613 1615/1615/1615
f 1610/1610/1610 1615/1615/1615 1612/1612/1612
f 1615/1615/1615 1618/1618/1618 1614/1614/1614
f 1614/1614/1614 1618/1618/1618 1617/1617/1617
f 1614/1614/1614 1617/1617/1617 1613/1613/1613
f 1613/1613/1613 1617/1617/1617 1616/1616/1616
f 1613/1613/1613 1616/1616/1616 1618/1618/1618
f 1613/1613/1613 1618/1618/1618 1615/1615/1615
f 1618/1618/1618 1621/1621/1621 1617/1617/1617
f 1617/1617/1617 1621/1621/1621 1620/1620/1620
f 1617/1617/1617 1620/1620/1620 1616/1616/1616
f 1616/1616/1616 1620/1620/1620 1619/1619/1619
f 1616/1616/1616 1619/1619/1619 1621/1621/1621
f 1616/1616/1616 1621/1621/1621 1618/1618/1618
f 1621/1621/1621 1624/1624/1624 1620/1620/1620
f 1620/1620/1620 1624/1624/1624 1623/1623/1623
f 1620/1620/1620 1623/1623/1623 1619/1619/1619
f 1619/1619/1619 1623/1623/1623 1622/1622/1622
f 1619/1619/1619 1622/1622/1622 1624/1624/1624
f 1619/1619/1619 1624/1624/1624 1621/1621/1621
f 1624/1624/1624 1627/1627/1627 1623/1623/1623
f 1623/1623/1623 1627/1627/1627 1626/1626/1626
f 1623/1623/1623 1626/1626/1626 1622/1622/1622
f 1622/1622/1622 1626/1626/1626 1625/1625/1625
f 1622/1622/1622 1625/1625/1625 1627/1627/1627
f 1622/1622/1622 1627/1627/1627 1624/1624/1624
f 1627/1627/1627 1630/1630/1630 1626/1626/1626
f 1626/1626/1626 1630/1630/1630 1629/1629/1629
f 1626/1626/1626 1629/1629/1629 1625/1625/1625
f 1625/1625/1625 1629/1629/1629 1628/1628/1628
f 1625/1625/1625 1628/1628/1628 1630/1630/1630
f 1625/1625/1625 1630/1630/1630 1627/1627/1627
f 1630/1630/1630 1633/1633/1633 1629/1629/1629
f 1629/1629/1629 1633/1633/1633 1632/1632/1632
f 1629/1629/1629 1632/1632/1632 1628/1628/1628
f 1628/1628/1628 1632/1632/1632 1631/1631/1631
f 1628/1628/1628 1631/1631/1631 1633/1633/1633
f 1628/1628/1628 1633/1633/1633 1630/1630/1630
f 1633/1633/1633 1636/1636/1636 1632/1632/1632
f 1632/1632/1632 1636/1636/1636 1635/1635/1635
f 1632/1632/1632 1635/1635/1635 1631/1631/1631
f 1631/1631/1631 1635/1635/1635 1634/1634/1634
f 1631/1631/1631 1634/1634/1634 1636/1636/1636
f 1631/1631/1631 1636/1636/1636 1633/1633/1633
f 1636/1636/1636 1639/1639/1639 1635/1635/1635
f 1635/1635/1635 1639/1639/1639 1638/1638/1638
f 1635/1635/1635 1638/1638/1638 1634/1634/1634
f 1634/1634/1634 1638/1638/1638 1637/1637/1637
f 1634/1634/1634 1637/1637/1637 1639/1639/1639
f 1634/1634/1634 1639/1639/1639 1636/1636/1636
f 1639/1639/1639 1642/1642/1642 1638/1638/1638
f 1638/1638/1638 1642/1642/1642 1641/1641/1641
f 1638/1638/1638 1641/1641/1641 1637/1637/1637
f 1637/1637/1637 1641/1641/1641 1640/1640/1640
f 1637/1637/1637 1640/1640/1640 1642/1642/1642
f 1637/1637/1637 1642/1642/1642 1639/1639/1639
f 1642/1642/1642 1645/1645/1645 1641/1641/1641
f 1641/1641/1641 1645/1645/1645 1644/1644/1644
f 1641/1641/1641 1644/1644/1644 1640/1640/1640
f 1640/1640/1640 1644/1644/1644 1643/1643/1643
f 1640/1640/1640 1643/1643/1643 1645/1645/1645
f 1640/1640/1640 1645/1645/1645 1642/1642/1642
f 1645/1645/1645 1648/1648/1648 1644/1644/1644
f 1644/1644/1644 1648/1648/1648 1647/1647/1647
f 1644/1644/1644 1647/1647/1647 1643/1643/1643
f 1643/1643/1643 1647/1647/1647 1646/1646/1646
f 1643/1643/1643 1646/1646/1646 1648/1648/1648
f 1643/1643/1643 1648/1648/1648 1645/1645/1645
f 1648/1648/1648 1651/1651/1651 1647/1647/1647
f 1647/1647/1647 1651/1651/1651 1650/1650/1650
f 1647/1647/1647 1650/1650/1650 1646/1646/1646
f 1646/1646/1646 1650/1650/1650 1649/1649/1649
f 1646/1646/1646 1649/1649/1649 1651/1651/1651
f 1646/1646/1646 1651/1651/1651 1648/1648/1648
f 1651/1651/1651 1654/1654/1654 1650/1650/1650
f 1650/1650/1650 1654/1654/1654 1653/1653/1653
f 1650/1650/1650 1653/1653/1653 1649/1649/1649
f 1649/1649/1649 1653/1653/1653 1652/1652/1652
f 1649/1649/1649 1652/1652/1652 1654/1654/1654
f 1649/1649/1649 1654/1654/1654 1651/1651/1651
f 1654/1654/1654 1657/1657/1657 1653/1653/1653
f 1653/1653/1653 1657/1657/1657 1656/1656/1656
f 1653/1653/1653 1656/1656/1656 1652/1652/1652
f 1652/1652/1652 1656/1656/1656 1655/1655/1655
f 1652/1652/1652 1655/1655/1655 1657/1657/1657
f 1652/1652/1652 1657/1657/1657 1654/1654/1654
f 1657/1657/1657 1660/1660/1660 1656/1656/1656
f 1656/1656/1656 1660/1660/1660 1659/1659/1659
f 1656/1656/1656 1659/1659/1659 1655/1655/1655
f 1655/1655/1655 1659/1659/1659 1658/1658/1658
f 1655/1655/1655 1658/1658/1658 1660/1660/1660
f 1655/1655/1655 1660/1660/1660 1657/1657/1657
f 1660/1660/1660 1663/1663/1663 1659/1659/1659
f 1659/1659/1659 1663/1663/1663 1662/1662/1662
f 1659/1659/1659 1662/1662/1662 1658/1658/1658
f 1658/1658/1658 1662/1662/1662 1661/1661/1661
f 1658/1658/1658 1661/1661/1661 1663/1663/1663
f 1658/1658/1658 1663/1663/1663 1660/1660/1660
f 1663/1663/1663 1666/1666/1666 1662/1662/1662
f 1662/1662/1662 1666/1666/1666 1665/1665/1665
f 1662/1662/1662 1665/1665/1665 1661/1661/1661
f 1661/1661/1661 1665/1665/1665 1664/1664/1664
f 1661/1661/1661 1664/1664/1664 1666/1666/1666
f 1661/1661/1661 1666/1666/1666 1663/1663/1663
f 1666/1666/1666 1669/1669/1669 1665/1665/1665
f 1665/1665/1665 1669/1669/1669 1668/1668/1668
f 1665/1665/1665 1668/1668/1668 1664/1664/1664
f 1664/1664/1664 1668/1668/1668 1667/1667/1667
f 1664/1664/1664 1667/1667/1667 1669/1669/1669
f 1664/1664/1664 1669/1669/1669 1666/1666/1666
f 1669/1669/1669 1672/1672/1672 1668/1668/1668
f 1668/1668/1668 1672/1672/1672 1671/1671/1671
f 1668/1668/1668 1671/1671/1671 1667/1667/1667
f 1667/1667/1667 1671/1671/1671 1670/1670/1670
f 1667/1667/1667 1670/1670/1670 1672/1672/1672
f 1667/1667/1667 1672/1672/1672 1669/1669/1669
f 1672/1672/1672 1675/1675/1675 1671/1671/1671
f 1671/1671/1671 1675/1675/1675 1674/1674/1674
f 1671/1671/1671 1674/1674/1674 1670/1670/1670
f 1670/1670/1670 1674/1674/1674 1673/1673/1673
f 1670/1670/1670 1673/1673/1673 1675/1675/1675
f 1670/1670/1670 1675/1675/1675 1672/1672/1672
f 1675/1675/1675 1678/1678/1678 1674/1674/1674
f 1674/1674/1674 1678/1678/1678 1677/1677/1677
f 1674/1674/1674 1677/1677/1677 1673/1673/1673
f 1673/1673/1673 1677/1677/1677 1676/1676/1676
f 1673/1673/1673 1676/1676/1676 1678/1678/1678
f 1673/1673/1673 1678/1678/1678 1675/1675/1675
f 1678/1678/1678 1681/1681/1681 1677/1677/1677
f 1677/1677/1677 1681/1681/1681 1680/1680/1680
f 1677/1677/1677 1680/1680/1680 1676/1676/1676
f 1676/1676/1676 1680/1680/1680 1679/1679/1679
f 1676/1676/1676 1679/1679/1679 1681/1681/1681
f 1676/1676/1676 1681/1681/1681 1678/1678/1678
f 1681/1681/1681 1684/1684/1684 1680/1680/1680
f 1680/1680/1680 1684/1684/1684 1683/1683/1683
f 1680/1680/1680 1683/1683/1683 1679/1679/1679
f 1679/1679/1679 1683/1683/1683 1682/1682/1682
f 1679/1679/1679 1682/1682/1682 1684/1684/1684
f 1679/1679/1679 1684/1684/1684 1681/1681/1681
f 1684/1684/1684 1687/1687/1687 1683/1683/1683
f 1683/1683/1683 1687/1687/1687 1686/1686/1686
f 1683/1683/1683 1686/1686/1686 1682/1682/1682
f 1682/1682/1682 1686/1686/1686 1685/1685/1685
f 1682/1682/1682 1685/1685/1685 1687/1687/1687
f 1682/1682/1682 1687/1687/1687 1684/1684/1684
f 1687/1687/1687 1690/1690/1690 1686/1686/1686
f 1686/1686/1686 1690/1690/1690 1689/1689/1689
f 1686/1686/1686 1689/1689/1689 1685/1685/1685
f 1685/1685/1685 1689/1689/1689 1688/1688/1688
f 1685/1685/1685 1688/1688/1688 1690/1690/1690
f 1685/1685/1685 1690/1690/1690 1687/1687/1687
f 1690/1690/1690 1693/1693/1693 1689/1689/1689
f 1689/1689/1689 1693/1693/1693 1692/1692/1692
f 1689/1689/1689 1692/1692/1692 1688/1688/1688
f 1688/1688/1688 1692/1692/1692 1691/1691/1691
f 1688/1688/1688 1691/1691/1691 1693/1693/1693
f 1688/1688/1688 1693/1693/1693 1690/1690/1690
f 1693/1693/1693 1696/1696/1696 1692/1692/1692
f 1692/1692/1692 1696/1696/1696 1695/1695/1695
f 1692/1692/1692 1695/1695/1695 1691/1691/1691
f 1691/1691/1691 1695/1695/1695 1694/1694/1694
f 1691/1691/1691 1694/1694/1694 1696/1696/1696
f 1691/1691/1691 1696/1696/1696 1693/1693/1693
f 1699/1699/1699 1702/1702/1702 1698/1698/1698
f 1698/1698/1698 1702/1702/1702 1701/1701/1701
f 1698/1698/1698 1701/1701/1701 1697/1697/1697
f 1697/1697/1697 1701/1701/1701 1700/1700/1700
f 1697/1697/1697 1700/1700/1700 1702/1702/1702
f 1697/1697/1697 1702/1702/1702 1699/1699/1699
f 1702/1702/1702 1705/1705/1705 1701/1701/1701
f 1701/1701/1701 1705/1705/1705 1704/1704/1704
f 1701/1701/1701 1704/1704/1704 1700/1700/1700
f 1700/1700/1700 1704/1704/1704 1703/1703/1703
f 1700/1700/1700 1703/1703/1703 1705/1705/1705
f 1700/1700/1700 1705/1705/1705 1702/1702/1702
f 1705/1705/1705 1708/1708/1708 1704/1704/1704
f 1704/1704/1704 1708/1708/1708 1707/1707/1707
f 1704/1704/1704 1707/1707/1707 1703/1703/1703
f 1703/1703/1703 1707/1707/1707 1706/1706/1706
f 1703/1703/1703 1706/1706/1706 1708/1708/1708
f 1703/1703/1703 1708/1708/1708 1705/1705/1705
f 1708/1708/1708 1711/1711/1711 1707/1707/1707
f 1707/1707/1707 1711/1711/1711 1710/1710/1710
f 1707/1707/1707 1710/1710/1710 1706/1706/1706
f 1706/1706/1706 1710/1710/1710 1709/1709/1709
f 1706/1706/1706 1709/1709/1709 1711/1711/1711
f 1706/1706/1706 1711/1711/1711 1708/1708/1708
f 1711/1711/1711 1714/1714/1714 1710/1710/1710
f 1710/1710/1710 1714/1714/1714 1713/1713/1713
f 1710/1710/1710 1713/1713/1713 1709/1709/1709
f 1709/1709/1709 1713/1713/1713 1712/1712/1712
f 1709/1709/1709 1712/1712/1712 1714/1714/1714
f 1709/1709/1709 1714/1714/1714 1711/1711/1711
f 1714/1714/1714 1717/1717/1717 1713/1713/1713
f 1713/1713/1713 1717/1717/1717 1716/1716/1716
f 1713/1713/1713 1716/1716/1716 1712/1712/1712
f 1712/1712/1712 1716/1716/1716 1715/1715/1715
f 1712/1712/1712 1715/1715/1715 1717/1717/1717
f 1712/1712/1712 1717/1717/1717 1714/1714/1714
f 1717/1717/1717 1720/1720/1720 1716/1716/1716
f 1716/1716/1716 1720/1720/1720 1719/1719/1719
f 1716/1716/1716 1719/1719/1719 1715/1715/1715
f 1715/1715/1715 1719/1719/1719 1718/1718/1718
f 1715/1715/1715 1718/1718/1718 1720/1720/1720
f 1715/1715/1715 1720/1720/1720 1717/1717/1717
f 1720/1720/1720 1723/1723/1723 1719/1719/1719
f 1719/1719/1719 1723/1723/1723 1722/1722/1722
f 1719/1719/1719 1722/1722/1722 1718/1718/1718
f 1718/1718/1718 1722/1722/1722 1721/1721/1721
f 1718/1718/1718 1721/1721/1721 1723/1723/1723
f 1718/1718/1718 1723/1723/1723 1720/1720/1720
f 1723/1723/1723 1726/1726/1726 1722/1722/1722
f 1722/1722/1722 1726/1726/1726 1725/1725/1725
f 1722/1722/1722 1725/1725/1725 1721/1721/1721
f 1721/1721/1721 1725/1725/1725 1724/1724/1724
f 1721/1721/1721 1724/1724/1724 1726/1726/1726
f 1721/1721/1721 1726/1726/1726 1723/1723/1723
f 1726/1726/1726 1729/1729/1729 1725/1725/1725
f 1725/1725/1725 1729/1729/1729 1728/1728/1728
f 1725/1725/1725 1728/1728/1728 1724/1724/1724
f 1724/1724/1724 1728/1728/1728 1727/1727/1727
f 1724/1724/1724 1727/1727/1727 1729/1729/1729
f 1724/1724/1724 1729/1729/1729 1726/1726/1726
f 1729/1729/1729 1732/1732/1732 1728/1728/1728
f 1728/1728/1728 1732/1732/1732 1731/1731/1731
f 1728/1728/1728 1731/1731/1731 1727/1727/1727
f 1727/1727/1727 1731/1731/1731 1730/1730/1730
f 1727/1727/1727 1730/1730/1730 1732/1732/1732
f 1727/1727/1727 1732/1732/1732 1729/1729/1729
f 1732/1732/1732 1735/1735/1735 1731/1731/1731
f 1731/1731/1731 1735/1735/1735 1734/1734/1734
f 1731/1731/1731 1734/1734/1734 1730/1730/1730
f 1730/1730/1730 1734/1734/1734 1733/1733/1733
f 1730/1730/1730 1733/1733/1733 1735/1735/1735
f 1730/1730/1730 1735/1735/1735 1732/1732/1732
f 1735/1735/1735 1738/1738/1738 1734/1734/1734
f 1734/1734/1734 1738/1738/1738 1737/1737/1737
f 1734/1734/1734 1737/1737/1737 1733/1733/1733
f 1733/1733/1733 1737/1737/1737 1736/1736/1736
f 1733/1733/1733 1736/1736/1736 1738/1738/1738
f 1733/1733/1733 1738/1738/1738 1735/1735/1735
f 1738/1738/1738 1741/1741/1741 1737/1737/1737
f 1737/1737/1737 1741/1741/1741 1740/1740/1740
f 1737/1737/1737 1740/1740/1740 1736/1736/1736
f 1736/1736/1736 1740/1740/1740 1739/1739/1739
f 1736/1736/1736 1739/1739/1739 1741/1741/1741
f 1736/1736/1736 1741/1741/1741 1738/1738/1738
f 1741/1741/1741 1744/1744/1744 1740/1740/1740
f 1740/1740/1740 1744/1744/1744 1743/1743/1743
f 1740/1740/1740 1743/1743/1743 1739/1739/1739
f 1739/1739/1739 1743/1743/1743 1742/1742/1742
f 1739/1739/1739 1742/1742/1742 1744/1744/1744
f 1739/1739/1739 1744/1744/1744 1741/1741/1741
f 1744/1744/1744 1747/1747/1747 1743/1743/1743
f 1743/1743/1743 1747/1747/1747 1746/1746/1746
f 1743/1743/1743 1746/1746/1746 1742/1742/1742
f 1742/1742/1742 1746/1746/1746 1745/1745/1745
f 1742/1742/1742 1745/1745/1745 1747/1747/1747
f 1742/1742/1742 1747/1747/1747 1744/1744/1744
f 1747/1747/1747 1750/1750/1750 1746/1746/1746
f 1746/1746/1746 1750/1750/1750 1749/1749/1749
f 1746/1746/1746 1749/1749/1749 1745/1745/1745
f 1745/1745/1745 1749/1749/1749 1748/1748/1748
f 1745/1745/1745 1748/1748/1748 1750/1750/1750
f 1745/1745/1745 1750/1750/1750 1747/1747/1747
f 1750/1750/1750 1753/1753/1753 1749/1749/1749
f 1749/1749/1749 1753/1753/1753 1752/1752/1752
f 1749/1749/1749 1752/1752/1752 1748/1748/1748
f 1748/1748/1748 1752/1752/1752 1751/1751/1751
f 1748/1748/1748 1751/1751/1751 1753/1753/1753
f 1748/1748/1748 1753/1753/1753 1750/1750/1750
f 1753/1753/1753 1756/1756/1756 1752/1752/1752
f 1752/1752/1752 1756/1756/1756 1755/1755/1755
f 1752/1752/1752 1755/1755/1755 1751/1751/1751
f 1751/1751/1751 1755/1755/1755 1754/1754/1754
f 1751/1751/1751 1754/1754/1754 1756/1756/1756
f 1751/1751/1751 1756/1756/1756 1753/1753/1753
f 1756/1756/1756 1759/1759/1759 1755/1755/1755
f 1755/1755/1755 1759/1759/1759 1758/1758/1758
f 1755/1755/1755 1758/1758/1758 1754/1754/1754
f 1754/1754/1754 1758/1758/1758 1757/1757/1757
f 1754/1754/1754 1757/1757/1757 1759/1759/1759
f 1754/1754/1754 1759/1759/1759 1756/1756/1756
f 1759/1759/1759 1762/1762/1762 1758/1758/1758
f 1758/1758/1758 1762/1762/1762 1761/1761/1761
f 1758/1758/1758 1761/1761/1761 1757/1757/1757
f 1757/1757/1757 1761/1761/1761 1760/1760/1760
f 1757/1757/1757 1760/1760/1760 1762/1762/1762
f 1757/1757/1757 1762/1762/1762 1759/1759/1759
f 1762/1762/1762 1765/1765/1765 1761/1761/1761
f 1761/1761/1761 1765/1765/1765 1764/1764/1764
f 1761/1761/1761 1764/1764/1764 1760/1760/1760
f 1760/1760/1760 1764/1764/1764 1763/1763/1763
f 1760/1760/1760 1763/1763/1763 1765/1765/1765
f 1760/1760/1760 1765/1765/1765 1762/1762/1762
f 1765/1765/1765 1768/1768/1768 1764/1764/1764
f 1764/1764/1764 1768/1768/1768 1767/1767/1767
f 1764/1764/1764 1767/1767/1767 1763/1763/1763
f 1763/1763/1763 1767/1767/1767 1766/1766/1766
f 1763/1763/1763 1766/1766/1766 1768/1768/1768
f 1763/1763/1763 1768/1768/1768 1765/1765/1765
f 1768/1768/1768 1771/1771/1771 1767/1767/1767
f 1767/1767/1767 1771/1771/1771 1770/1770/1770
f 1767/1767/1767 1770/1770/1770 1766/1766/1766
f 1766/1766/1766 1770/1770/1770 1769/1769/1769
f 1766/1766/1766 1769/1769/1769 1771/1771/1771
f 1766/1766/1766 1771/1771/1771 1768/1768/1768
f 1771/1771/1771 1774/1774/1774 1770/1770/1770
f 1770/1770/1770 1774/1774/1774 1773/1773/1773
f 1770/1770/1770 1773/1773/1773 1769/1769/1769
f 1769/1769/1769 1773/1773/1773 1772/1772/1772
f 1769/1769/1769 1772/1772/1772 1774/1774/1774
f 1769/1769/1769 1774/1774/1774 1771/1771/1771
f 1774/1774/1774 1777/1777/1777 1773/1773/1773
f 1773/1773/1773 1777/1777/1777 1776/1776/1776
f 1773/1773/1773 1776/1776/1776 1772/1772/1772
f 1772/1772/1772 1776/1776/1776 1775/1775/1775
f 1772/1772/1772 1775/1775/1775 1777/1777/1777
f 1772/1772/1772 1777/1777/1777 1774/1774/1774
f 1780/1780/1780 1783/1783/1783 1779/1779/1779
f 1779/1779/1779 1783/1783/1783 1782/1782/1782
f 1779/1779/1779 1782/1782/1782 1778/1778/1778
f 1778/1778/1778 1782/1782/1782 1781/1781/1781
f 1778/1778/1778 1781/1781/1781 1783/1783/1783
f 1778/1778/1778 1783/1783/1783 1780/1780/1780
f 1783/1783/1783 1786/1786/1786 1782/1782/1782
f 1782/1782/1782 1786/1786/1786 1785/1785/1785
f 1782/1782/1782 1785/1785/1785 1781/1781/1781
f 1781/1781/1781 1785/1785/1785 1784/1784/1784
f 1781/1781/1781 1784/1784/1784 1786/1786/1786
f 1781/1781/1781 1786/1786/1786 1783/1783/1783
f 1786/1786/1786 1789/1789/1789 1785/1785/1785
f 1785/1785/1785 1789/1789/1789 1788/1788/1788
f 1785/1785/1785 1788/1788/1788 1784/1784/1784
f 1784/1784/1784 1788/1788/1788 1787/1787/1787
f 1784/1784/1784 1787/1787/1787 1789/1789/1789
f 1784/1784/1784 1789/1789/1789 1786/1786/1786
f 1789/1789/1789 1792/1792/1792 1788/1788/1788
f 1788/1788/1788 1792/1792/1792 1791/1791/1791
f 1788/1788/1788 1791/1791/1791 1787/1787/1787
f 1787/1787/1787 1791/1791/1791 1790/1790/1790
f 1787/1787/1787 1790/1790/1790 1792/1792/1792
f 1787/1787/1787 1792/1792/1792 1789/1789/1789
f 1792/1792/1792 1795/1795/1795 1791/1791/1791
f 1791/1791/1791 1795/1795/1795 1794/1794/1794
f 1791/1791/1791 1794/1794/1794 1790/1790/1790
f 1790/1790/1790 1794/1794/1794 1793/1793/1793
f 1790/1790/1790 1793/1793/1793 1795/1795/1795
f 1790/1790/1790 1795/1795/1795 1792/1792/1792
f 1795/1795/1795 1798/1798/1798 1794/1794/1794
f 1794/1794/1794 1798/1798/1798 1797/1797/1797
f 1794/1794/1794 1797/1797/1797 1793/1793/1793
f 1793/1793/1793 1797/1797/1797 1796/1796/1796
f 1793/1793/1793 1796/1796/1796 1798/1798/1798
f 1793/1793/1793 1798/1798/1798 1795/1795/1795
f 1798/1798/1798 1801/1801/1801 1797/1797/1797
f 1797/1797/1797 1801/1801/1801 1800/1800/1800
f 1797/1797/1797 1800/1800/1800 1796/1796/1796
f 1796/1796/1796 1800/1800/1800 1799/1799/1799
f 1796/1796/1796 1799/1799/1799 1801/1801/1801
f 1796/1796/1796 1801/1801/1801 1798/1798/1798
f 1801/1801/1801 1804/1804/1804 1800/1800/1800
f 1800/1800/1800 1804/1804/1804 1803/1803/1803
f 1800/1800/1800 1803/1803/1803 1799/1799/1799
f 1799/1799/1799 1803/1803/1803 1802/1802/1802
f 1799/1799/1799 1802/1802/1802 1804/1804/1804
f 1799/1799/1799 1804/1804/1804 1801/1801/1801
f 1804/1804/1804 1807/1807/1807 1803/1803/1803
f 1803/1803/1803 1807/1807/1807 1806/1806/1806
f 1803/1803/1803 1806/1806/1806 1802/1802/1802
f 1802/1802/1802 1806/1806/1806 1805/1805/1805
f 1802/1802/1802 1805/1805/1805 1807/1807/1807
f 1802/1802/1802 1807/1807/1807 1804/1804/1804
f 1807/1807/1807 1810/1810/1810 1806/1806/1806
f 1806/1806/1806 1810/1810/1810 1809/1809/1809
f 1806/1806/1806 1809/1809/1809 1805/1805/1805
f 1805/1805/1805 1809/1809/1809 1808/1808/1808
f 1805/1805/1805 1808/1808/1808 1810/1810/1810
f 1805/1805/1805 1810/1810/1810 1807/1807/1807
f 1810/1810/1810 1813/1813/1813 1809/1809/1809
f 1809/1809/1809 1813/1813/1813 1812/1812/1812
f 1809/1809/1809 1812/1812/1812 1808/1808/1808
f 1808/1808/1808 1812/1812/1812 1811/1811/1811
f 1808/1808/1808 1811/1811/1811 1813/1813/1813
f 1808/1808/1808 1813/1813/1813 1810/1810/1810
f 1813/1813/1813 1816/1816/1816 1812/1812/1812
f 1812/1812/1812 1816/1816/1816 1815/1815/1815
f 1812/1812/1812 1815/1815/1815 1811/1811/1811
f 1811/1811/1811 1815/1815/1815 1814/1814/1814
f 1811/1811/1811 1814/1814/1814 1816/1816/1816
f 1811/1811/1811 1816/1816/1816 1813/1813/1813
f 1816/1816/1816 1819/1819/1819 1815/1815/1815
f 1815/1815/1815 1819/1819/1819 1818/1818/1818
f 1815/1815/1815 1818/1818/1818 1814/1814/1814
f 1814/1814/1814 1818/1818/1818 1817/1817/1817
f 1814/1814/1814 1817/1817/1817 1819/1819/1819
f 1814/1814/1814 1819/1819/1819 1816/1816/1816
f 1819/1819/1819 1822/1822/1822 1818/1818/1818
f 1818/1818/1818 1822/1822/1822 1821/1821/1821
f 1818/1818/1818 1821/1821/1821 1817/1817/1817
f 1817/1817/1817 1821/1821/1821 1820/1820/1820
f 1817/1817/1817 1820/1820/1820 1822/1822/1822
f 1817/1817/1817 1822/1822/1822 1819/1819/1819
f 1822/1822/1822 1825/1825/1825 1821/1821/1821
f 1821/1821/1821 1825/1825/1825 1824/1824/1824
f 1821/1821/1821 1824/1824/1824 1820/1820/1820
f 1820/1820/1820 1824/1824/1824 1823/1823/1823
f 1820/1820/1820 1823/1823/1823 1825/1825/1825
f 1820/1820/1820 1825/1825/1825 1822/1822/1822
f 1825/1825/1825 1828/1828/1828 1824/1824/1824
f 1824/1824/1824 1828/1828/1828 1827/1827/1827
f 1824/1824/1824 1827/1827/1827 1823/1823/1823
f 1823/1823/1823 1827/1827/1827 1826/1826/1826
f 1823/1823/1823 1826/1826/1826 1828/1828/1828
f 1823/1823/1823 1828/1828/1828 1825/1825/1825
f 1828/1828/1828 1831/1831/1831 1827/1827/1827
f 1827/1827/1827 1831/1831/1831 1830/1830/1830
f 1827/1827/1827 1830/1830/1830 1826/1826/1826
f 1826/1826/1826 1830/1830/1830 1829/1829/1829
f 1826/1826/1826 1829/1829/1829 1831/1831/1831
f 1826/1826/1826 1831/1831/1831 1828/1828/1828
f 1831/1831/1831 1834/1834/1834 1830/1830/1830
f 1830/1830/1830 1834/1834/1834 1833/1833/1833
f 1830/1830/1830 1833/1833/1833 1829/1829/1829
f 1829/1829/1829 1833/1833/1833 1832/1832/1832
f 1829/1829/1829 1832/1832/1832 1834/1834/1834
f 1829/1829/1829 1834/1834/1834 1831/1831/1831
f 1834/1834/1834 1837/1837/1837 1833/1833/1833
f 1833/1833/1833 1837/1837/1837 1836/1836/1836
f 1833/1833/1833 1836/1836/1836 1832/1832/1832
f 1832/1832/1832 1836/1836/1836 1835/1835/1835
f 1832/1832/1832 1835/1835/1835 1837/1837/1837
f 1832/1832/1832 1837/1837/1837 1834/1834/1834
f 1837/1837/1837 1840/1840/1840 1836/1836/1836
f 1836/1836/1836 1840/1840/1840 1839/1839/1839
f 1836/1836/1836 1839/1839/1839 1835/1835/1835
f 1835/1835/1835 1839/1839/1839 1838/1838/1838
f 1835/1835/1835 1838/1838/1838 1840/1840/1840
f 1835/1835/1835 1840/1840/1840 1837/1837/1837
f 1840/1840/1840 1843/1843/1843 1839/1839/1839
f 1839/1839/1839 1843/1843/1843 1842/1842/1842
f 1839/1839/1839 1842/1842/1842 1838/1838/1838
f 1838/1838/1838 1842/1842/1842 1841/1841/1841
f 1838/1838/1838 1841/1841/1841 1843/1843/1843
f 1838/1838/1838 1843/1843/1843 1840/1840/1840
f 1843/1843/1843 1846/1846/1846 1842/1842/1842
f 1842/1842/1842 1846/1846/1846 1845/1845/1845
f 1842/1842/1842 1845/1845/1845 1841/1841/1841
f 1841/1841/1841 1845/1845/1845 1844/1844/1844
f 1841/1841/1841 1844/1844/1844 1846/1846/1846
f 1841/1841/1841 1846/1846/1846 1843/1843/1843
f 1846/1846/1846 1849/1849/1849 1845/1845/1845
f 1845/1845/1845 1849/1849/1849 1848/1848/1848
f 1845/1845/1845 1848/1848/1848 1844/1844/1844
f 1844/1844/1844 1848/1848/1848 1847/1847/1847
f 1844/1844/1844 1847/1847/1847 1849/1849/1849
f 1844/1844/1844 1849/1849/1849 1846/1846/1846
f 1849/1849/1849 1852/1852/1852 1848/1848/1848
f 1848/1848/1848 1852/1852/1852 1851/1851/1851
f 1848/1848/1848 1851/1851/1851 1847/1847/1847
f 1847/1847/1847 1851/1851/1851 1850/1850/1850
f 1847/1847/1847 1850/1850/1850 1852/1852/1852
f 1847/1847/1847 1852/1852/1852 1849/1849/1849
f 1855/1855/1855 1858/1858/1858 1854/1854/1854
f 1854/1854/1854 1858/1858/1858 1857/1857/1857
f 1854/1854/1854 1857/1857/1857 1853/1853/1853
f 1853/1853/1853 1857/1857/1857 1856/1856/1856
f 1853/1853/1853 1856/1856/1856 1858/1858/1858
f 1853/1853/1853 1858/1858/1858 1855/1855/1855
f 1858/1858/1858 1861/1861/1861 1857/1857/1857
f 1857/1857/1857 1861/1861/1861 1860/1860/1860
f 1857/1857/1857 1860/1860/1860 1856/1856/1856
f 1856/1856/1856 1860/1860/1860 1859/1859/1859
f 1856/1856/1856 1859/1859/1859 1861/1861/1861
f 1856/1856/1856 1861/1861/1861 1858/1858/1858
f 1861/1861/1861 1864/1864/1864 1860/1860/1860
f 1860/1860/1860 1864/1864/1864 1863/1863/1863
f 1860/1860/1860 1863/1863/1863 1859/1859/1859
f 1859/1859/1859 1863/1863/1863 1862/1862/1862
f 1859/1859/1859 1862/1862/1862 1864/1864/1864
f 1859/1859/1859 1864/1864/1864 1861/1861/1861
f 1864/1864/1864 1867/1867/1867 1863/1863/1863
f 1863/1863/1863 1867/1867/1867 1866/1866/1866
f 1863/1863/1863 1866/1866/1866 1862/1862/1862
f 1862/1862/1862 1866/1866/1866 1865/1865/1865
f 1862/1862/1862 1865/1865/1865 1867/1867/1867
f 1862/1862/1862 1867/1867/1867 1864/1864/1864
f 1867/1867/1867 1870/1870/1870 1866/1866/1866
f 1866/1866/1866 1870/1870/1870 1869/1869/1869
f 1866/1866/1866 1869/1869/1869 1865/1865/1865
f 1865/1865/1865 1869/1869/1869 1868/1868/1868
f 1865/1865/1865 1868/1868/1868 1870/1870/1870
f 1865/1865/1865 1870/1870/1870 1867/1867/1867
f 1870/1870/1870 1873/1873/1873 1869/1869/1869
f 1869/1869/1869 1873/1873/1873 1872/1872/1872
f 1869/1869/1869 1872/1872/1872 1868/1868/1868
f 1868/1868/1868 1872/1872/1872 1871/1871/1871
f 1868/1868/1868 1871/1871/1871 1873/1873/1873
f 1868/1868/1868 1873/1873/1873 1870/1870/1870
f 1873/1873/1873 1876/1876/1876 1872/1872/1872
f 1872/1872/1872 1876/1876/1876 1875/1875/1875
f 1872/1872/1872 1875/1875/1875 1871/1871/1871
f 1871/1871/1871 1875/1875/1875 1874/1874/1874
f 1871/1871/1871 1874/1874/1874 1876/1876/1876
f 1871/1871/1871 1876/1876/1876 1873/1873/1873
f 1876/1876/1876 1879/1879/1879 1875/1875/1875
f 1875/1875/1875 1879/1879/1879 1878/1878/1878
f 1875/1875/1875 1878/1878/1878 1874/1874/1874
f 1874/1874/1874 1878/1878/1878 1877/1877/1877
f 1874/1874/1874 1877/1877/1877 1879/1879/1879
f 1874/1874/1874 1879/1879/1879 1876/1876/1876
f 1879/1879/1879 1882/1882/1882 1878/1878/1878
f 1878/1878/1878 1882/1882/1882 1881/1881/1881
f 1878/1878/1878 1881/1881/1881 1877/1877/1877
f 1877/1877/1877 1881/1881/1881 1880/1880/1880
f 1877/1877/1877 1880/1880/1880 1882/1882/1882
f 1877/1877/1877 1882/1882/1882 1879/1879/1879
f 1882/1882/1882 1885/1885/1885 1881/1881/1881
f 1881/1881/1881 1885/1885/1885 1884/1884/1884
f 1881/1881/1881 1884/1884/1884 1880/1880/1880
f 1880/1880/1880 1884/1884/1884 1883/1883/1883
f 1880/1880/1880 1883/1883/1883 1885/1885/1885
f 1880/1880/1880 1885/1885/1885 1882/1882/1882
f 1885/1885/1885 1888/1888/1888 1884/1884/1884
f 1884/1884/1884 1888/1888/1888 1887/1887/1887
f 1884/1884/1884 1887/1887/1887 1883/1883/1883
f 1883/1883/1883 1887/1887/1887 1886/1886/1886
f 1883/1883/1883 1886/1886/1886 1888/1888/1888
f 1883/1883/1883 1888/1888/1888 1885/1885/1885
f 1888/1888/1888 1891/1891/1891 1887/1887/1887
f 1887/1887/1887 1891/1891/1891 1890/1890/1890
f 1887/1887/1887 1890/1890/1890 1886/1886/1886
f 1886/1886/1886 1890/1890/1890 1889/1889/1889
f 1886/1886/1886 1889/1889/1889 1891/1891/1891
f 1886/1886/1886 1891/1891/1891 1888/1888/1888
f 1891/1891/1891 1894/1894/1894 1890/1890/1890
f 1890/1890/1890 1894/1894/1894 1893/1893/1893
f 1890/1890/1890 1893/1893/1893 1889/1889/1889
f 1889/1889/1889 1893/1893/1893 1892/1892/1892
f 1889/1889/1889 1892/1892/1892 1894/1894/1894
f 1889/1889/1889 1894/1894/1894 1891/1891/1891
f 1894/1894/1894 1897/1897/1897 1893/1893/1893
f 1893/1893/1893 1897/1897/1897 1896/1896/1896
f 1893/1893/1893 1896/1896/1896 1892/1892/1892
f 1892/1892/1892 1896/1896/1896 1895/1895/1895
f 1892/1892/1892 1895/1895/1895 1897/1897/1897
f 1892/1892/1892 1897/1897/1897 1894/1894/1894
f 1897/1897/1897 1900/1900/1900 1896/1896/1896
f 1896/1896/1896 1900/1900/1900 1899/1899/1899
f 1896/1896/1896 1899/1899/1899 1895/1895/1895
f 1895/1895/1895 1899/1899/1899 1898/1898/1898
f 1895/1895/1895 1898/1898/1898 1900/1900/1900
f 1895/1895/1895 1900/1900/1900 1897/1897/1897
f 1900/1900/1900 1903/1903/1903 1899/1899/1899
f 1899/1899/1899 1903/1903/1903 1902/1902/1902
f 1899/1899/1899 1902/1902/1902 1898/1898/1898
f 1898/1898/1898 1902/1902/1902 1901/1901/1901
f 1898/1898/1898 1901/1901/1901 1903/1903/1903
f 1898/1898/1898 1903/1903/1903 1900/1900/1900
f 1903/1903/1903 1906/1906/1906 1902/1902/1902
f 1902/1902/1902 1906/1906/1906 1905/1905/1905
f 1902/1902/1902 1905/1905/1905 1901/1901/1901
f 1901/1901/1901 1905/1905/1905 1904/1904/1904
f 1901/1901/1901 1904/1904/1904 1906/1906/1906
f 1901/1901/1901 1906/1906/1906 1903/1903/1903
f 1906/1906/1906 1909/1909/1909 1905/1905/1905
f 1905/1905/1905 1909/1909/1909 1908/1908/1908
f 1905/1905/1905 1908/1908/1908 1904/1904/1904
f 1904/1904/1904 1908/1908/1908 1907/1907/1907
f 1904/1904/1904 1907/1907/1907 1909/1909/1909
f 1904/1904/1904 1909/1909/1909 1906/1906/1906
f 1912/1912/1912 1915/1915/1915 1911/1911/1911
f 1911/1911/1911 1915/1915/1915 1914/1914/1914
f 1911/1911/1911 1914/1914/1914 1910/1910/1910
f 1910/1910/1910 1914/1914/1914 1913/1913/1913
f 1910/1910/1910 1913/1913/1913 1915/1915/1915
f 1910/1910/1910 1915/1915/1915 1912/1912/1912
f 1915/1915/1915 1918/1918/1918 1914/1914/1914
f 1914/1914/1914 1918/1918/1918 1917/1917/1917
f 1914/1914/1914 1917/1917/1917 1913/1913/1913
f 1913/1913/1913 1917/1917/1917 1916/1916/1916
f 1913/1913/1913 1916/1916/1916 1918/1918/1918
f 1913/1913/1913 1918/1918/1918 1915/1915/1915
f 1918/1918/1918 1921/1921/1921 1917/1917/1917
f 1917/1917/1917 1921/1921/1921 1920/1920/1920
f 1917/1917/1917 1920/1920/1920 1916/1916/1916
f 1916/1916/1916 1920/1920/1920 1919/1919/1919
f 1916/1916/1916 1919/1919/1919 1921/1921/1921
f 1916/1916/1916 1921/1921/1921 1918/1918/1918
f 1921/1921/1921 1924/1924/1924 1920/1920/1920
f 1920/1920/1920 1924/1924/1924 1923/1923/1923
f 1920/1920/1920 1923/1923/1923 1919/1919/1919
f 1919/1919/1919 1923/1923/1923 1922/1922/1922
f 1919/1919/1919 1922/1922/1922 1924/1924/1924
f 1919/1919/1919 1924/1924/1924 1921/1921/1921
f 1924/1924/1924 1927/1927/1927 1923/1923/1923
f 1923/1923/1923 1927/1927/1927 1926/1926/1926
f 1923/1923/1923 1926/1926/1926 1922/1922/1922
f 1922/1922/1922 1926/1926/1926 1925/1925/1925
f 1922/1922/1922 1925/1925/1925 1927/1927/1927
f 1922/1922/1922 1927/1927/1927 1924/1924/1924
f 1927/1927/1927 1930/1930/1930 1926/1926/1926
f 1926/1926/1926 1930/1930/1930 1929/1929/1929
f 1926/1926/1926 1929/1929/1929 1925/1925/1925
f 1925/1925/1925 1929/1929/1929 1928/1928/1928
f 1925/1925/1925 1928/1928/1928 1930/1930/1930
f 1925/1925/1925 1930/1930/1930 1927/1927/1927
f 1930/1930/1930 1933/1933/1933 1929/1929/1929
f 1929/1929/1929 1933/1933/1933 1932/1932/1932
f 1929/1929/1929 1932/1932/1932 1928/1928/1928
f 1928/1928/1928 1932/1932/1932 1931/1931/1931
f 1928/1928/1928 1931/1931/1931 1933/1933/1933
f 1928/1928/1928 1933/1933/1933 1930/1930/1930
f 1933/1933/1933 1936/1936/1936 1932/1932/1932
f 1932/1932/1932 1936/1936/1936 1935/1935/1935
f 1932/1932/1932 1935/1935/1935 1931/1931/1931
f 1931/1931/1931 1935/1935/1935 1934/1934/1934
f 1931/1931/1931 1934/1934/1934 1936/1936/1936
f 1931/1931/1931 1936/1936/1936 1933/1933/1933
f 1936/1936/1936 1939/1939/1939 1935/1935/1935
f 1935/1935/1935 1939/1939/1939 1938/1938/1938
f 1935/1935/1935 1938/1938/1938 1934/1934/1934
f 1934/1934/1934 1938/1938/1938 1937/1937/1937
f 1934/1934/1934 1937/1937/1937 1939/1939/1939
f 1934/1934/1934 1939/1939/1939 1936/1936/1936
f 1939/1939/1939 1942/1942/1942 1938/1938/1938
f 1938/1938/1938 1942/1942/1942 1941/1941/1941
f 1938/1938/1938 1941/1941/1941 1937/1937/1937
f 1937/1937/1937 1941/1941/1941 1940/1940/1940
f 1937/1937/1937 1940/1940/1940 1942/1942/1942
f 1937/1937/1937 1942/1942/1942 1939/1939/1939
f 1942/1942/1942 1945/1945/1945 1941/1941/1941
f 1941/1941/1941 1945/1945/1945 1944/1944/1944
f 1941/1941/1941 1944/1944/1944 1940/1940/1940
f 1940/1940/1940 1944/1944/1944 1943/1943/1943
f 1940/1940/1940 1943/1943/1943 1945/1945/1945
f 1940/1940/1940 1945/1945/1945 1942/1942/1942
f 1945/1945/1945 1948/1948/1948 1944/1944/1944
f 1944/1944/1944 1948/1948/1948 1947/1947/1947
f 1944/1944/1944 1947/1947/1947 1943/1943/1943
f 1943/1943/1943 1947/1947/1947 1946/1946/1946
f 1943/1943/1943 1946/1946/1946 1948/1948/1948
f 1943/1943/1943 1948/1948/1948 1945/1945/1945
f 1948/1948/1948 1951/1951/1951 1947/1947/1947
f 1947/1947/1947 1951/1951/1951 1950/1950/1950
f 1947/1947/1947 1950/1950/1950 1946/1946/1946
f 1946/1946/1946 1950/1950/1950 1949/1949/1949
f 1946/1946/1946 1949/1949/1949 1951/1951/1951
f 1946/1946/1946 1951/1951/1951 1948/1948/1948
f 1951/1951/1951 1954/1954/1954 1950/1950/1950
f 1950/1950/1950 1954/1954/1954 1953/1953/1953
f 1950/1950/1950 1953/1953/1953 1949/1949/1949
f 1949/1949/1949 1953/1953/1953 1952/1952/1952
f 1949/1949/1949 1952/1952/1952 1954/1954/1954
f 1949/1949/1949 1954/1954/1954 1951/1951/1951
f 1954/1954/1954 1957/1957/1957 1953/1953/1953
f 1953/1953/1953 1957/1957/1957 1956/1956/1956
f 1953/1953/1953 1956/1956/1956 1952/1952/1952
f 1952/1952/1952 1956/1956/1956 1955/1955/1955
f 1952/1952/1952 1955/1955/1955 1957/1957/1957
f 1952/1952/1952 1957/1957/1957 1954/1954/1954
f 1957/1957/1957 1960/1960/1960 1956/1956/1956
f 1956/1956/1956 1960/1960/1960 1959/1959/1959
f 1956/1956/1956 1959/1959/1959 1955/1955/1955
f 1955/1955/1955 1959/1959/1959 1958/1958/1958
f 1955/1955/1955 1958/1958/1958 1960/1960/1960
f 1955/1955/1955 1960/1960/1960 1957/1957/1957
f 1963/1963/1963 1966/1966/1966 1962/1962/1962
f 1962/1962/1962 1966/1966/1966 1965/1965/1965
f 1962/1962/1962 1965/1965/1965 1961/1961/1961
f 1961/1961/1961 1965/1965/1965 1964/1964/1964
f 1961/1961/1961 1964/1964/1964 1966/1966/1966
f 1961/1961/1961 1966/1966/1966 1963/1963/1963
f 1966/1966/1966 1969/1969/1969 1965/1965/1965
f 1965/1965/1965 1969/1969/1969 1968/1968/1968
f 1965/1965/1965 1968/1968/1968 1964/1964/1964
f 1964/1964/1964 1968/1968/1968 1967/1967/1967
f 1964/1964/1964 1967/1967/1967 1969/1969/1969
f 1964/1964/1964 1969/1969/1969 1966/1966/1966
f 1969/1969/1969 1972/1972/1972 1968/1968/1968
f 1968/1968/1968 1972/1972/1972 1971/1971/1971
f 1968/1968/1968 1971/1971/1971 1967/1967/1967
f 1967/1967/1967 1971/1971/1971 1970/1970/1970
f 1967/1967/1967 1970/1970/1970 1972/1972/1972
f 1967/1967/1967 1972/1972/1972 1969/1969/1969
f 1972/1972/1972 1975/1975/1975 1971/1971/1971
f 1971/1971/1971 1975/1975/1975 1974/1974/1974
f 1971/1971/1971 1974/1974/1974 1970/1970/1970
f 1970/1970/1970 1974/1974/1974 1973/1973/1973
f 1970/1970/1970 1973/1973/1973 1975/1975/1975
f 1970/1970/1970 1975/1975/1975 1972/1972/1972
f 1975/1975/1975 1978/1978/1978 1974/1974/1974
f 1974/1974/1974 1978/1978/1978 1977/1977/1977
f 1974/1974/1974 1977/1977/1977 1973/1973/1973
f 1973/1973/1973 1977/1977/1977 1976/1976/1976
f 1973/1973/1973 1976/1976/1976 1978/1978/1978
f 1973/1973/1973 1978/1978/1978 1975/1975/1975
f 1978/1978/1978 1981/1981/1981 1977/1977/1977
f 1977/1977/1977 1981/1981/1981 1980/1980/1980
f 1977/1977/1977 1980/1980/1980 1976/1976/1976
f 1976/1976/1976 1980/1980/1980 1979/1979/1979
f 1976/1976/1976 1979/1979/1979 1981/1981/1981
f 1976/1976/1976 1981/1981/1981 1978/1978/1978
f 1981/1981/1981 1984/1984/1984 1980/1980/1980
f 1980/1980/1980 1984/1984/1984 1983/1983/1983
f 1980/1980/1980 1983/1983/1983 1979/1979/1979
f 1979/1979/1979 1983/1983/1983 1982/1982/1982
f 1979/1979/1979 1982/1982/1982 1984/1984/1984
f 1979/1979/1979 1984/1984/1984 1981/1981/1981
f 1984/1984/1984 1987/1987/1987 1983/1983/1983
f 1983/1983/1983 1987/1987/1987 1986/1986/1986
f 1983/1983/1983 1986/1986/1986 1982/1982/1982
f 1982/1982/1982 1986/1986/1986 1985/1985/1985
f 1982/1982/1982 1985/1985/1985 1987/1987/1987
f 1982/1982/1982 1987/1987/1987 1984/1984/1984
f 1987/1987/1987 1990/1990/1990 1986/1986/1986
f 1986/1986/1986 1990/1990/1990 1989/1989/1989
f 1986/1986/1986 1989/1989/1989 1985/1985/1985
f 1985/1985/1985 1989/1989/1989 1988/1988/1988
f 1985/1985/1985 1988/1988/1988 1990/1990/1990
f 1985/1985/1985 1990/1990/1990 1987/1987/1987
f 1990/1990/1990 1993/1993/1993 1989/1989/1989
f 1989/1989/1989 1993/1993/1993 1992/1992/1992
f 1989/1989/1989 1992/1992/1992 1988/1988/1988
f 1988/1988/1988 1992/1992/1992 1991/1991/1991
f 1988/1988/1988 1991/1991/1991 1993/1993/1993
f 1988/1988/1988 1993/1993/1993 1990/1990/1990
f 1996/1996/1996 1999/1999/1999 1995/1995/1995
f 1995/1995/1995 1999/1999/1999 1998/1998/1998
f 1995/1995/1995 1998/1998/1998 1994/1994/1994
f 1994/1994/1994 1998/1998/1998 1997/1997/1997
f 1994/1994/1994 1997/1997/1997 1999/1999/1999
f 1994/1994/1994 1999/1999/1999 1996/1996/1996
f 1999/1999/1999 2002/2002/2002 1998/1998/1998
f 1998/1998/1998 2002/2002/2002 2001/2001/2001
f 1998/1998/1998 2001/2001/2001 1997/1997/1997
f 1997/1997/1997 2001/2001/2001 2000/2000/2000
f 1997/1997/1997 2000/2000/2000 2002/2002/2002
f 1997/1997/1997 2002/2002/2002 1999/1999/1999
f 2002/2002/2002 2005/2005/2005 2001/2001/2001
f 2001/2001/2001 2005/2005/2005 2004/2004/2004
f 2001/2001/2001 2004/2004/2004 2000/2000/2000
f 2000/2000/2000 2004/2004/2004 2003/2003/2003
f 2000/2000/2000 2003/2003/2003 2005/2005/2005
f 2000/2000/2000 2005/2005/2005 2002/2002/2002
f 2005/2005/2005 2008/2008/2008 2004/2004/2004
f 2004/2004/2004 2008/2008/2008 2007/2007/2007
f 2004/2004/2004 2007/2007/2007 2003/2003/2003
f 2003/2003/2003 2007/2007/2007 2006/2006/2006
f 2003/2003/2003 2006/2006/2006 2008/2008/2008
f 2003/2003/2003 2008/2008/2008 2005/2005/2005
f 2008/2008/2008 2011/2011/2011 2007/2007/2007
f 2007/2007/2007 2011/2011/2011 2010/2010/2010
f 2007/2007/2007 2010/2010/2010 2006/2006/2006
f 2006/2006/2006 2010/2010/2010 2009/2009/2009
f 2006/2006/2006 2009/2009/2009 2011/2011/2011
f 2006/2006/2006 2011/2011/2011 2008/2008/2008
f 2011/2011/2011 2014/2014/2014 2010/2010/2010
f 2010/2010/2010 2014/2014/2014 2013/2013/2013
f 2010/2010/2010 2013/2013/2013 2009/2009/2009
f 2009/2009/2009 2013/2013/2013 2012/2012/2012
f 2009/2009/2009 2012/2012/2012 2014/2014/2014
f 2009/2009/2009 2014/2014/2014 2011/2011/2011
f 2014/2014/2014 2017/2017/2017 2013/2013/2013
f 2013/2013/2013 2017/2017/2017 2016/2016/2016
f 2013/2013/2013 2016/2016/2016 2012/2012/2012
f 2012/2012/2012 2016/2016/2016 2015/2015/2015
f 2012/2012/2012 2015/2015/2015 2017/2017/2017
f 2012/2012/2012 2017/2017/2017 2014/2014/2014
f 2017/2017/2017 2020/2020/2020 2016/2016/2016
f 2016/2016/2016 2020/2020/2020 2019/2019/2019
f 2016/2016/2016 2019/2019/2019 2015/2015/2015
f 2015/2015/2015 2019/2019/2019 2018/2018/2018
f 2015/2015/2015 2018/2018/2018 2020/2020/2020
f 2015/2015/2015 2020/2020/2020 2017/2017/2017
f 2020/2020/2020 2023/2023/2023 2019/2019/2019
f 2019/2019/2019 2023/2023/2023 2022/2022/2022
f 2019/2019/2019 2022/2022/2022 2018/2018/2018
f 2018/2018/2018 2022/2022/2022 2021/2021/2021
f 2018/2018/2018 2021/2021/2021 2023/2023/2023
f 2018/2018/2018 2023/2023/2023 2020/2020/2020
f 2026/2026/2026 2029/2029/2029 2025/2025/2025
f 2025/2025/2025 2029/2029/2029 2028/2028/2028
f 2025/2025/2025 2028/2028/2028 2024/2024/2024
f 2024/2024/2024 2028/2028/2028 2027/2027/2027
f 2024/2024/2024 2027/2027/2027 2029/2029/2029
f 2024/2024/2024 2029/2029/2029 2026/2026/2026
f 2029/2029/2029 2032/2032/2032 2028/2028/2028
f 2028/2028/2028 2032/2032/2032 2031/2031/2031
f 2028/2028/2028 2031/2031/2031 2027/2027/2027
f 2027/2027/2027 2031/2031/2031 2030/2030/2030
f 2027/2027/2027 2030/2030/2030 2032/2032/2032
f 2027/2027/2027 2032/2032/2032 2029/2029/2029
f 2032/2032/2032 2035/2035/2035 2031/2031/2031
f 2031/2031/2031 2035/2035/2035 2034/2034/2034
f 2031/2031/2031 2034/2034/2034 2030/2030/2030
f 2030/2030/2030 2034/2034/2034 2033/2033/2033
f 2030/2030/2030 2033/2033/2033 2035/2035/2035
f 2030/2030/2030 2035/2035/2035 2032/2032/2032
f 2035/2035/2035 2038/2038/2038 2034/2034/2034
f 2034/2034/2034 2038/2038/2038 2037/2037/2037
f 2034/2034/2034 2037/2037/2037 2033/2033/2033
f 2033/2033/2033 2037/2037/2037 2036/2036/2036
f 2033/2033/2033 2036/2036/2036 2038/2038/2038
f 2033/2033/2033 2038/2038/2038 2035/2035/2035
f 2038/2038/2038 2041/2041/2041 2037/2037/2037
f 2037/2037/2037 2041/2041/2041 2040/2040/2040
f 2037/2037/2037 2040/2040/2040 2036/2036/2036
f 2036/2036/2036 2040/2040/2040 2039/2039/2039
f 2036/2036/2036 2039/2039/2039 2041/2041/2041
f 2036/2036/2036 2041/2041/2041 2038/2038/2038
f 2041/2041/2041 2044/2044/2044 2040/2040/2040
f 2040/2040/2040 2044/2044/2044 2043/2043/2043
f 2040/2040/2040 2043/2043/2043 2039/2039/2039
f 2039/2039/2039 2043/2043/2043 2042/2042/2042
f 2039/2039/2039 2042/2042/2042 2044/2044/2044
f 2039/2039/2039 2044/2044/2044 2041/2041/2041
f 2044/2044/2044 2047/2047/2047 2043/2043/2043
f 2043/2043/2043 2047/2047/2047 2046/2046/2046
f 2043/2043/2043 2046/2046/2046 2042/2042/2042
f 2042/2042/2042 2046/2046/2046 2045/2045/2045
f 2042/2042/2042 2045/2045/2045 2047/2047/2047
f 2042/2042/2042 2047/2047/2047 2044/2044/2044
f 2047/2047/2047 2050/2050/2050 2046/2046/2046
f 2046/2046/2046 2050/2050/2050 2049/2049/2049
f 2046/2046/2046 2049/2049/2049 2045/2045/2045
f 2045/2045/2045 2049/2049/2049 2048/2048/2048
f 2045/2045/2045 2048/2048/2048 2050/2050/2050
f 2045/2045/2045 2050/2050/2050 2047/2047/2047
f 2053/2053/2053 2056/2056/2056 2052/2052/2052
f 2052/2052/2052 2056/2056/2056 2055/2055/2055
f 2052/2052/2052 2055/2055/2055 2051/2051/2051
f 2051/2051/2051 2055/2055/2055 2054/2054/2054
f 2051/2051/2051 2054/2054/2054 2056/2056/2056
f 2051/2051/2051 2056/2056/2056 2053/2053/2053
f 2056/2056/2056 2059/2059/2059 2055/2055/2055
f 2055/2055/2055 2059/2059/2059 2058/2058/2058
f 2055/2055/2055 2058/2058/2058 2054/2054/2054
f 2054/2054/2054 2058/2058/2058 2057/2057/2057
f 2054/2054/2054 2057/2057/2057 2059/2059/2059
f 2054/2054/2054 2059/2059/2059 2056/2056/2056
f 2059/2059/2059 2062/2062/2062 2058/2058/2058
f 2058/2058/2058 2062/2062/2062 2061/2061/2061
f 2058/2058/2058 2061/2061/2061 2057/2057/2057
f 2057/2057/2057 2061/2061/2061 2060/2060/2060
f 2057/2057/2057 2060/2060/2060 2062/2062/2062
f 2057/2057/2057 2062/2062/2062 2059/2059/2059
f 2062/2062/2062 2065/2065/2065 2061/2061/2061
f 2061/2061/2061 2065/2065/2065 2064/2064/2064
f 2061/2061/2061 2064/2064/2064 2060/2060/2060
f 2060/2060/2060 2064/2064/2064 2063/2063/2063
f 2060/2060/2060 2063/2063/2063 2065/2065/2065
f 2060/2060/2060 2065/2065/2065 2062/2062/2062
f 2065/2065/2065 2068/2068/2068 2064/2064/2064
f 2064/2064/2064 2068/2068/2068 2067/2067/2067
f 2064/2064/2064 2067/2067/2067 2063/2063/2063
f 2063/2063/2063 2067/2067/2067 2066/2066/2066
f 2063/2063/2063 2066/2066/2066 2068/2068/2068
f 2063/2063/2063 2068/2068/2068 2065/2065/2065
f 2068/2068/2068 2071/2071/2071 2067/2067/2067
f 2067/2067/2067 2071/2071/2071 2070/2070/2070
f 2067/2067/2067 2070/2070/2070 2066/2066/2066
f 2066/2066/2066 2070/2070/2070 2069/2069/2069
f 2066/2066/2066 2069/2069/2069 2071/2071/2071
f 2066/2066/2066 2071/2071/2071 2068/2068/2068
f 2074/2074/2074 2077/2077/2077 2073/2073/2073
f 2073/2073/2073 2077/2077/2077 2076/2076/2076
f 2073/2073/2073 2076/2076/2076 2072/2072/2072
f 2072/2072/2072 2076/2076/2076 2075/2075/2075
f 2072/2072/2072 2075/2075/2075 2077/2077/2077
f 2072/2072/2072 2077/2077/2077 2074/2074/2074
f 2077/2077/2077 2080/2080/2080 2076/2076/2076
f 2076/2076/2076 2080/2080/2080 2079/2079/2079
f 2076/2076/2076 2079/2079/2079 2075/2075/2075
f 2075/2075/2075 2079/2079/2079 2078/2078/2078
f 2075/2075/2075 2078/2078/2078 2080/2080/2080
f 2075/2075/2075 2080/2080/2080 2077/2077/2077
f 2080/2080/2080 2083/2083/2083 2079/2079/2079
f 2079/2079/2079 2083/2083/2083 2082/2082/2082
f 2079/2079/2079 2082/2082/2082 2078/2078/2078
f 2078/2078/2078 2082/2082/2082 2081/2081/2081
f 2078/2078/2078 2081/2081/2081 2083/2083/2083
f 2078/2078/2078 2083/2083/2083 2080/2080/2080
f 2083/2083/2083 2086/2086/2086 2082/2082/2082
f 2082/2082/2082 2086/2086/2086 2085/2085/2085
f 2082/2082/2082 2085/2085/2085 2081/2081/2081
f 2081/2081/2081 2085/2085/2085 2084/2084/2084
f 2081/2081/2081 2084/2084/2084 2086/2086/2086
f 2081/2081/2081 2086/2086/2086 2083/2083/2083
f 2086/2086/2086 2089/2089/2089 2085/2085/2085
f 2085/2085/2085 2089/2089/2089 2088/2088/2088
f 2085/2085/2085 2088/2088/2088 2084/2084/2084
f 2084/2084/2084 2088/2088/2088 2087/2087/2087
f 2084/2084/2084 2087/2087/2087 2089/2089/2089
f 2084/2084/2084 2089/2089/2089 2086/2086/2086
f 2092/2092/2092 2095/2095/2095 2091/2091/2091
f 2091/2091/2091 2095/2095/2095 2094/2094/2094
f 2091/2091/2091 2094/2094/2094 2090/2090/2090
f 2090/2090/2090 2094/2094/2094 2093/2093/2093
f 2090/2090/2090 2093/2093/2093 2095/2095/2095
f 2090/2090/2090 2095/2095/2095 2092/2092/2092
f 2095/2095/2095 2098/2098/2098 2094/2094/2094
f 2094/2094/2094 2098/2098/2098 2097/2097/2097
f 2094/2094/2094 2097/2097/2097 2093/2093/2093
f 2093/2093/2093 2097/2097/2097 2096/2096/2096
f 2093/2093/2093 2096/2096/2096 2098/2098/2098
f 2093/2093/2093 2098/2098/2098 2095/2095/2095
f 2098/2098/2098 2101/2101/2101 2097/2097/2097
f 2097/2097/2097 2101/2101/2101 2100/2100/2100
f 2097/2097/2097 2100/2100/2100 2096/2096/2096
f 2096/2096/2096 2100/2100/2100 2099/2099/2099
f 2096/2096/2096 2099/2099/2099 2101/2101/2101
f 2096/2096/2096 2101/2101/2101 2098/2098/2098
f 2104/2104/2104 2107/2107/2107 2103/2103/2103
f 2103/2103/2103 2107/2107/2107 2106/2106/2106
f 2103/2103/2103 2106/2106/2106 2102/2102/2102
f 2102/2102/2102 2106/2106/2106 2105/2105/2105
f 2102/2102/2102 2105/2105/2105 2107/2107/2107
f 2102/2102/2102 2107/2107/2107 2104/2104/2104
