mtllib plant.mtl
v -0.698447 1.00145 0.368502
v -0.691812 1.00009 0.375791
v -0.692964 0.999319 0.351933
v -0.681423 1.00167 0.366845
v -0.714689 1.00163 0.364913
v -0.700601 0.996872 0.374635
v -0.70543 0.999472 0.351775
v -0.693261 0.996183 0.358829
v -0.70111 1.01255 0.36953
v -0.696087 1.01033 0.380636
v -0.69646 1.01254 0.357682
v -0.683632 1.00972 0.36685
v -0.707944 1.00497 0.348043
v -0.696426 1.00809 0.357914
v -0.70057 1.00962 0.33795
v -0.683894 1.00498 0.341759
v -0.674961 1.01466 0.342894
v -0.666029 1.01526 0.356678
v -0.663188 1.01619 0.334644
v -0.656391 1.02065 0.346453
v -0.685784 1.00015 0.338294
v -0.678164 1.00519 0.346206
v -0.678858 1.0044 0.328501
v -0.667212 0.999282 0.335654
v -0.687051 1.01221 0.331751
v -0.684331 1.01088 0.340559
v -0.676632 1.01348 0.320576
v -0.671932 1.01351 0.334787
v -0.663679 1.01587 0.313579
v -0.655157 1.00842 0.324455
v -0.657183 1.01478 0.301882
v -0.642772 1.01386 0.319075
v -0.658217 1.00884 0.295231
v -0.643558 1.01264 0.306291
v -0.650757 1.0132 0.282465
v -0.635053 1.0132 0.286396
v -0.676711 1.01277 0.289393
v -0.660452 1.01176 0.301513
v -0.664948 1.01344 0.275016
v -0.646872 1.00497 0.286265
v -0.677679 1.01571 0.295856
v -0.657348 1.01358 0.305479
v -0.660034 1.01041 0.280998
v -0.652647 1.01267 0.290786
v -0.67934 1.0178 0.280252
v -0.659164 1.01872 0.297222
v -0.666674 1.01653 0.274253
v -0.649796 1.01912 0.278041
v -0.671498 0.991457 0.265965
v -0.655629 0.992824 0.286354
v -0.649741 0.992578 0.255557
v -0.642687 0.997831 0.272795
v -0.683198 0.997581 0.238289
v -0.673587 1.00087 0.249853
v -0.670518 0.999527 0.222481
v -0.655948 0.999164 0.240479
v -0.685824 1.0107 0.214523
v -0.665904 1.01381 0.228829
v -0.670856 1.00975 0.200135
v -0.651904 1.01034 0.212916
v -0.674348 0.999127 0.226307
v -0.658947 0.995746 0.238897
v -0.660385 0.993077 0.20555
v -0.649676 0.993322 0.221957
v -0.666385 1.00704 0.201871
v -0.654929 1.01283 0.210028
v -0.648451 1.00714 0.18831
v -0.637778 1.00913 0.198693
v -0.672904 1.01571 0.183312
v -0.664746 1.01537 0.197658
v -0.662883 1.01638 0.169495
v -0.65033 1.01536 0.181238
v -0.655068 1.01613 0.165548
v -0.642309 1.01817 0.172151
v -0.643943 1.01832 0.151979
v -0.632289 1.01777 0.16046
v -0.65567 1.00356 0.168112
v -0.643399 1.00275 0.183561
v -0.64597 0.999485 0.157666
v -0.635281 0.997608 0.173328
v -0.644429 1.02125 0.148978
v -0.635801 1.02159 0.159508
v -0.634311 1.02351 0.142256
v -0.624684 1.02201 0.151039
v -0.699536 1.00826 0.34422
v -0.690538 1.01227 0.357829
v -0.688743 1.01369 0.335806
v -0.68378 1.00798 0.350247
v -0.693491 1.01681 0.346126
v -0.680436 1.01138 0.354042
v -0.684112 1.01715 0.330753
v -0.669999 1.01153 0.342952
v -0.687817 0.996104 0.362855
v -0.675324 0.99455 0.369232
v -0.683979 0.996813 0.346405
v -0.673465 0.995458 0.358353
v -0.666107 0.999457 0.337136
v -0.657889 0.996599 0.345523
v -0.658377 1.00161 0.326802
v -0.650692 1.00198 0.333516
v -0.674404 1.00803 0.323992
v -0.660278 1.00989 0.336453
v -0.664457 1.0066 0.319744
v -0.649904 1.00795 0.325337
v -0.668708 0.991421 0.332325
v -0.655745 0.992715 0.342559
v -0.656081 0.997211 0.323206
v -0.646034 0.993453 0.332146
v -0.685213 1.01111 0.327797
v -0.676078 1.01138 0.340977
v -0.675136 1.0154 0.318355
v -0.666698 1.01362 0.329078
v -0.68758 1.00772 0.310293
v -0.674502 1.01103 0.324307
v -0.67035 1.01088 0.306427
v -0.660011 1.00617 0.317888
v -0.667323 1.00108 0.308753
v -0.659803 1.00535 0.322547
v -0.656404 0.997503 0.29952
v -0.648806 0.99889 0.306645
v -0.655924 1.00183 0.308009
v -0.64661 0.994065 0.317163
v -0.650369 0.996632 0.296813
v -0.630924 0.994407 0.301989
v -0.654741 1.00571 0.291421
v -0.640455 1.00682 0.308447
v -0.645631 1.00947 0.283395
v -0.62893 1.00963 0.290071
v -0.687726 1.01071 0.273334
v -0.675284 1.00517 0.290008
v -0.671061 1.00571 0.264268
v -0.657067 1.01011 0.277611
v -0.666739 0.99298 0.263528
v -0.662775 0.989935 0.279795
v -0.655139 0.990226 0.257044
v -0.642405 0.994272 0.271401
v -0.680963 1.00335 0.246034
v -0.665858 0.995566 0.26231
v -0.6644 1.0026 0.236285
v -0.650365 1.00335 0.244546
v -0.688155 1.00311 0.235781
v -0.668561 1.00039 0.245735
v -0.66901 1.00841 0.221179
v -0.652482 1.00069 0.235023
v -0.672687 0.998729 0.238493
v -0.656816 0.995306 0.25282
v -0.649995 1.00124 0.226729
v -0.644022 1.00055 0.243375
v -0.657093 1.00735 0.223382
v -0.641864 1.00611 0.242076
v -0.640689 1.0067 0.216548
v -0.627439 1.01008 0.232409
v -0.660549 1.00806 0.199759
v -0.641777 1.00582 0.21325
v -0.648193 1.0004 0.189135
v -0.630752 1.0039 0.204956
v -0.670296 0.997854 0.209703
v -0.656851 1.00571 0.220519
v -0.652203 0.999434 0.198315
v -0.64335 1.00525 0.214258
v -0.656273 1.00898 0.180301
v -0.649217 1.0064 0.195647
v -0.643297 1.00926 0.16793
v -0.634091 1.00948 0.180007
v -0.652456 1.00464 0.174398
v -0.640812 1.00501 0.19074
v -0.639401 1.00459 0.167265
v -0.631055 1.0069 0.173233
v -0.647451 1.00344 0.153812
v -0.636213 1.00582 0.165761
v -0.632178 1.00503 0.143971
v -0.626316 1.00464 0.157672
v -0.675196 1.00197 0.162137
v -0.662802 1.00271 0.176856
v -0.661312 1.00325 0.156516
v -0.654971 1.003 0.162816
v -0.644868 1.00476 0.148668
v -0.62975 1.00358 0.157948
v -0.634862 1.00421 0.142915
v -0.622033 1.00672 0.151988
v -0.708646 0.986366 0.346419
v -0.697635 0.988608 0.356612
v -0.702876 0.989597 0.338023
v -0.694193 0.987403 0.341772
v -0.700719 1.00341 0.366493
v -0.691753 1.00401 0.376533
v -0.690078 1.0043 0.357254
v -0.679872 1.00547 0.360843
v -0.690224 0.993418 0.369855
v -0.676705 0.997485 0.373626
v -0.677906 0.995123 0.353398
v -0.666406 0.994867 0.367539
v -0.683194 1.01335 0.35833
v -0.675363 1.02016 0.363718
v -0.675598 1.01874 0.347301
v -0.665775 1.01825 0.358068
v -0.66934 0.999703 0.361276
v -0.66006 0.997245 0.369596
v -0.65927 0.996524 0.347405
v -0.651642 0.996964 0.361223
v -0.675238 1.01961 0.331845
v -0.667085 1.01823 0.342274
v -0.664057 1.01537 0.323907
v -0.650984 1.0146 0.33826
v -0.676045 1.0191 0.323933
v -0.664797 1.02113 0.332578
v -0.670598 1.02391 0.314442
v -0.658598 1.0174 0.325402
v -0.676274 1.01664 0.308429
v -0.663883 1.01765 0.317712
v -0.660308 1.02213 0.293259
v -0.654018 1.01929 0.304035
v -0.660734 1.0032 0.271414
v -0.652085 0.99833 0.280039
v -0.652695 1.00354 0.26013
v -0.637025 0.998728 0.26899
v -0.66324 1.00204 0.284568
v -0.648277 0.998143 0.299464
v -0.642141 1.00058 0.2682
v -0.635381 1.0049 0.282463
v -0.678077 1.00989 0.269357
v -0.671275 1.01032 0.276509
v -0.672781 1.00876 0.248881
v -0.653024 1.00957 0.259713
v -0.684851 0.989722 0.271539
v -0.674229 0.991771 0.276528
v -0.677169 0.992951 0.249313
v -0.65486 0.990283 0.263513
v -0.671961 0.997886 0.260648
v -0.666657 0.992909 0.275438
v -0.657295 0.999183 0.245518
v -0.652132 0.995711 0.262239
v -0.688763 1.01145 0.264239
v -0.678671 1.01274 0.279676
v -0.674683 1.01067 0.248579
v -0.667591 1.01742 0.267585
v -0.678472 1.00409 0.247295
v -0.654759 1.00346 0.259233
v -0.658478 1.00485 0.23434
v -0.649923 1.00035 0.240699
v -0.665738 1.00421 0.201007
v -0.652282 1.00545 0.214719
v -0.653495 1.00552 0.191439
v -0.643099 1.00299 0.206931
v -0.658987 1.00368 0.200602
v -0.651795 1.00328 0.212242
v -0.645887 1.00863 0.188522
v -0.634598 1.00264 0.202136
v -0.660659 1.00793 0.14624
v -0.650819 1.00891 0.154122
v -0.654361 1.01241 0.13894
v -0.645211 1.01255 0.147429
v -0.662652 1.00904 0.158534
v -0.646773 1.01071 0.168175
v -0.649677 1.01154 0.150513
v -0.637821 1.00841 0.157401
v -0.720735 0.989686 0.356789
v -0.703855 0.987081 0.367015
v -0.711032 0.987374 0.346651
v -0.694893 0.988493 0.358503
v -0.706987 0.986383 0.344446
v -0.694491 0.991384 0.352122
v -0.697965 0.990789 0.33529
v -0.686719 0.993271 0.345634
v -0.69804 1.0046 0.340611
v -0.684385 1.00554 0.353888
v -0.683233 1.00213 0.334909
v -0.679147 1.00566 0.348168
v -0.691766 0.999942 0.344523
v -0.687377 1.00021 0.355121
v -0.680709 0.997127 0.335742
v -0.674836 0.999005 0.342144
v -0.691108 1.01054 0.363477
v -0.684661 1.0084 0.371156
v -0.684753 1.01198 0.35181
v -0.670893 1.00735 0.356477
v -0.690592 1.00568 0.341368
v -0.68496 1.00687 0.351319
v -0.685624 1.00502 0.333007
v -0.673892 1.0074 0.338385
v -0.660135 1.00808 0.334415
v -0.653658 1.00881 0.347152
v -0.650364 1.00761 0.31917
v -0.639443 1.01098 0.335062
v -0.677392 1.02202 0.299733
v -0.668486 1.02092 0.30503
v -0.668926 1.01728 0.284126
v -0.651644 1.02201 0.295786
v -0.67757 0.997183 0.305129
v -0.668622 1.00217 0.316636
v -0.663366 0.998592 0.287307
v -0.658896 0.997715 0.302366
v -0.657782 0.998409 0.281406
v -0.644069 1.00391 0.299211
v -0.639999 0.99923 0.268609
v -0.63065 0.996457 0.283582
v -0.654959 1.01116 0.27079
v -0.646814 1.01586 0.279748
v -0.650614 1.01046 0.254062
v -0.630571 1.01478 0.263078
v -0.681862 0.995829 0.264825
v -0.664142 0.998808 0.282914
v -0.667059 0.995146 0.251999
v -0.649594 0.996681 0.271074
v -0.669934 1.00393 0.284657
v -0.652478 0.998063 0.299812
v -0.658838 1.00042 0.271914
v -0.637097 0.998068 0.283265
v -0.671915 1.0153 0.263668
v -0.658817 1.01561 0.275347
v -0.66407 1.01563 0.249121
v -0.645043 1.01639 0.266157
v -0.675541 0.994324 0.249608
v -0.665059 0.999066 0.265139
v -0.662913 0.992562 0.236106
v -0.64735 0.993795 0.247506
v -0.695622 1.00815 0.238512
v -0.678012 1.00532 0.248367
v -0.684235 1.00853 0.222994
v -0.660198 1.00931 0.233598
v -0.681066 1.01443 0.219693
v -0.66041 1.01522 0.233074
v -0.665798 1.01819 0.206415
v -0.649735 1.0215 0.221589
v -0.672601 0.991523 0.219285
v -0.66042 0.997613 0.231196
v -0.664221 0.997361 0.207862
v -0.65218 0.993617 0.225112
v -0.672165 0.999097 0.206262
v -0.661349 0.998735 0.218386
v -0.663082 0.997743 0.200014
v -0.645218 0.996413 0.212005
v -0.68138 0.994394 0.193668
v -0.668292 0.992804 0.205911
v -0.671065 0.994575 0.179042
v -0.656427 0.995366 0.192286
v -0.670964 1.02193 0.165157
v -0.661278 1.01325 0.176658
v -0.659703 1.01481 0.155891
v -0.651271 1.01798 0.168592
v -0.651862 1.02004 0.161636
v -0.641891 1.02052 0.172696
v -0.640417 1.01939 0.151148
v -0.635403 1.01765 0.166576
v -0.652992 1.01234 0.152328
v -0.643496 1.01086 0.161278
v -0.641123 1.00755 0.136251
v -0.629471 1.01291 0.146046
v -0.659185 1.01685 0.151643
v -0.650639 1.02189 0.166594
v -0.644871 1.01706 0.14316
v -0.639815 1.02145 0.154443
v -0.694204 1.00306 0.353555
v -0.688297 1.00491 0.367667
v -0.685492 1.0017 0.343518
v -0.672988 1.00261 0.354278
v -0.715931 0.997855 0.356121
v -0.710558 0.994029 0.372029
v -0.705794 0.996383 0.345831
v -0.695315 0.997424 0.36252
v -0.702727 1.00922 0.37168
v -0.693539 1.01282 0.375389
v -0.693999 1.01395 0.360283
v -0.687175 1.01288 0.363871
v -0.704703 1.00894 0.361568
v -0.697714 1.01171 0.374412
v -0.691666 1.01471 0.35342
v -0.686761 1.01676 0.36613
v -0.685275 1.01645 0.327223
v -0.676212 1.0161 0.341275
v -0.676138 1.01268 0.323066
v -0.666029 1.01449 0.33343
v -0.66527 1.01079 0.312193
v -0.649555 1.00731 0.319613
v -0.653539 1.01272 0.297331
v -0.64003 1.00612 0.312376
v -0.667883 0.996827 0.300014
v -0.650837 1.00024 0.314067
v -0.65301 0.998639 0.285357
v -0.645048 1.00108 0.299205
v -0.679145 1.00937 0.309264
v -0.668111 1.01466 0.322679
v -0.662133 1.01369 0.298335
v -0.657344 1.00873 0.310878
v -0.658007 1.00738 0.302122
v -0.650969 1.00783 0.315153
v -0.650343 1.00627 0.292639
v -0.632941 1.00935 0.306271
v -0.672485 1.00961 0.275369
v -0.659653 1.01827 0.288254
v -0.656131 1.01158 0.257624
v -0.650179 1.0116 0.273863
v -0.663811 1.00478 0.283741
v -0.654108 1.00843 0.299107
v -0.654422 1.00674 0.277928
v -0.637316 1.00521 0.290974
v -0.673209 1.00061 0.269709
v -0.662168 1.00342 0.285276
v -0.65849 1.0047 0.250124
v -0.649356 1.00488 0.267398
v -0.674944 1.00426 0.240526
v -0.655024 0.999866 0.252419
v -0.656149 1.00586 0.22666
v -0.647303 1.00425 0.240421
v -0.664036 1.0158 0.235783
v -0.653263 1.01655 0.2419
v -0.655493 1.02164 0.213762
v -0.636426 1.01656 0.228405
v -0.663923 0.999649 0.186365
v -0.654095 1.00749 0.198927
v -0.645138 1.00298 0.170571
v -0.634427 1.00343 0.191571
v -0.668416 0.995025 0.180973
v -0.656408 0.989238 0.193654
v -0.652342 0.990845 0.163927
v -0.637824 0.993828 0.180581
v -0.656932 1.01958 0.183653
v -0.650917 1.01931 0.19417
v -0.64664 1.01665 0.168827
v -0.640859 1.01466 0.180114
v -0.654177 1.0124 0.151264
v -0.638131 1.01279 0.16365
v -0.640063 1.00933 0.139868
v -0.631427 1.01591 0.150475
v -0.667592 0.996799 0.161935
v -0.662514 1.00006 0.173372
v -0.661253 0.997918 0.152776
v -0.64716 0.999337 0.165094
v -0.654594 1.01756 0.155033
v -0.642564 1.01776 0.166766
v -0.646071 1.02118 0.141817
v -0.634108 1.02218 0.150557
v -0.703468 0.992441 0.344062
v -0.695844 0.992826 0.35011
v -0.692053 0.987036 0.335594
v -0.686546 0.988611 0.345224
v -0.697103 1.01187 0.370307
v -0.685891 1.00635 0.381353
v -0.681123 1.01378 0.358521
v -0.672357 1.00695 0.371903
v -0.687344 1.00022 0.357274
v -0.677345 0.99688 0.368754
v -0.673981 1.0007 0.347767
v -0.664802 0.998586 0.358515
v -0.680518 1.0215 0.35526
v -0.672386 1.02076 0.367354
v -0.671736 1.02051 0.344202
v -0.666031 1.01741 0.356265
v -0.692076 1.0116 0.33577
v -0.679847 1.01002 0.343859
v -0.683346 1.00973 0.32964
v -0.668749 1.00648 0.338419
v -0.671333 0.993414 0.338271
v -0.660023 1.00011 0.346875
v -0.656201 0.994954 0.329013
v -0.649905 0.997475 0.333447
v -0.678937 1.00173 0.326157
v -0.670346 1.00293 0.333661
v -0.673589 1.00466 0.312907
v -0.66304 1.00423 0.323586
v -0.668898 1.01642 0.311524
v -0.65451 1.01619 0.32574
v -0.650598 1.01176 0.3013
v -0.646346 1.01444 0.315568
v -0.662322 1.00485 0.308527
v -0.657698 1.00487 0.322061
v -0.651004 0.999939 0.299338
v -0.640804 1.00861 0.312167
v -0.672514 1.01162 0.287709
v -0.664078 1.00839 0.296837
v -0.665449 1.01126 0.273144
v -0.647375 1.00695 0.288544
v -0.672837 0.998136 0.295761
v -0.658334 0.997173 0.301922
v -0.666727 0.996667 0.281638
v -0.649114 0.997621 0.292729
v -0.673913 1.00643 0.290997
v -0.65829 1.01405 0.300289
v -0.66286 1.01137 0.273267
v -0.648578 1.01489 0.285282
v -0.6777 0.996025 0.260762
v -0.663966 0.995585 0.271458
v -0.66265 0.994876 0.248119
v -0.652799 0.995751 0.256915
v -0.690853 1.01157 0.257898
v -0.68163 1.01117 0.271567
v -0.685918 1.01405 0.241491
v -0.663863 1.01202 0.251018
v -0.688184 1.00357 0.242117
v -0.678524 1.00539 0.260879
v -0.670647 0.997603 0.23255
v -0.664998 1.00483 0.247776
v -0.68737 1.02086 0.231256
v -0.670887 1.02042 0.23767
v -0.669396 1.02306 0.218457
v -0.657187 1.02323 0.231802
v -0.680947 1.00585 0.233448
v -0.664063 0.999514 0.24859
v -0.668982 1.0037 0.222355
v -0.647406 1.00067 0.230689
v -0.678864 0.995452 0.209118
v -0.667553 0.997336 0.223836
v -0.66536 0.998012 0.198579
v -0.649384 0.994137 0.217915
v -0.66634 0.99316 0.196515
v -0.655369 0.994717 0.208687
v -0.64732 0.988683 0.181664
v -0.641827 0.992299 0.195318
v -0.670879 1.00416 0.208045
v -0.662055 1.00407 0.217254
v -0.661837 1.00674 0.19456
v -0.648621 1.0044 0.197009
v -0.661376 1.0192 0.170375
v -0.645117 1.01727 0.174651
v -0.652187 1.01885 0.156347
v -0.639099 1.01455 0.167694
v -0.658944 1.01503 0.154391
v -0.651048 1.012 0.160272
v -0.655759 1.01637 0.140401
v -0.63715 1.01332 0.148531
v -0.659076 0.998124 0.14639
v -0.645617 0.999665 0.159548
v -0.642647 0.997377 0.135614
v -0.632872 0.997573 0.148748
v -0.706605 1.01482 0.348344
v -0.69202 1.00903 0.35491
v -0.697289 1.01362 0.339174
v -0.682553 1.01391 0.343835
v -0.686586 1.0085 0.363894
v -0.680392 1.01147 0.379698
v -0.67737 1.00744 0.355716
v -0.668014 1.01002 0.366122
v -0.698747 0.999234 0.344522
v -0.693947 0.996076 0.353098
v -0.687109 0.998886 0.337456
v -0.681854 0.999701 0.348782
v -0.688082 1.00901 0.362079
v -0.68108 1.01408 0.374275
v -0.683967 1.01007 0.353238
v -0.668769 1.01229 0.363592
v -0.688488 1.01102 0.356859
v -0.673846 1.01223 0.368087
v -0.675246 1.00915 0.34853
v -0.666515 1.00904 0.35418
v -0.67208 1.0103 0.333465
v -0.662257 1.00909 0.346211
v -0.654228 1.0124 0.32475
v -0.650639 1.01144 0.338364
v -0.668645 1.00144 0.327973
v -0.663778 1.00463 0.339547
v -0.657842 1.00319 0.316191
v -0.650547 1.00476 0.325732
v -0.679577 0.997208 0.319517
v -0.665115 0.998637 0.331128
v -0.669773 1.00511 0.307886
v -0.657016 1.00097 0.314542
v -0.666079 0.984937 0.291015
v -0.652573 0.989053 0.305358
v -0.658216 0.985978 0.277095
v -0.639422 0.983531 0.292238
v -0.665199 1.0036 0.26377
v -0.651751 1.00284 0.284048
v -0.648009 1.0066 0.254092
v -0.636656 1.00784 0.269887
v -0.680444 1.00083 0.287081
v -0.667512 1.00227 0.298698
v -0.661963 1.00198 0.274431
v -0.653647 1.00185 0.280422
v -0.668468 0.991843 0.281031
v -0.659923 0.99871 0.298249
v -0.657204 1.00012 0.26764
v -0.643314 0.998282 0.279733
v -0.681768 1.00965 0.257187
v -0.665663 1.0098 0.27609
v -0.662579 1.01636 0.249084
v -0.655235 1.01019 0.265363
v -0.672799 1.00458 0.245501
v -0.664236 1.01133 0.260575
v -0.659415 1.01076 0.230929
v -0.645733 1.01061 0.241929
v -0.68667 1.00098 0.25485
v -0.670397 1.00245 0.266306
v -0.682102 1.00073 0.243033
v -0.664925 1.00203 0.256467
v -0.679835 0.997833 0.228789
v -0.664849 0.99098 0.247593
v -0.669697 0.998187 0.218109
v -0.651448 0.992096 0.233896
v -0.668821 1.01928 0.238617
v -0.658379 1.0212 0.243668
v -0.661177 1.01536 0.222769
v -0.647205 1.0219 0.230616
v -0.675044 1.00756 0.177941
v -0.664261 1.00829 0.196543
v -0.663006 1.00799 0.172275
v -0.647761 1.00259 0.185628
v -0.654817 1.01412 0.189268
v -0.64052 1.01022 0.201725
v -0.642503 1.01342 0.176497
v -0.628772 1.01073 0.189143
v -0.673273 1.00014 0.171448
v -0.659609 0.993671 0.181523
v -0.665349 0.998967 0.156333
v -0.655169 0.993688 0.170496
v -0.653723 1.00862 0.173904
v -0.64304 1.01014 0.180781
v -0.648861 1.01338 0.161719
v -0.63838 1.01202 0.170984
v -0.699946 1.00847 0.34471
v -0.692287 1.01151 0.350822
v -0.692755 1.01206 0.334011
v -0.686089 1.00832 0.339644
v -0.698009 0.998866 0.342478
v -0.692034 0.994832 0.356888
v -0.687811 0.996978 0.331883
v -0.680036 0.994405 0.344062
v -0.669748 1.00031 0.341591
v -0.662182 1.00241 0.352566
v -0.664381 1.00171 0.333004
v -0.653456 1.00217 0.345569
v -0.683534 1.01035 0.317844
v -0.666733 1.01106 0.327876
v -0.669424 1.00909 0.307403
v -0.661218 1.00899 0.312569
v -0.689314 1.01038 0.313882
v -0.679721 1.00862 0.323789
v -0.67344 1.01051 0.300736
v -0.667069 1.00649 0.314431
v -0.666126 0.998196 0.299637
v -0.651603 1.00467 0.308075
v -0.654266 1.00244 0.286956
v -0.643417 1.00492 0.298705
v -0.673728 1.01356 0.287598
v -0.664939 1.01363 0.29456
v -0.661351 1.01292 0.275837
v -0.64942 1.01067 0.288099
v -0.669983 1.00902 0.297298
v -0.655308 1.00376 0.30905
v -0.662619 1.00905 0.280408
v -0.652417 1.0074 0.297144
v -0.680051 1.00248 0.269236
v -0.665009 0.998587 0.281216
v -0.663372 0.996743 0.262936
v -0.650312 1.00351 0.270687
v -0.663475 1.0176 0.280332
v -0.650746 1.01997 0.296166
v -0.649659 1.01912 0.27146
v -0.644246 1.0184 0.284633
v -0.661901 1.00853 0.278272
v -0.648882 1.01293 0.28578
v -0.654751 1.01104 0.258692
v -0.635494 1.00705 0.268459
v -0.683722 1.00379 0.252237
v -0.672815 1.00713 0.267656
v -0.673239 1.00545 0.243598
v -0.661568 1.00075 0.25468
v -0.689283 1.01243 0.258385
v -0.676965 1.01347 0.266254
v -0.680664 1.01293 0.245256
v -0.665014 1.0102 0.250995
v -0.681563 0.999149 0.233903
v -0.659768 0.996799 0.244786
v -0.66286 0.99679 0.214056
v -0.648074 0.998406 0.231787
v -0.660107 0.997572 0.212085
v -0.644277 0.993453 0.220484
v -0.645924 0.997668 0.200373
v -0.63066 1.00014 0.214963
v -0.657664 1.00583 0.2046
v -0.646915 1.00435 0.219262
v -0.649812 1.00139 0.191137
v -0.637547 1.00505 0.207297
v -0.680037 0.996398 0.199934
v -0.668748 1.00199 0.21141
v -0.66492 0.996553 0.18644
v -0.656634 1.00101 0.20165
v -0.653606 1.01659 0.168896
v -0.642544 1.01493 0.181317
v -0.644633 1.01296 0.160804
v -0.632334 1.0108 0.164994
v -0.645722 0.997672 0.167191
v -0.641594 0.997 0.173476
v -0.637368 0.994949 0.158574
v -0.627272 0.995742 0.169918
v -0.640694 1.02043 0.147254
v -0.635515 1.01525 0.154558
v -0.635047 1.01864 0.13765
v -0.620598 1.0164 0.150253
v -0.708541 1.01686 0.357444
v -0.699255 1.01343 0.365536
v -0.693658 1.0117 0.34858
v -0.690488 1.013 0.360331
v -0.702775 1.01093 0.3463
v -0.696276 1.01047 0.361788
v -0.691781 1.00913 0.338186
v -0.683296 1.01044 0.346727
v -0.691237 0.998267 0.354228
v -0.679567 0.997837 0.363361
v -0.681276 0.998548 0.342794
v -0.671809 0.999898 0.351376
v -0.68641 0.994274 0.342599
v -0.681686 0.99504 0.353455
v -0.678595 0.99827 0.336167
v -0.66957 0.996102 0.348409
v -0.691388 1.01 0.332862
v -0.67991 1.0074 0.336065
v -0.682431 1.00542 0.320562
v -0.671621 1.00556 0.326286
v -0.684518 1.01017 0.318484
v -0.669665 1.01099 0.328825
v -0.674153 1.00706 0.302497
v -0.664034 1.00748 0.315552
v -0.678486 1.02418 0.310235
v -0.665332 1.02008 0.323748
v -0.667482 1.02099 0.302791
v -0.65377 1.021 0.316765
v -0.674939 0.993891 0.312622
v -0.668388 0.988654 0.320315
v -0.661519 0.994938 0.300757
v -0.652586 0.992328 0.316071
v -0.666276 1.00801 0.286173
v -0.647867 1.00833 0.296858
v -0.653524 1.00874 0.271801
v -0.639022 1.01378 0.28976
v -0.659634 1.01029 0.271076
v -0.643062 1.00489 0.282926
v -0.648576 1.00657 0.25609
v -0.638662 1.0039 0.266148
v -0.691354 0.990399 0.275151
v -0.678818 0.999257 0.286193
v -0.685408 0.993994 0.261145
v -0.670102 0.998763 0.274826
v -0.685231 1.02153 0.252181
v -0.674623 1.0242 0.271017
v -0.668538 1.01938 0.248491
v -0.659777 1.01868 0.261644
v -0.659695 1.02309 0.221566
v -0.649742 1.01761 0.232192
v -0.648678 1.01428 0.20328
v -0.63301 1.02115 0.212621
v -0.670241 1.0165 0.21583
v -0.658231 1.0205 0.227586
v -0.658518 1.01479 0.196878
v -0.648836 1.01338 0.211344
v -0.657706 0.995376 0.186751
v -0.646667 0.997101 0.203014
v -0.64623 0.994674 0.179261
v -0.639747 0.999409 0.189617
v -0.672927 1.00052 0.173056
v -0.665684 1.00483 0.186464
v -0.664098 1.00129 0.168235
v -0.653607 1.00562 0.177536
v -0.65809 1.01792 0.1754
v -0.647811 1.01808 0.189828
v -0.645989 1.01338 0.164865
v -0.635977 1.0137 0.176503
v -0.671275 1.00318 0.161742
v -0.658733 1.00433 0.167632
v -0.664451 1.00822 0.145372
v -0.650118 1.00871 0.160026
v -0.656119 1.00516 0.173692
v -0.648565 1.00701 0.184105
v -0.65045 1.00642 0.164344
v -0.638793 1.00525 0.165693
v -0.662826 1.00089 0.136391
v -0.646956 1.00263 0.144192
v -0.652416 1.00279 0.127215
v -0.642422 1.00087 0.137651
v -0.720011 0.998962 0.359071
v -0.706532 0.995235 0.370931
v -0.709664 0.992308 0.351612
v -0.697239 0.993183 0.362514
v -0.715565 1.0066 0.361885
v -0.709285 1.00465 0.371119
v -0.706244 1.00447 0.353146
v -0.693118 1.00168 0.368347
v -0.694487 1.01432 0.35882
v -0.685803 1.01282 0.370007
v -0.681407 1.01317 0.354336
v -0.674246 1.0164 0.365561
v -0.700479 1.01386 0.359612
v -0.690377 1.01999 0.375664
v -0.687834 1.01423 0.357771
v -0.679281 1.01426 0.369212
v -0.674982 0.996462 0.353008
v -0.656538 0.995546 0.359728
v -0.665763 0.99893 0.33713
v -0.650993 0.992397 0.34534
v -0.666382 1.00226 0.341624
v -0.655667 0.99899 0.345732
v -0.657237 1.00026 0.332082
v -0.645319 0.999595 0.333854
v -0.665342 1.00094 0.277131
v -0.649182 1.00351 0.296068
v -0.64801 1.00505 0.267475
v -0.637866 0.995843 0.283979
v -0.675935 0.994746 0.288417
v -0.668185 0.99811 0.30299
v -0.656465 0.997197 0.276111
v -0.649934 0.999817 0.292839
v -0.685823 0.991611 0.264201
v -0.66929 0.989881 0.273065
v -0.671821 0.98314 0.251167
v -0.652755 0.987093 0.266117
v -0.698081 1.00031 0.259231
v -0.684904 1.0012 0.275201
v -0.685315 0.994662 0.245702
v -0.664928 0.997458 0.257159
v -0.687892 0.997328 0.248398
v -0.669711 1.00044 0.26198
v -0.674047 0.996233 0.230524
v -0.658039 0.996995 0.251418
v -0.670435 0.998395 0.236013
v -0.654903 1.00591 0.244304
v -0.662943 1.00042 0.220616
v -0.640491 1.0006 0.231212
v -0.674743 1.00859 0.215447
v -0.669287 1.00907 0.233344
v -0.662455 1.01282 0.202236
v -0.648752 1.01445 0.218274
v -0.681211 1.00946 0.186274
v -0.670917 1.0058 0.201633
v -0.674016 1.00994 0.180602
v -0.655719 1.01213 0.193505
v -0.658914 1.00621 0.189666
v -0.647616 1.00722 0.202599
v -0.640717 1.00564 0.179011
v -0.632945 1.01305 0.194982
v -0.664251 1.02499 0.172963
v -0.65103 1.02459 0.185042
v -0.65327 1.01918 0.16467
v -0.638171 1.01923 0.172604
v -0.667431 1.00782 0.153214
v -0.662267 1.01317 0.162734
v -0.661746 1.01132 0.140299
v -0.64588 1.01135 0.150367
v -0.649752 0.988644 0.155679
v -0.642213 0.992543 0.165998
v -0.642563 0.988738 0.143145
v -0.626905 0.989624 0.155533
v -0.659332 1.01751 0.154706
v -0.655261 1.01603 0.166157
v -0.65671 1.01681 0.145577
v -0.639616 1.018 0.154289
v -0.684898 1.01071 0.337802
v -0.680418 1.00776 0.346482
v -0.678865 1.01244 0.33117
v -0.665532 1.00856 0.342956
v -0.658704 1.00361 0.374985
v -0.643916 0.999869 0.380489
v -0.643346 1.00337 0.362565
v -0.635981 1.00476 0.369513
v -0.675551 0.994085 0.377104
v -0.663958 0.999232 0.386205
v -0.666737 0.993257 0.365749
v -0.657697 1.00104 0.373827
v -0.673365 1.02334 0.391171
v -0.657755 1.01834 0.40095
v -0.661985 1.01585 0.377878
v -0.650534 1.01883 0.389738
v -0.678431 1.01187 0.386854
v -0.672742 1.0091 0.396301
v -0.668468 1.01685 0.374845
v -0.657831 1.01044 0.389205
v -0.654275 1.00436 0.375885
v -0.64778 1.00354 0.389155
v -0.635045 1.00695 0.368402
v -0.633111 1.00859 0.381669
v -0.673847 1.02053 0.380489
v -0.664321 1.02195 0.391401
v -0.669744 1.02364 0.370504
v -0.651793 1.0177 0.383279
v -0.665217 1.02302 0.380864
v -0.642301 1.01979 0.392006
v -0.646662 1.01685 0.366202
v -0.63122 1.01895 0.377186
v -0.661096 1.02261 0.393935
v -0.655576 1.0261 0.406674
v -0.651396 1.02712 0.376295
v -0.633191 1.02337 0.39131
v -0.688824 1.03164 0.391026
v -0.672676 1.02466 0.4103
v -0.670249 1.02869 0.377962
v -0.65973 1.02897 0.39155
v -0.693365 1.02226 0.380079
v -0.687144 1.02672 0.393049
v -0.673996 1.02383 0.372951
v -0.667532 1.02424 0.389725
v -0.674783 1.0377 0.398475
v -0.663354 1.03346 0.410389
v -0.664808 1.03504 0.391182
v -0.655751 1.03991 0.40079
v -0.684695 1.03532 0.408523
v -0.671988 1.03601 0.415337
v -0.675021 1.03081 0.394334
v -0.663873 1.02959 0.405763
v -0.689477 1.03533 0.405027
v -0.683746 1.03537 0.422366
v -0.677669 1.03369 0.401093
v -0.669781 1.03343 0.408312
v -0.700518 1.06052 0.410114
v -0.690057 1.05718 0.418638
v -0.690414 1.05495 0.394666
v -0.680796 1.06064 0.401753
v -0.686453 1.01767 0.342434
v -0.680308 1.0188 0.354206
v -0.676595 1.01921 0.339176
v -0.6706 1.01875 0.346265
v -0.675248 1.016 0.349697
v -0.66063 1.01521 0.356421
v -0.66466 1.01787 0.33614
v -0.649083 1.01603 0.34593
v -0.658952 1.01925 0.374401
v -0.644028 1.02041 0.381369
v -0.645187 1.0137 0.364504
v -0.637625 1.0215 0.371408
v -0.681961 1.00485 0.360245
v -0.675298 1.00129 0.373697
v -0.667066 0.999692 0.35622
v -0.658658 1.00031 0.363863
v -0.689345 1.00094 0.381085
v -0.676977 1.00871 0.392282
v -0.680038 1.00135 0.368053
v -0.66548 1.00788 0.375804
v -0.667145 1.02011 0.391607
v -0.653231 1.01477 0.402349
v -0.649843 1.02069 0.376063
v -0.639242 1.01804 0.386279
v -0.661587 1.00317 0.395463
v -0.65751 1.00535 0.408402
v -0.652677 1.00104 0.382904
v -0.638373 1.01152 0.394358
v -0.668805 1.04129 0.382225
v -0.660829 1.04246 0.401489
v -0.657799 1.04319 0.375349
v -0.646601 1.03744 0.388282
v -0.672997 1.01913 0.391502
v -0.657718 1.02673 0.404868
v -0.667856 1.0227 0.378653
v -0.653311 1.02568 0.386161
v -0.660698 1.0262 0.37845
v -0.648883 1.01724 0.393093
v -0.641871 1.02448 0.367048
v -0.638805 1.0177 0.383369
v -0.683397 1.0342 0.397924
v -0.668972 1.03469 0.407391
v -0.673751 1.03579 0.377867
v -0.660649 1.03448 0.39015
v -0.667572 1.01734 0.396454
v -0.65321 1.02188 0.404467
v -0.663048 1.02426 0.382774
v -0.648996 1.02158 0.394282
v -0.673427 1.03742 0.385951
v -0.658555 1.0369 0.390997
v -0.659264 1.03652 0.365741
v -0.649164 1.03851 0.380809
v -0.691154 1.02814 0.390673
v -0.681087 1.02484 0.400677
v -0.680892 1.0319 0.375485
v -0.668665 1.0248 0.392266
v -0.704774 1.04868 0.403045
v -0.693764 1.0427 0.414871
v -0.698162 1.04948 0.396183
v -0.689076 1.04458 0.403308
v -0.703368 1.04129 0.432541
v -0.692266 1.04136 0.438873
v -0.70097 1.0419 0.415857
v -0.684675 1.04508 0.42245
v -0.688036 1.03717 0.413635
v -0.677861 1.03808 0.419536
v -0.682498 1.03798 0.403805
v -0.667937 1.04179 0.406925
v -0.66991 1.02224 0.373117
v -0.66245 1.02114 0.384291
v -0.658182 1.01852 0.367773
v -0.648227 1.02153 0.378918
v -0.656864 1.00421 0.370012
v -0.64746 1.00287 0.37862
v -0.64704 1.00464 0.363634
v -0.639828 1.00337 0.37141
v -0.665313 1.02766 0.380765
v -0.658844 1.02739 0.396945
v -0.650735 1.02641 0.373529
v -0.646138 1.02778 0.388597
v -0.681674 1.00206 0.370888
v -0.669605 0.994952 0.384162
v -0.664328 0.999124 0.361276
v -0.656564 1.0007 0.37866
v -0.679238 0.990465 0.371832
v -0.665815 0.996153 0.384951
v -0.667428 0.991408 0.357751
v -0.652077 0.992543 0.367146
v -0.683489 1.01427 0.38254
v -0.671627 1.01822 0.39617
v -0.665022 1.01909 0.372525
v -0.658709 1.01646 0.380995
v -0.651427 1.01025 0.388272
v -0.640709 1.01272 0.407579
v -0.642719 1.00863 0.382647
v -0.63031 1.01016 0.39782
v -0.656697 1.02422 0.391704
v -0.639241 1.02996 0.405454
v -0.650455 1.02651 0.374777
v -0.636038 1.02798 0.390435
v -0.660643 1.02583 0.391611
v -0.643886 1.03142 0.399627
v -0.646218 1.02859 0.373451
v -0.630516 1.03664 0.392357
v -0.675659 1.02428 0.396532
v -0.657085 1.01718 0.406625
v -0.668839 1.01777 0.379047
v -0.646316 1.01646 0.395024
v -0.684103 1.0346 0.392176
v -0.675995 1.03966 0.403844
v -0.67679 1.0417 0.379162
v -0.66217 1.03572 0.396678
v -0.675679 1.02313 0.407725
v -0.666421 1.0223 0.412012
v -0.666545 1.02488 0.388438
v -0.654862 1.01577 0.398784
v -0.695888 1.04149 0.381898
v -0.686861 1.04503 0.391014
v -0.691403 1.04548 0.370755
v -0.674459 1.04632 0.384266
v -0.703951 1.03538 0.418279
v -0.691902 1.03179 0.424814
v -0.689714 1.03728 0.406017
v -0.683959 1.03696 0.412913
v -0.709062 1.04606 0.430051
v -0.699231 1.04739 0.435799
v -0.693261 1.04585 0.419808
v -0.683121 1.0478 0.429537
v -0.66871 1.01598 0.35185
v -0.658871 1.01673 0.36971
v -0.656644 1.01489 0.347221
v -0.646891 1.0172 0.355699
v -0.658442 0.997678 0.373771
v -0.646263 1.00087 0.384349
v -0.645001 1.00189 0.362965
v -0.638803 1.00467 0.371397
v -0.66457 1.02081 0.372967
v -0.655401 1.01904 0.387525
v -0.649757 1.01737 0.363877
v -0.63994 1.02352 0.37823
v -0.683387 1.0257 0.377286
v -0.675291 1.02283 0.387822
v -0.667318 1.02622 0.363128
v -0.663597 1.02628 0.379741
v -0.663897 1.00693 0.391444
v -0.650824 1.00592 0.406429
v -0.656987 1.00921 0.384757
v -0.644145 1.00389 0.391728
v -0.684643 0.995926 0.393487
v -0.67359 0.990407 0.400035
v -0.669756 0.99601 0.38042
v -0.66113 0.988681 0.386781
v -0.658068 1.0066 0.384455
v -0.648624 1.0034 0.396467
v -0.64358 1.00664 0.367349
v -0.636745 1.0069 0.388043
v -0.66635 1.00488 0.381617
v -0.65032 1.00461 0.391982
v -0.648959 1.00688 0.361799
v -0.638316 1.00348 0.369183
v -0.674269 1.02167 0.39756
v -0.652706 1.02204 0.404128
v -0.662724 1.01753 0.377496
v -0.649419 1.02036 0.388893
v -0.650346 1.02627 0.382946
v -0.636346 1.01651 0.395282
v -0.643255 1.02258 0.368856
v -0.624196 1.02448 0.376422
v -0.677899 1.04996 0.389646
v -0.658343 1.04887 0.397533
v -0.665257 1.04623 0.369974
v -0.649806 1.04881 0.388998
v -0.693355 1.03272 0.389425
v -0.679335 1.03045 0.401611
v -0.675669 1.0284 0.381635
v -0.669738 1.02665 0.396885
v -0.68179 1.02859 0.378024
v -0.669829 1.03425 0.391649
v -0.673308 1.03223 0.365684
v -0.659977 1.02854 0.376837
v -0.698579 1.04277 0.379005
v -0.69262 1.04219 0.396153
v -0.683229 1.03867 0.36718
v -0.676722 1.04287 0.381742
v -0.683807 1.03601 0.41121
v -0.669282 1.03692 0.42149
v -0.670635 1.04146 0.403267
v -0.658799 1.03579 0.411588
v -0.690162 1.04735 0.402174
v -0.679407 1.04486 0.418467
v -0.673315 1.04673 0.396733
v -0.66686 1.04885 0.41216
v -0.689568 1.01682 0.346772
v -0.678895 1.01411 0.353047
v -0.68358 1.01638 0.33377
v -0.673711 1.01292 0.347301
v -0.677445 1.02113 0.365677
v -0.663931 1.01766 0.377744
v -0.669622 1.02181 0.360885
v -0.655966 1.0178 0.368789
v -0.67618 1.02459 0.373456
v -0.663735 1.02484 0.379052
v -0.667641 1.02448 0.363081
v -0.65539 1.02596 0.372943
v -0.670198 1.00625 0.385787
v -0.658044 1.0074 0.394995
v -0.657199 1.00588 0.380718
v -0.64332 1.00536 0.390406
v -0.661323 1.00465 0.391894
v -0.659211 1.00552 0.401642
v -0.654246 1.00664 0.38032
v -0.646522 1.00566 0.394635
v -0.674208 0.990452 0.385295
v -0.664458 0.986308 0.399226
v -0.666223 0.991566 0.376544
v -0.652935 0.990733 0.387796
v -0.685409 1.01046 0.389498
v -0.669014 1.01251 0.408853
v -0.672087 1.00851 0.379723
v -0.655261 1.01634 0.394146
v -0.667567 1.02364 0.399864
v -0.651388 1.0243 0.411409
v -0.649125 1.02653 0.382019
v -0.641727 1.02988 0.396229
v -0.677797 1.0221 0.377637
v -0.659082 1.01449 0.38696
v -0.663289 1.02187 0.357247
v -0.650405 1.0182 0.370154
v -0.672734 1.01647 0.385276
v -0.65627 1.01789 0.401656
v -0.650827 1.01643 0.373637
v -0.646074 1.01961 0.391995
v -0.661772 1.0365 0.386501
v -0.64555 1.04232 0.395002
v -0.657879 1.04032 0.364355
v -0.642499 1.03731 0.373828
v -0.683534 1.02009 0.379363
v -0.671607 1.02185 0.396227
v -0.667806 1.01795 0.375747
v -0.65815 1.0232 0.386023
v -0.664189 1.02249 0.392336
v -0.659781 1.01907 0.405472
v -0.650851 1.02488 0.383007
v -0.640595 1.0254 0.394345
v -0.668033 1.03514 0.381111
v -0.659919 1.03155 0.398934
v -0.65512 1.02803 0.372112
v -0.649722 1.03189 0.385842
v -0.68004 1.03474 0.400556
v -0.675595 1.02843 0.413884
v -0.667792 1.02821 0.387126
v -0.657555 1.02708 0.404455
v -0.689532 1.04601 0.419228
v -0.679083 1.04353 0.429577
v -0.680793 1.04779 0.409059
v -0.671583 1.04851 0.41653
v -0.710201 1.05651 0.406637
v -0.699581 1.05405 0.420937
v -0.69878 1.05731 0.399801
v -0.689578 1.05542 0.410964
v -0.707954 1.04679 0.429709
v -0.69934 1.04602 0.435449
v -0.699356 1.04743 0.415924
v -0.688358 1.05186 0.42387
v -0.681564 1.02428 0.359438
v -0.670931 1.02092 0.364014
v -0.668652 1.01921 0.349196
v -0.657472 1.01968 0.35911
v -0.684011 1.00609 0.376979
v -0.676127 1.00463 0.387718
v -0.672873 1.01254 0.367526
v -0.664232 1.01082 0.37523
v -0.668856 1.00784 0.394179
v -0.665282 1.01412 0.405108
v -0.661635 1.00923 0.385934
v -0.652937 1.01002 0.396221
v -0.675585 1.01182 0.375866
v -0.670566 1.01463 0.383559
v -0.665031 1.01419 0.360118
v -0.659428 1.01376 0.372571
v -0.659102 1.00709 0.377472
v -0.641068 1.00806 0.390109
v -0.638905 1.00415 0.364766
v -0.632339 1.00317 0.381762
v -0.674048 1.02581 0.391641
v -0.661912 1.02191 0.405758
v -0.658937 1.02785 0.375568
v -0.641624 1.02539 0.389821
v -0.653714 1.03776 0.375994
v -0.641965 1.04669 0.382863
v -0.652241 1.04122 0.360206
v -0.635453 1.04442 0.368992
v -0.67479 1.02442 0.392353
v -0.657083 1.01782 0.403254
v -0.659542 1.02087 0.374101
v -0.650896 1.01958 0.37961
v -0.674864 1.0126 0.376008
v -0.662528 1.01665 0.389653
v -0.660934 1.01607 0.356681
v -0.651016 1.02334 0.374768
v -0.679211 1.03979 0.368094
v -0.669331 1.03938 0.38047
v -0.667167 1.03674 0.355586
v -0.654355 1.03674 0.366946
v -0.665638 1.02867 0.399641
v -0.657922 1.02487 0.409452
v -0.655259 1.03237 0.383641
v -0.644024 1.02886 0.397487
v -0.683398 1.0504 0.386062
v -0.669109 1.05198 0.396552
v -0.677461 1.05531 0.373653
v -0.664241 1.05675 0.380285
v -0.700619 1.0509 0.410302
v -0.688937 1.05121 0.424221
v -0.683553 1.05071 0.40233
v -0.676576 1.05656 0.415162
v -0.68924 1.04331 0.424811
v -0.67928 1.04351 0.434022
v -0.678996 1.04821 0.418228
v -0.672395 1.04407 0.423614
v -0.684339 1.02041 0.364857
v -0.673488 1.02075 0.37529
v -0.679528 1.01854 0.357945
v -0.66703 1.02026 0.361966
v -0.655562 1.01214 0.353087
v -0.647017 1.01171 0.369193
v -0.647426 1.01113 0.344434
v -0.638314 1.01277 0.355197
v -0.658765 1.00604 0.368741
v -0.651488 1.00748 0.384644
v -0.642883 1.00421 0.360688
v -0.638666 1.00373 0.3716
v -0.680943 1.01324 0.368398
v -0.667842 1.01171 0.380356
v -0.667412 1.01497 0.359442
v -0.655873 1.011 0.370935
v -0.682273 1.02272 0.381948
v -0.671852 1.0229 0.389278
v -0.668909 1.01776 0.369226
v -0.659498 1.01767 0.384795
v -0.671853 0.987544 0.394499
v -0.66542 0.99132 0.403523
v -0.665218 0.989614 0.379888
v -0.648781 0.995438 0.389147
v -0.665345 0.997857 0.376908
v -0.654528 0.996677 0.392649
v -0.654657 0.998403 0.364848
v -0.642627 0.997822 0.381241
v -0.670658 1.01437 0.394374
v -0.66424 1.01791 0.407518
v -0.658108 1.01729 0.380137
v -0.645402 1.01262 0.395272
v -0.658681 1.03119 0.389991
v -0.636157 1.03374 0.399113
v -0.640466 1.02607 0.376478
v -0.632572 1.03059 0.387671
v -0.669472 1.01752 0.372076
v -0.655064 1.01998 0.381761
v -0.654997 1.02157 0.363126
v -0.639719 1.01484 0.372152
v -0.656012 1.02574 0.385946
v -0.653905 1.02051 0.402761
v -0.641024 1.02127 0.380578
v -0.632869 1.0276 0.397297
v -0.677216 1.02099 0.377809
v -0.662166 1.01785 0.3978
v -0.660128 1.0176 0.371082
v -0.644858 1.02383 0.385197
v -0.671332 1.03526 0.386071
v -0.652733 1.0374 0.396191
v -0.649799 1.03268 0.372073
v -0.642873 1.03407 0.389792
v -0.692752 1.02942 0.384374
v -0.677383 1.03595 0.394667
v -0.682547 1.03432 0.369909
v -0.66513 1.03118 0.373834
v -0.684009 1.0305 0.406546
v -0.67539 1.03143 0.414798
v -0.672765 1.03069 0.396492
v -0.659022 1.02919 0.407549
v -0.69927 1.03511 0.425882
v -0.692793 1.03474 0.430897
v -0.695543 1.0362 0.41713
v -0.685109 1.03372 0.423652
v -0.679287 1.01258 0.365901
v -0.670731 1.01327 0.373606
v -0.67076 1.01232 0.350336
v -0.655928 1.0137 0.360583
v -0.665187 1.01167 0.366055
v -0.652506 1.01055 0.376619
v -0.656022 1.01218 0.358951
v -0.648064 1.0097 0.364356
v -0.656924 1.02289 0.373889
v -0.648815 1.02617 0.379896
v -0.65025 1.02321 0.356787
v -0.639274 1.02221 0.363326
v -0.681031 1.01901 0.370886
v -0.66931 1.02378 0.383432
v -0.669722 1.02095 0.365102
v -0.660637 1.02417 0.369306
v -0.677499 1.00265 0.38579
v -0.667776 1.00369 0.403747
v -0.664444 1.00578 0.379264
v -0.657529 1.00251 0.38913
v -0.668837 1.01744 0.393855
v -0.660839 1.02215 0.403806
v -0.66521 1.01566 0.384803
v -0.653682 1.02023 0.390648
v -0.683193 0.993874 0.376684
v -0.668148 0.993282 0.389062
v -0.676348 0.993494 0.362332
v -0.658889 0.996976 0.37335
v -0.67789 1.00946 0.379018
v -0.668913 1.01666 0.392615
v -0.672794 1.01435 0.369525
v -0.654642 1.01061 0.380243
v -0.664292 1.02199 0.367461
v -0.647732 1.02077 0.388704
v -0.649887 1.02414 0.357084
v -0.638745 1.01769 0.372927
v -0.662401 1.02545 0.389459
v -0.645053 1.02086 0.404568
v -0.643604 1.02475 0.375746
v -0.628223 1.02505 0.394447
v -0.666011 1.02216 0.386581
v -0.652809 1.01491 0.401525
v -0.656381 1.01597 0.37249
v -0.640908 1.01498 0.383742
v -0.678744 1.03443 0.376183
v -0.661693 1.03217 0.388548
v -0.669685 1.02882 0.36024
v -0.654268 1.03018 0.367931
v -0.679998 1.03895 0.395993
v -0.662316 1.0339 0.412588
v -0.657989 1.03691 0.385338
v -0.652018 1.03599 0.393194
v -0.688325 1.03555 0.398612
v -0.670135 1.03603 0.418375
v -0.668258 1.03271 0.389749
v -0.659063 1.03692 0.407466
v -0.69708 1.03914 0.381733
v -0.681105 1.04146 0.399305
v -0.683439 1.0391 0.369535
v -0.664666 1.04005 0.387086
v -0.684708 1.04783 0.382414
v -0.674266 1.05335 0.399094
v -0.673394 1.04815 0.370493
v -0.661552 1.05451 0.385717
v -0.677406 1.04168 0.408212
v -0.667047 1.04302 0.422115
v -0.67192 1.04295 0.395906
v -0.661947 1.04196 0.407081
v -0.696894 1.04084 0.431044
v -0.683235 1.04115 0.434581
v -0.687829 1.03859 0.415529
v -0.674124 1.03705 0.428785
v -0.709066 1.05293 0.400397
v -0.702254 1.04713 0.412913
v -0.702125 1.05009 0.394561
v -0.688394 1.05309 0.403283
v -0.688313 1.00743 0.33474
v -0.676071 1.0047 0.347414
v -0.673579 1.0085 0.326589
v -0.666569 1.00461 0.341699
v -0.68685 1.01443 0.347533
v -0.680834 1.01916 0.360931
v -0.672059 1.02011 0.342812
v -0.666983 1.02167 0.35401
v -0.67496 0.999344 0.36134
v -0.671282 0.998455 0.376253
v -0.663405 1.00342 0.357471
v -0.659572 0.998283 0.36817
v -0.680649 1.0196 0.377024
v -0.671047 1.01779 0.380861
v -0.672436 1.01533 0.363217
v -0.663128 1.01858 0.371087
v -0.670036 1.0042 0.378396
v -0.658329 1.00402 0.381779
v -0.655432 1.00234 0.362842
v -0.646355 1.0082 0.376202
v -0.660544 1.00115 0.390408
v -0.656477 0.999555 0.398356
v -0.653329 1.00252 0.374211
v -0.638165 1.00038 0.391592
v -0.669372 0.992513 0.389798
v -0.65775 0.990523 0.398976
v -0.662947 0.985936 0.373726
v -0.649278 0.987019 0.380661
v -0.650755 1.01929 0.378852
v -0.638215 1.01927 0.384467
v -0.647299 1.02098 0.364215
v -0.631564 1.01495 0.371177
v -0.662764 1.02826 0.387489
v -0.649848 1.03457 0.396263
v -0.649372 1.03143 0.369484
v -0.637502 1.03065 0.390513
v -0.655184 1.04478 0.372386
v -0.651042 1.03904 0.382134
v -0.638543 1.04625 0.358332
v -0.631243 1.04513 0.375999
v -0.675883 1.01153 0.375335
v -0.656742 1.01956 0.38758
v -0.665506 1.0169 0.363389
v -0.647462 1.01801 0.371235
v -0.667606 1.03281 0.375237
v -0.647914 1.03164 0.388631
v -0.64909 1.0265 0.365912
v -0.639873 1.03123 0.37446
v -0.674034 1.01483 0.384551
v -0.661509 1.02306 0.400006
v -0.654609 1.01575 0.372752
v -0.647078 1.01425 0.389408
v -0.697438 1.03327 0.391369
v -0.693728 1.03133 0.406131
v -0.689376 1.02949 0.381901
v -0.67876 1.02853 0.396112
v -0.696943 1.05116 0.397551
v -0.686394 1.054 0.404889
v -0.693022 1.05366 0.39001
v -0.681627 1.05418 0.398135
v -0.711822 1.05389 0.406171
v -0.697568 1.055 0.42086
v -0.694871 1.05569 0.398522
v -0.691646 1.05096 0.408296
v -0.692523 1.00911 0.356859
v -0.68734 1.00486 0.370456
v -0.681297 1.00627 0.344707
v -0.673676 1.00658 0.356127
v -0.669222 0.995339 0.350114
v -0.662114 0.997635 0.364111
v -0.658418 1.00052 0.344649
v -0.651182 0.999523 0.35423
v -0.659801 1.01971 0.362285
v -0.649569 1.01825 0.371494
v -0.650892 1.01944 0.356377
v -0.63915 1.01632 0.365007
v -0.66616 1.00639 0.394465
v -0.654426 1.00864 0.399558
v -0.663279 1.00617 0.38339
v -0.650245 1.00365 0.390726
v -0.66781 1.00384 0.371053
v -0.661303 1.00824 0.381469
v -0.661474 1.00653 0.357356
v -0.645845 1.00189 0.369362
v -0.68538 1.00035 0.373158
v -0.673641 1.00308 0.382283
v -0.671987 1.0029 0.359232
v -0.664068 1.00841 0.374603
v -0.680367 1.00015 0.389186
v -0.670048 0.999711 0.408686
v -0.665357 0.994387 0.381555
v -0.653938 0.999134 0.396786
v -0.669452 1.00778 0.39044
v -0.656766 1.0102 0.40208
v -0.661375 1.00042 0.376611
v -0.642234 1.00468 0.38846
v -0.652383 1.01555 0.392822
v -0.640646 1.01555 0.404311
v -0.638796 1.0181 0.372894
v -0.630562 1.01513 0.384129
v -0.666597 1.04302 0.388585
v -0.646373 1.04418 0.396306
v -0.651649 1.04 0.373215
v -0.639123 1.0415 0.388191
v -0.687413 1.04055 0.385969
v -0.664797 1.03591 0.400209
v -0.665373 1.03928 0.371496
v -0.654327 1.04085 0.389647
v -0.664401 1.04272 0.388148
v -0.654953 1.04527 0.401486
v -0.65229 1.04416 0.372817
v -0.639619 1.04329 0.388693
v -0.666778 1.021 0.389649
v -0.651253 1.02396 0.407959
v -0.648945 1.02228 0.380203
v -0.641981 1.02851 0.39155
v -0.689485 1.04167 0.396894
v -0.682555 1.04119 0.407644
v -0.677994 1.04091 0.383596
v -0.667604 1.03618 0.405161
v -0.672576 1.04087 0.397692
v -0.660389 1.04131 0.401906
v -0.665478 1.03434 0.381541
v -0.653072 1.03515 0.388381
v -0.687474 1.04241 0.419206
v -0.677658 1.04852 0.430858
v -0.675696 1.04729 0.40493
v -0.665151 1.04525 0.42062
v -0.704429 1.03883 0.403816
v -0.697564 1.03759 0.412116
v -0.700465 1.04014 0.391985
v -0.68408 1.03991 0.40544
v -0.690063 1.05303 0.406452
v -0.679636 1.05534 0.415448
v -0.680818 1.05722 0.396651
v -0.671757 1.057 0.405662
v -0.683965 0.990092 0.330814
v -0.674122 0.994021 0.346264
v -0.669174 0.985877 0.32702
v -0.660212 0.989319 0.340378
v -0.663795 1.0275 0.317129
v -0.653784 1.02762 0.329427
v -0.648496 1.02822 0.302572
v -0.642209 1.03022 0.320563
v -0.654621 1.01553 0.313846
v -0.640748 1.02213 0.323407
v -0.646025 1.01613 0.298842
v -0.638783 1.01904 0.30866
v -0.671577 1.00771 0.295658
v -0.661147 1.01129 0.309229
v -0.658848 1.00918 0.277472
v -0.643794 1.00572 0.292349
v -0.666125 0.990957 0.264869
v -0.654212 0.993112 0.285941
v -0.651563 0.994976 0.258859
v -0.633529 0.996279 0.27534
v -0.638124 1.01592 0.276525
v -0.634567 1.0141 0.293714
v -0.626074 1.01062 0.268353
v -0.611419 1.01554 0.280134
v -0.639964 1.01244 0.277445
v -0.621708 1.01258 0.289828
v -0.624528 1.01983 0.262811
v -0.607452 1.01624 0.270292
v -0.6338 1.01958 0.269301
v -0.615988 1.01907 0.284646
v -0.618442 1.01357 0.260969
v -0.601843 1.01056 0.270262
v -0.641229 1.03036 0.254169
v -0.626715 1.02942 0.270807
v -0.622093 1.02998 0.247421
v -0.615168 1.02587 0.255842
v -0.620937 1.02004 0.2528
v -0.606813 1.01868 0.262016
v -0.609161 1.01668 0.239044
v -0.596484 1.01534 0.246442
v -0.631355 1.01543 0.245969
v -0.614345 1.01823 0.263824
v -0.617646 1.01497 0.236389
v -0.607133 1.01725 0.2523
v -0.627993 1.02314 0.261234
v -0.610239 1.02572 0.270804
v -0.611565 1.0251 0.249402
v -0.598555 1.01943 0.263237
v -0.638012 1.03821 0.263256
v -0.633254 1.04253 0.27695
v -0.624002 1.03472 0.251534
v -0.620705 1.03966 0.262395
v -0.619187 1.0279 0.284104
v -0.608029 1.0219 0.290074
v -0.612482 1.02797 0.270563
v -0.598182 1.02107 0.280011
v -0.646234 1.01945 0.30683
v -0.635032 1.01922 0.317066
v -0.637722 1.0147 0.294506
v -0.625207 1.02023 0.301748
v -0.668733 0.998105 0.348329
v -0.657109 1.00279 0.359251
v -0.660753 1.00008 0.341151
v -0.649227 0.998484 0.349198
v -0.666865 1.0195 0.332869
v -0.656053 1.02168 0.341607
v -0.658752 1.02371 0.324248
v -0.648691 1.02232 0.335377
v -0.684723 0.989578 0.331312
v -0.673359 0.988821 0.340766
v -0.675167 0.990105 0.315703
v -0.663864 0.988344 0.330877
v -0.663799 1.01736 0.301964
v -0.652578 1.01681 0.315232
v -0.655586 1.01203 0.294712
v -0.645136 1.0111 0.301387
v -0.677598 1.01019 0.306495
v -0.662721 1.00424 0.314829
v -0.665321 1.00386 0.294885
v -0.654434 1.00561 0.299314
v -0.667827 1.00049 0.279409
v -0.655634 1.00125 0.295698
v -0.661692 1.00671 0.265905
v -0.647214 1.00601 0.281127
v -0.626359 1.01086 0.260627
v -0.619635 1.00533 0.275246
v -0.615796 1.00808 0.253011
v -0.604547 1.00568 0.266098
v -0.632833 1.00078 0.270516
v -0.620407 1.00077 0.284299
v -0.619937 0.994792 0.262029
v -0.605183 1.0004 0.272889
v -0.635506 1.01481 0.250418
v -0.62556 1.01161 0.262904
v -0.6278 1.01619 0.239009
v -0.613122 1.01015 0.251307
v -0.638674 1.00629 0.246977
v -0.622184 1.00452 0.269994
v -0.617128 1.01045 0.239214
v -0.613934 1.0071 0.255469
v -0.622265 1.02125 0.261525
v -0.609654 1.02288 0.267797
v -0.609804 1.02195 0.249574
v -0.598407 1.02344 0.25518
v -0.632381 1.0293 0.252621
v -0.621823 1.02687 0.266707
v -0.627241 1.02584 0.242376
v -0.615937 1.02739 0.251014
v -0.628626 1.03607 0.297488
v -0.612827 1.03799 0.301851
v -0.617193 1.03552 0.282988
v -0.605007 1.03804 0.293472
v -0.630351 1.02885 0.304606
v -0.621546 1.03002 0.315537
v -0.625005 1.03348 0.293891
v -0.609167 1.0297 0.300211
v -0.666304 1.01112 0.339399
v -0.656616 1.01768 0.346837
v -0.66425 1.01246 0.326429
v -0.64954 1.01737 0.334148
v -0.676704 1.00934 0.343508
v -0.665578 1.00395 0.351767
v -0.663979 1.00429 0.334846
v -0.656783 1.00933 0.345537
v -0.671848 1.01879 0.310633
v -0.661743 1.0211 0.317268
v -0.667778 1.02114 0.295829
v -0.652223 1.01987 0.302118
v -0.657738 1.0001 0.308506
v -0.64925 1.00503 0.321067
v -0.651726 0.998521 0.29391
v -0.63686 1.00424 0.308374
v -0.66391 0.994634 0.297292
v -0.646482 0.998074 0.312376
v -0.654873 0.999108 0.287747
v -0.639391 0.991811 0.292019
v -0.659058 0.991219 0.281563
v -0.649391 0.989426 0.289085
v -0.649488 0.99041 0.266573
v -0.631882 0.994159 0.280634
v -0.633921 0.997961 0.264421
v -0.615678 0.992525 0.271182
v -0.622512 0.996514 0.241695
v -0.607083 1.00097 0.256116
v -0.631598 1.02215 0.273688
v -0.615708 1.0274 0.287025
v -0.615193 1.02854 0.262943
v -0.598255 1.02244 0.270795
v -0.636436 1.01097 0.258646
v -0.621804 1.01187 0.263346
v -0.621313 1.01349 0.23654
v -0.609329 1.01096 0.254803
v -0.636247 1.02919 0.251979
v -0.623412 1.03569 0.257619
v -0.622844 1.0348 0.237936
v -0.615348 1.03268 0.244146
v -0.637833 1.04255 0.25075
v -0.626198 1.04016 0.260133
v -0.621132 1.04407 0.235391
v -0.606327 1.04116 0.255101
v -0.642429 1.02755 0.265421
v -0.627653 1.02114 0.282168
v -0.627149 1.02334 0.259262
v -0.617 1.01972 0.270849
v -0.651492 1.02204 0.306892
v -0.642611 1.02451 0.315932
v -0.638702 1.02382 0.291413
v -0.632014 1.02106 0.302404
v -0.670505 0.995054 0.336067
v -0.65536 0.999761 0.348633
v -0.660218 0.994107 0.331212
v -0.650118 0.994635 0.339306
v -0.679771 1.01453 0.327459
v -0.671948 1.01058 0.336808
v -0.673891 1.01341 0.317296
v -0.663744 1.01421 0.319476
v -0.689592 1.00515 0.340507
v -0.673766 1.00708 0.344555
v -0.680427 1.0024 0.32943
v -0.666235 1.00372 0.331928
v -0.681585 1.00418 0.320097
v -0.676784 1.00173 0.328795
v -0.673886 1.00525 0.309169
v -0.666995 1.00053 0.319463
v -0.652332 1.01167 0.311918
v -0.642441 1.01382 0.31758
v -0.644428 1.01663 0.297486
v -0.629965 1.01301 0.311758
v -0.673841 1.01314 0.288052
v -0.662708 1.01012 0.306457
v -0.653799 1.01051 0.281852
v -0.64858 1.015 0.292421
v -0.65864 0.995077 0.268922
v -0.648211 0.992725 0.273981
v -0.647321 0.99396 0.248296
v -0.63781 0.992948 0.259041
v -0.640878 1.00371 0.27215
v -0.630162 1.00982 0.284425
v -0.628973 1.00477 0.249365
v -0.616282 1.01032 0.263144
v -0.637578 1.02282 0.274462
v -0.621181 1.01767 0.27992
v -0.622177 1.01914 0.254292
v -0.607419 1.0189 0.264152
v -0.627676 1.05153 0.271082
v -0.621085 1.04424 0.279476
v -0.62156 1.05157 0.253399
v -0.604548 1.0437 0.270081
v -0.632504 1.03835 0.279524
v -0.615229 1.03696 0.291156
v -0.614441 1.03493 0.270032
v -0.607498 1.0351 0.275986
v -0.628468 1.02557 0.29364
v -0.6148 1.03201 0.302352
v -0.619807 1.0306 0.284328
v -0.603334 1.03183 0.29353
v -0.63913 1.0392 0.284186
v -0.628494 1.03625 0.300355
v -0.624252 1.03891 0.282437
v -0.614804 1.04135 0.288916
v -0.665245 1.01497 0.342433
v -0.662409 1.01529 0.3502
v -0.657098 1.01815 0.332559
v -0.645486 1.01714 0.346549
v -0.671087 1.01125 0.332517
v -0.656138 1.01225 0.346905
v -0.659354 1.01337 0.321709
v -0.651704 1.01177 0.335934
v -0.678784 1.00472 0.313001
v -0.670142 0.998524 0.321237
v -0.666139 1.00197 0.300107
v -0.658624 1.00344 0.314928
v -0.65962 1.02309 0.328923
v -0.646512 1.02487 0.337048
v -0.651703 1.02237 0.314513
v -0.63774 1.02174 0.326046
v -0.652976 1.00552 0.301783
v -0.638941 1.00017 0.316786
v -0.64455 1.00831 0.291163
v -0.632667 1.00647 0.303351
v -0.6724 0.998383 0.275455
v -0.656316 1.00577 0.291233
v -0.65274 0.998426 0.264093
v -0.643501 0.99931 0.282382
v -0.657841 1.01 0.258362
v -0.639829 1.00535 0.277826
v -0.645819 1.00809 0.244776
v -0.631814 1.00701 0.2648
v -0.657688 1.00411 0.253148
v -0.642392 1.01063 0.269581
v -0.63611 1.00549 0.245824
v -0.629937 1.00894 0.255874
v -0.623601 1.01692 0.273164
v -0.620445 1.01691 0.285864
v -0.6163 1.02178 0.266083
v -0.605114 1.02213 0.281304
v -0.643399 1.01772 0.289081
v -0.633424 1.01954 0.297074
v -0.630264 1.01298 0.276643
v -0.621271 1.01401 0.288441
v -0.679712 1.01644 0.340941
v -0.666322 1.01817 0.346638
v -0.665833 1.01546 0.326874
v -0.660709 1.01916 0.33956
v -0.675477 1.01847 0.321597
v -0.661361 1.01094 0.331638
v -0.659628 1.01822 0.312952
v -0.653079 1.01728 0.32336
v -0.681177 0.991338 0.343549
v -0.664949 0.989595 0.349486
v -0.669185 0.996014 0.329066
v -0.66153 0.989941 0.341282
v -0.661826 1.01409 0.334379
v -0.657466 1.01811 0.34386
v -0.649811 1.0154 0.321656
v -0.6453 1.01766 0.337995
v -0.671579 1.02286 0.324302
v -0.660671 1.02958 0.33265
v -0.663455 1.02187 0.308546
v -0.651743 1.02354 0.321501
v -0.653183 1.00205 0.305539
v -0.644213 1.00175 0.320582
v -0.639552 1.00378 0.295212
v -0.637242 1.0037 0.31366
v -0.652303 1.01267 0.296885
v -0.639264 1.01124 0.303628
v -0.641414 1.01749 0.280381
v -0.627146 1.01034 0.289324
v -0.656142 1.00424 0.282089
v -0.647996 0.998315 0.291841
v -0.644796 1.00299 0.272936
v -0.632144 0.997007 0.282282
v -0.631056 0.992894 0.259389
v -0.617371 0.99706 0.270167
v -0.618648 0.993088 0.244925
v -0.60792 1.00259 0.259781
v -0.645913 1.02307 0.273891
v -0.635418 1.02306 0.280007
v -0.633697 1.02238 0.257351
v -0.618455 1.01972 0.269289
v -0.640407 1.01178 0.269666
v -0.627808 1.00212 0.283234
v -0.63412 1.00541 0.250904
v -0.620233 1.00516 0.261867
v -0.64325 1.01936 0.269796
v -0.628498 1.02436 0.287628
v -0.638468 1.02033 0.259947
v -0.620457 1.02488 0.266848
v -0.634552 1.01735 0.269666
v -0.615337 1.01523 0.282413
v -0.615527 1.01985 0.256759
v -0.601805 1.01946 0.269357
v -0.627908 1.04232 0.275832
v -0.61523 1.03919 0.289002
v -0.619915 1.03911 0.259096
v -0.604072 1.04356 0.274158
v -0.626884 1.0186 0.273389
v -0.611321 1.01862 0.286852
v -0.620343 1.01807 0.262529
v -0.60167 1.02534 0.274714
v -0.621259 1.02427 0.285185
v -0.607454 1.03014 0.295264
v -0.612979 1.02728 0.27333
v -0.595212 1.02984 0.279605
v -0.632372 1.03175 0.287002
v -0.619992 1.03035 0.298962
v -0.622723 1.02908 0.273514
v -0.608024 1.0322 0.287617
v -0.671754 0.999651 0.329315
v -0.662112 1.00136 0.342575
v -0.660608 0.997103 0.323432
v -0.650385 1.00193 0.329855
v -0.666495 0.998771 0.339641
v -0.651301 0.994454 0.347973
v -0.657645 0.99952 0.327666
v -0.642418 0.998133 0.337564
v -0.687059 0.991426 0.327184
v -0.669537 0.990753 0.334193
v -0.677563 0.990035 0.309916
v -0.667683 0.991235 0.319966
v -0.67628 0.997713 0.314813
v -0.665313 0.998939 0.326892
v -0.664748 0.997196 0.306289
v -0.650486 0.99981 0.312891
v -0.658655 1.01656 0.327718
v -0.647224 1.01294 0.336143
v -0.650968 1.01546 0.320255
v -0.636775 1.01188 0.325046
v -0.675299 1.01825 0.308996
v -0.664505 1.01749 0.32572
v -0.661057 1.01761 0.298831
v -0.653946 1.01781 0.314684
v -0.641993 0.997775 0.289288
v -0.62967 1.00258 0.302611
v -0.638251 0.999684 0.277538
v -0.621029 1.00462 0.286635
v -0.659958 1.0047 0.260921
v -0.640744 1.00671 0.277396
v -0.649437 1.00705 0.253524
v -0.634433 1.01312 0.256195
v -0.649968 1.0118 0.252535
v -0.634949 1.00418 0.264655
v -0.634343 1.006 0.233748
v -0.620345 1.00406 0.251639
v -0.630626 1.01787 0.276864
v -0.60831 1.01819 0.290166
v -0.615346 1.01635 0.263892
v -0.597874 1.01688 0.273951
v -0.626619 1.03907 0.244404
v -0.615279 1.03847 0.262908
v -0.610095 1.04175 0.23351
v -0.598254 1.03381 0.251293
v -0.627332 1.02276 0.26505
v -0.614199 1.02362 0.286221
v -0.615529 1.02434 0.259007
v -0.603656 1.0225 0.272078
v -0.616566 1.04231 0.265583
v -0.608301 1.04067 0.280196
v -0.603513 1.04101 0.256478
v -0.592079 1.03508 0.264733
v -0.625245 1.03643 0.290763
v -0.608149 1.03284 0.297586
v -0.610791 1.03833 0.27509
v -0.602479 1.03215 0.288917
v -0.644959 1.02427 0.285057
v -0.640683 1.02513 0.292271
v -0.64064 1.02499 0.274034
v -0.629917 1.02635 0.285512
v -0.684589 1.00337 0.346745
v -0.679584 1.0044 0.362827
v -0.677879 1.0069 0.341961
v -0.665717 1.00627 0.355668
v -0.661079 0.998854 0.335261
v -0.657578 0.996477 0.345053
v -0.65498 0.995597 0.326252
v -0.642793 0.996244 0.331445
v -0.671981 0.99623 0.341479
v -0.665478 0.99321 0.351282
v -0.665861 0.996243 0.330508
v -0.651904 0.996049 0.34567
v -0.681689 1.00247 0.334027
v -0.665606 1.00101 0.342605
v -0.673071 0.999114 0.326626
v -0.657433 0.999027 0.336002
v -0.662775 1.01037 0.308599
v -0.648252 1.00655 0.311951
v -0.651197 1.01374 0.291961
v -0.639472 1.01179 0.304892
v -0.657767 1.02396 0.307212
v -0.649012 1.02237 0.316792
v -0.651216 1.02773 0.29435
v -0.641216 1.02433 0.309269
v -0.649518 1.01226 0.293177
v -0.637647 1.01053 0.302249
v -0.631306 1.01684 0.277341
v -0.624655 1.01378 0.289803
v -0.635998 1.0018 0.26622
v -0.627461 1.00164 0.281671
v -0.621834 0.996694 0.24796
v -0.615297 0.995382 0.266098
v -0.632429 0.995982 0.274658
v -0.611576 1.00231 0.284647
v -0.616017 0.995931 0.254909
v -0.60229 1.00463 0.267872
v -0.627659 1.00299 0.255601
v -0.622803 1.0095 0.266947
v -0.612073 0.999832 0.242494
v -0.60808 1.00361 0.256715
v -0.634952 1.01201 0.272224
v -0.619483 1.01295 0.290982
v -0.619444 1.01168 0.264393
v -0.601024 1.01113 0.27615
v -0.641238 1.02064 0.273231
v -0.62613 1.02345 0.280997
v -0.628566 1.02732 0.255988
v -0.612616 1.02837 0.268633
v -0.637644 1.03773 0.259497
v -0.627231 1.03681 0.276613
v -0.620436 1.03238 0.250914
v -0.607729 1.02975 0.262081
v -0.618987 1.02123 0.251337
v -0.609855 1.0161 0.258958
v -0.610591 1.0228 0.236488
v -0.597836 1.01952 0.251085
v -0.620115 1.03735 0.273271
v -0.601493 1.03962 0.28462
v -0.604413 1.0414 0.25408
v -0.589464 1.04237 0.264478
v -0.627312 1.03404 0.270828
v -0.613394 1.03505 0.27918
v -0.611969 1.03378 0.261411
v -0.602267 1.0337 0.266859
v -0.686481 0.997019 0.345356
v -0.678336 0.996284 0.351782
v -0.676231 0.993945 0.332881
v -0.669989 0.994571 0.341085
v -0.661959 1.01905 0.316855
v -0.654859 1.0219 0.329681
v -0.655917 1.01755 0.312462
v -0.646131 1.01676 0.318275
v -0.656831 1.01597 0.305831
v -0.646033 1.01266 0.31618
v -0.639642 1.01111 0.29798
v -0.633428 1.01872 0.311346
v -0.661141 1.00937 0.291508
v -0.654168 1.00539 0.298208
v -0.652846 1.00962 0.277048
v -0.638466 1.00266 0.286949
v -0.65416 0.987603 0.284931
v -0.635254 0.995138 0.29357
v -0.645461 0.992489 0.273761
v -0.630215 0.992964 0.285094
v -0.639414 1.00117 0.250383
v -0.625169 1.00363 0.26827
v -0.628544 1.00504 0.240599
v -0.620929 1.00172 0.250972
v -0.655887 1.00838 0.25731
v -0.639391 1.00974 0.27764
v -0.645779 1.01232 0.248525
v -0.631264 1.01081 0.259079
v -0.631633 0.996963 0.261963
v -0.623987 1.00018 0.272544
v -0.618775 1.00492 0.24636
v -0.607116 0.999563 0.262722
v -0.649899 1.00964 0.270343
v -0.627683 1.01134 0.282899
v -0.634994 1.01056 0.248115
v -0.617977 1.01515 0.260793
v -0.631559 1.01958 0.277444
v -0.616563 1.0169 0.28467
v -0.617993 1.01621 0.26608
v -0.60756 1.01835 0.277912
v -0.632453 1.03809 0.269397
v -0.620443 1.03831 0.278811
v -0.617545 1.03753 0.254588
v -0.612041 1.03532 0.265734
v -0.647836 1.03251 0.306436
v -0.640599 1.03275 0.310986
v -0.637556 1.03159 0.295102
v -0.625896 1.03392 0.301574
v -0.684132 0.992624 0.342192
v -0.678385 0.990963 0.352896
v -0.67754 0.987861 0.331178
v -0.663606 0.989907 0.33835
v -0.675893 0.995126 0.324968
v -0.66269 0.999934 0.333245
v -0.664078 0.997274 0.314278
v -0.654576 0.993778 0.321973
v -0.661847 1.00933 0.328143
v -0.650477 1.00832 0.337503
v -0.654885 1.00997 0.315737
v -0.639928 1.00444 0.325929
v -0.664699 1.00078 0.31645
v -0.651539 0.996883 0.327304
v -0.650533 0.996585 0.310564
v -0.639953 0.999179 0.317259
v -0.657672 1.01887 0.308968
v -0.639675 1.02308 0.318953
v -0.645815 1.02478 0.292425
v -0.632995 1.02373 0.299758
v -0.647055 1.00324 0.273989
v -0.632769 1.00475 0.288854
v -0.634367 1.00812 0.268707
v -0.623672 1.00459 0.274201
v -0.652289 0.987999 0.278236
v -0.638733 0.989904 0.283029
v -0.636918 0.984918 0.255338
v -0.627713 0.986711 0.272518
v -0.649758 1.00806 0.258247
v -0.641078 1.01198 0.27199
v -0.641651 1.00848 0.243376
v -0.623915 1.00525 0.257433
v -0.643374 1.00578 0.257206
v -0.623431 1.00725 0.272702
v -0.623482 1.00912 0.242856
v -0.614999 1.00654 0.255864
v -0.621142 1.01616 0.268964
v -0.612299 1.02564 0.281408
v -0.605347 1.02112 0.260251
v -0.594869 1.01678 0.272674
v -0.615108 1.02437 0.272138
v -0.602639 1.02542 0.278457
v -0.603106 1.02815 0.25476
v -0.595119 1.03119 0.269532
v -0.62229 1.04333 0.274055
v -0.614627 1.04703 0.286059
v -0.616239 1.04788 0.258045
v -0.59723 1.04461 0.271324
v -0.640676 1.02005 0.291978
v -0.623638 1.02327 0.298053
v -0.630413 1.02253 0.27628
v -0.616197 1.01787 0.28593
v -0.681597 1.00613 0.358955
v -0.67119 1.00629 0.368206
v -0.672713 1.0049 0.346424
v -0.667061 1.00317 0.353117
v -0.678284 1.00366 0.326036
v -0.664196 1.00885 0.335114
v -0.661003 1.0017 0.316464
v -0.652752 1.00838 0.325601
v -0.660027 1.02617 0.341923
v -0.653417 1.02431 0.350194
v -0.655058 1.02585 0.330577
v -0.641759 1.01925 0.339697
v -0.668593 1.01983 0.323062
v -0.661674 1.02083 0.335191
v -0.655003 1.01897 0.316245
v -0.64702 1.01987 0.33073
v -0.651613 1.00477 0.342391
v -0.636408 1.00719 0.351291
v -0.640842 1.01003 0.325361
v -0.627993 1.00968 0.33976
v -0.623273 1.02846 0.334202
v -0.612533 1.02894 0.337396
v -0.619025 1.02395 0.317168
v -0.602347 1.03017 0.326332
v -0.626307 1.00246 0.326626
v -0.612705 1.00577 0.336838
v -0.617058 1.00646 0.317217
v -0.606322 1.00628 0.322006
v -0.610903 1.01353 0.342943
v -0.593392 1.01302 0.349377
v -0.593277 1.00878 0.323542
v -0.582208 1.01352 0.339309
v -0.612936 0.992231 0.347675
v -0.597801 0.99777 0.358572
v -0.605295 0.997305 0.333665
v -0.585159 0.992994 0.33923
v -0.617456 0.995823 0.332492
v -0.603543 1.0022 0.341295
v -0.605865 1.00103 0.316983
v -0.588452 0.99374 0.325281
v -0.606451 0.993539 0.356577
v -0.593166 1.00029 0.369778
v -0.595448 0.999399 0.341831
v -0.580482 0.994241 0.349501
v -0.583949 1.00612 0.369368
v -0.567587 1.008 0.374926
v -0.572074 1.00881 0.354834
v -0.563313 1.00983 0.36422
v -0.60753 1.01661 0.360737
v -0.592674 1.01407 0.376207
v -0.594857 1.01584 0.347912
v -0.579912 1.01436 0.35798
v -0.593799 0.986795 0.375912
v -0.58233 0.993379 0.391421
v -0.579672 0.987665 0.364639
v -0.566548 0.986697 0.379021
v -0.581103 0.998994 0.393414
v -0.573883 1.00145 0.404379
v -0.575015 0.995201 0.385625
v -0.565963 1.00073 0.397758
v -0.682386 1.01905 0.352378
v -0.671223 1.015 0.361321
v -0.678376 1.01586 0.343044
v -0.664551 1.0195 0.34982
v -0.669406 1.01825 0.324032
v -0.66048 1.0178 0.33663
v -0.653369 1.02215 0.315586
v -0.646599 1.02041 0.330954
v -0.680146 1.02708 0.332022
v -0.665235 1.0274 0.338583
v -0.666993 1.02408 0.320473
v -0.657851 1.02356 0.326951
v -0.662765 1.00257 0.322476
v -0.654416 1.00191 0.334459
v -0.650605 1.00683 0.313231
v -0.646133 1.0027 0.320106
v -0.650662 1.00981 0.319688
v -0.644023 1.01092 0.326771
v -0.640972 1.00559 0.309556
v -0.635815 1.01115 0.317853
v -0.649817 1.02099 0.335825
v -0.637366 1.01898 0.342507
v -0.633618 1.01952 0.31966
v -0.627112 1.01789 0.333392
v -0.615029 1.00219 0.341172
v -0.59424 0.998949 0.348633
v -0.6059 1.00186 0.328686
v -0.588151 1.00074 0.331979
v -0.605118 1.0056 0.333367
v -0.591027 1.00507 0.34187
v -0.594289 1.00622 0.317128
v -0.577788 1.00739 0.322316
v -0.609814 0.993476 0.347736
v -0.590691 0.994276 0.355603
v -0.593831 0.997676 0.328768
v -0.584021 0.993759 0.346315
v -0.590844 0.996923 0.347549
v -0.579306 0.993138 0.357036
v -0.574351 1.00142 0.335422
v -0.56629 0.995618 0.348738
v -0.586684 1.00664 0.369232
v -0.566977 1.00951 0.380818
v -0.571935 1.00999 0.351054
v -0.554347 1.00344 0.362661
v -0.575357 1.00576 0.386603
v -0.564249 0.998179 0.397496
v -0.56135 1.00427 0.375203
v -0.549741 1.00235 0.389398
v -0.586287 1.01876 0.406311
v -0.571723 1.02171 0.416305
v -0.573603 1.01824 0.395978
v -0.562628 1.02347 0.411732
v -0.669212 1.00579 0.352141
v -0.66105 1.00686 0.365929
v -0.660309 1.00531 0.346642
v -0.649054 1.00468 0.350295
v -0.672853 1.00697 0.325144
v -0.666946 1.00524 0.336278
v -0.669579 1.00711 0.313526
v -0.655799 1.00568 0.326979
v -0.657004 1.02396 0.318886
v -0.646041 1.0256 0.326933
v -0.651025 1.02728 0.308592
v -0.636537 1.02065 0.318794
v -0.667756 1.00072 0.333979
v -0.655106 0.998371 0.347222
v -0.653231 1.00316 0.326201
v -0.641246 0.999118 0.336528
v -0.626744 1.01563 0.327714
v -0.620829 1.01848 0.333951
v -0.620164 1.01734 0.318367
v -0.606709 1.02123 0.320957
v -0.626214 1.00144 0.326158
v -0.608355 1.00404 0.338831
v -0.612845 1.00218 0.313211
v -0.602917 1.00792 0.32636
v -0.621804 0.999593 0.344886
v -0.612623 1.00293 0.358983
v -0.612269 0.99629 0.330226
v -0.596774 1.00297 0.347196
v -0.609909 1.01426 0.328612
v -0.588856 1.01069 0.344028
v -0.590492 1.00873 0.314453
v -0.578745 1.00725 0.326645
v -0.608239 1.01289 0.317701
v -0.598522 1.0088 0.334544
v -0.592926 1.01349 0.310258
v -0.578416 1.00953 0.324987
v -0.602269 1.00732 0.335317
v -0.586155 1.0175 0.349889
v -0.587185 1.00814 0.327782
v -0.572162 1.00977 0.342104
v -0.607164 0.990023 0.351739
v -0.590466 0.99464 0.36278
v -0.5919 0.986398 0.334948
v -0.581132 0.993653 0.343868
v -0.588432 1.01607 0.361104
v -0.569966 1.01769 0.366909
v -0.579885 1.01638 0.344676
v -0.558975 1.01243 0.355315
v -0.602349 0.997132 0.359566
v -0.59364 0.994338 0.37389
v -0.584891 0.993773 0.346175
v -0.576422 0.989808 0.361436
v -0.58936 0.995161 0.369722
v -0.577752 0.993069 0.388111
v -0.574561 0.990285 0.356911
v -0.565698 0.994136 0.373423
v -0.597124 0.995136 0.395186
v -0.583631 0.997791 0.411088
v -0.58063 1.00116 0.388388
v -0.577324 1.00087 0.400019
v -0.59224 0.993787 0.3954
v -0.583962 0.994211 0.412324
v -0.575363 0.997376 0.390968
v -0.565749 0.995061 0.400098
v -0.665311 0.999303 0.347086
v -0.660854 0.996001 0.356633
v -0.660219 0.998572 0.339985
v -0.646387 1.00017 0.34918
v -0.672216 1.00992 0.352191
v -0.6594 1.00871 0.360392
v -0.659515 1.005 0.338213
v -0.648149 1.00628 0.350506
v -0.676277 1.02472 0.322564
v -0.663367 1.02423 0.334571
v -0.664175 1.02699 0.317908
v -0.657053 1.02589 0.328609
v -0.644667 1.00716 0.335045
v -0.641565 1.00577 0.351149
v -0.632608 1.00511 0.331199
v -0.628843 1.00564 0.343652
v -0.651143 1.00422 0.320837
v -0.640895 1.00858 0.331274
v -0.646114 1.00586 0.309338
v -0.633906 1.00525 0.317298
v -0.624152 1.01241 0.323231
v -0.612666 1.01142 0.33473
v -0.614672 1.00718 0.314842
v -0.601291 1.00964 0.320058
v -0.609328 1.0198 0.333827
v -0.596276 1.0176 0.347488
v -0.591827 1.01753 0.323702
v -0.585448 1.01773 0.330423
v -0.623935 0.994325 0.342318
v -0.615692 0.996583 0.351504
v -0.609575 0.996894 0.331203
v -0.598385 1.00265 0.344231
v -0.604926 0.998628 0.328452
v -0.591314 0.995524 0.330058
v -0.595797 0.993484 0.312303
v -0.57847 0.995977 0.314934
v -0.599449 0.993896 0.339564
v -0.57982 1.00044 0.350498
v -0.588277 0.995504 0.326047
v -0.568577 1.00026 0.335714
v -0.594384 0.990447 0.351559
v -0.578989 0.990171 0.365652
v -0.583306 0.984404 0.338413
v -0.565051 0.98489 0.355171
v -0.585821 0.997829 0.365197
v -0.569139 1.00525 0.374217
v -0.574448 0.997227 0.348525
v -0.56203 0.999662 0.364496
v -0.587826 1.00514 0.386955
v -0.575336 1.00428 0.393831
v -0.581195 1.00956 0.375616
v -0.564987 1.00577 0.382991
v -0.592901 1.01405 0.390064
v -0.581957 1.01247 0.401504
v -0.58258 1.01337 0.3772
v -0.565297 1.01445 0.387259
v -0.599539 1.00024 0.41107
v -0.592925 1.00734 0.424225
v -0.586194 1.00634 0.400627
v -0.580959 1.00265 0.416105
v -0.66845 1.00393 0.346224
v -0.655101 1.00701 0.361017
v -0.653494 1.00492 0.337738
v -0.646014 1.00751 0.355315
v -0.666741 1.02487 0.343283
v -0.659903 1.02134 0.354448
v -0.66003 1.02349 0.333077
v -0.652322 1.02612 0.3452
v -0.665592 1.0249 0.342829
v -0.656229 1.02947 0.349883
v -0.65661 1.0242 0.33086
v -0.642253 1.02652 0.335916
v -0.668555 1.01356 0.334966
v -0.661341 1.01189 0.351122
v -0.658915 1.00845 0.327828
v -0.647484 1.01076 0.34022
v -0.611654 1.01574 0.324843
v -0.600419 1.01642 0.341799
v -0.595087 1.0089 0.318247
v -0.582637 1.01609 0.330022
v -0.602543 0.996714 0.327475
v -0.59204 1.00319 0.337061
v -0.588758 1.00249 0.307709
v -0.574778 0.996217 0.324633
v -0.613997 0.991626 0.327801
v -0.600003 0.990828 0.333997
v -0.608121 0.993542 0.307637
v -0.588335 0.995105 0.326391
v -0.622062 0.992725 0.341955
v -0.603318 0.99837 0.361437
v -0.601046 0.992964 0.332918
v -0.593918 0.999228 0.347629
v -0.581553 1.0107 0.399383
v -0.566719 1.01155 0.408772
v -0.57195 1.01324 0.3832
v -0.556926 1.00724 0.38824
v -0.580488 1.01927 0.430605
v -0.575274 1.02096 0.436913
v -0.572197 1.01923 0.420866
v -0.566748 1.0173 0.427156
v -0.681246 1.02632 0.330308
v -0.664113 1.02476 0.339266
v -0.673339 1.0239 0.321815
v -0.657251 1.02397 0.331135
v -0.653172 1.02222 0.339357
v -0.649076 1.01568 0.348236
v -0.645961 1.02015 0.332024
v -0.638114 1.02085 0.339706
v -0.623057 1.00986 0.330083
v -0.613435 1.00855 0.343938
v -0.615496 1.00848 0.321583
v -0.598772 1.00963 0.330308
v -0.612895 1.01954 0.33107
v -0.604513 1.02014 0.342221
v -0.599672 1.02046 0.316194
v -0.590363 1.02033 0.330738
v -0.625635 0.994236 0.345557
v -0.608712 0.991948 0.35746
v -0.608984 0.995082 0.324192
v -0.594108 0.991031 0.341393
v -0.62094 0.990172 0.332184
v -0.604972 0.997464 0.351846
v -0.607362 0.996067 0.325425
v -0.591086 0.994273 0.340905
v -0.610351 0.997264 0.341153
v -0.594232 1.00099 0.348724
v -0.592163 1.00376 0.326049
v -0.581127 0.995916 0.339376
v -0.602754 1.01214 0.352422
v -0.585606 1.00669 0.36136
v -0.589757 1.00748 0.334736
v -0.580127 1.00303 0.346602
v -0.603433 1.01458 0.373233
v -0.586534 1.01392 0.385218
v -0.585323 1.01956 0.360751
v -0.573709 1.01551 0.370501
v -0.593031 0.999813 0.39689
v -0.585736 1.00493 0.405555
v -0.587179 1.00592 0.379677
v -0.57452 1.00511 0.393451
v -0.581257 1.01578 0.392717
v -0.571722 1.01642 0.398541
v -0.572835 1.01425 0.383588
v -0.56167 1.01395 0.393069
v -0.58841 1.00441 0.405514
v -0.581045 1.00668 0.418758
v -0.57904 1.00489 0.393357
v -0.570176 1.00662 0.404993
v -0.681857 1.01892 0.352231
v -0.67937 1.01768 0.361111
v -0.675103 1.01895 0.343036
v -0.662257 1.01577 0.352958
v -0.67313 1.0318 0.338787
v -0.663692 1.02544 0.342536
v -0.669211 1.03155 0.323968
v -0.653203 1.02962 0.332214
v -0.654165 1.02204 0.336345
v -0.646952 1.02206 0.345613
v -0.648797 1.02391 0.326719
v -0.634826 1.02279 0.342232
v -0.667445 1.02466 0.34005
v -0.652564 1.02487 0.344241
v -0.654191 1.0238 0.324137
v -0.643675 1.02552 0.335943
v -0.642871 1.00643 0.320075
v -0.633451 1.00364 0.323721
v -0.631148 1.0091 0.303313
v -0.618456 1.00752 0.31517
v -0.641689 1.01008 0.321061
v -0.634355 1.0116 0.330107
v -0.629686 1.00666 0.309916
v -0.616733 1.00955 0.324504
v -0.628738 1.01002 0.345516
v -0.619893 1.00912 0.360769
v -0.62142 1.01153 0.3293
v -0.610224 1.01175 0.343131
v -0.601543 1.00256 0.320907
v -0.593608 1.00499 0.339539
v -0.589727 1.00501 0.313456
v -0.582161 1.0053 0.325069
v -0.613531 0.995877 0.323434
v -0.600857 0.995775 0.339496
v -0.603585 0.99745 0.313499
v -0.587298 0.991924 0.323805
v -0.601419 1.00937 0.341361
v -0.585474 1.0073 0.354009
v -0.578733 1.00505 0.334771
v -0.572703 1.0071 0.34333
v -0.604419 0.997124 0.343825
v -0.592468 0.999381 0.359056
v -0.588453 0.998412 0.329805
v -0.578095 0.997773 0.33922
v -0.602606 0.994998 0.365108
v -0.588254 1.00161 0.378044
v -0.589829 0.997912 0.351375
v -0.583425 1.00076 0.363309
v -0.59941 1.00925 0.377407
v -0.584388 1.00983 0.389364
v -0.582852 1.01667 0.365501
v -0.575325 1.00895 0.383217
v -0.60154 1.00135 0.372502
v -0.58842 1.00252 0.3885
v -0.585425 1.00693 0.361327
v -0.572363 1.00682 0.37192
v -0.586136 1.02036 0.397173
v -0.58221 1.02383 0.407773
v -0.575756 1.0208 0.388414
v -0.570015 1.02012 0.395823
v -0.602438 1.00726 0.398269
v -0.590796 1.00734 0.405656
v -0.589553 1.00822 0.383248
v -0.579937 1.01367 0.390731
v -0.603993 1.00951 0.418573
v -0.590724 1.00624 0.429396
v -0.590785 1.00557 0.408024
v -0.579619 1.0098 0.425132
v -0.677441 1.0102 0.354556
v -0.666072 1.01083 0.366682
v -0.664444 1.00515 0.349657
v -0.65611 1.01075 0.358392
v -0.677494 1.02634 0.333041
v -0.666274 1.02342 0.342712
v -0.669603 1.02985 0.327754
v -0.655994 1.02453 0.335302
v -0.653024 1.02615 0.329633
v -0.643174 1.02885 0.339687
v -0.646567 1.02465 0.319443
v -0.637592 1.02518 0.325044
v -0.669571 1.02042 0.32523
v -0.658237 1.02178 0.331513
v -0.656981 1.01834 0.315588
v -0.648171 1.02142 0.324867
v -0.650925 1.01483 0.336634
v -0.641159 1.01954 0.349804
v -0.637017 1.01383 0.328406
v -0.632187 1.01536 0.340678
v -0.62455 1.01432 0.337685
v -0.613824 1.0108 0.356309
v -0.615127 1.01577 0.332593
v -0.601408 1.0145 0.341425
v -0.613979 1.01916 0.33112
v -0.607201 1.02045 0.345427
v -0.603613 1.02162 0.314758
v -0.593556 1.02399 0.335615
v -0.610523 0.996201 0.336121
v -0.594937 0.994396 0.350698
v -0.590603 0.992755 0.330077
v -0.579243 0.993216 0.340492
v -0.604986 0.989331 0.33723
v -0.584562 0.993199 0.342859
v -0.591969 0.99249 0.321901
v -0.580217 0.989659 0.332094
v -0.585086 0.999721 0.361502
v -0.570468 1.00665 0.379303
v -0.574473 1.00069 0.354054
v -0.557778 1.00596 0.359917
v -0.608215 1.00672 0.357285
v -0.591423 1.00514 0.368051
v -0.598243 1.00956 0.347593
v -0.582453 1.01172 0.354002
v -0.591251 0.986547 0.377336
v -0.584528 0.99056 0.389706
v -0.581054 0.986833 0.364585
v -0.567408 0.987097 0.375702
v -0.590051 1.01902 0.384934
v -0.578746 1.01294 0.399983
v -0.581711 1.01781 0.372373
v -0.565219 1.0181 0.386434
v -0.579929 1.01853 0.410647
v -0.572504 1.01125 0.419273
v -0.569431 1.01188 0.402831
v -0.562185 1.01154 0.41339
v -0.584048 1.00332 0.411315
v -0.575368 1.00664 0.420115
v -0.572191 1.00033 0.398233
v -0.568332 1.00456 0.41157
v -0.663316 1.01716 0.343729
v -0.659147 1.01918 0.359878
v -0.654936 1.0176 0.335464
v -0.647691 1.01627 0.34765
v -0.659828 1.00765 0.322013
v -0.647353 1.00624 0.33456
v -0.65054 1.01193 0.313189
v -0.639212 1.00591 0.321667
v -0.659966 1.00346 0.339452
v -0.655172 1.00166 0.346258
v -0.652462 1.00413 0.329875
v -0.641183 1.00376 0.336467
v -0.651282 1.00812 0.335218
v -0.643549 1.0064 0.346042
v -0.639814 1.00462 0.327593
v -0.632202 1.0074 0.336363
v -0.638957 1.03072 0.330509
v -0.624116 1.0254 0.340265
v -0.623253 1.02619 0.317473
v -0.617069 1.03149 0.32684
v -0.610581 1.01629 0.324888
v -0.597756 1.01616 0.340777
v -0.604543 1.01935 0.310442
v -0.589212 1.02139 0.328792
v -0.601338 1.00427 0.343895
v -0.587356 1.00233 0.355552
v -0.58986 1.00271 0.321981
v -0.575477 1.0025 0.332226
v -0.622263 0.988513 0.329292
v -0.606083 0.995022 0.344818
v -0.604463 0.98742 0.312212
v -0.595453 0.991571 0.331449
v -0.615419 1.01187 0.350276
v -0.605014 1.01263 0.363466
v -0.601148 1.00336 0.336654
v -0.59114 1.00476 0.349602
v -0.612546 1.00361 0.349538
v -0.603046 1.00753 0.359972
v -0.590384 1.00475 0.332464
v -0.582662 1.00772 0.354354
v -0.606454 1.00326 0.350979
v -0.593365 1.00844 0.365869
v -0.593454 1.00956 0.333906
v -0.583228 1.00815 0.35628
v -0.598275 0.989055 0.369429
v -0.584304 0.997744 0.386144
v -0.579387 0.990668 0.356799
v -0.572115 0.98916 0.375859
v -0.59481 0.991428 0.3678
v -0.57901 0.992915 0.386605
v -0.577236 0.991451 0.361923
v -0.564472 0.996139 0.370515
v -0.576358 0.995945 0.390718
v -0.571094 0.994301 0.399987
v -0.566242 1.00052 0.376929
v -0.555251 0.998917 0.390407
v -0.575403 1.00002 0.399508
v -0.567254 0.998854 0.413342
v -0.566485 0.997678 0.393365
v -0.556099 1.0005 0.405884
v -0.600784 1.00726 0.428797
v -0.586355 1.0103 0.435525
v -0.588081 1.01087 0.419055
v -0.577755 1.01055 0.424866
v -0.672831 1.01801 0.339521
v -0.65707 1.02087 0.3491
v -0.661701 1.02368 0.328861
v -0.651771 1.01621 0.336504
v -0.668954 1.00783 0.342204
v -0.656191 1.0016 0.354688
v -0.656863 1.00636 0.332476
v -0.644609 1.00137 0.346984
v -0.651867 1.01746 0.326564
v -0.639895 1.01897 0.334337
v -0.649171 1.01395 0.314122
v -0.635486 1.02041 0.319173
v -0.658825 1.00372 0.316555
v -0.652951 1.00741 0.329706
v -0.647472 1.00279 0.311929
v -0.642511 1.00562 0.318911
v -0.655719 1.0026 0.324027
v -0.640146 1.00677 0.33447
v -0.646519 1.00937 0.315286
v -0.636762 1.00566 0.32135
v -0.622604 1.00832 0.33682
v -0.615761 1.00597 0.34602
v -0.614382 1.00693 0.323042
v -0.602503 1.00336 0.334649
v -0.608492 1.0005 0.316916
v -0.592818 1.00161 0.330817
v -0.600652 1.00123 0.308325
v -0.586125 1.00707 0.31372
v -0.605856 0.997485 0.34419
v -0.595099 1.00251 0.360818
v -0.59287 1.00033 0.334173
v -0.581368 1.00071 0.339456
v -0.610985 1.0051 0.37056
v -0.590544 1.00592 0.374509
v -0.592764 1.00443 0.355316
v -0.584016 1.00727 0.361598
v -0.580026 1.00557 0.366226
v -0.569614 1.01001 0.385771
v -0.565077 1.01018 0.360756
v -0.56112 1.00511 0.375153
v -0.579318 1.01117 0.373882
v -0.568887 1.01198 0.387974
v -0.567045 1.01567 0.364958
v -0.558575 1.01191 0.378889
v -0.582091 0.994785 0.388148
v -0.57382 0.999391 0.399014
v -0.577492 0.994739 0.376092
v -0.559814 0.997686 0.387232
v -0.686455 1.01218 0.341464
v -0.679613 1.01275 0.353497
v -0.674477 1.01289 0.335654
v -0.669376 1.01784 0.342365
v -0.67522 0.995747 0.357241
v -0.664935 0.992399 0.363817
v -0.673365 0.997017 0.341921
v -0.655398 0.99758 0.348072
v -0.71229 1.0104 0.328165
v -0.705426 1.0179 0.341979
v -0.700958 1.01713 0.320655
v -0.695159 1.01712 0.332706
v -0.708091 1.00531 0.334795
v -0.698494 1.00476 0.339387
v -0.698358 1.0051 0.322973
v -0.692458 1.00786 0.333625
v -0.751787 1.02157 0.348227
v -0.728561 1.02376 0.357661
v -0.735655 1.02704 0.332732
v -0.719798 1.02081 0.341932
v -0.784193 1.00058 0.388408
v -0.776155 0.99905 0.39638
v -0.776832 1.00322 0.374035
v -0.759877 0.999169 0.382711
v -0.810777 0.996973 0.371338
v -0.800335 0.990235 0.382867
v -0.80132 0.996459 0.364658
v -0.787375 0.991102 0.369846
v -0.802414 1.00198 0.365593
v -0.787981 0.998624 0.370594
v -0.794177 1.00081 0.353783
v -0.781065 0.996372 0.360977
v -0.818575 0.996255 0.364299
v -0.812927 0.991651 0.376666
v -0.806735 0.994742 0.362094
v -0.802913 0.99644 0.373005
v -0.692787 1.00221 0.334128
v -0.68158 0.994962 0.348316
v -0.67997 0.999219 0.324044
v -0.670011 0.998344 0.336114
v -0.688383 1.00966 0.343215
v -0.674228 1.01321 0.356517
v -0.675739 1.00912 0.33746
v -0.662493 1.01147 0.34262
v -0.718782 0.996465 0.351444
v -0.710628 0.997548 0.364361
v -0.707405 0.990147 0.342691
v -0.697854 0.997049 0.351338
v -0.725232 1.01223 0.344187
v -0.719859 1.00993 0.353753
v -0.713987 1.0135 0.329314
v -0.707532 1.01182 0.350635
v -0.740803 1.02854 0.348336
v -0.730087 1.02536 0.362621
v -0.723343 1.03326 0.342922
v -0.713036 1.02435 0.360641
v -0.735181 1.04641 0.338556
v -0.728119 1.03848 0.357692
v -0.726688 1.04717 0.325599
v -0.714254 1.04148 0.34678
v -0.751748 1.03753 0.371295
v -0.736659 1.02971 0.376236
v -0.73827 1.03581 0.350203
v -0.722898 1.03481 0.365031
v -0.778456 1.0311 0.35985
v -0.761792 1.03036 0.379432
v -0.765899 1.02895 0.354669
v -0.753559 1.029 0.36928
v -0.778492 1.01275 0.348794
v -0.77493 1.01619 0.363901
v -0.769867 1.0156 0.340754
v -0.754969 1.01025 0.355782
v -0.805077 1.01616 0.37214
v -0.788862 1.01362 0.388472
v -0.793832 1.01177 0.362602
v -0.779097 1.01426 0.371045
v -0.79498 1.00886 0.364746
v -0.786774 1.01414 0.376492
v -0.782351 1.01272 0.35451
v -0.772965 1.01099 0.366533
v -0.802899 1.00007 0.37904
v -0.790451 1.00082 0.387872
v -0.794169 0.995529 0.366248
v -0.783505 0.997779 0.377608
v -0.687442 1.00157 0.350202
v -0.679276 1.0001 0.361107
v -0.680103 1.00312 0.34343
v -0.66934 0.999049 0.349727
v -0.697715 1.01174 0.34473
v -0.68609 1.01388 0.354741
v -0.689972 1.01457 0.339174
v -0.677612 1.01018 0.350457
v -0.691217 0.999186 0.32852
v -0.673678 1.00216 0.336901
v -0.683587 1.00268 0.320291
v -0.670266 1.00412 0.328548
v -0.706463 0.996508 0.327288
v -0.693095 0.994383 0.337256
v -0.691294 0.992664 0.322447
v -0.682645 0.996694 0.333825
v -0.710168 0.994646 0.336614
v -0.701735 0.991634 0.343086
v -0.700823 0.99455 0.326434
v -0.695485 0.993955 0.336202
v -0.711781 1.01902 0.356961
v -0.697119 1.02064 0.369476
v -0.693197 1.01815 0.344212
v -0.689879 1.01767 0.35596
v -0.727054 1.04289 0.357855
v -0.716433 1.03682 0.368003
v -0.713769 1.03553 0.344233
v -0.698669 1.0436 0.356954
v -0.738427 1.04295 0.337999
v -0.734636 1.04224 0.359609
v -0.727778 1.04501 0.327523
v -0.713053 1.04601 0.350691
v -0.768574 1.01407 0.359503
v -0.755689 1.01259 0.375135
v -0.754102 1.01744 0.341886
v -0.7401 1.01923 0.362838
v -0.780178 1.04022 0.359457
v -0.770969 1.03432 0.370075
v -0.771737 1.03449 0.35021
v -0.75192 1.03427 0.361959
v -0.779781 1.02954 0.367131
v -0.759708 1.02742 0.370253
v -0.767067 1.03126 0.344466
v -0.748014 1.03301 0.358005
v -0.809201 0.991313 0.382364
v -0.80068 0.995574 0.387591
v -0.798855 0.993901 0.372784
v -0.789901 0.991978 0.38022
v -0.813962 1.01242 0.371822
v -0.798171 1.01409 0.379688
v -0.798135 1.01549 0.364045
v -0.793787 1.01263 0.371557
v -0.798449 1.01404 0.375045
v -0.794425 1.01026 0.386315
v -0.787336 1.01094 0.367954
v -0.780293 1.01478 0.375803
v -0.668223 0.999018 0.349737
v -0.658049 0.997235 0.3602
v -0.663674 0.999451 0.341732
v -0.648643 1.00214 0.349458
v -0.701433 1.00737 0.344963
v -0.690181 1.01499 0.356903
v -0.690844 1.00844 0.333515
v -0.682573 1.01499 0.343318
v -0.695981 1.00476 0.331282
v -0.682693 1.01054 0.344509
v -0.680724 1.00805 0.325366
v -0.675919 1.00918 0.334716
v -0.731128 1.0221 0.356987
v -0.715736 1.01823 0.363672
v -0.717117 1.02495 0.337354
v -0.707528 1.02079 0.346579
v -0.73262 1.04206 0.336783
v -0.715807 1.04366 0.351534
v -0.719009 1.0425 0.325386
v -0.701523 1.04028 0.336988
v -0.74454 1.03942 0.35047
v -0.739726 1.04643 0.365469
v -0.728789 1.04415 0.337689
v -0.723619 1.04228 0.358039
v -0.772323 1.01185 0.359738
v -0.758566 1.01269 0.37827
v -0.759213 1.01941 0.353344
v -0.74903 1.0183 0.367996
v -0.802383 1.01976 0.381285
v -0.78526 1.01364 0.387323
v -0.785326 1.01835 0.36663
v -0.774202 1.01893 0.378855
v -0.794172 1.01022 0.369279
v -0.788069 1.01397 0.38045
v -0.779055 1.01286 0.362157
v -0.770054 1.01564 0.369847
v -0.798138 1.01113 0.377651
v -0.794172 1.00605 0.390509
v -0.789093 1.00616 0.370514
v -0.778597 1.00458 0.377656
v -0.671475 1.00846 0.352427
v -0.663155 1.00821 0.362969
v -0.662246 1.00843 0.343668
v -0.652221 1.00445 0.354434
v -0.692541 0.989856 0.34119
v -0.682425 0.988313 0.352258
v -0.676698 0.99323 0.331776
v -0.668049 0.992613 0.343268
v -0.690185 0.990233 0.333231
v -0.680525 0.994106 0.340133
v -0.674696 0.990959 0.324457
v -0.672525 0.990724 0.332109
v -0.698061 1.01474 0.341024
v -0.689348 1.01447 0.354512
v -0.687186 1.02084 0.333869
v -0.67738 1.02034 0.344448
v -0.700721 1.0157 0.347379
v -0.688832 1.01119 0.362008
v -0.692154 1.01255 0.338421
v -0.678108 1.00904 0.352107
v -0.715297 1.01095 0.360075
v -0.702069 1.01729 0.371978
v -0.704224 1.01759 0.347416
v -0.690804 1.01602 0.3567
v -0.734939 1.02808 0.335634
v -0.719579 1.03338 0.343522
v -0.719312 1.02496 0.316119
v -0.704152 1.03343 0.329126
v -0.738367 1.0431 0.332689
v -0.725903 1.03569 0.355194
v -0.720224 1.03733 0.329441
v -0.712035 1.04044 0.337589
v -0.768261 1.01735 0.343887
v -0.75741 1.02444 0.361638
v -0.747508 1.02438 0.33434
v -0.743477 1.02317 0.346188
v -0.777937 1.00916 0.349793
v -0.76817 1.01106 0.365167
v -0.770417 1.01021 0.33587
v -0.758486 1.01626 0.349577
v -0.790512 1.01601 0.384396
v -0.784456 1.0162 0.391542
v -0.788533 1.01209 0.371688
v -0.772192 1.01731 0.380799
v -0.815944 1.00146 0.384252
v -0.802357 1.00332 0.391917
v -0.801236 1.00205 0.375403
v -0.793768 0.997688 0.386153
v -0.821891 1.00176 0.365412
v -0.812361 1.00155 0.370353
v -0.814895 1.00183 0.349972
v -0.806004 1.00236 0.362781
v -0.675425 0.991346 0.34
v -0.657642 0.992369 0.350304
v -0.664958 0.994871 0.332868
v -0.655671 0.993814 0.338526
v -0.70317 1.00303 0.356791
v -0.694073 0.998138 0.360299
v -0.697821 0.998801 0.340301
v -0.68435 0.995372 0.351069
v -0.700776 1.01123 0.325663
v -0.691556 1.01483 0.33634
v -0.683489 1.01296 0.317666
v -0.675621 1.0135 0.334195
v -0.727616 1.024 0.344945
v -0.714915 1.02013 0.358203
v -0.714037 1.02126 0.332998
v -0.700367 1.02103 0.348766
v -0.720358 1.02639 0.328267
v -0.707316 1.02466 0.342734
v -0.706834 1.02241 0.319925
v -0.695551 1.02587 0.328029
v -0.716475 1.03717 0.354808
v -0.702073 1.04277 0.365785
v -0.713017 1.04018 0.334424
v -0.696908 1.03804 0.346775
v -0.754256 1.02632 0.33845
v -0.736337 1.02846 0.359329
v -0.738464 1.03195 0.330624
v -0.725525 1.02276 0.345588
v -0.79442 1.01295 0.367474
v -0.773696 1.01008 0.377994
v -0.780447 1.01884 0.354079
v -0.763873 1.00978 0.360152
v -0.779242 1.0129 0.362894
v -0.773606 1.00685 0.373291
v -0.765826 1.01258 0.348328
v -0.758894 1.01079 0.366473
v -0.801607 0.987875 0.382056
v -0.795458 0.994426 0.396686
v -0.790051 0.993753 0.37577
v -0.783001 0.992518 0.389139
v -0.815528 0.993267 0.363514
v -0.811269 0.992944 0.376081
v -0.809239 0.996592 0.355763
v -0.798822 0.997985 0.369171
v -0.688685 0.997147 0.329317
v -0.672757 0.999772 0.338408
v -0.676325 0.998287 0.313452
v -0.668601 0.99753 0.32587
v -0.684437 0.991436 0.354183
v -0.678429 0.991403 0.364787
v -0.670639 0.992454 0.342649
v -0.662826 0.993473 0.35048
v -0.706719 1.00664 0.335038
v -0.690777 1.00635 0.341062
v -0.697126 1.00812 0.32453
v -0.684837 1.00758 0.329577
v -0.720575 1.00884 0.338489
v -0.704531 1.00805 0.346829
v -0.711236 1.00903 0.327445
v -0.7004 1.01045 0.333585
v -0.700359 1.01301 0.349119
v -0.694258 1.01382 0.365056
v -0.688506 1.00936 0.341765
v -0.678397 1.01072 0.35581
v -0.720914 1.00495 0.341011
v -0.708144 1.00399 0.348599
v -0.717686 1.00458 0.325781
v -0.702286 1.00378 0.337759
v -0.711848 1.03277 0.348052
v -0.699066 1.02728 0.360433
v -0.70101 1.0296 0.341196
v -0.687151 1.03063 0.345594
v -0.732274 1.02527 0.355437
v -0.717199 1.02014 0.369712
v -0.712707 1.02259 0.344663
v -0.70371 1.018 0.357521
v -0.748778 1.0472 0.347106
v -0.72787 1.04393 0.354372
v -0.733937 1.04766 0.334266
v -0.718047 1.04151 0.339625
v -0.767236 1.02777 0.357621
v -0.761425 1.02692 0.369499
v -0.752183 1.0273 0.342092
v -0.745953 1.0273 0.356917
v -0.780126 1.03012 0.350038
v -0.769244 1.03746 0.364568
v -0.769025 1.02841 0.335479
v -0.754368 1.03481 0.348789
v -0.777538 1.01537 0.373827
v -0.771374 1.01723 0.386256
v -0.767288 1.00933 0.361427
v -0.755519 1.01629 0.374947
v -0.782305 1.01236 0.362844
v -0.771979 1.01661 0.368882
v -0.769245 1.01735 0.347644
v -0.759098 1.01798 0.361584
v -0.799543 0.993039 0.358298
v -0.78798 0.998603 0.373288
v -0.78534 0.992816 0.350351
v -0.776369 0.993514 0.363077
v -0.817751 1.00755 0.3793
v -0.801821 1.00436 0.390544
v -0.807418 1.00306 0.366213
v -0.797896 1.00534 0.377353
v -0.802421 1.01611 0.376974
v -0.794543 1.01393 0.393286
v -0.790173 1.01641 0.372386
v -0.785828 1.00905 0.381943
v -0.700595 0.996686 0.342664
v -0.694355 0.999079 0.356756
v -0.688081 1.0033 0.332445
v -0.682143 0.997382 0.348052
v -0.696802 1.00746 0.329242
v -0.688033 1.00278 0.340667
v -0.68257 1.00632 0.319686
v -0.679796 1.00746 0.331959
v -0.698454 0.991228 0.347728
v -0.693516 0.994158 0.358595
v -0.686541 0.991697 0.33894
v -0.679249 0.993106 0.353813
v -0.711815 1.0083 0.334324
v -0.705809 1.00519 0.34265
v -0.703469 1.01017 0.318654
v -0.692733 1.00975 0.327253
v -0.729224 1.02202 0.351312
v -0.712767 1.02091 0.36375
v -0.718988 1.01412 0.339888
v -0.705145 1.01836 0.344
v -0.721617 1.02328 0.353604
v -0.707309 1.01989 0.359446
v -0.708294 1.01943 0.335098
v -0.69281 1.01988 0.350267
v -0.741425 1.02569 0.331988
v -0.727862 1.03174 0.352369
v -0.719111 1.03145 0.322727
v -0.710126 1.02501 0.338188
v -0.745535 1.03694 0.353971
v -0.735563 1.02915 0.370656
v -0.727881 1.03687 0.342567
v -0.714624 1.03736 0.362072
v -0.760488 1.02079 0.359386
v -0.746698 1.02064 0.372579
v -0.74932 1.01289 0.346702
v -0.736539 1.01386 0.364436
v -0.777711 0.997364 0.371566
v -0.768375 1.00207 0.38254
v -0.770501 1.00028 0.364483
v -0.756361 0.994944 0.371917
v -0.811254 1.0106 0.374223
v -0.80023 1.01344 0.378211
v -0.801135 1.01707 0.362012
v -0.791803 1.01356 0.365952
v -0.803676 1.00486 0.385916
v -0.795998 1.00492 0.402047
v -0.786978 1.00791 0.382194
v -0.779439 1.00567 0.395165
v -0.805914 1.01723 0.372845
v -0.791884 1.01412 0.381927
v -0.792765 1.01731 0.359485
v -0.781368 1.0188 0.366603
v -0.678109 0.999085 0.352466
v -0.666631 0.995249 0.362863
v -0.674653 0.99371 0.341709
v -0.659975 1.00035 0.351711
v -0.696386 0.996373 0.341517
v -0.685277 0.995235 0.353877
v -0.682621 0.990007 0.331995
v -0.673518 0.996015 0.341891
v -0.682327 1.01105 0.342903
v -0.674547 1.00487 0.357372
v -0.673133 1.00814 0.338707
v -0.660908 1.00545 0.344263
v -0.707937 1.01234 0.354891
v -0.695799 1.01171 0.35918
v -0.703624 1.00791 0.340611
v -0.692793 1.01159 0.351698
v -0.699381 0.99777 0.340696
v -0.690528 1.00123 0.350674
v -0.685168 0.998381 0.326046
v -0.67821 0.995819 0.34185
v -0.712385 1.01709 0.352737
v -0.706381 1.01504 0.361556
v -0.698775 1.01101 0.342272
v -0.688268 1.01131 0.356503
v -0.743081 1.0421 0.353437
v -0.722699 1.03558 0.358719
v -0.732345 1.03725 0.338616
v -0.712065 1.03592 0.348913
v -0.73685 1.02894 0.362365
v -0.732296 1.0256 0.371819
v -0.720245 1.02943 0.350234
v -0.714083 1.0257 0.360149
v -0.763155 1.03732 0.361046
v -0.749336 1.03183 0.377538
v -0.749167 1.03151 0.345562
v -0.736622 1.0307 0.360129
v -0.762403 1.03857 0.360816
v -0.750878 1.04395 0.371768
v -0.752689 1.04246 0.343858
v -0.735522 1.03752 0.351464
v -0.7798 1.00025 0.36445
v -0.768645 1.00343 0.375293
v -0.767665 1.00026 0.349897
v -0.755524 1.00198 0.371466
v -0.802038 1.01361 0.360684
v -0.789256 1.01178 0.377817
v -0.787112 1.0118 0.35705
v -0.780353 1.0158 0.367856
v -0.787983 1.00394 0.365835
v -0.778916 1.00717 0.384622
v -0.777219 1.00241 0.362871
v -0.767196 1.00746 0.376096
v -0.800436 1.00072 0.359864
v -0.78973 1.00019 0.374321
v -0.792998 1.00249 0.350328
v -0.779497 0.999945 0.363454
v -0.671379 1.01403 0.345733
v -0.659917 1.01171 0.357887
v -0.659605 1.00947 0.333528
v -0.649088 1.01326 0.340484
v -0.694714 1.00897 0.334665
v -0.686368 1.00973 0.344366
v -0.687121 1.01321 0.328561
v -0.677015 1.01401 0.334271
v -0.702525 1.00654 0.35066
v -0.693046 1.00853 0.360869
v -0.694237 1.01085 0.336614
v -0.680018 1.00806 0.345617
v -0.695971 0.999592 0.348028
v -0.686409 1.00271 0.364408
v -0.68183 1.00036 0.341792
v -0.675795 1.00137 0.351527
v -0.706257 1.01035 0.336529
v -0.695852 1.01028 0.345832
v -0.695817 1.01143 0.326852
v -0.683892 1.0161 0.338459
v -0.724989 1.01663 0.327171
v -0.71541 1.01756 0.34046
v -0.708526 1.01793 0.3153
v -0.698204 1.01471 0.327482
v -0.745666 1.0359 0.344878
v -0.731097 1.02782 0.358349
v -0.732655 1.0306 0.336122
v -0.721764 1.03155 0.350215
v -0.729142 1.04451 0.353415
v -0.719758 1.03887 0.369316
v -0.725306 1.04513 0.341829
v -0.702623 1.04021 0.349195
v -0.766562 1.02728 0.359004
v -0.758132 1.0233 0.373765
v -0.754562 1.0213 0.353162
v -0.743118 1.02441 0.364066
v -0.762574 1.01973 0.366172
v -0.754778 1.01965 0.384052
v -0.753037 1.01529 0.351636
v -0.736892 1.02109 0.365465
v -0.800112 1.00448 0.379649
v -0.783376 0.999217 0.391719
v -0.785445 0.998286 0.371659
v -0.77097 1.00327 0.379985
v -0.786713 1.01063 0.372629
v -0.781373 1.01446 0.379041
v -0.781314 1.01297 0.360815
v -0.770564 1.01332 0.372573
v -0.792589 0.994359 0.364564
v -0.782675 0.99667 0.379432
v -0.77932 0.994825 0.355753
v -0.770562 0.999074 0.37051
v -0.804299 1.00693 0.37878
v -0.794528 1.00307 0.390176
v -0.792464 1.00533 0.3734
v -0.779088 1.00692 0.378544
v -0.657573 1.01131 0.313758
v -0.651907 1.01371 0.32367
v -0.651694 1.01258 0.307015
v -0.642177 1.00999 0.3125
v -0.668356 1.02108 0.32644
v -0.658923 1.02046 0.334902
v -0.65844 1.01937 0.314789
v -0.648592 1.02045 0.324832
v -0.678132 1.0279 0.320888
v -0.665862 1.03132 0.327945
v -0.671038 1.02851 0.305223
v -0.654048 1.03 0.312085
v -0.666155 1.04572 0.307879
v -0.659257 1.03964 0.316384
v -0.653507 1.04151 0.294975
v -0.642081 1.04255 0.312346
v -0.650434 1.03306 0.307489
v -0.645703 1.03814 0.31662
v -0.641954 1.03755 0.297624
v -0.632524 1.03742 0.311206
v -0.661019 1.03119 0.338114
v -0.647796 1.03151 0.351408
v -0.653378 1.02454 0.325922
v -0.640515 1.03143 0.334303
v -0.657111 1.02273 0.338572
v -0.644871 1.02347 0.352686
v -0.641504 1.02299 0.329242
v -0.631312 1.01843 0.34103
v -0.647342 1.0217 0.331556
v -0.629517 1.01448 0.345422
v -0.62782 1.02043 0.318368
v -0.615561 1.01452 0.333208
v -0.657226 0.997761 0.364943
v -0.643512 0.992937 0.385579
v -0.642587 0.992377 0.361206
v -0.630124 0.989222 0.368849
v -0.650733 0.995918 0.363249
v -0.639665 0.989432 0.378349
v -0.636569 0.997217 0.357588
v -0.622584 0.989441 0.369843
v -0.660702 0.988179 0.379344
v -0.646849 0.986386 0.391341
v -0.652369 0.991748 0.370598
v -0.637844 0.986267 0.37464
v -0.693424 1.00272 0.376079
v -0.682375 1.00345 0.391769
v -0.677574 1.004 0.372028
v -0.672933 1.00336 0.380178
v -0.669785 1.03043 0.303803
v -0.656216 1.02991 0.318719
v -0.654076 1.02703 0.299175
v -0.645872 1.02763 0.306641
v -0.666326 1.04103 0.324324
v -0.655344 1.04599 0.335551
v -0.656341 1.04222 0.311874
v -0.642095 1.04727 0.324519
v -0.667096 1.04542 0.331707
v -0.658903 1.04401 0.347837
v -0.655105 1.04467 0.318554
v -0.646204 1.04449 0.330482
v -0.658976 1.02214 0.335707
v -0.639643 1.0149 0.346965
v -0.647557 1.01739 0.327392
v -0.637552 1.01543 0.333642
v -0.654527 1.0343 0.337797
v -0.645037 1.03179 0.355761
v -0.641658 1.02909 0.330771
v -0.634947 1.03063 0.338358
v -0.654832 1.01159 0.334565
v -0.640449 1.01188 0.34579
v -0.643304 1.00766 0.318603
v -0.631767 1.00674 0.327641
v -0.635081 1.00526 0.354886
v -0.629645 1.00329 0.364515
v -0.620885 1.00652 0.336971
v -0.609523 0.999702 0.352832
v -0.636081 0.999315 0.372054
v -0.621853 0.995523 0.381745
v -0.632268 1.00378 0.355538
v -0.617362 0.999645 0.366088
v -0.640701 1.01544 0.359611
v -0.628048 1.01439 0.371059
v -0.633355 1.01774 0.345101
v -0.621362 1.01515 0.350818
v -0.664778 1.00275 0.361861
v -0.648622 1.00078 0.372819
v -0.653958 0.998851 0.348519
v -0.641667 1.0002 0.355515
v -0.65332 1.00205 0.378148
v -0.644231 0.996899 0.392232
v -0.641988 0.995723 0.370066
v -0.62765 0.997267 0.380542
v -0.688593 1.019 0.371513
v -0.675605 1.0171 0.384895
v -0.672363 1.0183 0.363485
v -0.664302 1.01682 0.376501
v -0.666627 1.00553 0.328218
v -0.657348 1.00586 0.341725
v -0.651736 1.01089 0.319867
v -0.64561 1.0052 0.333303
v -0.682821 1.02725 0.317283
v -0.672173 1.02838 0.323334
v -0.672321 1.02616 0.301859
v -0.662968 1.0268 0.305014
v -0.661406 1.03253 0.307614
v -0.648376 1.02739 0.31628
v -0.651154 1.03142 0.301099
v -0.639249 1.03329 0.302948
v -0.645202 1.0213 0.314805
v -0.638155 1.02314 0.324355
v -0.635365 1.02317 0.3012
v -0.62506 1.02222 0.312942
v -0.67268 1.02249 0.316844
v -0.659942 1.02206 0.325231
v -0.659404 1.02386 0.302334
v -0.645745 1.02084 0.312201
v -0.65801 1.02107 0.332659
v -0.643529 1.02369 0.347911
v -0.644416 1.02403 0.320559
v -0.632808 1.01971 0.330743
v -0.653358 1.02434 0.34235
v -0.640741 1.01713 0.359144
v -0.638172 1.02016 0.328425
v -0.622162 1.02085 0.349287
v -0.654376 0.985013 0.351866
v -0.636751 0.991933 0.365097
v -0.641043 0.990773 0.343624
v -0.623821 0.985872 0.356205
v -0.662088 0.985874 0.379472
v -0.653138 0.986845 0.393308
v -0.649199 0.985477 0.365517
v -0.637775 0.984301 0.382003
v -0.672036 1.0198 0.3763
v -0.658909 1.01488 0.384624
v -0.656159 1.01925 0.367524
v -0.652626 1.0173 0.378366
v -0.667848 1.00301 0.305889
v -0.659201 0.999128 0.31919
v -0.651896 1.00213 0.301639
v -0.642958 1.00239 0.312724
v -0.67963 1.02555 0.300902
v -0.667549 1.03223 0.311125
v -0.6691 1.02738 0.293369
v -0.654852 1.03046 0.307384
v -0.661621 1.04177 0.331199
v -0.648579 1.04038 0.336212
v -0.658486 1.03838 0.316754
v -0.641566 1.03814 0.327496
v -0.655852 1.02498 0.304398
v -0.648129 1.02322 0.321275
v -0.636751 1.02618 0.298622
v -0.628614 1.02272 0.3097
v -0.661808 1.04576 0.332536
v -0.654589 1.0378 0.343915
v -0.654372 1.04358 0.322119
v -0.64271 1.03689 0.340089
v -0.654145 1.02392 0.332955
v -0.642435 1.02583 0.348125
v -0.641765 1.0293 0.317364
v -0.630033 1.02327 0.332332
v -0.664684 1.00068 0.329674
v -0.653873 1.00248 0.339586
v -0.64648 1.00745 0.313989
v -0.63411 1.00393 0.32887
v -0.652372 1.02343 0.348256
v -0.639465 1.01626 0.371059
v -0.634383 1.02436 0.344045
v -0.625811 1.01523 0.359219
v -0.660349 0.997251 0.370087
v -0.644872 0.990755 0.380859
v -0.652371 0.997999 0.35441
v -0.63178 0.99285 0.363447
v -0.643916 1.01428 0.374883
v -0.635759 1.01353 0.388259
v -0.637895 1.01629 0.355098
v -0.622346 1.01646 0.369965
v -0.651291 1.0158 0.377111
v -0.640965 1.01882 0.382393
v -0.643685 1.01834 0.364029
v -0.626467 1.01267 0.371783
v -0.678628 0.99208 0.371909
v -0.668146 0.995853 0.382239
v -0.664149 0.994477 0.365543
v -0.657402 0.99307 0.378902
v -0.663868 1.00196 0.328181
v -0.657084 1.00436 0.336867
v -0.654801 1.00724 0.313213
v -0.642404 1.0075 0.327462
v -0.648674 1.0252 0.307951
v -0.639828 1.01783 0.317943
v -0.639392 1.01929 0.301705
v -0.633143 1.02005 0.309749
v -0.655474 1.02803 0.307833
v -0.641449 1.02502 0.31942
v -0.637606 1.02949 0.294733
v -0.63111 1.02963 0.303408
v -0.677809 1.03146 0.324154
v -0.668846 1.03222 0.332424
v -0.670844 1.03201 0.305604
v -0.657444 1.0264 0.319133
v -0.669488 1.03686 0.323739
v -0.655163 1.0402 0.338561
v -0.662133 1.03859 0.315452
v -0.643604 1.03738 0.323379
v -0.65653 1.01097 0.321038
v -0.648064 1.01064 0.334358
v -0.648549 1.00637 0.313633
v -0.630323 1.00807 0.320532
v -0.661977 1.00996 0.339402
v -0.644601 1.00863 0.359018
v -0.647699 1.00728 0.334089
v -0.636657 1.0043 0.349084
v -0.660935 1.01277 0.357266
v -0.648404 1.01664 0.375773
v -0.652226 1.0069 0.348465
v -0.632414 1.01506 0.362691
v -0.649465 0.999831 0.354881
v -0.638419 0.99899 0.359454
v -0.639847 0.996098 0.34151
v -0.621843 1.00138 0.347664
v -0.669067 0.993258 0.362644
v -0.652694 0.996285 0.371928
v -0.652874 0.992299 0.347768
v -0.644748 0.994163 0.367423
v -0.677191 0.999441 0.3622
v -0.667857 1.00032 0.37185
v -0.662865 1.00179 0.349292
v -0.650896 0.999613 0.367982
v -0.67196 0.995758 0.390629
v -0.665632 0.994471 0.396648
v -0.662747 0.999279 0.377293
v -0.65262 0.99522 0.389353
v -0.678331 1.02427 0.30937
v -0.666346 1.02475 0.32121
v -0.672344 1.02336 0.299924
v -0.656723 1.01899 0.310774
v -0.674748 1.03306 0.306078
v -0.659639 1.03226 0.316751
v -0.662023 1.03452 0.294331
v -0.651215 1.03124 0.303556
v -0.655247 1.0277 0.308222
v -0.644017 1.02964 0.319485
v -0.637846 1.0259 0.298013
v -0.633246 1.0246 0.308819
v -0.660469 1.03909 0.33181
v -0.653377 1.03701 0.337933
v -0.658326 1.03566 0.318587
v -0.644835 1.0374 0.327327
v -0.657537 1.04872 0.31326
v -0.642364 1.04144 0.326169
v -0.647532 1.04227 0.305244
v -0.638889 1.0448 0.31229
v -0.657247 1.02488 0.324527
v -0.646484 1.02646 0.333263
v -0.642321 1.02495 0.308513
v -0.631251 1.0332 0.326081
v -0.646592 1.0292 0.336912
v -0.634957 1.03214 0.354062
v -0.624255 1.02422 0.32133
v -0.61408 1.02572 0.342422
v -0.636941 1.00258 0.362038
v -0.628211 1.0002 0.367188
v -0.62495 1.00555 0.341969
v -0.614552 1.00368 0.359047
v -0.653726 1.00328 0.382072
v -0.631014 1.00062 0.386877
v -0.642173 1.00742 0.362044
v -0.623662 1.00517 0.370092
v -0.664649 0.988914 0.367512
v -0.654579 0.988501 0.378293
v -0.658668 0.991763 0.359959
v -0.644831 0.991984 0.369853
v -0.669817 1.01072 0.383321
v -0.656612 1.00835 0.392473
v -0.661764 1.00697 0.370688
v -0.648296 1.00957 0.38629
v -0.669089 1.02414 0.315397
v -0.661042 1.02279 0.326595
v -0.652793 1.02383 0.30449
v -0.645998 1.02383 0.319172
v -0.659482 1.01934 0.314874
v -0.648652 1.01175 0.323157
v -0.651294 1.01606 0.299452
v -0.640581 1.01223 0.310306
v -0.668209 1.03877 0.324309
v -0.656939 1.03965 0.334871
v -0.657421 1.03932 0.315915
v -0.644906 1.04301 0.323534
v -0.649098 1.03935 0.309755
v -0.633847 1.03673 0.320462
v -0.643083 1.03564 0.295195
v -0.625145 1.03392 0.30877
v -0.679779 1.03256 0.334553
v -0.66705 1.03555 0.346284
v -0.659231 1.03135 0.32299
v -0.655036 1.03607 0.337424
v -0.650743 1.03179 0.328577
v -0.642199 1.02869 0.335642
v -0.635685 1.02686 0.31461
v -0.625836 1.03391 0.325878
v -0.661602 1.01327 0.344644
v -0.645193 1.00789 0.360075
v -0.649189 1.01023 0.327828
v -0.640295 1.00611 0.347525
v -0.646274 0.995073 0.355356
v -0.62835 0.992784 0.371893
v -0.628059 0.989672 0.339447
v -0.61267 0.9908 0.351145
v -0.65836 1.01439 0.374415
v -0.640271 1.01513 0.385371
v -0.646789 1.00941 0.359904
v -0.625969 1.00775 0.370162
v -0.655185 0.996033 0.380024
v -0.6463 0.989126 0.396548
v -0.645654 0.99086 0.366804
v -0.632194 0.995032 0.385586
v -0.671921 1.00094 0.368915
v -0.66257 1.00804 0.38014
v -0.658435 1.00584 0.358068
v -0.649462 1.0024 0.368978
v -0.662275 1.02262 0.315515
v -0.658451 1.02241 0.327152
v -0.654522 1.02329 0.308463
v -0.641997 1.02039 0.31817
v -0.668849 1.02179 0.303534
v -0.658742 1.01701 0.308747
v -0.655663 1.02234 0.29171
v -0.650377 1.01946 0.298569
v -0.678837 1.03098 0.319927
v -0.668349 1.03095 0.328714
v -0.66536 1.03072 0.310128
v -0.656076 1.02698 0.313661
v -0.651974 1.02589 0.32835
v -0.643656 1.02472 0.335279
v -0.642986 1.02583 0.317546
v -0.632031 1.02015 0.321858
v -0.649695 1.02106 0.306694
v -0.639908 1.02477 0.318368
v -0.640598 1.02438 0.301328
v -0.628103 1.02468 0.311039
v -0.674356 1.0259 0.333969
v -0.657653 1.02059 0.350381
v -0.661311 1.02769 0.321906
v -0.65117 1.02527 0.336515
v -0.639081 1.0044 0.341374
v -0.628547 1.00918 0.348579
v -0.631294 1.00739 0.32768
v -0.611188 1.01072 0.339885
v -0.664342 0.993541 0.349437
v -0.648664 0.998538 0.363086
v -0.647483 0.993739 0.3324
v -0.630015 0.99456 0.348647
v -0.649472 0.998349 0.367767
v -0.643286 0.995827 0.377743
v -0.642601 0.999891 0.360745
v -0.627715 0.999452 0.371686
v -0.679472 1.01258 0.303552
v -0.669846 1.01289 0.317221
v -0.672449 1.01498 0.298273
v -0.663228 1.0133 0.304168
v -0.661392 1.02937 0.322936
v -0.655127 1.02881 0.337387
v -0.651865 1.02301 0.31427
v -0.639647 1.02505 0.326862
v -0.66496 1.02798 0.322515
v -0.653539 1.02764 0.333788
v -0.651941 1.02461 0.315162
v -0.644381 1.02795 0.326796
v -0.671722 1.02122 0.334934
v -0.662609 1.02153 0.349854
v -0.65737 1.0267 0.325768
v -0.64621 1.02453 0.33245
v -0.658496 1.03737 0.321703
v -0.649019 1.03984 0.338766
v -0.643395 1.04043 0.316943
v -0.633952 1.03971 0.329413
v -0.654881 1.01848 0.343149
v -0.648202 1.01831 0.356046
v -0.646189 1.01453 0.329378
v -0.627843 1.01623 0.343436
v -0.642343 1.01067 0.348486
v -0.629264 1.00352 0.363071
v -0.631202 1.00779 0.335695
v -0.617646 1.01025 0.347693
v -0.662406 1.01747 0.342158
v -0.642561 1.01269 0.35978
v -0.647928 1.01452 0.333695
v -0.632537 1.01229 0.346692
v -0.643726 1.0017 0.365032
v -0.631064 1.00543 0.376398
v -0.629447 1.00463 0.355949
v -0.611013 1.00408 0.370904
v -0.657088 1.01465 0.361787
v -0.653337 1.01551 0.371319
v -0.64604 1.02056 0.347051
v -0.637794 1.01247 0.360281
v -0.644807 1.00656 0.367449
v -0.637492 1.00701 0.372338
v -0.636244 1.00831 0.353845
v -0.625392 1.00388 0.359469
v -0.668669 1.00483 0.363053
v -0.656068 1.00277 0.375181
v -0.651446 1.00548 0.349091
v -0.645357 0.999917 0.35809
v -0.679284 0.997696 0.319735
v -0.669019 1.00018 0.331174
v -0.665349 0.998893 0.31458
v -0.659654 0.995366 0.320965
v -0.662158 1.03124 0.311776
v -0.647706 1.03526 0.319778
v -0.649332 1.0318 0.303649
v -0.643049 1.03178 0.309223
v -0.65106 1.01252 0.311389
v -0.643318 1.01472 0.324867
v -0.643793 1.01704 0.303745
v -0.632791 1.01384 0.309469
v -0.658638 1.0181 0.31235
v -0.652035 1.01597 0.326585
v -0.650438 1.01631 0.305622
v -0.634723 1.01584 0.31503
v -0.649537 1.01851 0.313514
v -0.641508 1.01481 0.327289
v -0.64151 1.0175 0.306708
v -0.631316 1.0166 0.319632
v -0.650819 1.01927 0.324838
v -0.637332 1.01806 0.32981
v -0.64387 1.02352 0.304239
v -0.630187 1.02161 0.311954
v -0.65509 1.03372 0.333148
v -0.641024 1.02779 0.348432
v -0.643343 1.02799 0.325439
v -0.629843 1.02715 0.340317
v -0.664001 1.00168 0.351854
v -0.651393 1.00129 0.366981
v -0.652599 1.00124 0.346377
v -0.641832 1.00148 0.357634
v -0.642286 1.00565 0.355987
v -0.634243 1.00821 0.36398
v -0.622 1.00415 0.342806
v -0.618317 1.00382 0.354687
v -0.661625 0.994114 0.366068
v -0.651983 0.995899 0.37121
v -0.650281 0.995377 0.353689
v -0.640329 0.993419 0.36736
v -0.677536 1.00329 0.36957
v -0.673765 1.00117 0.38246
v -0.669866 0.999105 0.359962
v -0.659917 1.00197 0.377743
v -0.680807 1.01883 0.371872
v -0.677386 1.01572 0.382483
v -0.67279 1.01582 0.361228
v -0.666755 1.01684 0.37576
v -0.680232 1.01649 0.301669
v -0.673793 1.01582 0.320063
v -0.667896 1.01787 0.300341
v -0.662105 1.01838 0.306433
v -0.676461 1.00996 0.328603
v -0.671701 1.01178 0.334902
v -0.669954 1.01297 0.313063
v -0.656692 1.01244 0.327576
v -0.690907 1.01518 0.329198
v -0.67872 1.01489 0.343321
v -0.680089 1.01726 0.317538
v -0.669422 1.01909 0.331303
v -0.661361 1.00246 0.33224
v -0.649726 1.00759 0.340122
v -0.655326 1.00148 0.32139
v -0.641097 1.00778 0.326646
v -0.683341 1.02036 0.330322
v -0.676693 1.01613 0.342404
v -0.676701 1.0151 0.320989
v -0.660064 1.02205 0.331965
v -0.700803 0.994273 0.337431
v -0.683626 1.00143 0.344124
v -0.683281 0.998084 0.317988
v -0.669923 0.996227 0.336436
v -0.707431 0.993775 0.329373
v -0.691892 0.99631 0.341758
v -0.695502 0.993358 0.316257
v -0.687015 1.00079 0.329124
v -0.689089 1.01038 0.330247
v -0.683195 1.00784 0.346502
v -0.674963 1.01315 0.316388
v -0.666536 1.00694 0.335395
v -0.697912 1.00844 0.313549
v -0.682398 1.0103 0.318556
v -0.693674 1.00822 0.297739
v -0.674868 1.0121 0.307625
v -0.708642 1.0155 0.320607
v -0.699884 1.01449 0.328737
v -0.697103 1.01333 0.311119
v -0.688595 1.01007 0.323446
v -0.701804 1.01216 0.299262
v -0.692593 1.01867 0.309967
v -0.692468 1.01491 0.28655
v -0.680706 1.01337 0.299179
v -0.679466 1.01536 0.316402
v -0.66362 1.01274 0.329092
v -0.671035 1.01156 0.308067
v -0.658158 1.00912 0.314776
v -0.690283 1.01935 0.300998
v -0.68029 1.01676 0.310324
v -0.677143 1.01847 0.294992
v -0.671062 1.01665 0.304418
v -0.670935 0.996807 0.323461
v -0.665497 1.0002 0.331757
v -0.658614 0.998156 0.317144
v -0.654007 1.00108 0.324137
v -0.690232 1.00341 0.334081
v -0.678112 1.00435 0.344798
v -0.682606 1.00146 0.325926
v -0.668669 0.999227 0.334389
v -0.681393 1.02066 0.335511
v -0.665678 1.02496 0.344218
v -0.665213 1.0211 0.319721
v -0.651761 1.02169 0.331098
v -0.698219 1.01859 0.347299
v -0.684842 1.02044 0.353003
v -0.686318 1.01876 0.333511
v -0.673906 1.02113 0.348514
v -0.70418 0.994967 0.321274
v -0.69179 1.00424 0.340096
v -0.687812 1.0012 0.309974
v -0.681791 0.996712 0.323974
v -0.683623 1.00534 0.315071
v -0.66919 0.99822 0.324162
v -0.67885 1.00465 0.299968
v -0.66006 1.00351 0.310453
v -0.702955 1.01241 0.298945
v -0.696564 1.00983 0.313725
v -0.697191 1.01117 0.292633
v -0.683147 1.00965 0.302271
v -0.698449 1.01772 0.307895
v -0.687845 1.0185 0.321172
v -0.689998 1.01607 0.296495
v -0.682581 1.01772 0.310011
v -0.683829 0.999412 0.317292
v -0.677967 1.00374 0.327506
v -0.668826 0.99732 0.30576
v -0.660224 1.00177 0.317426
v -0.693725 1.01376 0.306378
v -0.680472 1.00948 0.313124
v -0.68144 1.01228 0.291166
v -0.669247 1.01438 0.30368
v -0.68161 1.01751 0.323444
v -0.66817 1.01748 0.334667
v -0.665485 1.02062 0.311046
v -0.657544 1.01724 0.330371
v -0.68184 0.993349 0.327879
v -0.672856 0.996364 0.341577
v -0.668113 0.99377 0.319587
v -0.654597 0.999028 0.33263
v -0.695449 1.01284 0.337003
v -0.687343 1.01377 0.34796
v -0.682765 1.0141 0.321307
v -0.673082 1.01725 0.341357
v -0.685331 1.00506 0.351451
v -0.668988 1.00476 0.360823
v -0.671505 1.0051 0.339104
v -0.658296 1.00328 0.348333
v -0.704197 1.00116 0.345083
v -0.691933 0.995733 0.363584
v -0.68956 0.993034 0.331279
v -0.677028 1.00125 0.352
v -0.691436 1.01025 0.330088
v -0.675146 1.01024 0.33867
v -0.67751 1.01599 0.319358
v -0.662763 1.01075 0.334818
v -0.715478 0.990825 0.310599
v -0.698197 0.990395 0.315384
v -0.707104 0.994499 0.296543
v -0.693591 0.989073 0.304755
v -0.698864 1.01859 0.312277
v -0.686011 1.01656 0.322924
v -0.695249 1.01395 0.303756
v -0.682729 1.01841 0.30752
v -0.66867 1.016 0.297973
v -0.658168 1.01438 0.309787
v -0.660551 1.01857 0.291346
v -0.646601 1.01501 0.305513
v -0.664832 1.00293 0.315762
v -0.656659 1.00804 0.326261
v -0.655388 1.00175 0.304833
v -0.648693 1.007 0.313514
v -0.690281 1.01162 0.332887
v -0.681631 1.01099 0.341571
v -0.676475 1.00673 0.321703
v -0.669237 1.00958 0.337433
v -0.670646 1.00064 0.324755
v -0.660074 1.00282 0.334662
v -0.658603 1.00679 0.313431
v -0.648527 1.00073 0.3234
v -0.672071 0.999135 0.337399
v -0.660569 1.00368 0.351414
v -0.653808 1.00123 0.329155
v -0.644187 0.999798 0.342077
v -0.694307 0.99929 0.346445
v -0.681069 0.997822 0.363774
v -0.674298 0.998475 0.3387
v -0.667 0.99007 0.351165
v -0.712717 0.994643 0.342148
v -0.696293 0.996609 0.355143
v -0.693191 0.996143 0.330867
v -0.685058 0.998088 0.342128
v -0.700544 0.999116 0.307237
v -0.688435 0.998438 0.318253
v -0.686814 0.996512 0.294345
v -0.68022 1.00151 0.311654
v -0.672845 1.01759 0.30046
v -0.662365 1.02013 0.313234
v -0.663243 1.02008 0.291314
v -0.658881 1.01991 0.301411
v -0.674834 1.02317 0.324669
v -0.659158 1.02313 0.334745
v -0.661324 1.02299 0.315959
v -0.649301 1.02454 0.324632
v -0.687159 1.0108 0.323323
v -0.676713 1.01052 0.337922
v -0.678292 1.00568 0.315658
v -0.669243 1.01079 0.327737
v -0.672305 1.00475 0.350152
v -0.661838 1.00978 0.36328
v -0.663791 1.00449 0.337159
v -0.647764 1.00591 0.352802
v -0.676072 1.00236 0.346484
v -0.663635 0.99696 0.358615
v -0.669591 1.00199 0.333467
v -0.655565 1.0035 0.345903
v -0.682135 1.01582 0.332307
v -0.671089 1.0142 0.351283
v -0.669619 1.00805 0.318223
v -0.654167 1.00931 0.33195
v -0.70536 0.991694 0.345485
v -0.695106 0.995102 0.361006
v -0.69429 0.996495 0.332862
v -0.678815 0.992066 0.338183
v -0.687458 1.01364 0.324181
v -0.676738 1.01571 0.342501
v -0.676714 1.01633 0.31812
v -0.664796 1.01107 0.326523
v -0.711108 0.9916 0.31804
v -0.697705 0.988804 0.326832
v -0.699387 0.99071 0.307431
v -0.68588 0.993604 0.317041
v -0.699207 1.0016 0.302357
v -0.685284 1.00373 0.31277
v -0.68533 1.00388 0.293465
v -0.679999 1.004 0.302855
v -0.685596 1.00091 0.301936
v -0.67409 1.00117 0.31314
v -0.682095 1.0007 0.292744
v -0.669686 1.00576 0.303825
v -0.682149 1.02276 0.312266
v -0.672207 1.02523 0.326011
v -0.67595 1.02364 0.302267
v -0.661533 1.02009 0.312685
v -0.672087 1.0016 0.340606
v -0.659221 0.99898 0.356111
v -0.654065 1.00652 0.32858
v -0.646912 1.00669 0.344552
v -0.70583 1.00049 0.337432
v -0.690228 0.996257 0.356227
v -0.692365 0.998723 0.322115
v -0.678963 0.99806 0.341755
v -0.685196 1.00828 0.355582
v -0.666031 1.00885 0.364668
v -0.6691 1.01112 0.336123
v -0.660574 1.01387 0.351594
v -0.716486 0.993716 0.334826
v -0.69918 0.992486 0.350898
v -0.700053 0.989322 0.325103
v -0.682599 0.989793 0.334715
v -0.699352 1.0206 0.31472
v -0.691166 1.01465 0.33263
v -0.686343 1.01469 0.304235
v -0.679204 1.02008 0.319787
v -0.695905 0.998981 0.320009
v -0.685978 0.998941 0.330067
v -0.679969 0.998536 0.308572
v -0.672235 0.995677 0.321049
v -0.713075 0.999175 0.294182
v -0.698737 0.998954 0.302732
v -0.699924 1.00091 0.287088
v -0.686475 0.999452 0.2956
v -0.68372 1.0154 0.302043
v -0.679779 1.01535 0.314341
v -0.677065 1.01482 0.293192
v -0.663243 1.01226 0.308429
v -0.67844 0.994124 0.30659
v -0.672433 0.993219 0.314335
v -0.669041 0.99614 0.295811
v -0.655963 0.997416 0.308114
v -0.672387 1.00772 0.336713
v -0.657503 1.01111 0.341872
v -0.658998 1.00875 0.323672
v -0.650519 1.0095 0.326831
v -0.673809 1.01961 0.323724
v -0.663618 1.01746 0.331256
v -0.666882 1.01717 0.309418
v -0.65364 1.01826 0.320202
v -0.681135 0.99483 0.346129
v -0.672812 0.998191 0.354674
v -0.677315 0.99536 0.335744
v -0.659285 0.992068 0.344383
v -0.670115 1.01253 0.348004
v -0.656028 1.01177 0.362495
v -0.654664 1.01326 0.33906
v -0.648092 1.01778 0.353883
v -0.697461 1.00645 0.338732
v -0.689172 1.00555 0.344899
v -0.695447 1.00603 0.319561
v -0.678812 1.01119 0.332414
v -0.703337 0.993602 0.357565
v -0.685691 0.995709 0.363124
v -0.685635 0.990649 0.340335
v -0.676168 0.989679 0.348405
v -0.701279 1.01363 0.324238
v -0.69047 1.0109 0.342001
v -0.694274 1.01007 0.308839
v -0.674198 1.0117 0.328413
v -0.715231 0.9983 0.344599
v -0.704268 0.996279 0.359919
v -0.69285 0.994162 0.332283
v -0.689087 0.993404 0.347913
v -0.70918 1.00247 0.31176
v -0.692062 1.00873 0.322443
v -0.690659 1.00633 0.295633
v -0.684976 1.00254 0.311675
v -0.710118 1.00808 0.320122
v -0.704757 1.00504 0.336306
v -0.700401 1.00871 0.31542
v -0.691263 1.00373 0.325042
v -0.715228 0.995525 0.307043
v -0.712403 0.996512 0.318807
v -0.705275 0.994192 0.293689
v -0.696488 0.992671 0.306705
v -0.663624 1.00304 0.297362
v -0.65225 1.00331 0.309288
v -0.655373 1.00013 0.291221
v -0.642708 1.0036 0.298422
v -0.66856 1.00262 0.315729
v -0.659211 1.00326 0.329482
v -0.659283 1.00387 0.306387
v -0.652759 1.00292 0.320228
v -0.688401 0.998134 0.329267
v -0.679199 1.00015 0.340834
v -0.676393 1.00087 0.316906
v -0.663208 0.997545 0.331407
v -0.670627 1.00146 0.33191
v -0.659332 0.998767 0.340771
v -0.654912 1.00817 0.31927
v -0.647153 1.00482 0.337107
v -0.688494 1.01772 0.352559
v -0.67833 1.0237 0.36396
v -0.681611 1.02411 0.332324
v -0.661043 1.0238 0.343173
v -0.69995 1.01434 0.349629
v -0.683501 1.02008 0.361509
v -0.686351 1.01788 0.331399
v -0.670255 1.02062 0.345669
v -0.693777 1.01931 0.346395
v -0.68152 1.01414 0.357058
v -0.689562 1.014 0.326323
v -0.670782 1.01465 0.335248
v -0.68622 1.00979 0.332562
v -0.681712 1.01382 0.340772
v -0.67258 1.00806 0.316514
v -0.663652 1.01091 0.336174
v -0.712005 0.994204 0.304883
v -0.699918 0.995113 0.310405
v -0.703488 0.99723 0.291082
v -0.689146 0.993479 0.303252
v -0.715248 1.0182 0.295235
v -0.707048 1.0156 0.305936
v -0.708029 1.01547 0.291637
v -0.699961 1.01732 0.302781
v -0.680241 1.02194 0.303418
v -0.669143 1.01552 0.309217
v -0.668 1.01713 0.289228
v -0.656646 1.01998 0.29961
v -0.688489 1.00057 0.327812
v -0.677916 1.00505 0.339764
v -0.675296 1.00003 0.32545
v -0.66846 1.00131 0.33768
v -0.679458 1.02385 0.331327
v -0.66578 1.02652 0.3421
v -0.6703 1.02527 0.319204
v -0.661024 1.02045 0.32808
v -0.690877 1.01335 0.333461
v -0.679205 1.01338 0.343377
v -0.680814 1.01081 0.32047
v -0.671234 1.0189 0.331489
v -0.694254 1.00304 0.333159
v -0.683878 1.00593 0.352608
v -0.675473 1.00619 0.327073
v -0.664653 1.00553 0.337321
v -0.691266 0.998757 0.334321
v -0.67582 1.00361 0.345479
v -0.67597 0.999116 0.321533
v -0.662856 0.996771 0.334111
v -0.706453 0.99627 0.343515
v -0.692428 0.997218 0.351214
v -0.695825 0.998405 0.324144
v -0.677176 0.991145 0.331586
v -0.695359 1.01513 0.350506
v -0.680686 1.01342 0.363325
v -0.686724 1.00828 0.332641
v -0.669193 1.01073 0.344767
v -0.6915 1.00218 0.329144
v -0.683361 1.00364 0.338918
v -0.68063 1.00237 0.306567
v -0.663242 1.00644 0.327341
v -0.703451 0.999134 0.312639
v -0.69474 0.998811 0.328698
v -0.690157 0.99385 0.305784
v -0.684156 0.998166 0.31839
v -0.702994 0.998608 0.314402
v -0.699994 0.997728 0.327312
v -0.693322 1.00044 0.306322
v -0.689649 0.996782 0.31597
v -0.669839 1.01579 0.304852
v -0.659552 1.01474 0.314346
v -0.660592 1.01601 0.290185
v -0.651585 1.01903 0.299552
v -0.667897 1.00041 0.324986
v -0.655778 1.00144 0.332173
v -0.65897 0.999644 0.308423
v -0.647052 1.00165 0.316041
v -0.686101 1.00941 0.321383
v -0.678547 1.0103 0.337796
v -0.67512 1.00998 0.315104
v -0.665548 1.00482 0.331705
v -0.674285 1.01429 0.344799
v -0.665944 1.01347 0.35714
v -0.661838 1.01488 0.331773
v -0.649667 1.0155 0.345038
v -0.679385 0.998967 0.351495
v -0.675224 0.999319 0.360217
v -0.671879 1.00173 0.340201
v -0.65588 1.00412 0.349452
v -0.682095 0.99741 0.348264
v -0.670824 0.993442 0.353389
v -0.669035 1.00038 0.333908
v -0.660938 0.991536 0.343836
v -0.686425 1.00508 0.359895
v -0.677696 1.00775 0.365377
v -0.675519 1.00399 0.338752
v -0.661815 1.01157 0.352715
v -0.712269 1.0006 0.325707
v -0.701566 1.00066 0.345266
v -0.702044 1.00477 0.314949
v -0.68745 1.00697 0.332732
v -0.695666 0.997544 0.344567
v -0.679031 0.996166 0.357223
v -0.678505 0.997101 0.330872
v -0.663676 0.995552 0.342292
v -0.705218 1.00514 0.33607
v -0.691196 1.00445 0.344428
v -0.689849 1.00587 0.325064
v -0.682687 1.0068 0.338866
v -0.715877 1.00062 0.297578
v -0.701448 0.997121 0.313868
v -0.699816 0.998544 0.288849
v -0.695885 0.999916 0.303816
v -0.718112 1.00495 0.313801
v -0.714903 1.00236 0.324088
v -0.707315 1.00782 0.306584
v -0.704017 1.00193 0.317038
v -0.683802 1.01551 0.332246
v -0.671916 1.01804 0.341592
v -0.673624 1.02068 0.3218
v -0.667604 1.01813 0.334893
v -0.677331 1.0117 0.341584
v -0.662264 1.00998 0.35494
v -0.669122 1.00878 0.332983
v -0.657211 1.00953 0.346684
v -0.672312 1.02096 0.318945
v -0.667816 1.02406 0.325764
v -0.659954 1.02126 0.30656
v -0.651453 1.02119 0.321593
v -0.669473 1.00986 0.314271
v -0.659921 1.01789 0.325096
v -0.66421 1.01075 0.302664
v -0.648025 1.01697 0.317187
v -0.67135 1.01266 0.30865
v -0.663888 1.01561 0.321264
v -0.652289 1.01275 0.29266
v -0.644145 1.01492 0.312107
v -0.705556 1.00084 0.291491
v -0.686021 0.994863 0.308739
v -0.691302 0.994596 0.274946
v -0.679097 1.00022 0.287634
v -0.692596 0.997305 0.294765
v -0.676474 1.00317 0.299791
v -0.682956 0.99977 0.277556
v -0.66209 1.00155 0.289383
v -0.706729 1.01942 0.265566
v -0.693201 1.02564 0.278631
v -0.688807 1.02411 0.25017
v -0.682636 1.01761 0.265633
v -0.716407 1.01568 0.279785
v -0.701993 1.00889 0.294017
v -0.697244 1.01571 0.272124
v -0.686583 1.00979 0.283626
v -0.7019 1.00971 0.270399
v -0.6916 1.00787 0.281834
v -0.6856 1.01038 0.260176
v -0.677267 1.01072 0.271546
v -0.686983 1.00926 0.324735
v -0.678292 1.00659 0.333274
v -0.677067 1.007 0.318138
v -0.668481 1.00259 0.32108
v -0.670828 1.02484 0.336538
v -0.663872 1.0289 0.343694
v -0.656856 1.0309 0.32587
v -0.647531 1.02843 0.339232
v -0.683263 1.0248 0.32343
v -0.666445 1.0198 0.334846
v -0.674446 1.02449 0.31502
v -0.661508 1.019 0.322141
v -0.685658 0.988294 0.305325
v -0.679577 0.989349 0.318783
v -0.679091 0.992522 0.293755
v -0.659324 0.990432 0.305795
v -0.69542 1.01338 0.308494
v -0.676218 1.01278 0.314212
v -0.680155 1.01251 0.296184
v -0.666006 1.01194 0.307682
v -0.695476 1.00214 0.289238
v -0.680167 0.998271 0.311321
v -0.676012 0.997035 0.277554
v -0.663092 1.00105 0.291804
v -0.696584 1.0061 0.281408
v -0.67766 1.00347 0.287785
v -0.684389 1.00526 0.26204
v -0.673383 0.997943 0.277001
v -0.712954 0.999384 0.277822
v -0.700175 0.998744 0.298079
v -0.693442 1.00251 0.269521
v -0.685682 0.99769 0.286104
v -0.708814 0.993153 0.26814
v -0.700117 0.99663 0.276756
v -0.698727 0.998656 0.258327
v -0.685177 0.998151 0.26275
v -0.709379 1.01504 0.246753
v -0.698682 1.01921 0.254079
v -0.700823 1.01862 0.234258
v -0.689307 1.01383 0.245381
v -0.679691 1.00538 0.3548
v -0.662939 1.00578 0.361847
v -0.665215 1.00924 0.344069
v -0.655069 1.00765 0.354221
v -0.687249 1.00293 0.324107
v -0.676554 1.00836 0.334337
v -0.673391 1.00652 0.314782
v -0.66176 1.00519 0.320423
v -0.668331 1.02438 0.328019
v -0.656437 1.02098 0.339243
v -0.658008 1.02428 0.314337
v -0.645865 1.01788 0.327732
v -0.67034 1.01479 0.319603
v -0.661918 1.01085 0.324512
v -0.66105 1.01527 0.305424
v -0.649656 1.0095 0.310089
v -0.671858 0.992694 0.317983
v -0.657011 0.993731 0.325908
v -0.660179 0.992373 0.303826
v -0.642068 0.995972 0.313516
v -0.69846 0.992999 0.299836
v -0.684058 0.993612 0.313196
v -0.690504 0.995683 0.280534
v -0.673186 0.996716 0.294884
v -0.7124 1.02118 0.272647
v -0.701796 1.01531 0.290421
v -0.704007 1.01916 0.266319
v -0.691092 1.01407 0.276014
v -0.705915 1.00032 0.282454
v -0.69963 1.00204 0.297225
v -0.697617 0.993673 0.269168
v -0.687712 1.00253 0.284546
v -0.702009 1.01045 0.245223
v -0.68923 1.01045 0.258179
v -0.688166 1.0055 0.23844
v -0.676486 1.00723 0.245825
v -0.69655 0.995571 0.26235
v -0.685452 0.995548 0.271189
v -0.68819 0.998777 0.25096
v -0.673471 0.996078 0.264046
v -0.693256 1.00054 0.338826
v -0.68313 1.0077 0.347008
v -0.686715 1.00633 0.327372
v -0.67289 1.00632 0.341322
v -0.663948 1.01178 0.328911
v -0.653746 1.0121 0.341916
v -0.647021 1.01141 0.321535
v -0.642745 1.01166 0.333984
v -0.672927 0.987044 0.306217
v -0.657739 0.991419 0.320794
v -0.663277 0.992863 0.297053
v -0.653465 0.989059 0.306672
v -0.691984 0.994703 0.30229
v -0.678435 0.995674 0.31619
v -0.6785 0.995735 0.291683
v -0.665186 0.996015 0.304825
v -0.705252 0.997244 0.308707
v -0.685658 1.00096 0.318422
v -0.692083 0.997093 0.294018
v -0.672967 0.998733 0.31064
v -0.70355 1.0102 0.25875
v -0.690121 1.01028 0.270281
v -0.688831 1.01085 0.248465
v -0.67318 1.00672 0.262389
v -0.699677 1.005 0.26229
v -0.680291 1.00801 0.273924
v -0.688992 1.00887 0.251201
v -0.670234 1.00891 0.263489
v -0.710331 1.0137 0.264256
v -0.699955 1.0086 0.271971
v -0.703648 1.00916 0.249622
v -0.68936 1.0103 0.259833
v -0.694285 1.00154 0.239456
v -0.690102 1.00367 0.254075
v -0.68494 1.00345 0.236735
v -0.678282 1.00323 0.24319
v -0.676373 1.0158 0.330829
v -0.666882 1.00983 0.33927
v -0.662952 1.01554 0.316875
v -0.656455 1.0121 0.332899
v -0.682484 1.01244 0.335811
v -0.678466 1.01383 0.345722
v -0.670578 1.0145 0.330646
v -0.66337 1.01262 0.339114
v -0.68677 1.01076 0.336015
v -0.67624 1.00557 0.34756
v -0.674106 1.0113 0.327214
v -0.663555 1.00953 0.33843
v -0.688082 1.01958 0.327614
v -0.678157 1.01989 0.344867
v -0.671529 1.0161 0.323171
v -0.664372 1.01885 0.329876
v -0.674321 1.01429 0.321344
v -0.663461 1.00408 0.331744
v -0.660917 1.00737 0.312094
v -0.648001 1.01175 0.322726
v -0.690576 0.998786 0.314941
v -0.67685 0.993764 0.327915
v -0.678229 0.994615 0.30163
v -0.666251 1.00009 0.320897
v -0.675754 1.00502 0.29829
v -0.667505 1.00863 0.310995
v -0.665145 1.0043 0.277542
v -0.652204 1.01022 0.294216
v -0.715584 1.01732 0.28374
v -0.699734 1.01725 0.301913
v -0.698873 1.01863 0.273367
v -0.685989 1.02083 0.283739
v -0.690028 1.02161 0.273453
v -0.68023 1.0116 0.286928
v -0.673025 1.02123 0.264411
v -0.666861 1.01588 0.273952
v -0.688326 1.00037 0.266918
v -0.683855 0.999224 0.278551
v -0.677739 1.00133 0.26096
v -0.665986 1.00171 0.2684
v -0.703331 1.01098 0.268529
v -0.697211 1.01216 0.280205
v -0.69429 1.01242 0.262316
v -0.684053 1.01806 0.267369
v -0.705145 1.00554 0.263455
v -0.698557 1.00855 0.27752
v -0.695072 1.00719 0.254615
v -0.688282 1.00244 0.267975
v -0.693035 1.00531 0.337065
v -0.682776 1.00952 0.345068
v -0.682722 1.00459 0.323858
v -0.674292 1.00515 0.334083
v -0.680656 0.998993 0.328727
v -0.667279 0.999066 0.336136
v -0.675468 0.995905 0.310906
v -0.663555 1.00223 0.321073
v -0.68498 1.00724 0.329547
v -0.679253 1.01242 0.339872
v -0.677972 1.01222 0.323221
v -0.668064 1.01282 0.328171
v -0.66915 1.00265 0.319421
v -0.660057 0.99632 0.335433
v -0.65587 0.998372 0.315082
v -0.643286 0.998839 0.322456
v -0.680294 0.991511 0.324196
v -0.666709 0.993058 0.337978
v -0.663608 0.991546 0.307531
v -0.650448 0.989629 0.320342
v -0.684352 1.01524 0.305538
v -0.673155 1.01593 0.31656
v -0.662986 1.01545 0.297979
v -0.653875 1.01603 0.30597
v -0.701004 1.00059 0.313819
v -0.690752 1.00528 0.320829
v -0.68801 0.999765 0.299388
v -0.676048 1.00776 0.313386
v -0.701488 0.998554 0.295055
v -0.679872 0.992153 0.304213
v -0.686038 0.992108 0.281532
v -0.674266 0.999289 0.290518
v -0.698379 1.02447 0.270396
v -0.680293 1.02031 0.283746
v -0.680063 1.02293 0.257031
v -0.666746 1.02492 0.272417
v -0.701059 1.01037 0.289211
v -0.689004 1.01299 0.29764
v -0.68697 1.01649 0.27726
v -0.67619 1.01244 0.286514
v -0.689841 1.01363 0.25622
v -0.681384 1.01258 0.271841
v -0.673566 1.015 0.248862
v -0.665223 1.01725 0.260745
v -0.710747 1.01059 0.264919
v -0.698934 1.00595 0.275316
v -0.70164 1.00733 0.254975
v -0.692441 1.00884 0.264075
v -0.689568 0.995862 0.328348
v -0.680208 0.9967 0.339793
v -0.677446 0.996126 0.321766
v -0.671582 0.995979 0.331572
v -0.669972 1.00081 0.318975
v -0.663537 1.00497 0.327046
v -0.664857 1.00293 0.311843
v -0.655528 1.00352 0.31734
v -0.687301 1.00824 0.333327
v -0.672469 1.00874 0.344937
v -0.678732 1.01421 0.324978
v -0.66639 1.01438 0.330541
v -0.706065 1.01504 0.264528
v -0.699842 1.01891 0.275901
v -0.69166 1.0184 0.252701
v -0.685506 1.01936 0.266573
v -0.690206 1.00158 0.251594
v -0.682435 1.00072 0.261263
v -0.6845 0.995262 0.238705
v -0.673822 0.998492 0.246029
v -0.675545 1.01704 0.324318
v -0.65818 1.01993 0.334001
v -0.664014 1.02 0.311529
v -0.649558 1.0215 0.323334
v -0.664203 1.00712 0.32873
v -0.65367 1.00789 0.336707
v -0.658821 1.00404 0.316009
v -0.644249 1.00652 0.323181
v -0.676185 1.0108 0.343663
v -0.662565 1.01397 0.352882
v -0.669337 1.0117 0.332219
v -0.653609 1.01302 0.340023
v -0.686075 1.00957 0.319389
v -0.678022 1.00698 0.335037
v -0.679741 1.00899 0.3115
v -0.667087 1.01223 0.321648
v -0.672478 0.992922 0.316372
v -0.665107 0.99916 0.327413
v -0.656608 1.0013 0.307301
v -0.644184 0.998696 0.319312
v -0.676377 1.00573 0.309575
v -0.669343 1.00955 0.31807
v -0.667188 1.00212 0.296843
v -0.655566 1.00305 0.303625
v -0.702672 1.00327 0.295754
v -0.68911 1.00264 0.314832
v -0.689484 1.00368 0.282931
v -0.676092 1.00419 0.292534
v -0.699352 1.02507 0.284319
v -0.688708 1.01986 0.295834
v -0.68228 1.01809 0.274948
v -0.671807 1.01944 0.284061
v -0.7099 0.998784 0.283873
v -0.702275 1.00412 0.29154
v -0.700563 0.994545 0.268644
v -0.688144 0.998444 0.275868
v -0.703566 1.004 0.276251
v -0.695296 1.0038 0.280073
v -0.69623 1.00484 0.262276
v -0.680498 1.0064 0.274613
v -0.702698 1.02408 0.250821
v -0.693466 1.01874 0.256883
v -0.689376 1.02175 0.235413
v -0.684042 1.01953 0.245061
v -0.681265 0.988911 0.337746
v -0.671572 0.987293 0.347298
v -0.673426 0.989261 0.326234
v -0.664299 0.990667 0.33012
v -0.685547 0.996034 0.322453
v -0.677849 0.99841 0.33517
v -0.676073 1.00059 0.313272
v -0.664593 1.00331 0.323737
v -0.685375 1.011 0.321048
v -0.678984 1.01193 0.328758
v -0.678586 1.01062 0.309587
v -0.662918 1.00884 0.315227
v -0.686836 1.01589 0.30641
v -0.674579 1.01297 0.318268
v -0.674016 1.01563 0.285863
v -0.657945 1.02061 0.300691
v -0.691899 1.01427 0.266428
v -0.679156 1.01877 0.27894
v -0.677972 1.01659 0.255127
v -0.671639 1.02125 0.268397
v -0.711157 1.00641 0.270947
v -0.705548 1.00726 0.283217
v -0.700788 1.00142 0.254737
v -0.694261 1.00547 0.269088
v -0.700097 1.00034 0.247885
v -0.692462 0.999737 0.260724
v -0.692709 0.998301 0.24036
v -0.680613 1.00299 0.246532
v -0.706413 0.993519 0.259442
v -0.698427 1.00093 0.265091
v -0.701931 0.994187 0.249424
v -0.687869 1.00063 0.252028
v -0.668129 0.998202 0.337679
v -0.655352 0.999403 0.342937
v -0.657297 0.997284 0.323981
v -0.644864 0.997093 0.338378
v -0.684148 1.02111 0.333594
v -0.677675 1.02025 0.344061
v -0.67089 1.02117 0.326463
v -0.665676 1.01833 0.335678
v -0.685626 1.02852 0.328752
v -0.674825 1.03062 0.337738
v -0.676433 1.0279 0.319334
v -0.666059 1.02643 0.327654
v -0.683281 0.995067 0.323174
v -0.677638 0.996039 0.336954
v -0.671333 0.999778 0.31487
v -0.666903 1.00088 0.331281
v -0.684418 0.997189 0.328942
v -0.673533 0.998199 0.337628
v -0.672103 0.997126 0.314568
v -0.663408 0.991721 0.322666
v -0.687874 0.994585 0.318089
v -0.674051 0.997316 0.328052
v -0.675989 0.999813 0.306408
v -0.661383 0.995203 0.319336
v -0.687625 0.996799 0.287624
v -0.671676 0.997779 0.307947
v -0.668556 0.990306 0.275994
v -0.661028 0.98998 0.294738
v -0.701051 1.01389 0.301678
v -0.689847 1.01591 0.314437
v -0.697223 1.01575 0.279492
v -0.681584 1.0177 0.296425
v -0.711222 1.01534 0.285291
v -0.698626 1.01675 0.293109
v -0.706381 1.01673 0.272057
v -0.69165 1.01857 0.282167
v -0.707467 1.01002 0.265126
v -0.702163 1.01457 0.276714
v -0.693961 1.00989 0.254959
v -0.688657 1.0103 0.266207
v -0.694445 1.01243 0.24983
v -0.689676 1.01869 0.259766
v -0.683667 1.01463 0.237587
v -0.678328 1.01321 0.249726
v -0.708715 1.00233 0.253886
v -0.697867 0.999774 0.259267
v -0.703473 0.997384 0.244295
v -0.691001 1.00089 0.253973
v -0.649075 1.01703 0.326376
v -0.637983 1.02485 0.333314
v -0.640961 1.01855 0.3161
v -0.632953 1.02445 0.319846
v -0.643294 1.01504 0.335282
v -0.628919 1.0166 0.346592
v -0.632431 1.01503 0.324376
v -0.617765 1.01342 0.337104
v -0.635923 1.0227 0.332741
v -0.622086 1.03096 0.342826
v -0.630844 1.02313 0.320935
v -0.615015 1.02486 0.331815
v -0.641098 1.02846 0.335018
v -0.631032 1.03043 0.352299
v -0.630971 1.02788 0.329954
v -0.620729 1.0309 0.337785
v -0.638623 1.01376 0.339053
v -0.627201 1.0108 0.345567
v -0.62676 1.00925 0.321309
v -0.608851 1.00847 0.340468
v -0.619377 0.999118 0.356756
v -0.610625 1.00598 0.373484
v -0.608641 1.00196 0.347704
v -0.596586 1.00751 0.358311
v -0.680487 0.992587 0.316825
v -0.669785 0.990621 0.327762
v -0.665138 0.993533 0.30724
v -0.655757 0.990779 0.314284
v -0.651863 1.00028 0.316749
v -0.642042 1.00287 0.327234
v -0.64522 1.00132 0.30963
v -0.627753 0.999478 0.319788
v -0.645677 1.02785 0.345154
v -0.633142 1.02902 0.353774
v -0.634857 1.02019 0.333668
v -0.621053 1.02923 0.339682
v -0.629254 1.03052 0.327896
v -0.616051 1.02609 0.339275
v -0.619306 1.02695 0.31077
v -0.603951 1.02924 0.329368
v -0.622659 1.0267 0.34635
v -0.60284 1.03382 0.354874
v -0.601614 1.02582 0.331329
v -0.593711 1.02672 0.342664
v -0.626817 0.999684 0.354231
v -0.605932 0.998803 0.366014
v -0.608327 1.00004 0.33273
v -0.594773 0.996109 0.347568
v -0.624236 0.995095 0.33631
v -0.609302 0.992348 0.353399
v -0.614176 0.989482 0.327952
v -0.603311 0.989955 0.342684
v -0.609497 1.00054 0.367573
v -0.601615 1.00007 0.378948
v -0.598189 0.999159 0.3544
v -0.593478 1.00488 0.367274
v -0.658671 1.00819 0.327186
v -0.65621 1.01349 0.338834
v -0.650486 1.01305 0.31734
v -0.644036 1.01233 0.32938
v -0.679789 1.02178 0.327091
v -0.671621 1.01611 0.337959
v -0.668765 1.01765 0.319345
v -0.655901 1.01964 0.333843
v -0.655721 1.01847 0.317242
v -0.642727 1.02168 0.327781
v -0.64157 1.01983 0.306544
v -0.630839 1.01893 0.31713
v -0.659793 1.01683 0.327771
v -0.653784 1.02168 0.342792
v -0.64763 1.01809 0.31942
v -0.634651 1.02529 0.329326
v -0.621563 1.01869 0.33788
v -0.616756 1.01017 0.354833
v -0.612363 1.01322 0.330094
v -0.60044 1.00968 0.339055
v -0.616564 1.02797 0.337645
v -0.597218 1.02326 0.344632
v -0.602866 1.02717 0.321191
v -0.584678 1.01978 0.33279
v -0.63993 1.00231 0.358133
v -0.621136 1.00261 0.376618
v -0.62564 1.00708 0.34225
v -0.6123 1.00261 0.354552
v -0.631812 0.999782 0.354594
v -0.625273 0.997652 0.367952
v -0.623058 0.995542 0.342812
v -0.613985 0.994664 0.355618
v -0.591486 1.01297 0.352851
v -0.585564 1.01673 0.363344
v -0.581932 1.01351 0.344893
v -0.573458 1.01712 0.358994
v -0.672476 1.01376 0.335582
v -0.66383 1.01237 0.348758
v -0.664297 1.01354 0.326954
v -0.652547 1.0155 0.33634
v -0.649648 1.008 0.338376
v -0.641982 1.00612 0.345108
v -0.636303 1.00695 0.324688
v -0.626517 1.00179 0.337418
v -0.644971 1.00812 0.329139
v -0.632838 1.01141 0.343383
v -0.635004 1.00641 0.32131
v -0.617578 1.01011 0.333021
v -0.622789 1.02405 0.32909
v -0.607385 1.01644 0.341466
v -0.615601 1.02297 0.317408
v -0.597524 1.01727 0.326359
v -0.630084 1.0253 0.350069
v -0.626114 1.03251 0.362194
v -0.618405 1.02836 0.333724
v -0.603645 1.03278 0.356977
v -0.614933 1.02132 0.348458
v -0.599879 1.02392 0.357332
v -0.609087 1.01933 0.326816
v -0.593136 1.01817 0.337598
v -0.618389 1.01633 0.358794
v -0.606211 1.01684 0.373084
v -0.609539 1.02216 0.349874
v -0.594606 1.02466 0.359526
v -0.594899 1.01896 0.347365
v -0.589376 1.01467 0.357671
v -0.584259 1.01379 0.336122
v -0.574161 1.01828 0.346731
v -0.664238 1.00414 0.335906
v -0.654267 1.00757 0.344601
v -0.654275 1.00847 0.321363
v -0.644223 1.00635 0.330102
v -0.656152 1.0149 0.331628
v -0.651729 1.01777 0.344071
v -0.644825 1.01878 0.324981
v -0.640311 1.01932 0.336136
v -0.652052 1.02236 0.327709
v -0.636697 1.01733 0.335641
v -0.641444 1.01987 0.317683
v -0.628605 1.02143 0.326359
v -0.664418 1.00256 0.318373
v -0.654471 1.00325 0.327449
v -0.648537 1.00661 0.305648
v -0.642531 1.00749 0.325255
v -0.632259 1.03358 0.337317
v -0.617913 1.03465 0.347392
v -0.622346 1.02602 0.321696
v -0.602867 1.03346 0.33795
v -0.636514 1.02323 0.343736
v -0.633331 1.02672 0.363351
v -0.626942 1.02853 0.333136
v -0.616229 1.02773 0.351882
v -0.635463 1.00347 0.348567
v -0.629034 1.00309 0.359434
v -0.616317 1.00266 0.337217
v -0.611708 0.997573 0.349552
v -0.622422 0.999656 0.343055
v -0.601286 1.00266 0.358426
v -0.614586 1.00005 0.332078
v -0.592986 1.0052 0.339535
v -0.6283 1.0133 0.357167
v -0.614845 1.00607 0.370218
v -0.61155 1.00748 0.346258
v -0.608773 1.00682 0.361106
v -0.590354 1.01576 0.363738
v -0.583121 1.01586 0.373189
v -0.578363 1.0159 0.352217
v -0.572933 1.01503 0.367546
v -0.685026 0.993364 0.323443
v -0.675001 0.991289 0.33325
v -0.669902 0.994484 0.309413
v -0.660739 0.996253 0.323934
v -0.681328 1.01914 0.327626
v -0.666475 1.02284 0.332072
v -0.66807 1.02056 0.31212
v -0.662432 1.02032 0.324372
v -0.646251 1.01343 0.321486
v -0.640423 1.01609 0.327173
v -0.636578 1.01324 0.308086
v -0.630495 1.01118 0.319522
v -0.659926 1.01544 0.310101
v -0.645175 1.01592 0.324094
v -0.648654 1.0205 0.304894
v -0.6402 1.01841 0.315768
v -0.624338 1.02919 0.329697
v -0.615181 1.02226 0.341301
v -0.610752 1.02528 0.319523
v -0.603201 1.02713 0.325595
v -0.625756 0.991928 0.361773
v -0.619882 0.992582 0.369015
v -0.613132 0.991397 0.348925
v -0.606621 0.993904 0.364753
v -0.597834 1.01732 0.355352
v -0.585813 1.01834 0.363342
v -0.581841 1.01836 0.343643
v -0.57348 1.02177 0.355771
v -0.67787 0.994513 0.308398
v -0.667399 0.993211 0.319665
v -0.660932 0.996527 0.30116
v -0.655295 0.995898 0.318349
v -0.664075 1.01282 0.335876
v -0.65349 1.0121 0.34794
v -0.654073 1.01435 0.327347
v -0.643086 1.01059 0.341698
v -0.645846 1.00351 0.323995
v -0.63347 1.00663 0.333203
v -0.635924 1.00921 0.313456
v -0.627124 1.00835 0.324002
v -0.647125 1.00206 0.332027
v -0.640016 1.00023 0.343528
v -0.644197 1.00084 0.319069
v -0.627978 1.00202 0.326888
v -0.663392 1.01008 0.332436
v -0.649985 1.01146 0.342236
v -0.649798 1.01009 0.324338
v -0.63579 1.01601 0.328717
v -0.628191 1.02418 0.340628
v -0.616536 1.03001 0.35893
v -0.614362 1.02529 0.332431
v -0.605696 1.02512 0.3428
v -0.620448 1.03311 0.34607
v -0.611118 1.03688 0.359582
v -0.60556 1.0302 0.331359
v -0.59309 1.03105 0.349739
v -0.628055 1.00345 0.340446
v -0.619709 1.00523 0.347628
v -0.620882 1.00997 0.322842
v -0.601431 1.00986 0.338978
v -0.62973 1.01105 0.362408
v -0.6179 1.0125 0.371167
v -0.615402 1.01132 0.350999
v -0.602427 1.0133 0.359454
v -0.613708 1.01401 0.363799
v -0.604544 1.01636 0.37547
v -0.604868 1.01929 0.355631
v -0.596602 1.01999 0.360628
v -0.6704 1.01808 0.318545
v -0.662534 1.01423 0.328539
v -0.662229 1.02034 0.310979
v -0.654005 1.01827 0.323428
v -0.642462 1.02213 0.314716
v -0.635701 1.02311 0.326539
v -0.635422 1.02339 0.307279
v -0.625383 1.02108 0.310148
v -0.638938 1.01387 0.326876
v -0.626076 1.0153 0.336524
v -0.62439 1.01169 0.313912
v -0.618153 1.00879 0.325387
v -0.628289 1.02966 0.353473
v -0.616126 1.02597 0.365355
v -0.611184 1.02821 0.339664
v -0.606462 1.02711 0.360291
v -0.600056 1.00846 0.342853
v -0.590314 1.00557 0.356182
v -0.585808 1.00686 0.332247
v -0.581509 1.00062 0.348449
v -0.663897 1.00886 0.312498
v -0.6513 1.00334 0.324745
v -0.653476 1.00516 0.30024
v -0.647406 1.00358 0.309728
v -0.675102 1.01449 0.332781
v -0.665811 1.01516 0.348186
v -0.66719 1.01905 0.325968
v -0.656114 1.01199 0.338169
v -0.66731 1.01858 0.337119
v -0.657127 1.01287 0.347271
v -0.659353 1.01829 0.321834
v -0.646738 1.01336 0.332497
v -0.657212 1.00554 0.320778
v -0.643992 1.00744 0.329276
v -0.648246 1.00928 0.3029
v -0.636749 1.0032 0.317142
v -0.637636 1.02705 0.331102
v -0.623949 1.01894 0.341612
v -0.623242 1.02223 0.313523
v -0.616037 1.01911 0.322498
v -0.641502 1.01184 0.351712
v -0.631037 1.01662 0.360909
v -0.623941 1.01203 0.33214
v -0.617616 1.01464 0.35159
v -0.628603 1.02253 0.353656
v -0.609814 1.02906 0.37061
v -0.614932 1.01934 0.343496
v -0.594954 1.0227 0.349456
v -0.626636 1.00109 0.337974
v -0.608157 1.00511 0.346389
v -0.613689 1.00759 0.322735
v -0.5993 1.0053 0.339273
v -0.618109 1.01082 0.354556
v -0.604244 1.01321 0.366633
v -0.603264 1.00589 0.335104
v -0.58708 1.01396 0.354259
v -0.59393 1.01695 0.349671
v -0.587299 1.01917 0.358766
v -0.5888 1.01491 0.334099
v -0.579822 1.01964 0.346177
v -0.674301 1.01876 0.325064
v -0.664172 1.01683 0.334627
v -0.665276 1.01644 0.317346
v -0.653524 1.01487 0.32654
v -0.679411 1.01307 0.324209
v -0.672204 1.01241 0.333801
v -0.669892 1.0139 0.311938
v -0.659219 1.00945 0.318073
v -0.659896 1.01763 0.314233
v -0.648262 1.01722 0.326496
v -0.642381 1.01636 0.302467
v -0.634478 1.01178 0.317124
v -0.642167 1.01482 0.322481
v -0.630998 1.01289 0.328456
v -0.627988 1.01588 0.304308
v -0.616824 1.01451 0.325304
v -0.625234 1.00857 0.343151
v -0.612704 1.01314 0.362256
v -0.609315 1.00871 0.329656
v -0.591469 1.00689 0.347462
v -0.642368 1.01419 0.362738
v -0.622778 1.01338 0.373596
v -0.630263 1.015 0.340292
v -0.614902 1.01472 0.353158
v -0.62571 0.997106 0.359962
v -0.616018 0.995455 0.375686
v -0.617993 1.00291 0.34972
v -0.608097 0.999084 0.366789
v -0.614976 1.00375 0.356181
v -0.608192 0.999823 0.365867
v -0.60768 1.00431 0.340559
v -0.598677 1.00281 0.352119
v -0.667549 1.00441 0.28237
v -0.65731 1.00982 0.29276
v -0.662483 1.00735 0.272307
v -0.65162 1.00936 0.281993
v -0.64142 0.998518 0.312918
v -0.627587 0.991147 0.325211
v -0.622795 0.99612 0.306571
v -0.61979 0.995241 0.31952
v -0.621884 1.02464 0.308023
v -0.612927 1.01743 0.320138
v -0.611518 1.01823 0.298875
v -0.596518 1.02309 0.307032
v -0.615605 1.00073 0.312268
v -0.603786 0.999276 0.333049
v -0.608167 0.996693 0.303794
v -0.588584 1.00134 0.316867
v -0.624879 1.02241 0.33257
v -0.61198 1.01933 0.345366
v -0.60231 1.02161 0.325152
v -0.600222 1.01996 0.33711
v -0.612796 1.01835 0.331906
v -0.60845 1.01904 0.344135
v -0.600456 1.02307 0.322515
v -0.596283 1.02046 0.334346
v -0.60877 1.02265 0.346292
v -0.59874 1.01487 0.354677
v -0.595409 1.01616 0.338118
v -0.590409 1.01915 0.346758
v -0.639461 1.00585 0.29144
v -0.625755 1.00303 0.301963
v -0.628929 1.00155 0.283647
v -0.621226 1.00653 0.288851
v -0.636725 1.01416 0.319787
v -0.626785 1.01585 0.327287
v -0.626083 1.01457 0.30407
v -0.616766 1.01001 0.316443
v -0.640232 1.02231 0.307265
v -0.625309 1.02064 0.325624
v -0.626109 1.01811 0.300335
v -0.615084 1.01531 0.313424
v -0.616187 1.01968 0.320746
v -0.5975 1.01253 0.333728
v -0.59955 1.02025 0.309267
v -0.583733 1.01312 0.32081
v -0.628057 1.01392 0.327499
v -0.611137 1.01293 0.339467
v -0.612971 1.0133 0.314513
v -0.605046 1.0161 0.331168
v -0.614221 1.02363 0.319251
v -0.60206 1.02378 0.32606
v -0.600482 1.01826 0.306835
v -0.589071 1.02426 0.314327
v -0.661542 0.996161 0.30784
v -0.65078 0.99619 0.315812
v -0.650079 0.990801 0.297481
v -0.640023 0.995443 0.309178
v -0.650016 1.00205 0.311731
v -0.642152 0.998822 0.324134
v -0.640794 1.00037 0.301317
v -0.629977 0.99864 0.313565
v -0.63366 1.0228 0.308245
v -0.626547 1.02449 0.322715
v -0.613134 1.02265 0.291644
v -0.609183 1.017 0.312454
v -0.588682 1.02645 0.33969
v -0.572172 1.02529 0.3443
v -0.579154 1.02385 0.321914
v -0.568272 1.02248 0.336232
v -0.657855 1.00946 0.300551
v -0.642296 1.01347 0.309523
v -0.647711 1.01369 0.286596
v -0.634657 1.00882 0.295197
v -0.649114 0.996101 0.29962
v -0.635604 0.987943 0.30747
v -0.636854 0.995311 0.285131
v -0.62877 0.994419 0.294256
v -0.644938 0.998456 0.307751
v -0.63414 0.999717 0.321734
v -0.632981 0.998924 0.300415
v -0.62128 1.00387 0.31677
v -0.637848 1.01893 0.31075
v -0.625507 1.01285 0.325383
v -0.625349 1.01876 0.300909
v -0.618011 1.01531 0.308188
v -0.631264 1.0143 0.300584
v -0.612206 1.00761 0.311705
v -0.619817 1.01161 0.281393
v -0.605001 1.00917 0.302678
v -0.611935 1.00643 0.308225
v -0.603021 1.01694 0.320408
v -0.598939 1.00878 0.289522
v -0.584391 1.01457 0.307379
v -0.623806 1.00703 0.318933
v -0.607272 1.01114 0.324545
v -0.607945 1.00722 0.306745
v -0.596366 1.01217 0.312629
v -0.612635 1.02654 0.341195
v -0.605564 1.02715 0.35188
v -0.603092 1.03132 0.327296
v -0.591338 1.02827 0.339875
v -0.670516 0.998884 0.286267
v -0.663063 0.997567 0.29479
v -0.664086 0.998727 0.273513
v -0.650671 1.00306 0.281405
v -0.661912 1.01339 0.304673
v -0.648187 1.01607 0.312803
v -0.647098 1.01329 0.298435
v -0.64103 1.01561 0.30836
v -0.637891 0.989599 0.302454
v -0.619556 0.987579 0.310687
v -0.626085 0.993382 0.289011
v -0.608461 0.98666 0.302198
v -0.635318 1.01101 0.306803
v -0.623562 1.01583 0.315634
v -0.627619 1.00904 0.289451
v -0.612216 1.00974 0.299438
v -0.635194 1.00293 0.31946
v -0.627192 1.01045 0.340022
v -0.620746 1.00592 0.306823
v -0.603322 1.01084 0.327181
v -0.620306 1.03203 0.328023
v -0.605331 1.03088 0.339831
v -0.607707 1.0351 0.309351
v -0.593213 1.03234 0.330006
v -0.613425 1.01493 0.338862
v -0.60493 1.01531 0.345944
v -0.602801 1.01444 0.324744
v -0.590881 1.01545 0.334693
v -0.676733 0.991387 0.290062
v -0.66588 0.993607 0.298873
v -0.664456 0.996854 0.281868
v -0.657324 0.993616 0.294179
v -0.667064 0.989061 0.304417
v -0.653171 0.991053 0.317427
v -0.653199 0.989313 0.292117
v -0.642311 0.992568 0.309615
v -0.625875 0.991941 0.302061
v -0.610152 0.99103 0.317316
v -0.612282 0.999734 0.289067
v -0.597964 0.996503 0.308153
v -0.632889 1.01607 0.322708
v -0.617191 1.01782 0.338921
v -0.611808 1.00937 0.31505
v -0.606823 1.01131 0.326032
v -0.611161 1.01424 0.320966
v -0.597925 1.01243 0.32936
v -0.599937 1.0149 0.302981
v -0.584373 1.01609 0.315975
v -0.657355 1.00491 0.287728
v -0.643003 1.00282 0.297725
v -0.646642 1.00623 0.275356
v -0.633819 1.00771 0.288744
v -0.652276 0.989509 0.291747
v -0.642682 0.985606 0.302243
v -0.649682 0.985498 0.281293
v -0.632345 0.989402 0.286685
v -0.648795 0.995298 0.294034
v -0.63905 0.992137 0.301699
v -0.637761 0.994246 0.285215
v -0.62791 0.997237 0.296062
v -0.63493 1.01265 0.289117
v -0.62476 1.01431 0.307789
v -0.620836 1.00972 0.282349
v -0.60674 1.00815 0.29935
v -0.634919 0.991846 0.312354
v -0.624882 0.992837 0.320049
v -0.626354 0.998669 0.294669
v -0.611662 0.99319 0.304744
v -0.623435 1.00848 0.326591
v -0.609175 1.01041 0.341151
v -0.61933 1.00361 0.311473
v -0.599469 1.00782 0.319155
v -0.625355 1.03157 0.324933
v -0.613981 1.03403 0.341047
v -0.609505 1.03213 0.319662
v -0.593137 1.02943 0.327409
v -0.603944 1.0402 0.342393
v -0.594312 1.03522 0.356798
v -0.590655 1.03736 0.332195
v -0.585684 1.03886 0.342718
v -0.670768 1.00718 0.292002
v -0.658509 1.00596 0.297671
v -0.66181 1.01103 0.275371
v -0.651102 1.00598 0.284275
v -0.661156 1.00414 0.292602
v -0.657819 1.00186 0.304278
v -0.650478 1.00927 0.281407
v -0.642261 1.00114 0.294541
v -0.629889 0.999348 0.312122
v -0.621525 0.992947 0.322219
v -0.623399 0.993787 0.301617
v -0.608104 0.991589 0.310747
v -0.616724 1.01143 0.301526
v -0.606731 1.00356 0.321809
v -0.604605 1.007 0.296649
v -0.5905 1.00503 0.312569
v -0.619709 1.02996 0.323481
v -0.612599 1.03146 0.337908
v -0.605946 1.03061 0.310866
v -0.591908 1.03324 0.3248
v -0.594752 1.02409 0.333538
v -0.580805 1.01978 0.348949
v -0.578678 1.02479 0.328514
v -0.574353 1.01809 0.341259
v -0.602229 1.01834 0.329717
v -0.590973 1.01822 0.335424
v -0.596755 1.01718 0.31523
v -0.583646 1.01913 0.325009
v -0.658966 1.01192 0.284
v -0.653163 1.00681 0.297351
v -0.652796 1.0146 0.276833
v -0.64344 1.01283 0.289329
v -0.671318 0.999522 0.309744
v -0.654594 0.997378 0.315147
v -0.663618 1.00088 0.29859
v -0.651966 1.00264 0.302438
v -0.660507 0.996654 0.312504
v -0.650255 1.00331 0.321145
v -0.646141 0.997875 0.30543
v -0.638073 0.998244 0.314999
v -0.627771 1.00021 0.316302
v -0.619937 0.998062 0.327775
v -0.616182 1.00188 0.298199
v -0.601926 1.00049 0.313225
v -0.621901 0.997302 0.304254
v -0.61112 0.995251 0.325531
v -0.607891 0.998712 0.295097
v -0.593703 0.994976 0.307744
v -0.616436 1.02785 0.321405
v -0.605568 1.02034 0.331626
v -0.606381 1.02312 0.306903
v -0.586615 1.01748 0.323542
v -0.624529 1.01972 0.332774
v -0.619477 1.02746 0.345906
v -0.611555 1.0178 0.317579
v -0.605993 1.02587 0.335675
v -0.598461 1.03999 0.345917
v -0.592913 1.04005 0.35657
v -0.589876 1.03757 0.337807
v -0.576533 1.03853 0.344109
v -0.669669 1.01002 0.300818
v -0.66623 1.00489 0.314448
v -0.663809 1.00926 0.291968
v -0.654725 1.00763 0.30839
v -0.665411 0.99486 0.288297
v -0.656567 0.998609 0.292011
v -0.659238 0.993087 0.274086
v -0.649827 0.997905 0.282537
v -0.641633 1.00212 0.307408
v -0.627566 1.00225 0.318229
v -0.632731 0.999352 0.299067
v -0.619533 1.0011 0.307246
v -0.646973 0.99534 0.290571
v -0.630911 0.993927 0.308273
v -0.631673 0.991619 0.2843
v -0.621501 0.998984 0.296082
v -0.616692 1.02275 0.321113
v -0.605877 1.02471 0.334851
v -0.609317 1.01985 0.299885
v -0.595912 1.02263 0.312093
v -0.638327 1.01784 0.321637
v -0.621427 1.02724 0.331768
v -0.62582 1.02332 0.312248
v -0.613507 1.02232 0.321038
v -0.596144 1.01327 0.335763
v -0.583562 1.0167 0.343497
v -0.584364 1.01218 0.325913
v -0.568901 1.01584 0.328738
v -0.59084 1.02959 0.329403
v -0.574614 1.02686 0.338981
v -0.578969 1.02546 0.322865
v -0.570243 1.02313 0.33033
v -0.659741 1.01895 0.281132
v -0.648939 1.02444 0.289955
v -0.649461 1.01881 0.269555
v -0.636789 1.02432 0.281415
v -0.644094 1.02411 0.301011
v -0.631926 1.01678 0.314881
v -0.63202 1.01616 0.287696
v -0.618338 1.01749 0.297093
v -0.645554 1.03991 0.296215
v -0.637588 1.03764 0.31044
v -0.625356 1.03803 0.287621
v -0.621597 1.03445 0.296719
v -0.641302 1.0184 0.287732
v -0.628889 1.02402 0.298519
v -0.629594 1.02035 0.272212
v -0.614159 1.02581 0.285453
v -0.609654 1.02525 0.294388
v -0.603106 1.02677 0.312039
v -0.597224 1.02993 0.282906
v -0.588237 1.0312 0.297873
v -0.666882 0.993867 0.283466
v -0.657336 0.998704 0.292508
v -0.661675 0.994673 0.275071
v -0.652183 0.995084 0.285382
v -0.670227 1.02094 0.27579
v -0.658899 1.02113 0.291593
v -0.656995 1.01677 0.265905
v -0.649331 1.01633 0.278627
v -0.662915 1.01807 0.303687
v -0.655127 1.01483 0.317523
v -0.647394 1.01642 0.300214
v -0.642833 1.01474 0.312007
v -0.649811 1.0199 0.284488
v -0.641649 1.02277 0.301041
v -0.642307 1.02092 0.271569
v -0.623438 1.02842 0.287991
v -0.645174 1.03588 0.290722
v -0.631257 1.03726 0.302157
v -0.638285 1.03599 0.27532
v -0.621045 1.02968 0.288126
v -0.634529 1.02605 0.293815
v -0.615273 1.03081 0.298393
v -0.623862 1.02761 0.270937
v -0.611164 1.03321 0.28733
v -0.611799 1.02206 0.293644
v -0.598679 1.01692 0.301073
v -0.596745 1.02193 0.276773
v -0.585371 1.01368 0.287402
v -0.614249 1.02385 0.292697
v -0.598925 1.01687 0.298263
v -0.607069 1.02168 0.281859
v -0.594741 1.02039 0.291112
v -0.675697 1.00566 0.295668
v -0.663455 1.00878 0.305403
v -0.669974 1.00982 0.287154
v -0.658615 1.00964 0.293602
v -0.659424 1.033 0.306447
v -0.650626 1.03438 0.310991
v -0.656171 1.03596 0.29269
v -0.637071 1.03786 0.301614
v -0.666175 1.02608 0.311818
v -0.643868 1.02414 0.322876
v -0.651381 1.02366 0.30024
v -0.632924 1.02897 0.310118
v -0.624659 1.02974 0.292143
v -0.606157 1.02577 0.301363
v -0.607037 1.03079 0.280303
v -0.598721 1.02635 0.28935
v -0.623311 1.00792 0.289686
v -0.616081 1.01344 0.302102
v -0.611761 1.00748 0.277031
v -0.599798 1.00546 0.293228
v -0.665375 0.994159 0.282695
v -0.653216 1.00202 0.28994
v -0.657251 0.99402 0.271971
v -0.645568 0.997223 0.281273
v -0.664314 1.02587 0.296139
v -0.659136 1.02465 0.307884
v -0.65763 1.02475 0.292764
v -0.649848 1.02971 0.304756
v -0.650502 1.03045 0.286293
v -0.646541 1.03079 0.29829
v -0.642214 1.02643 0.276844
v -0.630191 1.03125 0.287288
v -0.663304 1.03575 0.289392
v -0.652544 1.03427 0.306434
v -0.658596 1.03627 0.274837
v -0.641978 1.03596 0.291435
v -0.645464 1.03105 0.308587
v -0.626234 1.03779 0.316121
v -0.632376 1.03119 0.294947
v -0.615515 1.0362 0.300321
v -0.636351 1.02787 0.293535
v -0.624083 1.02667 0.306499
v -0.616547 1.02125 0.277282
v -0.605639 1.01928 0.292346
v -0.620785 1.02137 0.305845
v -0.616482 1.02314 0.319729
v -0.604669 1.0221 0.294649
v -0.598823 1.01888 0.313902
v -0.615608 1.02632 0.309442
v -0.605303 1.02285 0.318048
v -0.595965 1.02427 0.296663
v -0.590813 1.02193 0.311992
v -0.616088 1.00831 0.305898
v -0.603869 1.00754 0.312563
v -0.603617 1.01293 0.292993
v -0.594935 1.0133 0.301945
v -0.675906 0.997789 0.305147
v -0.666658 1.00205 0.311662
v -0.662784 0.997845 0.297085
v -0.654709 0.998508 0.308705
v -0.647485 1.0148 0.28802
v -0.645717 1.013 0.303246
v -0.635482 1.0201 0.283117
v -0.631612 1.01276 0.297082
v -0.663878 1.0214 0.3031
v -0.655261 1.02276 0.309362
v -0.657721 1.02692 0.288582
v -0.639602 1.02013 0.296618
v -0.65973 1.02979 0.311634
v -0.64395 1.02729 0.328098
v -0.645953 1.02624 0.297025
v -0.633375 1.02172 0.31816
v -0.656261 1.03126 0.300684
v -0.636443 1.03856 0.315935
v -0.635914 1.03482 0.294466
v -0.622654 1.03526 0.308386
v -0.623932 1.03622 0.296883
v -0.611644 1.03591 0.30787
v -0.603247 1.04134 0.285081
v -0.590838 1.04221 0.300871
v -0.604532 1.01589 0.299089
v -0.590441 1.01872 0.311871
v -0.595637 1.0218 0.284314
v -0.584486 1.01321 0.294473
v -0.619658 1.00715 0.294915
v -0.614442 1.00298 0.306412
v -0.612789 1.00574 0.290459
v -0.602973 1.00653 0.303348
v -0.674649 0.994952 0.306031
v -0.66088 0.997971 0.310283
v -0.67095 0.996207 0.295853
v -0.658787 0.998342 0.297619
v -0.657474 1.00854 0.291781
v -0.640271 1.00522 0.299444
v -0.648936 1.00477 0.280316
v -0.636963 1.00735 0.282235
v -0.664521 1.01073 0.282155
v -0.652725 1.01952 0.29285
v -0.648337 1.01209 0.271213
v -0.643404 1.01909 0.289009
v -0.651532 1.01842 0.30326
v -0.64423 1.01533 0.316877
v -0.638802 1.0187 0.291988
v -0.628671 1.01727 0.309629
v -0.6313 1.02914 0.293543
v -0.623658 1.0328 0.309335
v -0.620942 1.03344 0.278024
v -0.603498 1.03977 0.293432
v -0.63317 1.01305 0.292724
v -0.617133 1.01452 0.301389
v -0.624343 1.00896 0.282898
v -0.609405 1.01482 0.291947
v -0.624558 1.01356 0.293444
v -0.615578 1.01138 0.303766
v -0.61014 1.0177 0.285402
v -0.598707 1.01579 0.294475
v -0.665004 1.00561 0.286349
v -0.653121 1.00298 0.299117
v -0.650617 1.00076 0.278731
v -0.639773 0.998362 0.287344
v -0.65537 1.02734 0.309841
v -0.644621 1.02151 0.320974
v -0.641126 1.02929 0.297081
v -0.636978 1.02011 0.309656
v -0.648048 1.03742 0.301466
v -0.631028 1.03999 0.314255
v -0.629036 1.03985 0.285048
v -0.618128 1.03605 0.301599
v -0.633597 1.03043 0.289662
v -0.623648 1.04261 0.308889
v -0.614651 1.03165 0.28387
v -0.609619 1.03884 0.301115
v -0.633586 1.0368 0.280546
v -0.625882 1.03773 0.299562
v -0.618328 1.03974 0.270283
v -0.609856 1.03935 0.290949
v -0.617974 1.01851 0.280721
v -0.610975 1.02453 0.297891
v -0.605295 1.01762 0.274871
v -0.600207 1.0175 0.287023
v -0.602448 1.01409 0.285389
v -0.590641 1.01303 0.295268
v -0.590819 1.01547 0.274672
v -0.579505 1.01235 0.287782
v -0.655866 1.00997 0.299057
v -0.643602 1.0114 0.301285
v -0.647492 1.00824 0.282313
v -0.633981 1.01281 0.290693
v -0.653859 1.02085 0.284505
v -0.649981 1.01645 0.296385
v -0.640375 1.02043 0.276676
v -0.633466 1.01946 0.285068
v -0.66702 1.00852 0.289336
v -0.650816 1.01283 0.299246
v -0.657504 1.01005 0.279543
v -0.643028 1.01066 0.283788
v -0.64835 1.04236 0.279003
v -0.645015 1.03929 0.293381
v -0.640645 1.03848 0.272561
v -0.631865 1.03727 0.285682
v -0.631163 1.02192 0.301829
v -0.611266 1.02758 0.320556
v -0.614623 1.02464 0.2959
v -0.600692 1.02617 0.310738
v -0.63286 1.03106 0.30255
v -0.623196 1.02866 0.317886
v -0.611513 1.02895 0.291093
v -0.604611 1.03367 0.309967
v -0.618659 1.00612 0.299791
v -0.608725 1.00083 0.311823
v -0.606231 1.00548 0.289478
v -0.598657 0.997975 0.301285
v -0.656674 1.00315 0.311305
v -0.649428 1.00712 0.317127
v -0.647885 0.999499 0.29755
v -0.642089 1.00191 0.306762
v -0.67535 1.00742 0.300611
v -0.666377 1.00409 0.309065
v -0.664103 1.0057 0.287535
v -0.653341 1.00588 0.297845
v -0.659447 1.02026 0.307096
v -0.651054 1.01482 0.316045
v -0.645539 1.01348 0.295277
v -0.638169 1.02064 0.309991
v -0.658472 1.03502 0.303653
v -0.647679 1.02683 0.314936
v -0.643131 1.0321 0.294575
v -0.639597 1.03155 0.305937
v -0.647093 1.0305 0.306932
v -0.641457 1.02665 0.328253
v -0.630049 1.02462 0.301414
v -0.62748 1.02704 0.316731
v -0.6503 1.02283 0.286641
v -0.643391 1.0204 0.310246
v -0.635816 1.02224 0.278396
v -0.622885 1.02246 0.295052
v -0.632481 1.02595 0.286166
v -0.611357 1.02656 0.3014
v -0.616454 1.02425 0.276914
v -0.596982 1.02897 0.28986
v -0.61482 1.0168 0.286227
v -0.59786 1.01784 0.297698
v -0.595119 1.01871 0.272824
v -0.583939 1.0182 0.288954
v -0.607893 1.01732 0.297491
v -0.602382 1.01225 0.31044
v -0.597874 1.01738 0.295341
v -0.593989 1.01535 0.306694
v -0.674406 0.998213 0.307532
v -0.667255 1.00049 0.316105
v -0.66368 0.999868 0.297578
v -0.655761 0.995789 0.308437
v -0.667061 1.00908 0.27985
v -0.659913 1.00641 0.292048
v -0.656324 1.00524 0.267127
v -0.649037 1.00595 0.279748
v -0.669464 1.03279 0.308488
v -0.656776 1.03261 0.320715
v -0.654413 1.02725 0.294584
v -0.649061 1.02809 0.307225
v -0.643097 1.02949 0.278195
v -0.62912 1.02881 0.298643
v -0.625985 1.03086 0.269868
v -0.618521 1.03143 0.282932
v -0.661284 1.03424 0.290762
v -0.647638 1.03785 0.306026
v -0.641029 1.03311 0.274136
v -0.635831 1.03608 0.297598
v -0.635912 1.03572 0.29441
v -0.621663 1.03388 0.306623
v -0.617831 1.03556 0.277874
v -0.606659 1.03294 0.299382
v -0.639668 1.02496 0.287163
v -0.629236 1.0176 0.305438
v -0.617121 1.01988 0.277958
v -0.611477 1.02367 0.290221
v -0.63392 1.01033 0.299045
v -0.619595 1.00972 0.309952
v -0.620424 1.01264 0.291842
v -0.605885 1.00791 0.304523
v -0.663045 1.00221 0.328466
v -0.656712 0.998183 0.334421
v -0.660438 0.998546 0.31231
v -0.646465 1.0015 0.318355
v -0.703288 1.01201 0.329285
v -0.694044 1.01544 0.337535
v -0.688652 1.01417 0.316015
v -0.680005 1.01348 0.329215
v -0.718334 1.01042 0.333428
v -0.714279 1.00546 0.34808
v -0.703724 1.00931 0.318574
v -0.700737 1.00696 0.338341
v -0.713855 0.987125 0.322436
v -0.704608 0.989918 0.328705
v -0.698772 0.992114 0.313529
v -0.69498 0.988121 0.321688
v -0.728801 0.997052 0.317537
v -0.714565 0.998839 0.323657
v -0.72004 0.996805 0.306495
v -0.707741 0.995201 0.310515
v -0.673257 0.998137 0.312253
v -0.655134 1.00062 0.316836
v -0.661932 1.00036 0.29651
v -0.650279 0.996397 0.309017
v -0.667131 1.0112 0.32558
v -0.65813 1.01469 0.330614
v -0.655715 1.01066 0.311325
v -0.643057 1.0135 0.327445
v -0.696864 0.999824 0.313991
v -0.692693 1.00418 0.325369
v -0.691424 1.00439 0.304303
v -0.680585 1.0002 0.31569
v -0.683509 1.01744 0.329189
v -0.668527 1.01792 0.33432
v -0.677204 1.01381 0.310062
v -0.65993 1.01099 0.32319
v -0.717814 1.01765 0.307184
v -0.702046 1.01443 0.318554
v -0.701727 1.01015 0.296932
v -0.688123 1.01245 0.310642
v -0.668715 0.999951 0.31588
v -0.652515 0.996241 0.324648
v -0.65886 0.999797 0.307865
v -0.645651 0.995912 0.312389
v -0.665558 1.01735 0.31782
v -0.661417 1.02373 0.332974
v -0.656502 1.0145 0.311159
v -0.651314 1.018 0.322799
v -0.677794 1.01102 0.32239
v -0.667598 1.00548 0.335445
v -0.671646 1.00727 0.313355
v -0.661794 1.00835 0.319595
v -0.685097 1.00784 0.323761
v -0.67376 1.0094 0.342785
v -0.670887 1.00829 0.316572
v -0.656195 1.00862 0.324173
v -0.700272 1.01561 0.304519
v -0.686957 1.02071 0.325302
v -0.686079 1.0167 0.293628
v -0.670894 1.01946 0.315378
v -0.723788 0.996202 0.334448
v -0.710212 0.993992 0.348444
v -0.703918 0.998385 0.31972
v -0.699781 0.994026 0.334065
v -0.708866 0.998333 0.328884
v -0.692966 0.999888 0.341252
v -0.700058 1.00223 0.320191
v -0.685266 0.995381 0.325151
v -0.720328 0.99305 0.336205
v -0.708165 0.988115 0.346569
v -0.708118 0.992053 0.328188
v -0.698726 0.990984 0.332461
v -0.669629 1.00781 0.329868
v -0.663735 1.00155 0.341602
v -0.66193 1.00154 0.320666
v -0.64925 1.0037 0.326664
v -0.696365 1.02038 0.308189
v -0.684197 1.02072 0.317363
v -0.68271 1.02683 0.292947
v -0.675228 1.02258 0.301526
v -0.708497 1.00438 0.315332
v -0.696025 1.00635 0.319874
v -0.696587 1.00184 0.294805
v -0.683087 1.0044 0.313411
v -0.73145 0.996689 0.317953
v -0.719193 0.994873 0.328376
v -0.717479 0.993211 0.30678
v -0.707191 0.995803 0.316131
v -0.660262 1.01816 0.316713
v -0.655341 1.01376 0.33116
v -0.65153 1.0174 0.313505
v -0.639819 1.01364 0.321754
v -0.70053 1.008 0.322989
v -0.694687 1.0126 0.337318
v -0.692024 1.01074 0.31641
v -0.683622 1.00857 0.322562
v -0.702743 0.99925 0.305466
v -0.690556 0.998316 0.318492
v -0.686101 0.998255 0.300256
v -0.672529 1.00256 0.305574
v -0.699335 0.998128 0.323355
v -0.687256 0.997091 0.32731
v -0.691475 0.996095 0.309142
v -0.67318 0.992651 0.319558
v -0.713899 0.990147 0.334329
v -0.705671 0.988131 0.341434
v -0.704491 0.994159 0.324729
v -0.690019 0.990306 0.333733
v -0.728141 1.00284 0.334767
v -0.717404 1.00584 0.340504
v -0.721028 1.00266 0.321525
v -0.713372 1.00862 0.329089
v -0.67915 1.0021 0.322021
v -0.671272 1.00248 0.334987
v -0.661603 0.998692 0.317053
v -0.657109 1.00157 0.331717
v -0.671663 1.00029 0.324316
v -0.66375 1.00297 0.337361
v -0.662 1.0031 0.319921
v -0.652334 0.997396 0.328796
v -0.693013 1.00348 0.310256
v -0.681484 1.0034 0.321519
v -0.685488 1.0048 0.293267
v -0.667879 0.998574 0.301209
v -0.719949 1.01451 0.306129
v -0.704518 1.00836 0.317921
v -0.711492 1.01375 0.291734
v -0.690835 1.01585 0.302053
v -0.71015 0.99205 0.315152
v -0.695878 0.989741 0.326617
v -0.70013 0.993062 0.29866
v -0.680498 0.989922 0.313014
v -0.715512 0.996588 0.334377
v -0.707631 0.990674 0.348373
v -0.704915 0.996865 0.327441
v -0.699598 0.989984 0.339442
v -0.706058 0.998296 0.317024
v -0.701212 0.995584 0.324533
v -0.697868 0.99663 0.30914
v -0.686054 0.997158 0.316398
v -0.66583 1.01647 0.322631
v -0.648735 1.01882 0.331967
v -0.654333 1.01678 0.306439
v -0.644475 1.01796 0.314164
v -0.681027 1.02253 0.316274
v -0.674815 1.02464 0.327668
v -0.671914 1.01704 0.307263
v -0.665015 1.01899 0.315504
v -0.680875 1.00071 0.320352
v -0.671023 1.00421 0.329549
v -0.670601 1.00451 0.301341
v -0.662383 1.0087 0.312252
v -0.725064 1.00897 0.327447
v -0.709094 1.00657 0.339566
v -0.710836 1.01149 0.305071
v -0.694119 1.00687 0.318996
v -0.712363 0.993482 0.341982
v -0.704174 0.995765 0.351487
v -0.70896 0.998044 0.326279
v -0.688902 0.996936 0.331638
v -0.718432 1.01681 0.325153
v -0.707241 1.01494 0.333381
v -0.714303 1.01467 0.312645
v -0.701868 1.01402 0.325495
v -0.723014 0.986952 0.333854
v -0.710563 0.989058 0.344437
v -0.713197 0.990436 0.320555
v -0.700494 0.991943 0.331463
v -0.674461 1.00544 0.305172
v -0.662145 1.00378 0.31792
v -0.663567 1.00224 0.292591
v -0.651714 0.999309 0.303673
v -0.668858 0.997937 0.311744
v -0.656301 1.00367 0.317691
v -0.655258 0.999306 0.297915
v -0.644675 1.00421 0.309708
v -0.704712 1.0276 0.311441
v -0.697231 1.02562 0.324233
v -0.69245 1.02344 0.302502
v -0.682538 1.02545 0.312087
v -0.701309 1.00508 0.326986
v -0.696723 1.00607 0.340519
v -0.685459 1.00809 0.312582
v -0.680685 1.00825 0.325574
v -0.716035 0.997668 0.343762
v -0.705501 0.994459 0.347756
v -0.708314 0.993954 0.327079
v -0.695522 0.998222 0.332983
v -0.707615 1.00045 0.322618
v -0.698402 0.99513 0.330698
v -0.701541 0.997076 0.305919
v -0.691383 0.999871 0.31708
v -0.664729 1.01733 0.324638
v -0.650808 1.01537 0.337061
v -0.652031 1.01205 0.317313
v -0.64386 1.01203 0.323335
v -0.691805 1.01339 0.311124
v -0.677781 1.01047 0.319481
v -0.681507 1.01162 0.302641
v -0.666558 1.01073 0.312625
v -0.699434 1.0163 0.328507
v -0.684294 1.02303 0.339184
v -0.685063 1.01906 0.311479
v -0.679555 1.02332 0.327537
v -0.702867 1.00069 0.32798
v -0.690334 1.00502 0.332854
v -0.695677 1.00632 0.311428
v -0.683325 1.00211 0.324187
v -0.727879 1.00874 0.331085
v -0.717102 1.01048 0.337487
v -0.717153 1.01127 0.320715
v -0.707633 1.01272 0.330355
v -0.719958 0.996353 0.340335
v -0.713759 0.999714 0.347392
v -0.712833 0.996788 0.331548
v -0.699392 0.998503 0.340216
v -0.681654 1.0146 0.332316
v -0.673527 1.01719 0.337352
v -0.669923 1.01643 0.316192
v -0.662756 1.014 0.324107
v -0.696249 1.01971 0.320996
v -0.681325 1.01965 0.333597
v -0.691188 1.01959 0.310232
v -0.674214 1.02728 0.317882
v -0.698906 1.01193 0.322849
v -0.681983 1.01023 0.335468
v -0.688886 1.00495 0.31194
v -0.673443 1.00977 0.328994
v -0.722742 0.998574 0.318565
v -0.711405 0.999017 0.330613
v -0.715099 0.993189 0.306476
v -0.702678 0.999223 0.318488
v -0.731242 1.01161 0.325351
v -0.722445 1.01277 0.343633
v -0.718314 1.01419 0.321936
v -0.70769 1.00857 0.3348
v -0.677461 1.00889 0.317453
v -0.670121 1.00973 0.331486
v -0.673692 1.00988 0.306228
v -0.662134 1.01166 0.317085
v -0.660313 1.01682 0.312474
v -0.653865 1.01405 0.319451
v -0.657255 1.01466 0.300823
v -0.643746 1.01215 0.304884
v -0.663145 1.0233 0.326406
v -0.659957 1.02211 0.335014
v -0.653777 1.02039 0.314793
v -0.645178 1.02464 0.326127
v -0.664992 1.02489 0.329528
v -0.641171 1.02957 0.344164
v -0.64922 1.0228 0.320788
v -0.637979 1.02724 0.323391
v -0.681793 1.03776 0.342463
v -0.668082 1.03995 0.355344
v -0.665571 1.03866 0.326465
v -0.657531 1.03401 0.339965
v -0.674058 1.04198 0.347053
v -0.666115 1.04196 0.361629
v -0.661516 1.04069 0.337301
v -0.657943 1.03734 0.348084
v -0.65224 1.02096 0.345773
v -0.645577 1.01458 0.363322
v -0.642066 1.01814 0.339519
v -0.635196 1.01923 0.351346
v -0.684653 1.00062 0.303562
v -0.676968 0.997043 0.308787
v -0.674398 0.995058 0.290492
v -0.663174 0.996938 0.297765
v -0.68827 1.0131 0.318941
v -0.677789 1.01217 0.328598
v -0.678866 1.00946 0.303544
v -0.668771 1.01221 0.317661
v -0.664325 1.03316 0.307617
v -0.646124 1.02703 0.32256
v -0.650762 1.03368 0.292626
v -0.635392 1.02928 0.308533
v -0.673015 1.0152 0.345955
v -0.663162 1.0179 0.354563
v -0.660138 1.01866 0.338023
v -0.648866 1.01369 0.346285
v -0.651444 1.03687 0.341764
v -0.643101 1.03197 0.345076
v -0.64286 1.03807 0.329124
v -0.629499 1.03473 0.332938
v -0.684872 1.00228 0.316132
v -0.66995 0.995883 0.322525
v -0.678421 0.996839 0.305861
v -0.666844 0.998754 0.3142
v -0.663014 1.01458 0.307905
v -0.650767 1.01222 0.316925
v -0.650467 1.01591 0.295828
v -0.644009 1.0121 0.301432
v -0.675906 1.02181 0.299882
v -0.665409 1.02745 0.309386
v -0.659513 1.02373 0.291245
v -0.647282 1.02675 0.303744
v -0.669128 1.04502 0.318202
v -0.654306 1.04286 0.322506
v -0.653084 1.04759 0.300218
v -0.637948 1.04073 0.313489
v -0.686296 1.01953 0.321437
v -0.673209 1.02133 0.338819
v -0.664685 1.02718 0.311501
v -0.659138 1.0279 0.331241
v -0.66586 1.04001 0.329072
v -0.660111 1.04067 0.34328
v -0.654466 1.0398 0.325313
v -0.640535 1.04243 0.337902
v -0.672217 1.01478 0.291599
v -0.664061 1.01521 0.307515
v -0.656679 1.01818 0.286838
v -0.651174 1.01384 0.300576
v -0.685203 1.02609 0.305605
v -0.669556 1.02454 0.311732
v -0.679528 1.02907 0.288814
v -0.665383 1.02719 0.295518
v -0.684019 1.02614 0.324545
v -0.67362 1.02676 0.328313
v -0.67421 1.02583 0.305225
v -0.662784 1.03342 0.31535
v -0.682342 1.03371 0.320638
v -0.668997 1.03816 0.340026
v -0.673662 1.03502 0.306235
v -0.656111 1.03933 0.323403
v -0.657881 1.02221 0.340045
v -0.645123 1.02477 0.353598
v -0.642737 1.01851 0.329609
v -0.637946 1.02437 0.341868
v -0.672871 1.03549 0.344337
v -0.664374 1.0391 0.356698
v -0.663139 1.03701 0.335476
v -0.650914 1.04108 0.342638
v -0.682981 0.998924 0.311957
v -0.675321 0.999364 0.322846
v -0.674187 0.999623 0.30613
v -0.66489 0.999011 0.320563
v -0.670603 1.01162 0.295058
v -0.657902 1.0096 0.306668
v -0.6547 1.01327 0.292691
v -0.649977 1.00989 0.299753
v -0.669193 1.0442 0.308162
v -0.65199 1.04318 0.320357
v -0.656636 1.03929 0.29295
v -0.639104 1.03793 0.309961
v -0.676011 1.02072 0.346981
v -0.665399 1.02139 0.349952
v -0.664647 1.01612 0.329575
v -0.65633 1.01785 0.340454
v -0.669084 1.03048 0.337283
v -0.664141 1.02697 0.351337
v -0.656278 1.02713 0.325948
v -0.648887 1.02807 0.342319
v -0.662739 1.00336 0.296169
v -0.654897 1.00071 0.302359
v -0.654053 1.00292 0.28694
v -0.646541 1.00181 0.297477
v -0.666261 1.03192 0.304926
v -0.65592 1.03134 0.316603
v -0.656539 1.02706 0.295504
v -0.651149 1.03009 0.30907
v -0.680705 1.03412 0.30375
v -0.67128 1.03672 0.315783
v -0.666791 1.03344 0.291012
v -0.656593 1.03643 0.306442
v -0.66363 1.03994 0.329333
v -0.652111 1.04073 0.343908
v -0.655688 1.03752 0.312328
v -0.638048 1.04089 0.332084
v -0.676243 1.04059 0.356858
v -0.663036 1.03404 0.364937
v -0.664869 1.03831 0.339383
v -0.651271 1.03469 0.353325
v -0.670994 1.02561 0.355568
v -0.658819 1.02373 0.366134
v -0.662226 1.02087 0.347078
v -0.647792 1.02469 0.354692
v -0.663869 1.01088 0.31768
v -0.651379 1.00985 0.327274
v -0.653772 1.00996 0.308421
v -0.647752 1.00599 0.317235
v -0.683063 1.02726 0.330574
v -0.668582 1.02488 0.338952
v -0.663157 1.02327 0.31267
v -0.655488 1.02672 0.333099
v -0.660795 1.04069 0.335016
v -0.64926 1.0437 0.347127
v -0.650166 1.03652 0.318626
v -0.64207 1.0401 0.339286
v -0.660955 1.03631 0.352582
v -0.648421 1.03932 0.366541
v -0.651468 1.04044 0.347227
v -0.644029 1.03651 0.357762
v -0.654237 1.02539 0.342453
v -0.64071 1.02622 0.349053
v -0.641941 1.02605 0.330871
v -0.630705 1.02534 0.339021
v -0.683667 1.03167 0.311556
v -0.666525 1.03392 0.323701
v -0.671461 1.03338 0.298068
v -0.658357 1.03543 0.305749
v -0.675412 1.04601 0.327008
v -0.665734 1.04731 0.334763
v -0.665743 1.04343 0.308891
v -0.6554 1.04467 0.311959
v -0.650992 1.02502 0.349819
v -0.641049 1.02593 0.361524
v -0.640197 1.02977 0.336566
v -0.634357 1.02535 0.350518
v -0.673587 1.02114 0.351273
v -0.664824 1.024 0.361882
v -0.660056 1.02293 0.33669
v -0.654527 1.02666 0.351288
v -0.664786 1.00195 0.294944
v -0.650683 1.00686 0.304075
v -0.658576 1.00192 0.285164
v -0.642439 1.00501 0.294935
v -0.682825 1.01057 0.311328
v -0.671943 1.01005 0.317674
v -0.679747 1.01026 0.296491
v -0.667216 1.00779 0.303123
v -0.680777 1.02146 0.305024
v -0.666399 1.02512 0.318346
v -0.677852 1.02234 0.293329
v -0.662694 1.02917 0.301628
v -0.676143 1.02231 0.316019
v -0.661098 1.02192 0.328844
v -0.659352 1.02067 0.295003
v -0.642842 1.02772 0.314555
v -0.678495 1.02975 0.353015
v -0.668829 1.024 0.361751
v -0.668921 1.02877 0.339937
v -0.654676 1.02442 0.349677
v -0.674824 1.03671 0.347414
v -0.66865 1.03778 0.35623
v -0.662504 1.03097 0.339005
v -0.657714 1.03593 0.347138
v -0.665917 1.03686 0.318588
v -0.663169 1.03712 0.337646
v -0.650846 1.03414 0.315554
v -0.647054 1.03803 0.325707
v -0.676312 1.04626 0.324042
v -0.660683 1.04928 0.336354
v -0.671967 1.04242 0.30908
v -0.656325 1.04905 0.324449
v -0.662467 1.0288 0.33162
v -0.651866 1.02676 0.342739
v -0.649106 1.02475 0.315443
v -0.636509 1.02563 0.328327
v -0.654731 1.02402 0.358885
v -0.645148 1.02494 0.364221
v -0.647398 1.0219 0.348873
v -0.635107 1.0244 0.353305
v -0.678025 1.00189 0.301237
v -0.664044 1.0088 0.308812
v -0.670605 1.00539 0.287894
v -0.656976 1.00405 0.296576
v -0.66815 1.00657 0.313552
v -0.652467 1.01267 0.32765
v -0.658233 1.00521 0.299088
v -0.640094 1.01108 0.312452
v -0.68776 1.00862 0.300978
v -0.675125 1.00769 0.32164
v -0.673145 1.01205 0.296455
v -0.661701 1.00758 0.31509
v -0.662506 1.02806 0.317672
v -0.651284 1.03689 0.326073
v -0.65873 1.02849 0.303713
v -0.646949 1.03164 0.313124
v -0.669711 1.01947 0.30495
v -0.656845 1.01915 0.315111
v -0.658503 1.02 0.292788
v -0.649759 1.01913 0.304744
v -0.670835 1.0163 0.292671
v -0.665627 1.01781 0.299672
v -0.664292 1.01579 0.279803
v -0.651372 1.01763 0.290275
v -0.668923 1.0176 0.288836
v -0.660982 1.02002 0.298022
v -0.658975 1.01857 0.279451
v -0.647787 1.02055 0.295004
v -0.671044 0.992422 0.301402
v -0.655312 0.993938 0.312912
v -0.662234 0.993883 0.291976
v -0.649679 0.989777 0.302783
v -0.662253 1.01615 0.312596
v -0.649267 1.02076 0.320719
v -0.652897 1.01153 0.297106
v -0.640062 1.01944 0.31453
v -0.677365 1.01094 0.311475
v -0.666357 1.01315 0.321332
v -0.663371 1.00919 0.297632
v -0.65317 1.00927 0.306198
v -0.678026 1.01094 0.285796
v -0.666359 1.01219 0.294597
v -0.667632 1.01335 0.275063
v -0.657206 1.01098 0.285937
v -0.667468 1.01677 0.292431
v -0.650385 1.01541 0.301801
v -0.651977 1.02099 0.281115
v -0.643215 1.01976 0.29383
v -0.690501 1.02478 0.297514
v -0.681242 1.01989 0.312956
v -0.672868 1.02535 0.285778
v -0.657576 1.01889 0.305033
v -0.656208 1.02424 0.30365
v -0.647297 1.01782 0.313787
v -0.640891 1.02285 0.295388
v -0.634824 1.01896 0.313022
v -0.662559 1.01598 0.290376
v -0.649447 1.02237 0.296865
v -0.655432 1.01799 0.272002
v -0.641181 1.02237 0.284588
v -0.673162 1.01538 0.306082
v -0.663374 1.01045 0.312054
v -0.666991 1.01199 0.287608
v -0.655875 1.00916 0.297864
v -0.678633 0.995537 0.289403
v -0.669026 1.00106 0.305054
v -0.66288 1.00106 0.28213
v -0.65262 0.99359 0.29804
v -0.677988 1.03148 0.314287
v -0.66297 1.02684 0.324041
v -0.66587 1.02822 0.303663
v -0.64691 1.02756 0.308469
v -0.661378 1.02417 0.323602
v -0.642984 1.02451 0.331126
v -0.651238 1.02294 0.316757
v -0.641079 1.02452 0.32268
v -0.675671 1.01704 0.276128
v -0.664558 1.01625 0.288379
v -0.665197 1.01624 0.273725
v -0.653524 1.01824 0.284237
v -0.655374 1.00173 0.303447
v -0.639439 1.00225 0.311851
v -0.641997 1.00494 0.287735
v -0.63477 1.00165 0.299467
v -0.680878 1.0164 0.30395
v -0.664563 1.01767 0.307186
v -0.672725 1.0201 0.282019
v -0.65905 1.01199 0.294365
v -0.693425 1.02306 0.31707
v -0.672112 1.01644 0.330544
v -0.685177 1.0198 0.304282
v -0.662303 1.01483 0.310163
v -0.676456 1.0134 0.32215
v -0.666629 1.01581 0.330885
v -0.664908 1.01688 0.31263
v -0.661282 1.01539 0.324538
v -0.666359 0.995594 0.273938
v -0.653296 0.998742 0.279494
v -0.653349 0.998769 0.26529
v -0.641344 0.996712 0.27039
v -0.675139 1.00932 0.298622
v -0.664994 1.00464 0.306535
v -0.656988 1.00658 0.290575
v -0.651586 1.00295 0.299876
v -0.676159 0.997766 0.302664
v -0.667969 0.997576 0.318539
v -0.65696 0.991182 0.293874
v -0.651697 0.993122 0.309592
v -0.669272 1.0192 0.322354
v -0.661003 1.02574 0.331166
v -0.660299 1.02126 0.305917
v -0.641895 1.02142 0.322295
v -0.66349 1.01025 0.321955
v -0.654668 1.01325 0.333251
v -0.65184 1.01083 0.313057
v -0.641379 1.00915 0.327487
v -0.654001 1.00812 0.318949
v -0.650505 1.00942 0.327532
v -0.647392 1.00997 0.308021
v -0.639592 1.00834 0.318336
v -0.659946 0.999163 0.291423
v -0.646595 0.999494 0.301714
v -0.64671 0.998237 0.283294
v -0.639713 0.998389 0.287904
v -0.662449 1.00881 0.306125
v -0.655204 1.00326 0.316964
v -0.653891 1.00857 0.292281
v -0.641532 1.0042 0.308412
v -0.670447 1.0171 0.287621
v -0.662047 1.01413 0.296021
v -0.6562 1.01807 0.278441
v -0.641145 1.01847 0.292218
v -0.665114 1.01683 0.301695
v -0.651603 1.01251 0.313148
v -0.653535 1.01723 0.290973
v -0.642089 1.01099 0.303579
v -0.678034 1.02155 0.313436
v -0.669336 1.02044 0.329966
v -0.669852 1.02133 0.309555
v -0.659476 1.02336 0.323768
v -0.658452 0.999463 0.293359
v -0.648086 0.993381 0.305636
v -0.643038 0.99547 0.283908
v -0.638877 0.997974 0.293309
v -0.681456 1.01019 0.302171
v -0.668523 1.00054 0.309465
v -0.669902 1.00405 0.289086
v -0.6597 1.0005 0.295157
v -0.664586 1.01009 0.31083
v -0.651184 1.00745 0.316838
v -0.656153 1.01144 0.297106
v -0.643893 1.00842 0.309374
v -0.675113 1.02606 0.322772
v -0.659253 1.02927 0.334666
v -0.662248 1.02855 0.316374
v -0.654735 1.02799 0.319761
v -0.67905 1.0071 0.291373
v -0.669254 1.00584 0.304044
v -0.662733 1.00595 0.28224
v -0.656135 1.0064 0.295465
v -0.664194 0.996315 0.294831
v -0.662007 0.998894 0.306472
v -0.653 0.993518 0.288221
v -0.645462 1.00077 0.302797
v -0.660439 1.01211 0.302403
v -0.649345 1.00563 0.317955
v -0.64363 1.01073 0.292627
v -0.633332 1.01286 0.311567
v -0.685491 1.01054 0.322343
v -0.670679 1.0161 0.336664
v -0.671734 1.01178 0.314083
v -0.664407 1.01359 0.322225
v -0.665915 1.00648 0.329666
v -0.655884 1.00908 0.33401
v -0.658001 1.01157 0.320107
v -0.648837 1.00585 0.32848
v -0.666966 0.98843 0.290093
v -0.65468 0.993024 0.300552
v -0.656715 0.991005 0.280924
v -0.646272 0.991371 0.289976
v -0.653383 1.00166 0.302078
v -0.642178 0.997996 0.312014
v -0.645637 1.00131 0.289368
v -0.632859 0.998436 0.296136
v -0.680207 1.00799 0.283773
v -0.672505 1.00617 0.297367
v -0.66418 1.01525 0.273423
v -0.657684 1.01078 0.288607
v -0.667329 1.01623 0.307893
v -0.653227 1.02312 0.325221
v -0.648815 1.02217 0.298295
v -0.641379 1.01823 0.313285
v -0.674845 1.01727 0.32087
v -0.667521 1.01856 0.337001
v -0.665037 1.01741 0.317912
v -0.660621 1.01817 0.327105
v -0.664547 1.01233 0.323306
v -0.652939 1.00815 0.331992
v -0.652493 1.01014 0.313993
v -0.644783 1.00766 0.328652
v -0.68562 1.00497 0.320297
v -0.673697 1.00651 0.333817
v -0.664606 1.00621 0.301515
v -0.657501 1.00518 0.325452
v -0.650225 1.00314 0.326431
v -0.641641 0.995528 0.344226
v -0.641862 1.00289 0.317611
v -0.627834 0.997347 0.335901
v -0.649938 0.993619 0.334656
v -0.63893 0.994328 0.350082
v -0.637593 0.993887 0.324368
v -0.630905 0.992821 0.337238
v -0.665602 1.00994 0.302955
v -0.655941 1.01499 0.315281
v -0.65911 1.01559 0.290291
v -0.650598 1.01302 0.300642
v -0.680379 1.01711 0.333968
v -0.662884 1.02114 0.349863
v -0.658452 1.02273 0.322443
v -0.647914 1.01842 0.33393
v -0.655136 1.00864 0.34277
v -0.649033 1.00761 0.356664
v -0.645993 1.00873 0.332307
v -0.631754 1.00623 0.345536
v -0.642112 1.00315 0.331637
v -0.627665 1.00263 0.338439
v -0.633107 1.00067 0.323299
v -0.624723 0.998591 0.32636
v -0.675717 1.01754 0.318468
v -0.663238 1.01455 0.325649
v -0.673347 1.01236 0.30392
v -0.659718 1.0198 0.309792
v -0.683469 1.01596 0.314265
v -0.669359 1.0157 0.320792
v -0.673853 1.0181 0.30205
v -0.662809 1.02011 0.312868
v -0.680371 1.01806 0.328761
v -0.66939 1.01237 0.347094
v -0.667761 1.01799 0.316129
v -0.659207 1.01261 0.333558
v -0.658031 0.989924 0.337516
v -0.639912 0.990345 0.34789
v -0.645254 0.995505 0.319273
v -0.628299 0.990836 0.329429
v -0.667523 1.00491 0.339591
v -0.657849 1.00846 0.348273
v -0.658718 1.00445 0.329264
v -0.647 1.00629 0.336149
v -0.666198 1.01889 0.3084
v -0.662231 1.02363 0.323527
v -0.652409 1.02078 0.302928
v -0.646972 1.02366 0.314657
v -0.670705 1.01184 0.313626
v -0.654076 1.01666 0.326246
v -0.653578 1.01409 0.306225
v -0.635021 1.01154 0.320361
v -0.654712 1.00427 0.321182
v -0.649383 1.00771 0.335903
v -0.640495 1.01204 0.312752
v -0.63255 1.01501 0.326204
v -0.659893 1.0112 0.323597
v -0.644311 1.01622 0.334138
v -0.653295 1.01516 0.313245
v -0.642136 1.01469 0.321474
v -0.659505 1.0037 0.298647
v -0.652226 1.00446 0.311474
v -0.6546 1.00523 0.287313
v -0.644434 1.00786 0.296319
v -0.680376 0.998038 0.313593
v -0.670353 1.00114 0.32088
v -0.674428 1.00203 0.299212
v -0.665276 0.998332 0.310695
v -0.669286 0.99114 0.327683
v -0.662999 0.990894 0.339316
v -0.65305 0.9962 0.319345
v -0.649886 0.989899 0.333407
v -0.675257 1.00188 0.321384
v -0.660713 1.00585 0.329411
v -0.660613 1.00693 0.308986
v -0.656371 1.00555 0.322544
v -0.684635 1.00285 0.314769
v -0.67321 1.00142 0.331024
v -0.672482 1.00362 0.311062
v -0.660572 0.998676 0.325854
v -0.667518 1.0215 0.325623
v -0.657383 1.01734 0.345602
v -0.650295 1.02471 0.316166
v -0.632503 1.01531 0.332215
v -0.663317 0.997672 0.309052
v -0.654887 0.997427 0.317914
v -0.656128 0.99697 0.296749
v -0.645279 0.998803 0.305914
v -0.673199 1.01725 0.30648
v -0.664494 1.0163 0.313712
v -0.6615 1.0165 0.294501
v -0.657205 1.01891 0.309773
v -0.657418 1.00315 0.32411
v -0.655436 1.00213 0.340269
v -0.643453 1.00603 0.31634
v -0.633863 0.999641 0.33606
v -0.662039 0.997683 0.315115
v -0.65055 1.00058 0.328411
v -0.640958 0.994276 0.310404
v -0.633751 0.996373 0.326569
v -0.654458 1.00999 0.318593
v -0.641497 1.01179 0.333479
v -0.647408 1.01214 0.312769
v -0.635287 1.00803 0.323909
v -0.666152 1.01856 0.337813
v -0.651865 1.01654 0.347617
v -0.660674 1.01678 0.322674
v -0.643283 1.0134 0.339463
v -0.645169 1.01048 0.335241
v -0.637759 1.01041 0.351415
v -0.636767 1.00739 0.32842
v -0.627712 1.01176 0.33609
v -0.681167 0.994972 0.304278
v -0.673973 0.99669 0.312016
v -0.674697 0.998398 0.296461
v -0.665645 0.997327 0.303344
v -0.661569 0.998994 0.316712
v -0.654858 1.0027 0.330994
v -0.645738 1.00215 0.306248
v -0.633506 0.999622 0.319473
v -0.65792 1.01025 0.324296
v -0.646928 1.01488 0.343455
v -0.643366 1.01411 0.313502
v -0.635814 1.01149 0.329779
v -0.646942 0.999345 0.324452
v -0.638344 0.99964 0.335648
v -0.63566 0.997882 0.3165
v -0.626282 0.99514 0.322702
v -0.682054 1.01115 0.30007
v -0.67255 1.01127 0.306278
v -0.672548 1.00764 0.289783
v -0.666058 1.01356 0.296906
v -0.680489 1.01318 0.312907
v -0.671686 1.01469 0.32703
v -0.668147 1.01639 0.304915
v -0.658477 1.01914 0.316224
v -0.664622 1.00692 0.316711
v -0.654872 1.00152 0.333204
v -0.65508 1.00578 0.311535
v -0.647919 1.00444 0.32353
v -0.675405 1.00795 0.276194
v -0.662124 1.00181 0.28142
v -0.662633 1.0114 0.26179
v -0.651152 1.00375 0.267526
v -0.683096 1.02909 0.289902
v -0.66376 1.02406 0.298359
v -0.675764 1.02905 0.274586
v -0.653239 1.03113 0.282778
v -0.677188 1.01795 0.313653
v -0.667223 1.01264 0.323505
v -0.671068 1.01568 0.301958
v -0.659436 1.0122 0.310304
v -0.659575 1.01555 0.271139
v -0.655373 1.01561 0.280466
v -0.649297 1.01681 0.262733
v -0.643643 1.01308 0.278339
v -0.681684 1.01857 0.297507
v -0.67532 1.02532 0.31145
v -0.673594 1.01954 0.281426
v -0.655096 1.02451 0.293896
v -0.676823 1.01012 0.285713
v -0.668033 1.01301 0.299196
v -0.664202 1.01278 0.277044
v -0.656695 1.00776 0.290498
v -0.687721 1.01524 0.291964
v -0.678752 1.01493 0.305786
v -0.683387 1.01147 0.284535
v -0.67006 1.0169 0.290727
v -0.666357 1.01574 0.293111
v -0.658547 1.01889 0.30531
v -0.661323 1.01645 0.279958
v -0.651709 1.01719 0.29494
v -0.66537 1.01984 0.297091
v -0.645735 1.02241 0.309445
v -0.650272 1.02119 0.278652
v -0.640715 1.02049 0.286
v -0.68228 1.01106 0.28869
v -0.668094 1.01089 0.296938
v -0.661427 1.00804 0.275857
v -0.656089 1.01402 0.29057
v -0.664809 1.0152 0.306296
v -0.652366 1.01287 0.311551
v -0.65446 1.02072 0.295138
v -0.642996 1.01623 0.299787
v -0.672189 0.99615 0.291155
v -0.665631 0.99748 0.30016
v -0.661441 0.991624 0.282176
v -0.65288 0.995388 0.290914
v -0.663894 1.01067 0.290332
v -0.649155 1.01701 0.298721
v -0.655376 1.00981 0.273824
v -0.634095 1.01849 0.281487
v -0.671001 1.01913 0.286914
v -0.660916 1.01673 0.293864
v -0.664003 1.01344 0.272971
v -0.65092 1.01712 0.288178
v -0.676746 1.0258 0.315247
v -0.667381 1.02188 0.321573
v -0.665167 1.02461 0.30214
v -0.657212 1.01997 0.314389
v -0.651227 1.00115 0.28305
v -0.641538 0.999946 0.293175
v -0.643565 0.999167 0.273375
v -0.634091 1.00121 0.277586
v -0.673584 1.02678 0.30564
v -0.662912 1.02765 0.320479
v -0.653381 1.02948 0.29303
v -0.642937 1.02977 0.308098
v -0.69447 1.02642 0.29779
v -0.680893 1.02359 0.311311
v -0.676934 1.02608 0.291381
v -0.66878 1.02379 0.297904
v -0.683025 1.0329 0.302772
v -0.669324 1.03393 0.322458
v -0.664352 1.03192 0.292062
v -0.656158 1.03395 0.304775
v -0.683493 1.00937 0.291396
v -0.669151 1.01111 0.303102
v -0.675123 1.00929 0.282081
v -0.659928 1.01067 0.291576
v -0.674621 0.998546 0.285224
v -0.66902 0.996961 0.300259
v -0.6664 0.997779 0.274824
v -0.653722 0.99764 0.287146
v -0.679574 1.0262 0.275233
v -0.661636 1.02864 0.290742
v -0.657712 1.02731 0.261649
v -0.650966 1.03311 0.278859
v -0.67372 1.01426 0.30174
v -0.657383 1.01545 0.313252
v -0.66793 1.01109 0.293764
v -0.655081 1.00941 0.298877
v -0.663065 1.00748 0.292831
v -0.656049 1.0022 0.309274
v -0.648934 1.00894 0.289093
v -0.644942 1.00284 0.29662
v -0.688511 1.01306 0.314905
v -0.679057 1.02064 0.317557
v -0.681586 1.01761 0.303489
v -0.670256 1.01543 0.309559
v -0.664033 0.997822 0.289051
v -0.656227 0.991801 0.300092
v -0.652092 0.993321 0.283062
v -0.641007 0.990145 0.294353
v -0.681176 1.03046 0.285392
v -0.66699 1.0283 0.303681
v -0.660558 1.03186 0.281649
v -0.651661 1.03569 0.296243
v -0.674529 1.01372 0.30323
v -0.660397 1.01756 0.30989
v -0.657842 1.01464 0.283738
v -0.641474 1.01566 0.300212
v -0.682488 1.01398 0.285566
v -0.670352 1.01127 0.294296
v -0.673164 1.01604 0.276414
v -0.662941 1.01 0.284358
v -0.663423 1.01478 0.294408
v -0.656908 1.01407 0.304168
v -0.65651 1.01313 0.288616
v -0.643312 1.01236 0.294392
v -0.676755 1.0039 0.278295
v -0.663688 0.995843 0.281401
v -0.666328 1.00386 0.257407
v -0.653285 1.00252 0.270183
v -0.67434 0.996112 0.26746
v -0.664282 0.998278 0.275813
v -0.662277 1.00009 0.256547
v -0.652589 0.993352 0.268922
v -0.667349 1.01466 0.270967
v -0.660298 1.01991 0.288746
v -0.658738 1.01386 0.266748
v -0.651784 1.01618 0.282214
v -0.673794 0.999018 0.277923
v -0.664103 1.0008 0.296686
v -0.657817 1.00354 0.27445
v -0.652152 1.00024 0.29416
v -0.679007 1.02138 0.273141
v -0.673033 1.01862 0.281812
v -0.671381 1.02216 0.263866
v -0.659205 1.01938 0.276743
v -0.656795 0.998948 0.297635
v -0.639253 1.00557 0.300625
v -0.649706 1.00313 0.280743
v -0.638602 1.00342 0.286926
v -0.686387 1.02211 0.288432
v -0.67212 1.02226 0.304575
v -0.669473 1.0188 0.276883
v -0.65517 1.0218 0.294206
v -0.667822 1.0177 0.282556
v -0.665462 1.01139 0.294251
v -0.65464 1.01575 0.278121
v -0.652808 1.0123 0.289822
v -0.660962 1.01928 0.274729
v -0.650456 1.01628 0.288597
v -0.656853 1.01518 0.265968
v -0.641272 1.01163 0.274004
v -0.685632 1.02041 0.268476
v -0.6767 1.01559 0.284986
v -0.669475 1.01571 0.26024
v -0.664975 1.02008 0.276219
v -0.66816 0.997673 0.272988
v -0.662709 1.00222 0.283453
v -0.661563 0.995876 0.260373
v -0.652025 1.00207 0.26993
v -0.669429 1.01203 0.267288
v -0.659857 1.02068 0.278798
v -0.654085 1.01971 0.259134
v -0.640445 1.01809 0.26791
v -0.677666 1.01613 0.270347
v -0.667172 1.02404 0.280016
v -0.663773 1.02158 0.261861
v -0.657758 1.02311 0.26975
v -0.674929 1.01095 0.26809
v -0.671754 1.01 0.281429
v -0.664747 1.01175 0.264096
v -0.659478 1.00967 0.276646
v -0.662497 1.02308 0.280306
v -0.648944 1.02219 0.292955
v -0.653611 1.02206 0.264718
v -0.639049 1.01622 0.279834
v -0.660434 0.993175 0.290866
v -0.647273 0.993823 0.295817
v -0.648345 0.993949 0.280612
v -0.637572 0.994 0.287187
v -0.674245 1.02904 0.271447
v -0.661381 1.02217 0.286328
v -0.660659 1.02299 0.255264
v -0.651357 1.01838 0.268999
v -0.684411 1.00502 0.286536
v -0.680049 1.0089 0.297799
v -0.679293 1.00613 0.276438
v -0.669755 1.00413 0.287551
v -0.69083 1.01385 0.293256
v -0.668572 1.01155 0.304997
v -0.672499 1.00744 0.276037
v -0.658228 1.01191 0.290974
v -0.681566 1.01622 0.262006
v -0.678459 1.01854 0.280075
v -0.673331 1.01518 0.258752
v -0.666698 1.02031 0.271768
v -0.661277 0.989751 0.294833
v -0.650678 0.992256 0.302414
v -0.656261 0.995978 0.281204
v -0.640308 0.992244 0.290307
v -0.671809 1.01197 0.297921
v -0.650923 1.0173 0.30477
v -0.662347 1.01073 0.274559
v -0.646373 1.00916 0.284521
v -0.681577 1.02429 0.274969
v -0.670755 1.02037 0.279617
v -0.673684 1.02421 0.263447
v -0.664532 1.01929 0.267557
v -0.662399 1.01568 0.311377
v -0.654786 1.01744 0.316033
v -0.654658 1.01711 0.295044
v -0.646264 1.01272 0.308021
v -0.680835 1.00937 0.315302
v -0.669283 1.01936 0.322361
v -0.6749 1.01581 0.303788
v -0.662246 1.01318 0.310427
v -0.672868 1.01983 0.303597
v -0.664539 1.01956 0.31533
v -0.664597 1.01458 0.292616
v -0.649789 1.01802 0.302828
v -0.684412 0.99448 0.305555
v -0.670809 0.99315 0.309315
v -0.671161 0.994669 0.293942
v -0.660597 0.993047 0.301187
v -0.676037 0.994281 0.311591
v -0.666952 0.994471 0.326612
v -0.665768 0.992129 0.307287
v -0.655462 0.990754 0.310753
v -0.672884 1.01839 0.301041
v -0.665652 1.01603 0.317324
v -0.661609 1.01387 0.291733
v -0.653721 1.01638 0.30792
v -0.676426 0.993028 0.30148
v -0.661185 0.990139 0.311095
v -0.661287 0.9899 0.292386
v -0.654705 0.990839 0.297506
v -0.669861 1.00378 0.297472
v -0.665198 0.999445 0.306464
v -0.667072 1.00407 0.284514
v -0.65188 1.00354 0.296887
v -0.664418 0.991809 0.300146
v -0.651441 0.997852 0.31249
v -0.655416 0.991624 0.290208
v -0.646809 1.0008 0.298884
v -0.683222 1.00547 0.318571
v -0.67017 0.99637 0.323995
v -0.678654 1.00529 0.302673
v -0.665178 0.996257 0.309138
v -0.66049 1.00366 0.306615
v -0.655973 1.00137 0.323709
v -0.64946 0.999008 0.304925
v -0.645665 1.00055 0.314073
v -0.675592 1.0085 0.317908
v -0.670467 1.00646 0.326509
v -0.667003 1.01103 0.311086
v -0.654681 1.00842 0.324791
v -0.684983 1.00127 0.299699
v -0.676531 1.00177 0.315172
v -0.674671 0.997632 0.295148
v -0.667095 0.999279 0.299112
v -0.658998 0.993509 0.321736
v -0.650147 0.995275 0.331478
v -0.656618 0.993379 0.310869
v -0.644184 0.998073 0.320783
v -0.696754 1 0.362039
v -0.695239 0.9933 0.347606
v -0.70387 1.00665 0.349287
v -0.702043 1.00146 0.359818
v -0.69275 0.993584 0.349645
v -0.694545 1.00928 0.348135
v -0.680823 1.00299 0.363578
v -0.689419 0.997007 0.352238
v -0.694789 1.00893 0.360447
v -0.683909 1.00684 0.363396
v -0.687434 0.999248 0.350729
v -0.686136 1.01437 0.350337
v -0.664716 1.00559 0.355641
v -0.675084 0.998516 0.348201
v -0.676888 1.01261 0.351509
v -0.660517 1.00795 0.341049
v -0.670534 1.00218 0.349308
v -0.673569 1.01367 0.341534
v -0.662907 1.00403 0.342513
v -0.673802 0.99705 0.337369
v -0.673634 1.01097 0.336828
v -0.655268 1.00338 0.322991
v -0.667305 0.998367 0.3207
v -0.66587 1.00835 0.329271
v -0.656675 1.00978 0.317043
v -0.667754 1.00385 0.319609
v -0.667869 1.01567 0.314629
v -0.658431 1.00517 0.3104
v -0.666004 0.999216 0.302712
v -0.668047 1.01109 0.305331
v -0.654481 1.00812 0.303656
v -0.664138 1.00531 0.297356
v -0.655094 1.01091 0.292091
v -0.647705 1.00029 0.2945
v -0.657863 0.994928 0.294076
v -0.65722 1.00561 0.298278
v -0.650004 1.00505 0.284696
v -0.65893 1.00067 0.280109
v -0.659909 1.0094 0.286651
v -0.65179 1.01035 0.271905
v -0.654468 1.0061 0.281215
v -0.659682 1.01457 0.277621
v -0.657797 1.00725 0.268591
v -0.656025 1.00313 0.277929
v -0.662269 1.01135 0.277042
v -0.660995 1.00213 0.269639
v -0.667298 0.997114 0.275575
v -0.667627 1.00711 0.275307
v -0.664593 1.00183 0.268456
v -0.672841 0.997257 0.266182
v -0.673143 1.00636 0.269516
v -0.664146 1.00565 0.258326
v -0.671769 1.00175 0.254873
v -0.672433 1.00952 0.259826
v -0.663266 1.01252 0.248261
v -0.670824 1.00828 0.247524
v -0.670397 1.01672 0.245492
v -0.660888 1.00877 0.235034
v -0.666397 1.00474 0.230799
v -0.666546 1.01277 0.230909
v -0.652742 1.00905 0.222625
v -0.659356 1.0056 0.223444
v -0.659085 1.01247 0.220434
v -0.651966 1.00403 0.209714
v -0.657622 1.00056 0.211886
v -0.657957 1.00746 0.210883
v -0.657368 1.00161 0.197941
v -0.661598 0.998441 0.194499
v -0.661628 1.00475 0.194471
v -0.652155 1.0016 0.190038
v -0.65734 0.998777 0.188975
v -0.657387 1.0044 0.191053
v -0.65283 1.00752 0.175356
v -0.6571 1.00491 0.173687
v -0.656764 1.01012 0.172935
v -0.645695 1.00489 0.157992
v -0.648488 1.0038 0.161436
v -0.650144 1.00597 0.157778
v -0.646433 1.00141 0.158061
v -0.64973 0.999587 0.155788
v -0.650461 1.00322 0.158159
v -0.677525 1.00559 0.356255
v -0.668509 0.999814 0.350865
v -0.670604 1.01133 0.348252
v -0.671102 1.0081 0.36334
v -0.663655 1.00243 0.356661
v -0.665254 1.01371 0.355133
v -0.662035 1.01064 0.363345
v -0.654046 1.00529 0.368193
v -0.654915 1.01594 0.369506
v -0.665989 1.00971 0.369198
v -0.65906 1.00489 0.375302
v -0.657059 1.01449 0.371788
v -0.667286 1.01433 0.3872
v -0.669543 1.01206 0.377981
v -0.661118 1.01658 0.37993
v -0.659233 1.00802 0.386585
v -0.668027 1.00721 0.383464
v -0.661075 1.00883 0.3774
v -0.666717 1.00149 0.383679
v -0.658633 0.997609 0.382903
v -0.660302 1.00535 0.378615
v -0.658486 1.00523 0.392419
v -0.656739 1.00257 0.384434
v -0.663361 1.00788 0.385806
v -0.646523 1.01636 0.386346
v -0.652892 1.01321 0.383078
v -0.653595 1.01947 0.387706
v -0.647822 1.02089 0.383298
v -0.648203 1.02068 0.375909
v -0.654424 1.02109 0.379897
v -0.651712 1.03103 0.376009
v -0.649554 1.02776 0.381616
v -0.647762 1.03428 0.380592
v -0.655557 1.03282 0.378686
v -0.651993 1.0303 0.383526
v -0.655984 1.03531 0.384716
v -0.65942 1.02787 0.380527
v -0.662907 1.02588 0.385105
v -0.658417 1.02984 0.386224
v -0.667694 1.03301 0.382015
v -0.662678 1.03031 0.382454
v -0.663166 1.03569 0.384297
v -0.66636 1.03009 0.387852
v -0.668899 1.02831 0.392065
v -0.665106 1.03187 0.392635
v -0.670647 1.03319 0.387741
v -0.670668 1.0313 0.39237
v -0.667579 1.03507 0.391242
v -0.680091 1.04083 0.392459
v -0.676768 1.03865 0.394255
v -0.676557 1.04299 0.393872
v -0.68471 1.04203 0.403264
v -0.682217 1.04024 0.405324
v -0.681702 1.04381 0.404513
v -0.688793 1.04549 0.413837
v -0.690257 1.04407 0.415985
v -0.689466 1.0469 0.416367
v -0.665209 1.00403 0.343812
v -0.671173 0.998333 0.335114
v -0.673942 1.00969 0.337767
v -0.657796 1.00692 0.330541
v -0.665329 1.00445 0.338917
v -0.669026 1.00937 0.329164
v -0.659615 1.00032 0.333291
v -0.665501 0.997052 0.324385
v -0.670275 1.00356 0.332097
v -0.65754 1.00803 0.3292
v -0.66273 1.00351 0.321026
v -0.666498 1.01252 0.325369
v -0.648885 1.01556 0.316666
v -0.657558 1.01062 0.31685
v -0.657486 1.02045 0.315115
v -0.648641 1.01299 0.303949
v -0.656697 1.00877 0.302333
v -0.655132 1.01717 0.298821
v -0.642367 1.00547 0.289167
v -0.649039 1.00137 0.286345
v -0.648294 1.00953 0.28491
v -0.635335 1.00189 0.274612
v -0.637807 0.998403 0.268579
v -0.639945 1.00535 0.269938
v -0.624985 1.00585 0.266502
v -0.629808 1.00293 0.262685
v -0.631151 1.00875 0.265952
v -0.631507 1.00706 0.261774
v -0.627242 1.00562 0.266724
v -0.624977 1.00849 0.261122
v -0.628427 1.00822 0.267532
v -0.625988 1.00555 0.26198
v -0.629913 1.01088 0.261615
v -0.616601 1.01515 0.261752
v -0.621648 1.01316 0.264402
v -0.618123 1.01713 0.267276
v -0.620516 1.01992 0.264809
v -0.62087 1.01803 0.259422
v -0.624712 1.0218 0.261367
v -0.617794 1.02884 0.257028
v -0.614735 1.02754 0.260927
v -0.612816 1.03012 0.256939
v -0.619286 1.0354 0.26072
v -0.614806 1.03386 0.260582
v -0.616137 1.03693 0.263942
v -0.620835 1.03028 0.265102
v -0.617201 1.02808 0.266244
v -0.617097 1.03247 0.26597
v -0.624276 1.0313 0.279619
v -0.621287 1.02954 0.280661
v -0.621674 1.03305 0.281462
v -0.66241 1.00795 0.347757
v -0.669036 1.00321 0.33896
v -0.673163 1.01265 0.345094
v -0.659268 1.01405 0.342197
v -0.664951 1.00856 0.33383
v -0.66756 1.01949 0.33628
v -0.656868 1.01774 0.335775
v -0.658292 1.01314 0.325963
v -0.652416 1.02231 0.326847
v -0.64634 1.01229 0.336809
v -0.647894 1.00705 0.327906
v -0.64839 1.01748 0.327937
v -0.633687 1.01301 0.3333
v -0.630956 1.00823 0.325318
v -0.63272 1.01776 0.324856
v -0.624763 1.01493 0.334918
v -0.622706 1.01047 0.327141
v -0.620522 1.01936 0.328013
v -0.605529 1.01091 0.339773
v -0.612769 1.00828 0.336331
v -0.607743 1.01351 0.332027
v -0.604608 1.00095 0.335041
v -0.59952 0.99783 0.329986
v -0.60378 1.00404 0.327874
v -0.603446 1.00366 0.334333
v -0.597812 0.999944 0.330841
v -0.59707 1.00736 0.33235
v -0.598878 1.00203 0.34248
v -0.594975 0.998417 0.337564
v -0.595539 1.00563 0.337109
v -0.586482 1.00372 0.348481
v -0.580894 1.00056 0.348136
v -0.580927 1.00685 0.349458
v -0.586695 1.00209 0.356124
v -0.581551 0.999163 0.357348
v -0.58138 1.005 0.355778
v -0.586815 1.00523 0.369704
v -0.583088 1.00252 0.366775
v -0.582621 1.00792 0.367419
v -0.57788 1.00282 0.381746
v -0.573825 1.00058 0.382234
v -0.573853 1.00505 0.380907
v -0.576158 1.00735 0.395306
v -0.574124 1.0055 0.398053
v -0.573269 1.00919 0.397179
v -0.58132 1.00966 0.401929
v -0.578264 1.00795 0.402391
v -0.578244 1.01135 0.401453
v -0.674726 1.00403 0.333742
v -0.667966 0.998021 0.341608
v -0.667606 1.01 0.341392
v -0.674105 1.00433 0.338308
v -0.675385 0.999027 0.348489
v -0.679795 1.00959 0.346931
v -0.683321 1.00048 0.335271
v -0.687416 0.995412 0.344206
v -0.683005 1.00551 0.345162
v -0.699915 1.00527 0.335817
v -0.69164 1.00032 0.339848
v -0.693662 1.01018 0.34266
v -0.699362 1.00262 0.339665
v -0.704312 1.00058 0.348155
v -0.695149 1.00465 0.348591
v -0.699808 1.01301 0.342036
v -0.709005 1.01127 0.343335
v -0.70384 1.01474 0.350447
v -0.707363 1.02251 0.337186
v -0.708922 1.01918 0.345318
v -0.703026 1.0258 0.344295
v -0.718234 1.0317 0.339706
v -0.715406 1.02758 0.346223
v -0.715631 1.03578 0.346374
v -0.730056 1.03127 0.344997
v -0.726687 1.02765 0.350684
v -0.728692 1.03487 0.351513
v -0.743189 1.02653 0.350891
v -0.743179 1.02318 0.356674
v -0.743214 1.02986 0.356718
v -0.760797 1.02646 0.352671
v -0.755388 1.02446 0.354003
v -0.758004 1.02843 0.357524
v -0.76594 1.01551 0.360334
v -0.762444 1.01307 0.363229
v -0.763749 1.01793 0.364346
v -0.777128 1.00963 0.370751
v -0.775912 1.00769 0.374318
v -0.777624 1.01156 0.374512
v -0.791484 1.00375 0.373048
v -0.789595 1.00204 0.375431
v -0.78908 1.00546 0.374947
v -0.790781 1.00417 0.374082
v -0.792095 1.0025 0.376713
v -0.791583 1.00583 0.376934
v -0.660388 1.00978 0.322946
v -0.661177 1.00763 0.311179
v -0.670683 1.01192 0.317092
v -0.663405 1.02337 0.319508
v -0.657756 1.01782 0.311785
v -0.657885 1.02888 0.311603
v -0.651413 1.02352 0.324573
v -0.650519 1.02014 0.314595
v -0.658254 1.02687 0.317186
v -0.649143 1.03235 0.311376
v -0.643846 1.02766 0.318216
v -0.646548 1.03701 0.319694
v -0.653145 1.03137 0.313894
v -0.647502 1.02655 0.320049
v -0.646858 1.03615 0.319484
v -0.660487 1.03231 0.328727
v -0.657005 1.02962 0.320912
v -0.652237 1.03497 0.326304
v -0.656549 1.02717 0.332487
v -0.655522 1.02419 0.32453
v -0.65016 1.03013 0.327563
v -0.650281 1.01871 0.335394
v -0.645573 1.0148 0.33054
v -0.645143 1.02259 0.330919
v -0.641208 1.01767 0.342058
v -0.634937 1.01545 0.340206
v -0.635591 1.01987 0.345469
v -0.641957 1.00607 0.351995
v -0.636739 1.00358 0.350621
v -0.636867 1.00854 0.353887
v -0.641795 1.00148 0.357984
v -0.638077 0.999396 0.361319
v -0.636773 1.00355 0.358109
v -0.642525 1.00395 0.360339
v -0.63854 1.00138 0.362386
v -0.638834 1.00651 0.362938
v -0.64701 1.00246 0.3699
v -0.64556 1.0003 0.373427
v -0.646312 1.00461 0.373678
v -0.655526 1.00083 0.37275
v -0.65524 0.999102 0.376133
v -0.653693 1.00255 0.375634
v -0.668854 1.00517 0.301062
v -0.663711 0.999732 0.310425
v -0.659898 1.01058 0.307016
v -0.676959 1.00923 0.311974
v -0.667251 1.00366 0.312861
v -0.667175 1.01475 0.311113
v -0.676043 1.01096 0.325126
v -0.667919 1.0058 0.321366
v -0.667462 1.01607 0.322348
v -0.667786 1.00959 0.33008
v -0.662942 1.00536 0.33677
v -0.666503 1.01379 0.338296
v -0.675167 1.00746 0.336587
v -0.667618 1.00395 0.339653
v -0.667328 1.01094 0.334194
v -0.671364 1.01246 0.338554
v -0.667727 1.00892 0.345017
v -0.671832 1.01597 0.346003
v -0.676119 1.00719 0.341888
v -0.677991 1.00502 0.348704
v -0.682582 1.00933 0.344833
v -0.679128 1.00287 0.339696
v -0.683 0.999467 0.344382
v -0.681644 1.00624 0.345278
v -0.686839 1.00541 0.338377
v -0.692541 1.00358 0.339471
v -0.691396 1.00723 0.334734
v -0.686234 1.00038 0.33475
v -0.690634 0.997723 0.332571
v -0.691157 1.00301 0.334276
v -0.68397 1.00455 0.320251
v -0.686848 1.00228 0.322915
v -0.68706 1.0068 0.322714
v -0.693487 1.00369 0.310191
v -0.695836 1.00208 0.312136
v -0.694844 1.00528 0.312946
v -0.664557 1.00403 0.34306
v -0.671458 0.99849 0.334975
v -0.674311 1.00954 0.338656
v -0.661057 1.0076 0.33729
v -0.662605 1.0067 0.326171
v -0.671444 1.00848 0.332919
v -0.658064 1.01641 0.329597
v -0.665673 1.01321 0.336176
v -0.668062 1.01958 0.328106
v -0.659771 1.00958 0.325121
v -0.667601 1.0053 0.329346
v -0.668705 1.01384 0.32451
v -0.664618 1.00084 0.308594
v -0.672428 0.998083 0.310491
v -0.668519 1.00357 0.315667
v -0.666187 1.00357 0.306822
v -0.672029 0.999468 0.310882
v -0.671559 1.00764 0.311568
v -0.675301 1.005 0.296277
v -0.680618 1.00149 0.299388
v -0.679964 1.00848 0.300372
v -0.685011 1.00778 0.28459
v -0.690166 1.0052 0.284442
v -0.689613 1.01034 0.286994
v -0.688746 1.01276 0.278035
v -0.693233 1.01223 0.276148
v -0.689467 1.01328 0.273201
v -0.687021 1.00782 0.275226
v -0.690917 1.00558 0.275359
v -0.690927 1.01005 0.274814
v -0.687385 1.00594 0.258828
v -0.690316 1.00459 0.259305
v -0.689487 1.00728 0.260951
v -0.663793 1.00338 0.331189
v -0.657179 1.00033 0.321667
v -0.667395 1.00641 0.320113
v -0.660089 1.01137 0.331167
v -0.658265 1.00587 0.321605
v -0.656107 1.01682 0.322205
v -0.646759 1.00934 0.333589
v -0.646657 1.00528 0.324128
v -0.652694 1.01337 0.326148
v -0.646618 1.01469 0.329147
v -0.639488 1.01002 0.324862
v -0.640718 1.01933 0.323196
v -0.637162 1.01682 0.338216
v -0.635603 1.01247 0.330858
v -0.636332 1.02113 0.330683
v -0.626329 1.01791 0.338879
v -0.621836 1.01423 0.334012
v -0.623397 1.02156 0.332886
v -0.618916 1.0207 0.340955
v -0.613036 1.01829 0.339105
v -0.613334 1.02309 0.343651
v -0.618914 1.01323 0.349689
v -0.614511 1.01154 0.346537
v -0.613639 1.0149 0.351024
v -0.615246 1.01134 0.353605
v -0.617991 1.01013 0.349034
v -0.613097 1.01255 0.348701
v -0.611228 1.00066 0.352472
v -0.608799 0.99866 0.349359
v -0.61054 1.00265 0.348557
v -0.654781 1.00029 0.302532
v -0.654105 0.994271 0.292185
v -0.653874 1.00626 0.292123
v -0.652555 1.00018 0.301412
v -0.644592 0.995137 0.294965
v -0.648953 1.00519 0.291749
v -0.643106 1.00473 0.306863
v -0.641773 0.999519 0.297913
v -0.640673 1.0099 0.298076
v -0.630149 1.00317 0.308489
v -0.625126 0.998905 0.302439
v -0.627518 1.00741 0.301019
v -0.616607 1.00768 0.314965
v -0.612509 1.00506 0.309299
v -0.617693 1.01028 0.308019
v -0.615967 1.01137 0.310549
v -0.610915 1.00935 0.314854
v -0.609394 1.01339 0.309418
v -0.615583 1.01529 0.316813
v -0.610876 1.01217 0.313699
v -0.61201 1.01838 0.312391
v -0.605091 1.01889 0.326628
v -0.602869 1.01648 0.322752
v -0.604395 1.02129 0.322183
v -0.594573 1.02308 0.3283
v -0.591279 1.02131 0.328372
v -0.591454 1.02485 0.327167
v -0.648278 1.00029 0.292111
v -0.660143 0.998589 0.292387
v -0.654385 1.00197 0.302343
v -0.659956 1.01435 0.297024
v -0.651018 1.0113 0.292161
v -0.658031 1.01737 0.286983
v -0.65012 1.02327 0.301125
v -0.6497 1.01902 0.292519
v -0.654141 1.02749 0.293441
v -0.646357 1.02855 0.295191
v -0.639951 1.02464 0.291068
v -0.638727 1.03243 0.294407
v -0.640711 1.02559 0.304104
v -0.638143 1.02172 0.297716
v -0.639778 1.02943 0.297231
v -0.625721 1.02846 0.30662
v -0.626859 1.02522 0.300913
v -0.628441 1.03167 0.301427
v -0.617709 1.03084 0.303192
v -0.62072 1.02887 0.298676
v -0.616555 1.03278 0.297859
v -0.607613 1.02065 0.300315
v -0.61127 1.01925 0.298135
v -0.608395 1.02203 0.296108
v -0.665246 1.00978 0.310254
v -0.660921 1.00437 0.320039
v -0.666079 1.01515 0.320992
v -0.665856 1.00837 0.311015
v -0.669671 1.00304 0.320461
v -0.665338 1.01366 0.321259
v -0.685621 1.01441 0.312149
v -0.676724 1.01285 0.313174
v -0.681592 1.01597 0.320189
v -0.682188 1.00996 0.311671
v -0.681453 1.00584 0.318922
v -0.683142 1.01404 0.318951
v -0.700175 1.00693 0.314871
v -0.694647 1.00444 0.315363
v -0.696019 1.0094 0.318599
v -0.700626 1.00088 0.321534
v -0.70064 0.998657 0.325433
v -0.699875 1.00308 0.32539
v -0.709362 1.00247 0.323229
v -0.708615 1.00132 0.325968
v -0.710642 1.00361 0.325781
v -0.668278 1.00517 0.300585
v -0.666847 1.00396 0.312425
v -0.657363 1.00638 0.305507
v -0.670925 1.01821 0.311413
v -0.661954 1.01437 0.30858
v -0.666062 1.02202 0.303297
v -0.666025 1.02519 0.31591
v -0.657916 1.02202 0.315848
v -0.660132 1.02833 0.310273
v -0.661667 1.03402 0.321338
v -0.655493 1.03087 0.321806
v -0.656386 1.03714 0.324648
v -0.663742 1.02975 0.332153
v -0.65911 1.02695 0.330789
v -0.659176 1.03252 0.330471
v -0.656803 1.0306 0.347032
v -0.655721 1.02882 0.344155
v -0.655616 1.03237 0.344172
v -0.662583 1.00505 0.286698
v -0.652149 0.999533 0.284591
v -0.654059 1.01052 0.280202
v -0.657956 1.00856 0.28801
v -0.650448 1.00341 0.29271
v -0.650399 1.01366 0.292759
v -0.661979 1.00854 0.296449
v -0.656973 1.00484 0.302058
v -0.654771 1.01222 0.298754
v -0.667478 1.01524 0.311123
v -0.662644 1.01277 0.309891
v -0.663885 1.0177 0.307616
v -0.660595 1.01952 0.318788
v -0.661375 1.01776 0.315581
v -0.660077 1.02127 0.315505
v -0.67086 1.00517 0.307913
v -0.660621 0.999214 0.306079
v -0.660959 1.01109 0.304477
v -0.667966 1.00624 0.31465
v -0.659163 1.00124 0.314102
v -0.659416 1.0112 0.31223
v -0.661669 1.00893 0.331058
v -0.660883 1.00648 0.324849
v -0.656827 1.01137 0.327039
v -0.654414 1.00219 0.333499
v -0.652909 0.999988 0.330001
v -0.653233 1.00437 0.329849
v -0.659425 1.00505 0.277655
v -0.659546 1.00245 0.289359
v -0.649877 1.00763 0.284513
v -0.665318 1.01777 0.283567
v -0.661115 1.01414 0.289559
v -0.658641 1.02137 0.286679
v -0.671275 1.0233 0.294263
v -0.666794 1.02148 0.293212
v -0.667253 1.0251 0.296554
v -0.652747 1.00505 0.277863
v -0.661318 1.00041 0.284841
v -0.654796 1.00966 0.288789
v -0.662235 1.01215 0.275958
v -0.662785 1.00938 0.281851
v -0.666035 1.01489 0.280544
v -0.66866 1.00517 0.311424
v -0.662902 0.999298 0.302704
v -0.660896 1.01101 0.304316
vn 0.246611 0.968158 -0.043041
vn 0.0391618 0.998654 -0.034
vn 0.0391618 0.998654 -0.034
vn -0.170012 0.985163 -0.0234614
vn 0.290409 0.95573 0.0473619
vn 0.258533 0.964431 0.0550851
vn 0.258533 0.964431 0.0550851
vn 0.226359 0.972021 0.0627449
vn 0.22968 0.969146 0.0894587
vn 0.190139 0.977539 0.0909075
vn 0.190139 0.977539 0.0909075
vn 0.150287 0.984333 0.0922077
vn -0.374793 0.915214 0.148033
vn -0.0586754 0.994347 0.0884978
vn -0.0586754 0.994347 0.0884978
vn 0.263881 0.964363 0.0192509
vn -0.10942 0.993602 0.0279614
vn -0.317719 0.948185 -0.000819035
vn -0.317719 0.948185 -0.000819035
vn -0.511314 0.858885 -0.0295616
vn -0.539616 0.841749 -0.0165404
vn -0.0622109 0.99717 -0.0422111
vn -0.0622109 0.99717 -0.0422111
vn 0.430917 0.900576 -0.0572137
vn 0.0289595 0.989701 0.14019
vn -0.0766012 0.992052 0.0998281
vn -0.0766012 0.992052 0.0998281
vn -0.181183 0.981726 0.0581903
vn 0.493372 0.847831 0.194337
vn 0.115967 0.958774 0.259429
vn 0.115967 0.958774 0.259429
vn -0.279875 0.917292 0.283277
vn -0.335088 0.934111 0.123094
vn -0.173405 0.981963 0.0753619
vn -0.173405 0.981963 0.0753619
vn -0.00639743 0.999659 0.0253153
vn 0.0173503 0.998033 0.0602497
vn 0.230403 0.972835 0.0225044
vn 0.230403 0.972835 0.0225044
vn 0.432523 0.901475 -0.0163088
vn 0.170467 0.974678 -0.144723
vn 0.00799615 0.9916 -0.129091
vn 0.00799615 0.9916 -0.129091
vn -0.15469 0.981822 -0.109984
vn 0.0468501 0.992839 -0.109894
vn -0.0472932 0.995722 -0.0793849
vn -0.0472932 0.995722 -0.0793849
vn -0.140973 0.988844 -0.0480973
vn -0.0608099 0.997956 -0.0196223
vn -0.256222 0.964953 -0.0567187
vn -0.256222 0.964953 -0.0567187
vn -0.441217 0.892722 -0.0915095
vn -0.241591 0.967498 -0.0747069
vn -0.0843769 0.99472 -0.0584194
vn -0.0843769 0.99472 -0.0584194
vn 0.0750081 0.996355 -0.0406291
vn -0.0611451 0.989686 -0.129553
vn 0.00519646 0.989989 -0.141046
vn 0.00519646 0.989989 -0.141046
vn 0.0715145 0.985805 -0.151899
vn 0.282132 0.955272 -0.0886454
vn 0.194762 0.977019 -0.0866185
vn 0.194762 0.977019 -0.0866185
vn 0.105812 0.990841 -0.0838892
vn -0.241798 0.918559 -0.312704
vn -0.0963148 0.955457 -0.278971
vn -0.0963148 0.955457 -0.278971
vn 0.0514477 0.969745 -0.238636
vn -0.0193918 0.999216 0.0345164
vn 0.0126338 0.999249 0.0366367
vn 0.0126338 0.999249 0.0366367
vn 0.0446463 0.998252 0.0387191
vn -0.167883 0.985585 0.0209098
vn -0.0624288 0.997972 0.0124589
vn -0.0624288 0.997972 0.0124589
vn 0.0437336 0.999036 0.00386662
vn 0.246107 0.958281 -0.145361
vn 0.315938 0.936912 -0.149598
vn 0.315938 0.936912 -0.149598
vn 0.384078 0.91053 -0.153034
vn -0.15602 0.98311 0.0956646
vn -0.0534234 0.99297 0.105622
vn -0.0534234 0.99297 0.105622
vn 0.0497465 0.992183 0.114447
vn -0.435276 0.900017 0.0224572
vn 0.103452 0.992004 0.0722932
vn 0.103452 0.992004 0.0722932
vn 0.611022 0.785226 0.100357
vn 0.276902 0.941999 0.189636
vn 0.240593 0.950334 0.197433
vn 0.240593 0.950334 0.197433
vn 0.203935 0.957292 0.204943
vn 0.0909338 0.993795 0.064059
vn 0.0596768 0.995316 0.0760625
vn 0.0596768 0.995316 0.0760625
vn 0.0283528 0.995719 0.0879806
vn 0.0738147 0.963843 0.256043
vn -0.0987009 0.960637 0.259681
vn -0.0987009 0.960637 0.259681
vn -0.268277 0.928819 0.255584
vn 0.0520583 0.977348 -0.205137
vn 0.0168326 0.980279 -0.196902
vn 0.0168326 0.980279 -0.196902
vn -0.0184152 0.981918 -0.188408
vn -0.269067 0.937099 0.22237
vn -0.0541086 0.972425 0.226853
vn -0.0541086 0.972425 0.226853
vn 0.163419 0.961584 0.220567
vn -0.257163 0.953259 0.158631
vn -0.136688 0.976308 0.167746
vn -0.136688 0.976308 0.167746
vn -0.0141454 0.984587 0.174322
vn -0.191465 0.980093 -0.0525316
vn 0.0800942 0.996733 0.010383
vn 0.0800942 0.996733 0.010383
vn 0.345408 0.935649 0.0724879
vn 0.0424064 0.947635 -0.316528
vn 0.0780755 0.947164 -0.311103
vn 0.0780755 0.947164 -0.311103
vn 0.113643 0.94546 -0.305272
vn 0.654873 0.755303 -0.0256749
vn 0.389501 0.919969 0.0441079
vn 0.389501 0.919969 0.0441079
vn 0.0842416 0.990425 0.109374
vn -0.257948 0.953734 0.154451
vn -0.157671 0.978038 0.13631
vn -0.157671 0.978038 0.13631
vn -0.055664 0.991609 0.116674
vn 0.32292 0.943616 0.0728743
vn 0.0238373 0.999403 0.0249925
vn 0.0238373 0.999403 0.0249925
vn -0.277507 0.960392 -0.0252599
vn 0.286628 0.951893 0.108372
vn 0.0275027 0.999379 0.0220101
vn 0.0275027 0.999379 0.0220101
vn -0.233736 0.970054 -0.0660437
vn 0.199758 0.943072 0.265919
vn 0.0021049 0.965371 0.260872
vn 0.0021049 0.965371 0.260872
vn -0.195631 0.949452 0.245498
vn -0.0260088 0.950039 0.311047
vn 0.079474 0.947923 0.308426
vn 0.079474 0.947923 0.308426
vn 0.184072 0.935249 0.302369
vn 0.00826476 0.974611 0.223754
vn -0.139827 0.97281 0.184632
vn -0.139827 0.97281 0.184632
vn -0.284638 0.948182 0.141177
vn 0.050188 0.998417 0.0253933
vn -0.105561 0.994248 0.0181276
vn -0.105561 0.994248 0.0181276
vn -0.258741 0.96589 0.0104208
vn 0.314141 0.905014 -0.28682
vn 0.161218 0.952899 -0.256889
vn 0.161218 0.952899 -0.256889
vn 0.0040121 0.975462 -0.220132
vn -0.277321 0.907778 -0.314694
vn -0.190589 0.933477 -0.303804
vn -0.190589 0.933477 -0.303804
vn -0.102275 0.951426 -0.290392
vn 0.0949972 0.987923 0.122411
vn -0.0140227 0.994904 0.0998482
vn -0.0140227 0.994904 0.0998482
vn -0.122868 0.989505 0.0760431
vn -0.00563189 0.999814 -0.0184285
vn -0.126482 0.99164 -0.0255437
vn -0.126482 0.99164 -0.0255437
vn -0.24547 0.968866 -0.0322828
vn -0.143145 0.987753 -0.0620845
vn -0.0193337 0.99903 -0.0395645
vn -0.0193337 0.99903 -0.0395645
vn 0.104786 0.994359 -0.0164129
vn -0.083807 0.996275 0.0202974
vn -0.0363183 0.999056 0.0238514
vn -0.0363183 0.999056 0.0238514
vn 0.011253 0.999563 0.0273511
vn 0.0654724 0.997661 0.0196483
vn -0.109972 0.990788 0.079022
vn -0.109972 0.990788 0.079022
vn -0.281639 0.949879 0.135681
vn -0.320477 0.936826 0.140186
vn -0.0353617 0.997386 0.063011
vn -0.0353617 0.997386 0.063011
vn 0.252968 0.96727 -0.0198931
vn -0.0765504 0.997029 0.00852804
vn -0.095859 0.995372 0.00682541
vn -0.095859 0.995372 0.00682541
vn -0.115131 0.993337 0.00512019
vn -0.261929 0.960245 -0.0965552
vn -0.0446852 0.992564 -0.113229
vn -0.0446852 0.992564 -0.113229
vn 0.174727 0.976726 -0.124409
vn -0.631996 0.772808 -0.0578711
vn -0.266211 0.96064 -0.0793948
vn -0.266211 0.96064 -0.0793948
vn 0.144709 0.985602 -0.0874577
vn 0.273887 0.961522 -0.021498
vn 0.138814 0.989944 -0.0272311
vn 0.138814 0.989944 -0.0272311
vn 0.00109112 0.999473 -0.0324445
vn 0.289359 0.95197 -0.100124
vn 0.239823 0.964537 -0.110241
vn 0.239823 0.964537 -0.110241
vn 0.189636 0.974486 -0.12006
vn -0.3559 0.900004 0.251652
vn 0.0774005 0.98892 0.126671
vn 0.0774005 0.98892 0.126671
vn 0.494349 0.868902 -0.025073
vn -0.191246 0.970077 0.149586
vn -0.0425455 0.983853 0.173848
vn -0.0425455 0.983853 0.173848
vn 0.107129 0.975109 0.19413
vn 0.289328 0.928195 0.233971
vn 0.222657 0.944802 0.24036
vn 0.222657 0.944802 0.24036
vn 0.154926 0.95691 0.245603
vn 0.150352 0.982927 0.10606
vn -0.182193 0.982418 0.0407586
vn -0.182193 0.982418 0.0407586
vn -0.493812 0.869078 -0.0292243
vn -0.00401179 0.998429 -0.0558796
vn -0.00719882 0.998421 -0.0557054
vn -0.00719882 0.998421 -0.0557054
vn -0.0103858 0.998403 -0.0555306
vn -0.218705 0.973568 0.0658328
vn -0.0609973 0.996894 0.0498074
vn -0.0609973 0.996894 0.0498074
vn 0.0982765 0.994628 0.0325033
vn 0.179395 0.950058 0.255356
vn 0.0885033 0.968949 0.230877
vn 0.0885033 0.968949 0.230877
vn -0.00320453 0.978909 0.20427
vn -0.0220291 0.997353 -0.0692941
vn -0.266664 0.958784 -0.0980975
vn -0.266664 0.958784 -0.0980975
vn -0.494722 0.860614 -0.120803
vn -0.00166156 0.998439 0.0558369
vn 0.246461 0.969001 0.0171328
vn 0.246461 0.969001 0.0171328
vn 0.478828 0.877616 -0.0226666
vn -0.100142 0.994938 0.00841717
vn 0.0763657 0.99708 -0.000772309
vn 0.0763657 0.99708 -0.000772309
vn 0.250487 0.968069 -0.00993766
vn -0.211914 0.963359 0.164415
vn -0.0119965 0.97608 0.217081
vn -0.0119965 0.97608 0.217081
vn 0.188436 0.946925 0.260433
vn -0.317039 0.905448 0.282223
vn -0.29343 0.914429 0.27878
vn -0.29343 0.914429 0.27878
vn -0.269631 0.922816 0.275155
vn -0.146972 0.986601 0.0708302
vn 0.0544842 0.997782 0.0382354
vn 0.0544842 0.997782 0.0382354
vn 0.253664 0.967284 0.00404336
vn 0.18185 0.982055 -0.0499918
vn 0.0378548 0.999283 0.00100722
vn 0.0378548 0.999283 0.00100722
vn -0.107035 0.992895 0.0519825
vn -0.397149 0.916412 0.0496103
vn -0.313062 0.949224 0.0310962
vn -0.313062 0.949224 0.0310962
vn -0.226316 0.973976 0.0123181
vn 0.0977235 0.980574 -0.170071
vn -0.0644326 0.981539 -0.180081
vn -0.0644326 0.981539 -0.180081
vn -0.224888 0.956596 -0.185337
vn 0.172777 0.980208 -0.0966434
vn 0.0348858 0.988751 -0.145444
vn 0.0348858 0.988751 -0.145444
vn -0.103754 0.976067 -0.191123
vn 0.11027 0.977475 0.179952
vn 0.184839 0.96659 0.17759
vn 0.184839 0.96659 0.17759
vn 0.258357 0.95021 0.174218
vn -0.0361252 0.994422 -0.0990979
vn -0.0963988 0.990651 -0.0965332
vn -0.0963988 0.990651 -0.0965332
vn -0.15632 0.98326 -0.0936157
vn -0.0232454 0.998678 -0.0458394
vn -0.114582 0.991817 -0.0562949
vn -0.114582 0.991817 -0.0562949
vn -0.204945 0.976527 -0.066272
vn 0.220742 0.960057 -0.171939
vn 0.0337977 0.984472 -0.172257
vn 0.0337977 0.984472 -0.172257
vn -0.154348 0.973895 -0.166451
vn -0.304851 0.937316 -0.168833
vn 0.0257659 0.992874 -0.116351
vn 0.0257659 0.992874 -0.116351
vn 0.353415 0.934104 -0.0504717
vn -0.167834 0.970884 -0.17093
vn 0.124664 0.983122 -0.133901
vn 0.124664 0.983122 -0.133901
vn 0.406306 0.909755 -0.0852133
vn -0.378434 0.91554 -0.136292
vn -0.254448 0.953324 -0.162572
vn -0.254448 0.953324 -0.162572
vn -0.126012 0.974434 -0.186009
vn -0.0518447 0.992284 -0.112627
vn -0.00299076 0.993088 -0.117333
vn -0.00299076 0.993088 -0.117333
vn 0.0458704 0.9915 -0.121755
vn 0.311296 0.950268 0.00922619
vn 0.193306 0.980376 0.0386638
vn 0.193306 0.980376 0.0386638
vn 0.0722827 0.995098 0.0674946
vn -0.0291029 0.999555 0.00661102
vn -0.0392227 0.999193 0.00863782
vn -0.0392227 0.999193 0.00863782
vn -0.0493383 0.998725 0.0106637
vn -0.105158 0.968722 -0.224764
vn -0.0134122 0.975519 -0.219507
vn -0.0134122 0.975519 -0.219507
vn 0.0784475 0.974032 -0.212386
vn 0.102856 0.989688 0.0996876
vn 0.00280488 0.99221 0.124546
vn 0.00280488 0.99221 0.124546
vn -0.0972763 0.98418 0.14808
vn -0.125107 0.982921 0.134964
vn -0.241245 0.957902 0.155643
vn -0.241245 0.957902 0.155643
vn -0.353874 0.918954 0.174058
vn -0.501782 0.861955 0.0724408
vn -0.062295 0.998058 -0.000625656
vn -0.062295 0.998058 -0.000625656
vn 0.390711 0.91757 -0.0735563
vn 0.104283 0.992523 -0.063434
vn 0.110714 0.991789 -0.0640012
vn 0.110714 0.991789 -0.0640012
vn 0.117141 0.991014 -0.0645656
vn 0.0659775 0.996083 0.0588626
vn -0.0291506 0.997208 0.0687564
vn -0.0291506 0.997208 0.0687564
vn -0.124012 0.989209 0.0780212
vn 0.591685 0.799292 0.105078
vn 0.109897 0.990476 0.08295
vn 0.109897 0.990476 0.08295
vn -0.401472 0.915062 0.0384953
vn 0.00947406 0.998629 -0.0514786
vn 0.202054 0.978665 -0.0372646
vn 0.202054 0.978665 -0.0372646
vn 0.387019 0.921818 -0.0216463
vn 0.247621 0.963278 -0.103821
vn -0.0292727 0.990592 -0.13368
vn -0.0292727 0.990592 -0.13368
vn -0.303875 0.940335 -0.15307
vn -0.153862 0.959647 -0.235381
vn -0.200434 0.948685 -0.244588
vn -0.200434 0.948685 -0.244588
vn -0.246531 0.935471 -0.253213
vn 0.00405158 0.991307 -0.131505
vn 0.0208109 0.991352 -0.129565
vn 0.0208109 0.991352 -0.129565
vn 0.0375642 0.991116 -0.127588
vn 0.275882 0.95157 0.135659
vn 0.046997 0.99409 0.0978567
vn 0.046997 0.99409 0.0978567
vn -0.184502 0.981314 0.054611
vn -0.392007 0.916459 0.0802048
vn -0.141555 0.986866 0.077834
vn -0.141555 0.986866 0.077834
vn 0.118479 0.990472 0.0701947
vn -0.395921 0.918127 0.0170169
vn -0.403704 0.914778 0.0142967
vn -0.403704 0.914778 0.0142967
vn -0.411455 0.911357 0.0115754
vn 0.307125 0.935461 -0.174893
vn 0.161817 0.969898 -0.181968
vn 0.161817 0.969898 -0.181968
vn 0.0128925 0.982658 -0.184977
vn 0.113093 0.969971 0.21533
vn 0.186142 0.961888 0.200307
vn 0.186142 0.961888 0.200307
vn 0.258143 0.948393 0.184156
vn -0.162217 0.985828 -0.0427728
vn -0.198331 0.979332 -0.0396768
vn -0.198331 0.979332 -0.0396768
vn -0.234176 0.971508 -0.0365269
vn -0.313034 0.942828 -0.114392
vn 0.142683 0.989759 -0.00435161
vn 0.142683 0.989759 -0.00435161
vn 0.566726 0.816974 0.106655
vn 0.0610295 0.995851 -0.0675054
vn -0.0289862 0.997119 -0.0700956
vn -0.0289862 0.997119 -0.0700956
vn -0.118767 0.9903 -0.0721172
vn -0.367522 0.898898 -0.238558
vn 0.0213898 0.977264 -0.210946
vn 0.0213898 0.977264 -0.210946
vn 0.406919 0.901069 -0.149971
vn -0.246814 0.966264 -0.0735924
vn -0.0496368 0.995649 -0.0788668
vn -0.0496368 0.995649 -0.0788668
vn 0.149514 0.985436 -0.0810046
vn -0.257759 0.966173 0.00832902
vn -0.166361 0.985889 0.0186137
vn -0.166361 0.985889 0.0186137
vn -0.0734908 0.996882 0.0287336
vn 0.0812224 0.971525 0.222582
vn -0.0519473 0.972147 0.228541
vn -0.0519473 0.972147 0.228541
vn -0.184194 0.955495 0.230439
vn -0.174086 0.96647 0.188758
vn -0.0211711 0.98349 0.179719
vn -0.0211711 0.98349 0.179719
vn 0.132246 0.977148 0.16641
vn -0.376516 0.889145 -0.260109
vn -0.111128 0.975478 -0.189984
vn -0.111128 0.975478 -0.189984
vn 0.163462 0.981039 -0.104128
vn 0.346365 0.932986 0.0978134
vn 0.063274 0.996037 0.0625055
vn 0.063274 0.996037 0.0625055
vn -0.225219 0.974063 0.0218619
vn 0.173392 0.98207 -0.0739848
vn 0.279402 0.958675 -0.0536363
vn 0.279402 0.958675 -0.0536363
vn 0.382004 0.923584 -0.0326335
vn 0.0924221 0.984233 -0.150808
vn -0.238213 0.963651 -0.120957
vn -0.238213 0.963651 -0.120957
vn -0.542494 0.836456 -0.0777233
vn -0.335029 0.934833 -0.117652
vn -0.174588 0.978212 -0.11234
vn -0.174588 0.978212 -0.11234
vn -0.00931949 0.994542 -0.103921
vn -0.169181 0.972959 0.157256
vn -0.183767 0.970041 0.158906
vn -0.183767 0.970041 0.158906
vn -0.198312 0.966905 0.160521
vn 0.204043 0.92647 -0.316258
vn 0.231866 0.92285 -0.307547
vn 0.231866 0.92285 -0.307547
vn 0.25949 0.918434 -0.298571
vn 0.132763 0.93398 0.331747
vn 0.164956 0.927208 0.336265
vn 0.164956 0.927208 0.336265
vn 0.196968 0.919414 0.340413
vn 0.10294 0.975565 0.194106
vn 0.0586369 0.980438 0.18789
vn 0.0586369 0.980438 0.18789
vn 0.0142153 0.983326 0.181294
vn 0.101811 0.994771 -0.00801566
vn 0.29238 0.9563 -0.00224435
vn 0.29238 0.9563 -0.00224435
vn 0.471889 0.881651 0.00361187
vn 0.168257 0.983804 -0.0618045
vn 0.216955 0.973405 -0.0735731
vn 0.216955 0.973405 -0.0735731
vn 0.265085 0.960458 -0.0851491
vn -0.288674 0.901705 -0.321864
vn -0.225291 0.92223 -0.314222
vn -0.225291 0.92223 -0.314222
vn -0.160895 0.938609 -0.305167
vn -0.236538 0.964491 0.117503
vn -0.144565 0.983935 0.104752
vn -0.144565 0.983935 0.104752
vn -0.0512917 0.994524 0.0910585
vn 0.164264 0.974885 -0.150388
vn 0.0755324 0.983212 -0.166097
vn 0.0755324 0.983212 -0.166097
vn -0.0138177 0.983488 -0.180446
vn 0.318972 0.941338 -0.110181
vn -0.0274579 0.975207 -0.219586
vn -0.0274579 0.975207 -0.219586
vn -0.370232 0.879246 -0.299758
vn 0.257961 0.960812 0.101475
vn 0.199249 0.974146 0.106485
vn 0.199249 0.974146 0.106485
vn 0.139809 0.983925 0.111108
vn 0.0928606 0.99367 -0.0632152
vn 0.0205039 0.999231 -0.0334152
vn 0.0205039 0.999231 -0.0334152
vn -0.051979 0.998642 -0.00340952
vn -0.430439 0.902469 -0.0164816
vn -0.310806 0.949572 -0.0413773
vn -0.310806 0.949572 -0.0413773
vn -0.185842 0.98039 -0.0655633
vn 0.0532472 0.998208 -0.0272983
vn -0.00267531 0.999531 -0.0304919
vn -0.00267531 0.999531 -0.0304919
vn -0.0585895 0.997717 -0.0335898
vn -0.123903 0.985941 0.112107
vn -0.0351271 0.994342 0.100253
vn -0.0351271 0.994342 0.100253
vn 0.0539333 0.994696 0.0875878
vn 0.214527 0.955369 -0.203099
vn -0.0327629 0.961318 -0.273487
vn -0.0327629 0.961318 -0.273487
vn -0.277886 0.903683 -0.325787
vn -0.0257332 0.99062 0.134199
vn -0.0871857 0.987799 0.129043
vn -0.0871857 0.987799 0.129043
vn -0.148306 0.981213 0.123395
vn 0.267032 0.958175 0.102935
vn 0.176252 0.976642 0.122905
vn 0.176252 0.976642 0.122905
vn 0.0838894 0.986338 0.141771
vn -0.178037 0.983964 0.0108807
vn 0.00437792 0.999622 0.0271341
vn 0.00437792 0.999622 0.0271341
vn 0.186645 0.981509 0.0424707
vn 0.0777721 0.977687 -0.19514
vn 0.010105 0.976553 -0.215042
vn 0.010105 0.976553 -0.215042
vn -0.0576125 0.970559 -0.233874
vn -0.110144 0.987234 0.115052
vn 0.02139 0.992903 0.116985
vn 0.02139 0.992903 0.116985
vn 0.152553 0.981358 0.116891
vn 0.106313 0.993319 0.044881
vn 0.233203 0.97241 -0.00594539
vn 0.233203 0.97241 -0.00594539
vn 0.355635 0.932906 -0.0566581
vn 0.254916 0.955335 0.149512
vn 0.165146 0.970766 0.174184
vn 0.165146 0.970766 0.174184
vn 0.0739051 0.977553 0.197305
vn -0.018695 0.995067 -0.0974229
vn 0.0368098 0.995211 -0.0905492
vn 0.0368098 0.995211 -0.0905492
vn 0.0921995 0.992242 -0.0833922
vn 0.294128 0.939462 0.175784
vn 0.0902289 0.963736 0.25114
vn 0.0902289 0.963736 0.25114
vn -0.117987 0.941903 0.314481
vn -0.037665 0.984684 -0.170234
vn -0.0574408 0.983333 -0.172499
vn -0.0574408 0.983333 -0.172499
vn -0.0771937 0.981592 -0.174696
vn 0.17998 0.951469 0.249627
vn -0.0456457 0.986496 0.157294
vn -0.0456457 0.986496 0.157294
vn -0.268502 0.961684 0.0554194
vn -0.455649 0.883835 -0.105924
vn -0.243031 0.958456 -0.149325
vn -0.243031 0.958456 -0.149325
vn -0.0176149 0.982606 -0.184864
vn 0.0396947 0.986651 -0.157938
vn 0.0787437 0.983921 -0.160306
vn 0.0787437 0.983921 -0.160306
vn 0.117671 0.979679 -0.162427
vn -0.0508448 0.98971 0.133752
vn -0.0906132 0.988783 0.118731
vn -0.0906132 0.988783 0.118731
vn -0.130218 0.986069 0.103494
vn -0.299423 0.944643 -0.13415
vn -0.200809 0.973338 -0.110852
vn -0.200809 0.973338 -0.110852
vn -0.0999674 0.991239 -0.0863244
vn -0.34028 0.88607 0.314785
vn -0.0777369 0.956342 0.28172
vn -0.0777369 0.956342 0.28172
vn 0.190633 0.954927 0.227538
vn -0.233124 0.970652 -0.0590632
vn 0.00784534 0.993933 -0.109707
vn 0.00784534 0.993933 -0.109707
vn 0.248335 0.956412 -0.15364
vn -0.110085 0.987812 0.110041
vn -0.172476 0.979797 0.101244
vn -0.172476 0.979797 0.101244
vn -0.234172 0.967829 0.0920387
vn -0.0827738 0.996088 -0.0309331
vn -0.0310605 0.999334 -0.0191457
vn -0.0310605 0.999334 -0.0191457
vn 0.0207404 0.999758 -0.00730432
vn -0.605259 0.795848 -0.016991
vn -0.278782 0.960154 0.0196055
vn -0.278782 0.960154 0.0196055
vn 0.0853096 0.994914 0.0535567
vn -0.246393 0.947837 0.202226
vn -0.0102234 0.971928 0.235056
vn -0.0102234 0.971928 0.235056
vn 0.226533 0.940197 0.254385
vn -0.503654 0.858261 -0.0985928
vn -0.249975 0.966426 -0.0594393
vn -0.249975 0.966426 -0.0594393
vn 0.0230977 0.99961 -0.0156742
vn -0.0587136 0.997304 -0.0440252
vn -0.0442229 0.997701 -0.0513428
vn -0.0442229 0.997701 -0.0513428
vn -0.0297205 0.997836 -0.058647
vn 0.182469 0.961594 0.205042
vn 0.160233 0.964605 0.209435
vn 0.160233 0.964605 0.209435
vn 0.137913 0.967112 0.213717
vn -0.0505008 0.963636 -0.262404
vn -0.182617 0.953001 -0.241744
vn -0.182617 0.953001 -0.241744
vn -0.311447 0.925217 -0.216734
vn -0.0430878 0.998966 -0.0145347
vn 0.145996 0.989274 -0.00463836
vn 0.145996 0.989274 -0.00463836
vn 0.329832 0.944024 0.00542473
vn 0.171124 0.979009 0.110718
vn 0.127712 0.985132 0.114907
vn 0.127712 0.985132 0.114907
vn 0.0840524 0.989345 0.118874
vn 0.3553 0.927761 0.114116
vn 0.333584 0.934977 0.120581
vn 0.333584 0.934977 0.120581
vn 0.311679 0.941665 0.126978
vn -0.289625 0.92514 0.245423
vn -0.160057 0.963975 0.212445
vn -0.160057 0.963975 0.212445
vn -0.0273869 0.984125 0.17535
vn -0.396116 0.917282 0.041069
vn 0.0460896 0.998443 0.031428
vn 0.0460896 0.998443 0.031428
vn 0.478975 0.877693 0.0154314
vn 0.31284 0.940374 0.133521
vn 0.233572 0.964628 0.122213
vn 0.233572 0.964628 0.122213
vn 0.152669 0.982131 0.110051
vn -0.260699 0.965408 -0.00482536
vn -0.13226 0.99101 -0.0201726
vn -0.13226 0.99101 -0.0201726
vn -0.00152223 0.99938 -0.0351691
vn 0.0165336 0.995037 -0.098126
vn 0.0476982 0.993631 -0.102087
vn 0.0476982 0.993631 -0.102087
vn 0.0788157 0.991243 -0.105946
vn 0.0762243 0.991843 0.10216
vn 0.175198 0.976198 0.127842
vn 0.175198 0.976198 0.127842
vn 0.272297 0.950107 0.152157
vn -0.382764 0.922537 -0.049163
vn -0.258782 0.96346 -0.0691151
vn -0.258782 0.96346 -0.0691151
vn -0.130285 0.987576 -0.0878614
vn 0.0200537 0.999222 -0.0339608
vn 0.103547 0.994466 -0.0177788
vn 0.103547 0.994466 -0.0177788
vn 0.186288 0.982494 -0.00146776
vn 0.253974 0.960644 0.112517
vn 0.0126485 0.983875 0.178409
vn 0.0126485 0.983875 0.178409
vn -0.229475 0.945004 0.233041
vn 0.301208 0.95106 -0.0689809
vn -0.050383 0.993224 -0.104729
vn -0.050383 0.993224 -0.104729
vn -0.395592 0.909574 -0.127211
vn -0.134387 0.990121 -0.0400177
vn 0.0288485 0.999034 -0.0331443
vn 0.0288485 0.999034 -0.0331443
vn 0.191311 0.981201 -0.0253836
vn -0.321848 0.946784 0.00382014
vn -0.032056 0.99753 -0.0624998
vn -0.032056 0.99753 -0.0624998
vn 0.260651 0.957548 -0.123135
vn -0.207555 0.976078 -0.0647568
vn 0.117037 0.990551 -0.0714898
vn 0.117037 0.990551 -0.0714898
vn 0.429268 0.900408 -0.0706725
vn -0.0761399 0.997023 -0.0121991
vn 0.0585756 0.997636 -0.0359471
vn 0.0585756 0.997636 -0.0359471
vn 0.192195 0.97958 -0.0590224
vn 0.11295 0.993532 -0.0116487
vn -0.00503081 0.999987 0.000221096
vn -0.00503081 0.999987 0.000221096
vn -0.122941 0.99234 0.0120877
vn 0.151069 0.969913 0.190912
vn -0.106512 0.971382 0.212303
vn -0.106512 0.971382 0.212303
vn -0.356977 0.907955 0.219511
vn 0.308564 0.942149 -0.130932
vn 0.0656895 0.991634 -0.11112
vn 0.0656895 0.991634 -0.11112
vn -0.181247 0.979806 -0.0844377
vn -0.223746 0.944681 -0.239822
vn -0.164376 0.958317 -0.233687
vn -0.164376 0.958317 -0.233687
vn -0.10439 0.96836 -0.226675
vn 0.277258 0.953305 -0.11974
vn 0.243646 0.962754 -0.117224
vn 0.243646 0.962754 -0.117224
vn 0.209735 0.971023 -0.114564
vn 0.251185 0.96597 -0.0617004
vn 0.154996 0.983677 -0.0914147
vn 0.154996 0.983677 -0.0914147
vn 0.0571865 0.991104 -0.120174
vn 0.558957 0.809903 0.17783
vn 0.283278 0.938789 0.196033
vn 0.283278 0.938789 0.196033
vn -0.0187284 0.980422 0.196016
vn 0.335307 0.941994 0.0146995
vn 0.162958 0.985531 -0.046627
vn 0.162958 0.985531 -0.046627
vn -0.0151524 0.994218 -0.106305
vn 0.140733 0.989605 -0.0296157
vn 0.0300556 0.998237 -0.0511888
vn 0.0300556 0.998237 -0.0511888
vn -0.0810057 0.994102 -0.0721073
vn 0.0104787 0.999378 0.0336731
vn -0.0875202 0.995291 0.0416766
vn -0.0875202 0.995291 0.0416766
vn -0.184672 0.981564 0.0492765
vn -0.384537 0.917383 0.10266
vn -0.201343 0.968727 0.145014
vn -0.201343 0.968727 0.145014
vn -0.0104997 0.983268 0.181859
vn 0.261195 0.951349 -0.163436
vn 0.1611 0.975438 -0.150227
vn 0.1611 0.975438 -0.150227
vn 0.0592698 0.989017 -0.135399
vn 0.0543624 0.986209 -0.156322
vn 0.121141 0.978561 -0.166564
vn 0.121141 0.978561 -0.166564
vn 0.187359 0.966389 -0.176035
vn 0.286432 0.958021 0.0123396
vn 0.119687 0.992329 0.0309451
vn 0.119687 0.992329 0.0309451
vn -0.0505691 0.997535 0.048643
vn 0.265091 0.887008 0.37808
vn 0.0568426 0.944543 0.323432
vn 0.0568426 0.944543 0.323432
vn -0.154229 0.955168 0.252721
vn -0.0307738 0.99925 0.0235016
vn -0.247453 0.96623 0.0718781
vn -0.247453 0.96623 0.0718781
vn -0.451666 0.884531 0.116633
vn 0.312662 0.949852 -0.00476599
vn 0.282331 0.959315 0.00205803
vn 0.282331 0.959315 0.00205803
vn 0.251702 0.967764 0.00887988
vn -0.561468 0.827088 -0.0260668
vn -0.369064 0.924316 -0.0971208
vn -0.369064 0.924316 -0.0971208
vn -0.157646 0.973921 -0.163171
vn 0.0843569 0.978818 -0.186544
vn 0.179329 0.970826 -0.159177
vn 0.179329 0.970826 -0.159177
vn 0.272537 0.953289 -0.130245
vn 0.542527 0.836548 -0.0764973
vn 0.114099 0.987399 -0.109657
vn 0.114099 0.987399 -0.109657
vn -0.337994 0.933457 -0.120072
vn -0.148379 0.972495 -0.179545
vn 0.124738 0.975241 -0.182608
vn 0.124738 0.975241 -0.182608
vn 0.388549 0.905224 -0.172047
vn -0.00554481 0.994798 -0.10172
vn -0.250529 0.962621 -0.102935
vn -0.250529 0.962621 -0.102935
vn -0.480218 0.871673 -0.0978653
vn -0.194712 0.95957 -0.203255
vn -0.203887 0.957575 -0.203666
vn -0.203887 0.957575 -0.203666
vn -0.213044 0.955496 -0.204059
vn 0.216857 0.96205 -0.165626
vn 0.192141 0.966823 -0.16833
vn 0.192141 0.966823 -0.16833
vn 0.167301 0.970976 -0.170926
vn -0.189338 0.957795 0.216285
vn -0.22985 0.946911 0.224787
vn -0.22985 0.946911 0.224787
vn -0.269942 0.934291 0.232878
vn -0.228227 0.973579 -0.00756106
vn -0.0629512 0.997727 -0.0240576
vn -0.0629512 0.997727 -0.0240576
vn 0.104098 0.993767 -0.0398763
vn -0.133946 0.989592 0.0525955
vn 0.0661973 0.997738 -0.0116999
vn 0.0661973 0.997738 -0.0116999
vn 0.263411 0.961726 -0.0754776
vn 0.422314 0.883573 -0.20236
vn 0.251327 0.950112 -0.184722
vn 0.251327 0.950112 -0.184722
vn 0.0717998 0.984371 -0.160809
vn 0.252327 0.967081 0.0329435
vn 0.218331 0.975498 0.0271066
vn 0.218331 0.975498 0.0271066
vn 0.184059 0.982686 0.0212355
vn 0.104958 0.993127 0.0517855
vn -0.109845 0.993913 -0.00844494
vn -0.109845 0.993913 -0.00844494
vn -0.319182 0.945232 -0.0682551
vn -0.0741021 0.946306 -0.314664
vn 0.129298 0.949255 -0.286699
vn 0.129298 0.949255 -0.286699
vn 0.327247 0.912181 -0.246646
vn -0.00569789 0.98861 0.15039
vn 0.21371 0.975125 0.0588058
vn 0.21371 0.975125 0.0588058
vn 0.420999 0.906342 -0.0361135
vn 0.270976 0.960819 0.0582982
vn 0.157869 0.984719 0.0735277
vn 0.157869 0.984719 0.0735277
vn 0.0426146 0.99523 0.0877575
vn -0.20714 0.977308 0.0442901
vn 0.220651 0.973404 0.0616189
vn 0.220651 0.973404 0.0616189
vn 0.607992 0.791055 0.0676517
vn -0.197923 0.972921 -0.119376
vn -0.172076 0.979111 -0.108315
vn -0.172076 0.979111 -0.108315
vn -0.146085 0.984489 -0.0971652
vn 0.262534 0.913256 -0.311512
vn 0.150133 0.939886 -0.306716
vn 0.150133 0.939886 -0.306716
vn 0.035725 0.953953 -0.29782
vn 0.195591 0.956869 -0.214814
vn 0.0921084 0.971883 -0.216699
vn 0.0921084 0.971883 -0.216699
vn -0.012382 0.976267 -0.216214
vn -0.0787604 0.98945 -0.121594
vn 0.0365548 0.989822 -0.137539
vn 0.0365548 0.989822 -0.137539
vn 0.151375 0.976779 -0.15162
vn -0.401606 0.91272 -0.0752007
vn -0.148639 0.973267 -0.175092
vn -0.148639 0.973267 -0.175092
vn 0.115868 0.958254 -0.26139
vn -0.269873 0.961216 0.0568521
vn -0.236144 0.969524 0.0652637
vn -0.236144 0.969524 0.0652637
vn -0.202113 0.976593 0.0735919
vn 0.0784541 0.98033 0.181102
vn -0.0974085 0.97375 0.205723
vn -0.0974085 0.97375 0.205723
vn -0.270195 0.936422 0.223849
vn -0.00971033 0.997522 -0.0696875
vn -0.234411 0.962984 -0.133095
vn -0.234411 0.962984 -0.133095
vn -0.446054 0.874804 -0.189088
vn 0.279115 0.919946 -0.275309
vn 0.208979 0.93913 -0.272696
vn 0.208979 0.93913 -0.272696
vn 0.137737 0.953342 -0.26864
vn -0.645164 0.760095 -0.0775843
vn -0.320025 0.943575 -0.0851467
vn -0.320025 0.943575 -0.0851467
vn 0.0497365 0.995486 -0.0808365
vn -0.280119 0.947615 -0.153491
vn -0.104303 0.981298 -0.161787
vn -0.104303 0.981298 -0.161787
vn 0.0748618 0.983467 -0.164887
vn 0.304945 0.952259 0.0145138
vn 0.108972 0.993596 0.0298717
vn 0.108972 0.993596 0.0298717
vn -0.0913982 0.994841 0.0440243
vn 0.0528238 0.953457 0.296867
vn 0.0355619 0.954683 0.295491
vn 0.0355619 0.954683 0.295491
vn 0.0182893 0.955623 0.294025
vn 0.172033 0.965788 0.194058
vn -0.0844492 0.978459 0.18838
vn -0.0844492 0.978459 0.18838
vn -0.33536 0.926575 0.170272
vn -0.226578 0.942778 -0.244605
vn -0.398179 0.893659 -0.206947
vn -0.398179 0.893659 -0.206947
vn -0.55653 0.814801 -0.162402
vn 0.395288 0.902712 -0.169878
vn 0.112813 0.985464 -0.127016
vn 0.112813 0.985464 -0.127016
vn -0.179642 0.981026 -0.0729162
vn -0.0798798 0.942457 0.324645
vn 0.0024569 0.940322 0.340276
vn 0.0024569 0.940322 0.340276
vn 0.0847764 0.931579 0.353516
vn -0.0918096 0.990088 0.106289
vn -0.225827 0.973933 0.0213971
vn -0.225827 0.973933 0.0213971
vn -0.354101 0.933012 -0.0640387
vn -0.320413 0.933914 0.158558
vn -0.00129579 0.996728 0.0808243
vn -0.00129579 0.996728 0.0808243
vn 0.317967 0.948083 -0.00594785
vn 0.206979 0.967495 -0.145305
vn 0.0730116 0.989445 -0.125168
vn 0.0730116 0.989445 -0.125168
vn -0.0623311 0.99276 -0.102674
vn -0.474112 0.879741 -0.035695
vn -0.167127 0.985884 0.0101081
vn -0.167127 0.985884 0.0101081
vn 0.157841 0.985941 0.0548236
vn 0.249471 0.958459 0.138277
vn 0.0420693 0.991039 0.126774
vn 0.0420693 0.991039 0.126774
vn -0.167192 0.979806 0.109665
vn -0.168316 0.954152 -0.247515
vn -0.0276395 0.986703 -0.160169
vn -0.0276395 0.986703 -0.160169
vn 0.113824 0.991153 -0.0682625
vn 0.295415 0.953715 0.056199
vn -0.145947 0.984989 0.0921738
vn -0.145947 0.984989 0.0921738
vn -0.558546 0.822149 0.109984
vn 0.0819722 0.964569 -0.250772
vn 0.232406 0.935722 -0.265352
vn 0.232406 0.935722 -0.265352
vn 0.377338 0.884721 -0.273649
vn 0.123382 0.99143 -0.0429463
vn 0.103151 0.993464 -0.0488853
vn 0.103151 0.993464 -0.0488853
vn 0.0828748 0.995052 -0.0548025
vn 0.369735 0.924588 -0.0918343
vn -0.0529591 0.994345 -0.0920541
vn -0.0529591 0.994345 -0.0920541
vn -0.465933 0.881603 -0.0753787
vn -0.158006 0.987367 -0.011868
vn -0.0625129 0.997972 0.0120149
vn -0.0625129 0.997972 0.0120149
vn 0.0335933 0.998795 0.0357801
vn -0.00693814 0.99127 0.131663
vn 0.0169849 0.991761 0.126974
vn 0.0169849 0.991761 0.126974
vn 0.0408978 0.991661 0.12221
vn 0.102602 0.921898 -0.3736
vn -0.24247 0.907124 -0.343998
vn -0.24247 0.907124 -0.343998
vn -0.558405 0.783341 -0.273057
vn 0.344723 0.935557 0.0768092
vn 0.179175 0.983801 -0.00558293
vn 0.179175 0.983801 -0.00558293
vn 0.00708338 0.996116 -0.0877711
vn -0.361045 0.90399 -0.229015
vn -0.323217 0.916048 -0.237458
vn -0.323217 0.916048 -0.237458
vn -0.284855 0.926597 -0.245509
vn 0.182279 0.953895 0.238451
vn 0.105783 0.967053 0.231557
vn 0.105783 0.967053 0.231557
vn 0.0286448 0.974338 0.223258
vn 0.00115189 0.985999 -0.166745
vn -0.229686 0.951503 -0.204663
vn -0.229686 0.951503 -0.204663
vn -0.447681 0.863804 -0.231136
vn -0.165306 0.986206 0.00845126
vn 0.117012 0.99227 0.0413421
vn 0.117012 0.99227 0.0413421
vn 0.389873 0.918136 0.0708917
vn -0.4807 0.875376 0.0514251
vn -0.32317 0.946122 -0.0203644
vn -0.32317 0.946122 -0.0203644
vn -0.154337 0.983778 -0.0914417
vn 0.280339 0.902742 0.326292
vn 0.276568 0.904131 0.325663
vn 0.276568 0.904131 0.325663
vn 0.272792 0.905506 0.325028
vn -0.0650168 0.996738 0.047806
vn 0.00565368 0.999319 0.0364646
vn 0.00565368 0.999319 0.0364646
vn 0.0762952 0.996773 0.0249362
vn -0.431185 0.85455 0.289524
vn -0.144454 0.974332 0.172655
vn -0.144454 0.974332 0.172655
vn 0.1582 0.986723 0.0367557
vn 0.0400427 0.999063 -0.0164026
vn -0.069822 0.997471 -0.0132939
vn -0.069822 0.997471 -0.0132939
vn -0.178843 0.983827 -0.0100245
vn 0.0471065 0.961697 0.270037
vn 0.115373 0.956198 0.269024
vn 0.115373 0.956198 0.269024
vn 0.183097 0.946214 0.266749
vn 0.192013 0.936225 0.294304
vn 0.239789 0.929395 0.280583
vn 0.239789 0.929395 0.280583
vn 0.286961 0.920225 0.266155
vn -0.0248751 0.999155 0.0327061
vn -0.129937 0.98889 0.0722008
vn -0.129937 0.98889 0.0722008
vn -0.233348 0.966063 0.110778
vn -0.10286 0.994398 0.0243518
vn -0.185652 0.981401 0.0488342
vn -0.185652 0.981401 0.0488342
vn -0.267029 0.960924 0.0729445
vn 0.266991 0.96012 -0.0829799
vn 0.0875913 0.987155 -0.133614
vn 0.0875913 0.987155 -0.133614
vn -0.0949161 0.979167 -0.179507
vn 0.0327275 0.992489 0.117873
vn 0.0400607 0.9922 0.118045
vn 0.0400607 0.9922 0.118045
vn 0.0473917 0.991857 0.11821
vn 0.0782034 0.996827 -0.0148193
vn 0.00166376 0.99914 -0.0414245
vn 0.00166376 0.99914 -0.0414245
vn -0.0748868 0.994887 -0.0677574
vn 0.28774 0.928276 0.235604
vn -0.044978 0.984564 0.169146
vn -0.044978 0.984564 0.169146
vn -0.372376 0.924392 0.0826809
vn -0.256645 0.954593 -0.151279
vn -0.112774 0.979954 -0.164233
vn -0.112774 0.979954 -0.164233
vn 0.0335214 0.984236 -0.173654
vn -0.272585 0.96127 -0.0407139
vn -0.00851381 0.99937 0.0344579
vn -0.00851381 0.99937 0.0344579
vn 0.256211 0.960682 0.106982
vn 0.0751779 0.983038 -0.167285
vn 0.079759 0.982626 -0.167586
vn 0.079759 0.982626 -0.167586
vn 0.0843384 0.982192 -0.167884
vn -0.319459 0.947545 0.0101947
vn -0.145632 0.987646 -0.057855
vn -0.145632 0.987646 -0.057855
vn 0.033504 0.991742 -0.123796
vn -0.281275 0.956442 -0.0781189
vn -0.337953 0.938471 -0.0711322
vn -0.337953 0.938471 -0.0711322
vn -0.393419 0.917136 -0.0638905
vn 0.428509 0.88859 -0.163671
vn 0.250334 0.964322 -0.0861209
vn 0.250334 0.964322 -0.0861209
vn 0.0612699 0.99811 -0.00482498
vn -0.612201 0.786147 0.0847516
vn -0.173195 0.981061 0.0867325
vn -0.173195 0.981061 0.0867325
vn 0.30577 0.949624 0.0687023
vn 0.0386882 0.993348 0.108459
vn 0.313423 0.944159 0.101632
vn 0.313423 0.944159 0.101632
vn 0.563728 0.821378 0.0868843
vn -0.468956 0.874419 0.124382
vn -0.281418 0.95589 0.0841297
vn -0.281418 0.95589 0.0841297
vn -0.0816583 0.995848 0.0402233
vn 0.124812 0.948378 0.291549
vn -0.0598909 0.96002 0.273448
vn -0.0598909 0.96002 0.273448
vn -0.242523 0.938467 0.245892
vn -0.0638362 0.990824 -0.119131
vn -0.0682614 0.990335 -0.120736
vn -0.0682614 0.990335 -0.120736
vn -0.072685 0.989823 -0.122338
vn 0.0608959 0.995289 -0.0754412
vn -0.0450155 0.995284 -0.0859294
vn -0.0450155 0.995284 -0.0859294
vn -0.150417 0.984005 -0.0954443
vn -0.277449 0.960292 0.0293331
vn -0.354326 0.934825 0.0235855
vn -0.354326 0.934825 0.0235855
vn -0.428866 0.903195 0.0176825
vn 0.215557 0.976336 -0.0174066
vn -0.0742223 0.993372 -0.0877623
vn -0.0742223 0.993372 -0.0877623
vn -0.35738 0.921788 -0.150289
vn 0.12051 0.977531 0.172944
vn -0.0655818 0.991229 0.114736
vn -0.0655818 0.991229 0.114736
vn -0.249168 0.967055 0.0521451
vn -0.139509 0.972316 0.187452
vn 0.116912 0.986268 0.116647
vn 0.116912 0.986268 0.116647
vn 0.365038 0.930234 0.0375641
vn 0.269455 0.910784 0.312836
vn 0.36727 0.872915 0.321141
vn 0.36727 0.872915 0.321141
vn 0.461018 0.825383 0.32589
vn 0.157832 0.97804 0.13611
vn -0.0410868 0.99379 0.103406
vn -0.0410868 0.99379 0.103406
vn -0.238326 0.968908 0.0664734
vn -0.0311478 0.996809 0.0734912
vn 0.11041 0.990708 0.0794178
vn 0.11041 0.990708 0.0794178
vn 0.249747 0.964683 0.0837472
vn 0.0383176 0.982758 -0.180883
vn -0.0303526 0.987318 -0.155823
vn -0.0303526 0.987318 -0.155823
vn -0.0988601 0.986583 -0.129929
vn 0.539918 0.840118 0.0518711
vn 0.184136 0.967355 0.174122
vn 0.184136 0.967355 0.174122
vn -0.200688 0.942025 0.268912
vn 0.104007 0.987237 -0.120603
vn 0.0167171 0.994904 -0.0994362
vn 0.0167171 0.994904 -0.0994362
vn -0.0707089 0.994485 -0.0774615
vn 0.211291 0.97548 -0.0616081
vn 0.283711 0.957782 -0.0464972
vn 0.283711 0.957782 -0.0464972
vn 0.354489 0.934542 -0.0311172
vn -0.413369 0.910437 -0.0152044
vn -0.0307655 0.996845 -0.0731654
vn -0.0307655 0.996845 -0.0731654
vn 0.356675 0.926538 -0.119624
vn 0.225569 0.973173 -0.0453119
vn 0.00918639 0.992989 -0.117853
vn 0.00918639 0.992989 -0.117853
vn -0.207678 0.960696 -0.18421
vn -0.237122 0.938338 0.251587
vn 0.0317944 0.97035 0.239602
vn 0.0317944 0.97035 0.239602
vn 0.298374 0.931058 0.21001
vn 0.0705125 0.991952 0.105158
vn -0.119559 0.991473 0.0518369
vn -0.119559 0.991473 0.0518369
vn -0.304972 0.952355 -0.00350468
vn 0.210639 0.975513 0.0632859
vn 0.241474 0.968847 0.055011
vn 0.241474 0.968847 0.055011
vn 0.272052 0.96115 0.0466775
vn 0.0515259 0.973658 0.222115
vn 0.116928 0.972828 0.199834
vn 0.116928 0.972828 0.199834
vn 0.181771 0.967353 0.176599
vn -0.0109136 0.999745 -0.019792
vn -0.0690747 0.997596 -0.00551717
vn -0.0690747 0.997596 -0.00551717
vn -0.126988 0.991865 0.00877742
vn -0.0131889 0.99421 -0.106642
vn 0.046438 0.993592 -0.103048
vn 0.046438 0.993592 -0.103048
vn 0.105899 0.989428 -0.0990855
vn -0.300454 0.953587 -0.0200019
vn -0.141576 0.989747 0.0188921
vn -0.141576 0.989747 0.0188921
vn 0.0212737 0.998133 0.0572559
vn 0.102466 0.970768 0.217048
vn -0.0177272 0.973714 0.227082
vn -0.0177272 0.973714 0.227082
vn -0.137662 0.962487 0.233812
vn 0.0419082 0.98921 -0.140381
vn -0.160098 0.980046 -0.117808
vn -0.160098 0.980046 -0.117808
vn -0.355475 0.930308 -0.0903576
vn -0.0897852 0.993604 0.068485
vn -0.28092 0.95837 0.0510903
vn -0.28092 0.95837 0.0510903
vn -0.461358 0.886646 0.0317502
vn 0.285625 0.938725 0.192908
vn 0.164383 0.962462 0.215974
vn 0.164383 0.962462 0.215974
vn 0.0405447 0.970997 0.235629
vn -0.0288614 0.997941 -0.0572747
vn -0.14386 0.986438 -0.0790188
vn -0.14386 0.986438 -0.0790188
vn -0.256869 0.961293 -0.09967
vn -0.378861 0.920834 0.0923585
vn -0.045358 0.997872 -0.0468338
vn -0.045358 0.997872 -0.0468338
vn 0.294338 0.938668 -0.179632
vn 0.0947541 0.980984 -0.169389
vn -0.0873022 0.97546 -0.202129
vn -0.0873022 0.97546 -0.202129
vn -0.266369 0.93653 -0.227946
vn 0.00196462 0.967935 0.251193
vn -0.112382 0.971914 0.20677
vn -0.112382 0.971914 0.20677
vn -0.225036 0.961251 0.159232
vn 0.463896 0.885276 -0.0329747
vn 0.115208 0.987372 -0.108737
vn 0.115208 0.987372 -0.108737
vn -0.24935 0.953461 -0.169521
vn 0.601722 0.780617 0.169022
vn 0.357785 0.928788 0.0966592
vn 0.357785 0.928788 0.0966592
vn 0.0828301 0.996437 0.0159159
vn 0.0342305 0.979029 0.200823
vn -0.108869 0.971372 0.211151
vn -0.108869 0.971372 0.211151
vn -0.24972 0.943662 0.217121
vn 0.0224531 0.987955 0.153105
vn 0.0199611 0.988021 0.153021
vn 0.0199611 0.988021 0.153021
vn 0.017469 0.988082 0.152936
vn 0.041696 0.996518 0.0721978
vn -0.191037 0.979003 0.0711172
vn -0.191037 0.979003 0.0711172
vn -0.413363 0.908159 0.0661627
vn 0.324277 0.944139 -0.0587056
vn 0.190154 0.978218 -0.0832485
vn 0.190154 0.978218 -0.0832485
vn 0.0522751 0.992975 -0.106147
vn -0.260601 0.9125 0.315327
vn -0.191918 0.923951 0.33088
vn -0.191918 0.923951 0.33088
vn -0.122259 0.930699 0.344749
vn -0.501511 0.810695 -0.302093
vn -0.178996 0.944658 -0.274921
vn -0.178996 0.944658 -0.274921
vn 0.165482 0.962711 -0.214015
vn -0.360841 0.926941 -0.102828
vn -0.145662 0.987904 -0.0531787
vn -0.145662 0.987904 -0.0531787
vn 0.077163 0.997018 -0.000737881
vn 0.0505557 0.987648 -0.148311
vn 0.233034 0.963867 -0.129057
vn 0.233034 0.963867 -0.129057
vn 0.407535 0.907088 -0.105385
vn 0.0815246 0.976387 0.200053
vn 0.0315926 0.980121 0.195868
vn 0.0315926 0.980121 0.195868
vn -0.0184191 0.981381 0.191188
vn -0.640105 0.760824 0.106833
vn -0.383411 0.922301 -0.048544
vn -0.383411 0.922301 -0.048544
vn -0.0822003 0.976692 -0.198284
vn 0.308094 0.948537 0.0731861
vn 0.19876 0.976328 0.0853138
vn 0.19876 0.976328 0.0853138
vn 0.086867 0.99155 0.0963432
vn -0.281038 0.959213 -0.0304512
vn -0.415508 0.908874 -0.0360688
vn -0.415508 0.908874 -0.0360688
vn -0.541398 0.839769 -0.0409416
vn 0.154674 0.983755 -0.0911136
vn 0.120852 0.98816 -0.0945235
vn 0.120852 0.98816 -0.0945235
vn 0.0868873 0.991404 -0.0978224
vn 0.104242 0.952165 0.287256
vn 0.0326447 0.958909 0.281828
vn 0.0326447 0.958909 0.281828
vn -0.0391221 0.960667 0.274934
vn -0.276389 0.931503 0.236456
vn -0.244478 0.942837 0.226469
vn -0.244478 0.942837 0.226469
vn -0.212263 0.952996 0.2162
vn 0.000941266 0.999742 -0.0226834
vn -0.245898 0.965769 -0.0826096
vn -0.245898 0.965769 -0.0826096
vn -0.476588 0.868369 -0.13711
vn -0.268522 0.924465 0.270668
vn 0.0380692 0.957469 0.286014
vn 0.0380692 0.957469 0.286014
vn 0.341031 0.899204 0.274097
vn 0.134286 0.976088 -0.170937
vn 0.0133867 0.991321 -0.130778
vn 0.0133867 0.991321 -0.130778
vn -0.107733 0.990236 -0.0884669
vn 0.0968505 0.994986 -0.0249453
vn -0.0285302 0.999329 -0.0229753
vn -0.0285302 0.999329 -0.0229753
vn -0.153462 0.987939 -0.0206437
vn 0.055803 0.991729 -0.115583
vn 0.145815 0.98587 -0.0824472
vn 0.145815 0.98587 -0.0824472
vn 0.23448 0.970908 -0.0485496
vn -0.0244231 0.987816 0.1537
vn 0.0781485 0.984766 0.155332
vn 0.0781485 0.984766 0.155332
vn 0.179897 0.971345 0.155328
vn 0.142137 0.963762 -0.225743
vn 0.233802 0.949628 -0.208673
vn 0.233802 0.949628 -0.208673
vn 0.323387 0.927047 -0.189747
vn -0.431655 0.899423 -0.0686388
vn -0.365394 0.928206 -0.0701496
vn -0.365394 0.928206 -0.0701496
vn -0.297225 0.952142 -0.071294
vn 0.0188756 0.997905 0.0618838
vn -0.00877296 0.998036 0.0620207
vn -0.00877296 0.998036 0.0620207
vn -0.0364148 0.997405 0.0621102
vn -0.325476 0.940832 -0.0943424
vn -0.0150656 0.999544 -0.0261638
vn -0.0150656 0.999544 -0.0261638
vn 0.296918 0.953854 0.0447476
vn 0.0244635 0.945368 -0.325085
vn -0.0475218 0.948722 -0.31252
vn -0.0475218 0.948722 -0.31252
vn -0.119253 0.946999 -0.298283
vn -0.220815 0.971854 0.0821022
vn 0.0735587 0.99366 0.0850196
vn 0.0735587 0.99366 0.0850196
vn 0.361523 0.928879 0.0805283
vn 0.35482 0.904418 0.236919
vn -2.59801e-005 0.999418 0.034106
vn -2.59801e-005 0.999418 0.034106
vn -0.354868 0.918447 -0.174712
vn 0.196589 0.98047 0.00561052
vn -0.079236 0.996734 -0.0155824
vn -0.079236 0.996734 -0.0155824
vn -0.348977 0.936456 -0.0355787
vn -0.00771423 0.981175 -0.192965
vn 0.106576 0.978156 -0.178472
vn 0.106576 0.978156 -0.178472
vn 0.219451 0.962146 -0.161608
vn -0.404651 0.914149 0.0242615
vn -0.10773 0.993256 -0.0428623
vn -0.10773 0.993256 -0.0428623
vn 0.199849 0.974104 -0.105746
vn -0.0609378 0.996933 -0.049094
vn 0.0328054 0.998823 -0.0357253
vn 0.0328054 0.998823 -0.0357253
vn 0.126254 0.991753 -0.0220363
vn -0.0298152 0.993342 0.111281
vn 0.0814831 0.992695 0.0889789
vn 0.0814831 0.992695 0.0889789
vn 0.191731 0.979257 0.0655308
vn -0.0429815 0.998247 -0.040689
vn -0.0541045 0.997707 -0.0406532
vn -0.0541045 0.997707 -0.0406532
vn -0.0652208 0.997044 -0.0406123
vn 0.0142346 0.995946 0.0888179
vn 0.146543 0.987279 0.061691
vn 0.146543 0.987279 0.061691
vn 0.276167 0.960528 0.0334342
vn -0.306559 0.946361 -0.102088
vn -0.070275 0.989997 -0.122345
vn -0.070275 0.989997 -0.122345
vn 0.170095 0.976069 -0.135488
vn -0.237838 0.960769 -0.142674
vn -0.255117 0.956482 -0.141625
vn -0.255117 0.956482 -0.141625
vn -0.272315 0.951891 -0.140531
vn -0.206537 0.976868 0.0554267
vn 0.0376715 0.995207 0.0902383
vn 0.0376715 0.995207 0.0902383
vn 0.279575 0.952655 0.119529
vn -0.215166 0.938223 -0.271002
vn -0.22579 0.936587 -0.267999
vn -0.22579 0.936587 -0.267999
vn -0.236386 0.934835 -0.264964
vn 0.0438741 0.999022 -0.00554232
vn -0.101699 0.994047 0.0390774
vn -0.101699 0.994047 0.0390774
vn -0.244911 0.966004 0.0827902
vn -0.656845 0.753217 0.034915
vn -0.216119 0.974438 -0.0613441
vn -0.216119 0.974438 -0.0613441
vn 0.279166 0.949668 -0.142117
vn -0.0687534 0.991515 0.110321
vn 0.185105 0.978438 0.0916288
vn 0.185105 0.978438 0.0916288
vn 0.426937 0.901797 0.0669843
vn 0.137878 0.980611 0.139252
vn -0.0156637 0.991001 0.132935
vn -0.0156637 0.991001 0.132935
vn -0.168834 0.977881 0.123464
vn 0.508021 0.860779 -0.0311995
vn 0.283319 0.959026 2.19861e-005
vn 0.283319 0.959026 2.19861e-005
vn 0.0413015 0.998658 0.0312421
vn 0.260144 0.947619 -0.185319
vn 0.11468 0.982265 -0.148339
vn 0.11468 0.982265 -0.148339
vn -0.0335042 0.993604 -0.107838
vn 0.155133 0.978956 0.132589
vn 0.0811553 0.98921 0.121972
vn 0.0811553 0.98921 0.121972
vn 0.00671583 0.993836 0.110661
vn 0.0920637 0.989808 -0.10865
vn -0.0557338 0.991386 -0.118523
vn -0.0557338 0.991386 -0.118523
vn -0.202308 0.971209 -0.125796
vn -0.0627246 0.995278 -0.0740721
vn -0.0187638 0.996805 -0.0776397
vn -0.0187638 0.996805 -0.0776397
vn 0.0252335 0.99639 -0.0810562
vn -0.21799 0.95904 -0.180895
vn -0.246956 0.952065 -0.180511
vn -0.246956 0.952065 -0.180511
vn -0.275703 0.944246 -0.179966
vn -0.164925 0.985915 0.0277718
vn -0.0186408 0.999826 0.000532595
vn -0.0186408 0.999826 0.000532595
vn 0.12806 0.991407 -0.0267185
vn 0.0123358 0.990566 -0.13648
vn 0.155584 0.973311 -0.168699
vn 0.155584 0.973311 -0.168699
vn 0.295431 0.934784 -0.19723
vn 0.475843 0.86779 0.14323
vn 0.0948503 0.982697 0.159091
vn 0.0948503 0.982697 0.159091
vn -0.301186 0.941738 0.149718
vn 0.0296828 0.982667 0.182987
vn 0.0775895 0.979087 0.188065
vn 0.0775895 0.979087 0.188065
vn 0.125315 0.973222 0.192705
vn -0.394461 0.907707 -0.143067
vn -0.299509 0.949364 -0.0948777
vn -0.299509 0.949364 -0.0948777
vn -0.200642 0.97861 -0.0454476
vn -0.291529 0.947903 0.128414
vn -0.021145 0.968705 0.247314
vn -0.021145 0.968705 0.247314
vn 0.251093 0.904572 0.344531
vn 0.241722 0.958305 -0.152388
vn 0.00142418 0.990439 -0.137943
vn 0.00142418 0.990439 -0.137943
vn -0.238958 0.964153 -0.11536
vn 0.0384993 0.995847 -0.0824989
vn -0.176528 0.977698 -0.113775
vn -0.176528 0.977698 -0.113775
vn -0.383162 0.913065 -0.139642
vn 0.118908 0.983495 0.136377
vn 0.0597747 0.989784 0.129442
vn 0.0597747 0.989784 0.129442
vn 0.000426715 0.992525 0.122043
vn 0.341851 0.909735 -0.235628
vn 0.18067 0.960496 -0.211672
vn 0.18067 0.960496 -0.211672
vn 0.0142273 0.983279 -0.18155
vn -0.0454219 0.993516 0.104228
vn 0.179925 0.983678 0.00230738
vn 0.179925 0.983678 0.00230738
vn 0.394248 0.913574 -0.0997548
vn -0.372489 0.920928 -0.114643
vn -0.0617489 0.991169 -0.117354
vn -0.0617489 0.991169 -0.117354
vn 0.255259 0.960805 -0.108153
vn 0.264033 0.87588 0.403882
vn 0.0104981 0.955485 0.294852
vn 0.0104981 0.955485 0.294852
vn -0.243903 0.956259 0.161496
vn -0.41306 0.909347 0.0496998
vn -0.220105 0.97509 -0.0274304
vn -0.220105 0.97509 -0.0274304
vn -0.0166941 0.994515 -0.103257
vn 0.210068 0.951192 -0.226065
vn -0.0452728 0.974853 -0.2182
vn -0.0452728 0.974853 -0.2182
vn -0.297633 0.934349 -0.195973
vn -0.229204 0.924096 -0.305797
vn 0.117426 0.966237 -0.229339
vn 0.117426 0.966237 -0.229339
vn 0.449053 0.884918 -0.123577
vn 0.433566 0.901072 0.00944578
vn 0.296433 0.954859 -0.0192686
vn 0.296433 0.954859 -0.0192686
vn 0.152624 0.98714 -0.0475491
vn -0.342157 0.930455 0.131078
vn -0.195116 0.978659 0.0644667
vn -0.195116 0.978659 0.0644667
vn -0.042537 0.999087 -0.00397451
vn -0.0968971 0.995115 0.0189157
vn 0.336632 0.939066 0.0695338
vn 0.336632 0.939066 0.0695338
vn 0.704971 0.701166 0.106687
vn 0.382603 0.913273 0.139813
vn 0.150624 0.984552 0.0892762
vn 0.150624 0.984552 0.0892762
vn -0.0906108 0.995331 0.0332538
vn -0.408021 0.911144 0.0577556
vn -0.231227 0.967775 0.0997303
vn -0.231227 0.967775 0.0997303
vn -0.0460572 0.989348 0.138092
vn 0.0774557 0.99447 0.0709265
vn 0.147546 0.986969 0.0642063
vn 0.147546 0.986969 0.0642063
vn 0.216896 0.97452 0.0571642
vn -0.162652 0.984769 -0.0614296
vn 0.100256 0.973883 -0.203717
vn 0.100256 0.973883 -0.203717
vn 0.354194 0.875848 -0.327776
vn -0.49394 0.867557 -0.0580357
vn -0.0887864 0.993599 -0.0698436
vn -0.0887864 0.993599 -0.0698436
vn 0.332365 0.940619 -0.0690674
vn -0.209921 0.977463 -0.0223474
vn -0.366301 0.929904 -0.0332102
vn -0.366301 0.929904 -0.0332102
vn -0.512851 0.857391 -0.0431818
vn 0.294829 0.946015 -0.134652
vn 0.0887475 0.980202 -0.176996
vn 0.0887475 0.980202 -0.176996
vn -0.121365 0.969857 -0.211298
vn 0.17599 0.907874 -0.380515
vn 0.0963225 0.923224 -0.371993
vn 0.0963225 0.923224 -0.371993
vn 0.0160136 0.93243 -0.360995
vn -0.0748893 0.994288 0.0760433
vn 0.0757376 0.993511 0.084851
vn 0.0757376 0.993511 0.084851
vn 0.22464 0.970115 0.0917269
vn 0.012737 0.983426 -0.180861
vn 0.0710395 0.978564 -0.193301
vn 0.0710395 0.978564 -0.193301
vn 0.129088 0.970202 -0.205049
vn 0.131085 0.984909 0.11301
vn -0.0994473 0.988022 0.117998
vn -0.0994473 0.988022 0.117998
vn -0.324691 0.938592 0.116711
vn -0.186202 0.98096 -0.0551885
vn -0.0415069 0.998237 -0.0424161
vn -0.0415069 0.998237 -0.0424161
vn 0.104076 0.994154 -0.028736
vn -0.107832 0.99177 -0.0690299
vn -0.350356 0.932695 -0.0856197
vn -0.350356 0.932695 -0.0856197
vn -0.570954 0.81525 -0.0968512
vn 0.0674585 0.997721 0.00129491
vn 0.197796 0.979892 0.0262194
vn 0.197796 0.979892 0.0262194
vn 0.324588 0.944497 0.0506738
vn 0.0846152 0.935986 -0.341718
vn 0.108738 0.931796 -0.346311
vn 0.108738 0.931796 -0.346311
vn 0.132793 0.927029 -0.35069
vn -0.459535 0.884842 -0.0767014
vn -0.122202 0.990912 -0.056211
vn -0.122202 0.990912 -0.056211
vn 0.230464 0.972659 -0.0286681
vn 0.0333779 0.992093 0.120986
vn -0.0336657 0.990878 0.130493
vn -0.0336657 0.990878 0.130493
vn -0.100555 0.985117 0.139401
vn -0.30754 0.944731 0.113586
vn -0.194849 0.974704 0.109484
vn -0.194849 0.974704 0.109484
vn -0.0795048 0.991406 0.103892
vn 0.174138 0.922127 -0.345482
vn 0.169384 0.922495 -0.34686
vn 0.169384 0.922495 -0.34686
vn 0.164626 0.92284 -0.348229
vn -0.0315134 0.999368 0.0164504
vn -0.135469 0.990773 -0.00421526
vn -0.135469 0.990773 -0.00421526
vn -0.237892 0.970974 -0.0248333
vn -0.335524 0.929267 -0.154552
vn -0.217541 0.957989 -0.186902
vn -0.217541 0.957989 -0.186902
vn -0.096122 0.971583 -0.216301
vn -0.227335 0.970462 -0.0807581
vn 0.0196991 0.997712 -0.0646753
vn 0.0196991 0.997712 -0.0646753
vn 0.265511 0.963076 -0.044581
vn -0.249638 0.967421 0.042166
vn -0.186665 0.981187 0.0492749
vn -0.186665 0.981187 0.0492749
vn -0.122906 0.990827 0.0561765
vn 0.409233 0.912354 0.0117407
vn 0.124889 0.987725 -0.0938224
vn 0.124889 0.987725 -0.0938224
vn -0.171654 0.966618 -0.190221
vn -0.192367 0.942524 0.273211
vn -0.049806 0.963263 0.263901
vn -0.049806 0.963263 0.263901
vn 0.0937934 0.963928 0.249092
vn 0.236722 0.940665 -0.24313
vn 0.270438 0.931193 -0.244423
vn 0.270438 0.931193 -0.244423
vn 0.303821 0.920578 -0.245416
vn 0.0305262 0.999083 0.0300154
vn 0.225627 0.971843 0.0679234
vn 0.225627 0.971843 0.0679234
vn 0.411647 0.905493 0.103098
vn 0.161064 0.981657 -0.102021
vn 0.162157 0.981467 -0.102116
vn 0.162157 0.981467 -0.102116
vn 0.163249 0.981276 -0.102211
vn -0.0452028 0.992612 -0.112595
vn -0.044608 0.992631 -0.112669
vn -0.044608 0.992631 -0.112669
vn -0.0440133 0.992649 -0.112742
vn -0.132869 0.990923 -0.0204235
vn 0.163767 0.985741 -0.0386573
vn 0.163767 0.985741 -0.0386573
vn 0.445933 0.893467 -0.0534757
vn -0.0112385 0.954635 -0.297567
vn -0.10737 0.938677 -0.327654
vn -0.10737 0.938677 -0.327654
vn -0.202384 0.912956 -0.354332
vn 0.381863 0.90363 0.193995
vn 0.342506 0.916437 0.206962
vn 0.342506 0.916437 0.206962
vn 0.302503 0.92752 0.219541
vn 0.21752 0.951695 -0.216707
vn -0.0566566 0.980202 -0.189723
vn -0.0566566 0.980202 -0.189723
vn -0.326487 0.933514 -0.148185
vn -0.30694 0.948321 -0.0804737
vn -0.0209333 0.989326 -0.144204
vn -0.0209333 0.989326 -0.144204
vn 0.266906 0.943724 -0.195311
vn -0.316979 0.935054 0.158738
vn -0.155338 0.978084 0.138646
vn -0.155338 0.978084 0.138646
vn 0.0107117 0.993352 0.114618
vn 0.0254499 0.998459 0.049322
vn 0.0606595 0.997065 0.04671
vn 0.0606595 0.997065 0.04671
vn 0.0957933 0.994427 0.0440397
vn 0.352633 0.898642 -0.260945
vn 0.299668 0.918549 -0.257813
vn 0.299668 0.918549 -0.257813
vn 0.245741 0.935505 -0.253854
vn 0.40394 0.912095 -0.0701056
vn 0.127707 0.991172 -0.0356068
vn 0.127707 0.991172 -0.0356068
vn -0.15922 0.987241 0.00187387
vn -0.377612 0.894153 0.240625
vn -0.278364 0.933123 0.227586
vn -0.278364 0.933123 0.227586
vn -0.175905 0.961326 0.211921
vn 0.36705 0.913346 0.176278
vn 0.215284 0.963958 0.156328
vn 0.215284 0.963958 0.156328
vn 0.0579225 0.989514 0.132315
vn 0.271718 0.930873 -0.244223
vn 0.0518044 0.964766 -0.257958
vn 0.0518044 0.964766 -0.257958
vn -0.170683 0.950711 -0.258872
vn 0.0900266 0.979661 0.179332
vn 0.175426 0.969803 0.169437
vn 0.175426 0.969803 0.169437
vn 0.259512 0.952682 0.158273
vn -0.128379 0.977537 0.167155
vn -0.0461071 0.982294 0.181585
vn -0.0461071 0.982294 0.181585
vn 0.0364878 0.980175 0.194744
vn -0.10352 0.993374 -0.0499263
vn -0.1046 0.993261 -0.0499117
vn -0.1046 0.993261 -0.0499117
vn -0.10568 0.993148 -0.049897
vn 0.375193 0.918841 -0.122316
vn 0.129231 0.989105 -0.0705076
vn 0.129231 0.989105 -0.0705076
vn -0.125533 0.991992 -0.0138966
vn -0.0903553 0.989917 -0.109091
vn -0.103124 0.989003 -0.106015
vn -0.103124 0.989003 -0.106015
vn -0.115876 0.987917 -0.102921
vn -0.373591 0.904825 0.204259
vn -0.0999551 0.979921 0.172523
vn -0.0999551 0.979921 0.172523
vn 0.18183 0.975131 0.126721
vn -0.559251 0.828993 -0.00310089
vn -0.406193 0.910177 -0.0811429
vn -0.406193 0.910177 -0.0811429
vn -0.238469 0.958497 -0.156255
vn 0.400932 0.914356 0.0566257
vn -0.0784351 0.996834 0.013009
vn -0.0784351 0.996834 0.013009
vn -0.539096 0.84157 -0.0337103
vn -0.270854 0.959451 0.0780507
vn -0.0917269 0.995399 0.0276964
vn -0.0917269 0.995399 0.0276964
vn 0.090694 0.995598 -0.0236526
vn -0.247763 0.947044 -0.204258
vn -0.204309 0.956034 -0.210374
vn -0.204309 0.956034 -0.210374
vn -0.160445 0.963105 -0.216068
vn -0.311269 0.939117 0.145504
vn 0.0755242 0.997013 0.0161582
vn 0.0755242 0.997013 0.0161582
vn 0.449501 0.885725 -0.115929
vn 0.150172 0.987745 0.0425284
vn -0.0463839 0.997962 0.0438218
vn -0.0463839 0.997962 0.0438218
vn -0.241143 0.969518 0.0434174
vn 0.261043 0.962805 0.0697403
vn -0.105359 0.981924 0.157239
vn -0.105359 0.981924 0.157239
vn -0.456771 0.861344 0.222367
vn -0.34146 0.939153 0.0373749
vn -0.0128227 0.998801 0.0472435
vn -0.0128227 0.998801 0.0472435
vn 0.317246 0.946925 0.0518371
vn -0.0803844 0.995056 0.0583209
vn 0.0173194 0.998031 0.0602894
vn 0.0173194 0.998031 0.0602894
vn 0.114858 0.991465 0.0616816
vn -0.432793 0.899935 -0.0529798
vn -0.0723509 0.996276 -0.0468978
vn -0.0723509 0.996276 -0.0468978
vn 0.298165 0.953899 -0.0342858
vn 0.0663005 0.983375 0.169052
vn 0.027682 0.986463 0.161632
vn 0.027682 0.986463 0.161632
vn -0.0109796 0.988016 0.15396
vn 0.300775 0.948659 0.0978753
vn 0.267055 0.958675 0.098097
vn 0.267055 0.958675 0.098097
vn 0.233005 0.967505 0.0981972
vn -0.209731 0.975855 -0.0609848
vn 0.0687618 0.997485 -0.0171942
vn 0.0687618 0.997485 -0.0171942
vn 0.341758 0.939372 0.027971
vn -0.051547 0.954027 -0.295254
vn 0.0959519 0.938605 -0.331381
vn 0.0959519 0.938605 -0.331381
vn 0.241215 0.901315 -0.359787
vn 0.350035 0.931317 0.100616
vn 0.12338 0.983702 0.130799
vn 0.12338 0.983702 0.130799
vn -0.110064 0.981955 0.153784
vn -0.0459027 0.959871 -0.27666
vn -0.0432207 0.959672 -0.27778
vn -0.0432207 0.959672 -0.27778
vn -0.0405384 0.959465 -0.278897
vn 0.142192 0.970391 0.19525
vn 0.230009 0.951393 0.204809
vn 0.230009 0.951393 0.204809
vn 0.315948 0.924628 0.212696
vn -0.296749 0.941301 0.160912
vn -0.089005 0.985197 0.146512
vn -0.089005 0.985197 0.146512
vn 0.122771 0.984471 0.125476
vn 0.151129 0.985995 0.070519
vn -0.159533 0.9863 -0.0419712
vn -0.159533 0.9863 -0.0419712
vn -0.45278 0.878935 -0.14988
vn 0.194766 0.97937 0.0538615
vn 0.122691 0.991086 0.0519263
vn 0.122691 0.991086 0.0519263
vn 0.0499603 0.997513 0.0497141
vn -0.359336 0.921871 -0.145021
vn -0.309582 0.939614 -0.14589
vn -0.309582 0.939614 -0.14589
vn -0.258963 0.954735 -0.146351
vn 0.28583 0.957284 0.0436841
vn 0.133478 0.989715 0.0514609
vn 0.133478 0.989715 0.0514609
vn -0.0221205 0.998072 0.057986
vn 0.594217 0.77709 0.207453
vn 0.39757 0.885245 0.241411
vn 0.39757 0.885245 0.241411
vn 0.180439 0.947792 0.262932
vn 0.139594 0.986113 -0.0899668
vn 0.0978404 0.990942 -0.0919896
vn 0.0978404 0.990942 -0.0919896
vn 0.0559138 0.994015 -0.0938495
vn -0.454985 0.888695 0.0566453
vn -0.252315 0.967627 -0.00584814
vn -0.252315 0.967627 -0.00584814
vn -0.0367239 0.997006 -0.0680421
vn 0.0374179 0.987124 0.155521
vn -0.130763 0.984681 0.115341
vn -0.130763 0.984681 0.115341
vn -0.295034 0.952792 0.0717126
vn -0.29138 0.954255 0.0670525
vn -0.186087 0.977175 0.102471
vn -0.186087 0.977175 0.102471
vn -0.078401 0.987523 0.136571
vn -0.124074 0.99048 0.0596281
vn 0.0195504 0.99894 0.0416726
vn 0.0195504 0.99894 0.0416726
vn 0.162764 0.986401 0.0228412
vn 0.41836 0.880512 0.222876
vn 0.0367254 0.98516 0.167661
vn 0.0367254 0.98516 0.167661
vn -0.350772 0.932533 0.0856801
vn -0.0777168 0.992689 -0.0923467
vn 0.0440268 0.991762 -0.120289
vn 0.0440268 0.991762 -0.120289
vn 0.165083 0.975361 -0.146353
vn 0.052251 0.95497 0.292064
vn -0.075997 0.945348 0.317082
vn -0.075997 0.945348 0.317082
vn -0.20294 0.919498 0.336657
vn -0.162456 0.946878 -0.277542
vn 0.0823862 0.964705 -0.250112
vn 0.0823862 0.964705 -0.250112
vn 0.322201 0.923668 -0.207421
vn 0.205212 0.977731 0.0439376
vn 0.0753683 0.994774 0.0688847
vn 0.0753683 0.994774 0.0688847
vn -0.0558145 0.994137 0.0926076
vn -0.144479 0.958545 -0.245596
vn -0.141935 0.959068 -0.245036
vn -0.141935 0.959068 -0.245036
vn -0.139391 0.959584 -0.244475
vn -0.469009 0.875361 0.117363
vn -0.371566 0.916546 0.147927
vn -0.371566 0.916546 0.147927
vn -0.269618 0.946617 0.176697
vn 0.0631261 0.953006 -0.296301
vn 0.151242 0.947722 -0.280979
vn 0.151242 0.947722 -0.280979
vn 0.238145 0.93483 -0.263401
vn -0.069423 0.988104 -0.137224
vn -0.204582 0.969078 -0.137962
vn -0.204582 0.969078 -0.137962
vn -0.33593 0.931998 -0.136131
vn 0.21732 0.902583 0.37164
vn -0.0771655 0.931458 0.355573
vn -0.0771655 0.931458 0.355573
vn -0.364875 0.878538 0.308281
vn -0.00784415 0.953476 0.301368
vn 0.19612 0.94635 0.256823
vn 0.19612 0.94635 0.256823
vn 0.391526 0.89793 0.20107
vn -0.34166 0.911453 -0.229175
vn -0.186453 0.965411 -0.182257
vn -0.186453 0.965411 -0.182257
vn -0.0258022 0.991176 -0.130016
vn -0.36606 0.897783 -0.244921
vn -0.0748544 0.952256 -0.295982
vn -0.0748544 0.952256 -0.295982
vn 0.223116 0.920669 -0.320294
vn -0.0768605 0.994909 0.065179
vn -0.157519 0.986266 0.0496707
vn -0.157519 0.986266 0.0496707
vn -0.237104 0.970895 0.0338236
vn -0.0297236 0.964607 0.262012
vn 0.150179 0.958167 0.243645
vn 0.150179 0.958167 0.243645
vn 0.325164 0.920353 0.2173
vn 0.324128 0.904106 0.278447
vn 0.282539 0.918968 0.275082
vn 0.282539 0.918968 0.275082
vn 0.240396 0.932026 0.271177
vn -0.182796 0.972575 -0.143816
vn -0.390979 0.912042 -0.123751
vn -0.390979 0.912042 -0.123751
vn -0.580628 0.808272 -0.0978184
vn 0.0177421 0.999439 -0.0284221
vn 0.101069 0.994637 -0.0219512
vn 0.101069 0.994637 -0.0219512
vn 0.183688 0.982865 -0.0153263
vn 0.638898 0.767877 -0.0466309
vn 0.306032 0.951302 0.0370151
vn 0.306032 0.951302 0.0370151
vn -0.0731808 0.99066 0.115055
vn -0.277083 0.960013 -0.0400006
vn -0.24975 0.966974 -0.050859
vn -0.24975 0.966974 -0.050859
vn -0.222188 0.973052 -0.061671
vn -0.00907126 0.984112 0.177316
vn -0.0719191 0.981523 0.177315
vn -0.0719191 0.981523 0.177315
vn -0.134482 0.97505 0.176613
vn 0.285108 0.957321 -0.0474364
vn -0.0134374 0.999909 -0.000792589
vn -0.0134374 0.999909 -0.000792589
vn -0.310731 0.949388 0.045925
vn 0.02643 0.999136 -0.0320737
vn -0.21301 0.97537 0.0572661
vn -0.21301 0.97537 0.0572661
vn -0.438417 0.887349 0.142833
vn -0.374364 0.92691 -0.0262454
vn -0.242731 0.967931 -0.0647363
vn -0.242731 0.967931 -0.0647363
vn -0.106124 0.989118 -0.101901
vn 0.176834 0.981909 -0.0677116
vn -0.00180204 0.998778 -0.0493814
vn -0.00180204 0.998778 -0.0493814
vn -0.180379 0.983156 -0.0294447
vn 0.112884 0.971783 -0.20711
vn -0.0923712 0.970447 -0.222935
vn -0.0923712 0.970447 -0.222935
vn -0.293712 0.927982 -0.229311
vn 0.171878 0.967097 0.187567
vn 0.0435247 0.972452 0.229004
vn 0.0435247 0.972452 0.229004
vn -0.0856215 0.960089 0.266268
vn 0.057743 0.997149 -0.0485726
vn -0.0394845 0.999084 -0.0164847
vn -0.0394845 0.999084 -0.0164847
vn -0.136298 0.990542 0.0157761
vn -0.0180445 0.996237 -0.0847689
vn -0.0793473 0.993114 -0.0861839
vn -0.0793473 0.993114 -0.0861839
vn -0.140351 0.986248 -0.087274
vn 0.234002 0.967287 0.0979783
vn 0.222024 0.969776 0.101195
vn 0.222024 0.969776 0.101195
vn 0.21001 0.97211 0.104395
vn 0.0526003 0.99855 0.0114472
vn 0.0116948 0.999912 0.00620767
vn 0.0116948 0.999912 0.00620767
vn -0.0292305 0.999572 0.000957524
vn -0.387351 0.921557 0.0262916
vn -0.327329 0.944905 0.00305893
vn -0.327329 0.944905 0.00305893
vn -0.265772 0.963824 -0.0201881
vn -0.166926 0.983141 0.0746303
vn -0.282898 0.952057 0.116427
vn -0.282898 0.952057 0.116427
vn -0.394298 0.905586 0.156342
vn 0.411601 0.909277 0.0616444
vn 0.240694 0.968632 0.0617919
vn 0.240694 0.968632 0.0617919
vn 0.0619087 0.996282 0.0599167
vn 0.0325982 0.996404 -0.0782025
vn 0.0223107 0.996898 -0.075482
vn 0.0223107 0.996898 -0.075482
vn 0.0120206 0.997278 -0.0727529
vn -0.0991052 0.990718 0.0930407
vn 0.136502 0.981594 0.133572
vn 0.136502 0.981594 0.133572
vn 0.364295 0.916286 0.166457
vn -0.116299 0.992696 0.0320806
vn 0.00774862 0.999627 0.0262
vn 0.00774862 0.999627 0.0262
vn 0.131676 0.991093 0.0199141
vn 0.126302 0.991193 0.0398059
vn 0.268025 0.96101 0.0679813
vn 0.268025 0.96101 0.0679813
vn 0.403909 0.909887 0.0946754
vn 0.114855 0.968063 0.22285
vn 0.249683 0.947048 0.201886
vn 0.249683 0.947048 0.201886
vn 0.379751 0.907983 0.177074
vn -0.185164 0.982679 -0.00747698
vn -0.151514 0.988427 -0.00744
vn -0.151514 0.988427 -0.00744
vn -0.117688 0.993023 -0.00739435
vn -0.422052 0.903569 0.073716
vn -0.252983 0.962832 0.0946275
vn -0.252983 0.962832 0.0946275
vn -0.0756822 0.99077 0.11246
vn 0.504126 0.863134 0.0292513
vn 0.246224 0.969146 -0.0113558
vn 0.246224 0.969146 -0.0113558
vn -0.0312297 0.998207 -0.0510612
vn 0.241359 0.960884 0.135822
vn 0.0493501 0.988436 0.143382
vn 0.0493501 0.988436 0.143382
vn -0.144519 0.97874 0.14554
vn 0.196518 0.958669 -0.205754
vn 0.150797 0.970938 -0.18585
vn 0.150797 0.970938 -0.18585
vn 0.104677 0.980646 -0.165457
vn 0.173673 0.934531 0.310629
vn -0.0377912 0.938498 0.34321
vn -0.0377912 0.938498 0.34321
vn -0.247525 0.899488 0.360074
vn -0.0860707 0.96709 0.239435
vn -0.0521378 0.97015 0.236833
vn -0.0521378 0.97015 0.236833
vn -0.018144 0.972078 0.233954
vn -0.0392559 0.971035 0.23569
vn -0.0243958 0.970622 0.239368
vn -0.0243958 0.970622 0.239368
vn -0.00953002 0.969982 0.242991
vn 0.212319 0.971307 -0.107157
vn 0.298767 0.950109 -0.0896152
vn 0.298767 0.950109 -0.0896152
vn 0.382756 0.921091 -0.0713364
vn -0.20794 0.962313 -0.175255
vn -0.329166 0.932171 -0.150687
vn -0.329166 0.932171 -0.150687
vn -0.445056 0.886921 -0.123676
vn -0.182072 0.884532 -0.42948
vn -0.0064058 0.929018 -0.369978
vn -0.0064058 0.929018 -0.369978
vn 0.169493 0.939709 -0.297017
vn -0.00290481 0.998854 -0.0477831
vn 0.0284863 0.998455 -0.0477185
vn 0.0284863 0.998455 -0.0477185
vn 0.0598494 0.997072 -0.0476068
vn -0.265427 0.948552 0.172619
vn -0.23135 0.957773 0.170726
vn -0.23135 0.957773 0.170726
vn -0.196985 0.965797 0.16862
vn 0.249318 0.963232 -0.100127
vn 0.263909 0.959791 -0.0956763
vn 0.263909 0.959791 -0.0956763
vn 0.278435 0.956115 -0.0912018
vn 0.295036 0.918325 0.26388
vn 0.107989 0.953745 0.280549
vn 0.107989 0.953745 0.280549
vn -0.0830026 0.954336 0.286973
vn -0.164178 0.983724 0.0730264
vn -0.138191 0.987873 0.0707835
vn -0.138191 0.987873 0.0707835
vn -0.112107 0.991333 0.0684911
vn -0.0283977 0.996866 -0.0738383
vn 0.00886511 0.997445 -0.07089
vn 0.00886511 0.997445 -0.07089
vn 0.0461156 0.99663 -0.0678426
vn 0.169252 0.980229 -0.102495
vn 0.111815 0.987643 -0.109809
vn 0.111815 0.987643 -0.109809
vn 0.0539971 0.991692 -0.116749
vn 0.0603585 0.966825 -0.248208
vn 0.143506 0.957314 -0.250911
vn 0.143506 0.957314 -0.250911
vn 0.225647 0.941091 -0.251855
vn 0.278473 0.960311 0.0159804
vn -0.118539 0.984982 -0.125538
vn -0.118539 0.984982 -0.125538
vn -0.494421 0.834074 -0.244679
vn 0.329391 0.921711 0.204818
vn 0.318972 0.925351 0.204895
vn 0.318972 0.925351 0.204895
vn 0.308513 0.928879 0.204947
vn -0.402299 0.911521 0.0853553
vn -0.15376 0.986698 -0.0527663
vn -0.15376 0.986698 -0.0527663
vn 0.10808 0.976526 -0.186324
vn -0.268036 0.95995 0.0815603
vn 0.0715103 0.996555 0.0420062
vn 0.0715103 0.996555 0.0420062
vn 0.402604 0.915371 -0.00251294
vn -0.251367 0.957677 0.140249
vn -0.103306 0.988493 0.110499
vn -0.103306 0.988493 0.110499
vn 0.0472091 0.995825 0.0781245
vn -0.464523 0.882991 0.06742
vn -0.16336 0.975971 0.144203
vn -0.16336 0.975971 0.144203
vn 0.154996 0.966239 0.205811
vn -0.0721788 0.997367 -0.00708391
vn -0.180835 0.983382 0.0160661
vn -0.180835 0.983382 0.0160661
vn -0.287225 0.957068 0.0390146
vn 0.200098 0.978396 -0.0519909
vn 0.0121571 0.999192 -0.0383092
vn 0.0121571 0.999192 -0.0383092
vn -0.17622 0.984076 -0.0232506
vn 0.00597566 0.999485 -0.0315178
vn 0.182129 0.983225 -0.00991715
vn 0.182129 0.983225 -0.00991715
vn 0.352498 0.935736 0.0119985
vn 0.0115483 0.997408 -0.0710208
vn -0.065193 0.994204 -0.0854839
vn -0.065193 0.994204 -0.0854839
vn -0.141536 0.984928 -0.0994249
vn 0.456858 0.882916 -0.108351
vn 0.200373 0.970936 -0.130897
vn 0.200373 0.970936 -0.130897
vn -0.0709472 0.987067 -0.143751
vn -0.276342 0.954319 -0.113625
vn 0.0932957 0.985024 -0.144994
vn 0.0932957 0.985024 -0.144994
vn 0.450006 0.879246 -0.156273
vn 0.0318328 0.99709 0.0692622
vn 0.191709 0.980804 0.0356407
vn 0.191709 0.980804 0.0356407
vn 0.346418 0.93808 0.0010585
vn 0.283994 0.958826 2.74465e-005
vn 0.0332296 0.999323 -0.0157713
vn 0.0332296 0.999323 -0.0157713
vn -0.219687 0.975092 -0.0305485
vn -0.293183 0.947352 0.128716
vn -0.122415 0.988223 0.091816
vn -0.122415 0.988223 0.091816
vn 0.0522933 0.997279 0.05196
vn -0.286772 0.940933 0.18002
vn -0.0219259 0.985796 0.166512
vn -0.0219259 0.985796 0.166512
vn 0.244506 0.959347 0.140959
vn -0.0736698 0.980645 -0.181406
vn 0.0248692 0.984151 -0.175579
vn 0.0248692 0.984151 -0.175579
vn 0.123166 0.978056 -0.168039
vn -0.255604 0.960222 -0.112428
vn 0.00785582 0.99254 -0.121664
vn 0.00785582 0.99254 -0.121664
vn 0.270761 0.954844 -0.122317
vn -0.121141 0.990687 0.0621654
vn 0.041965 0.997175 0.0622933
vn 0.041965 0.997175 0.0622933
vn 0.203953 0.977093 0.0607614
vn -0.441436 0.836853 -0.323746
vn -0.00495559 0.977605 -0.210388
vn -0.00495559 0.977605 -0.210388
vn 0.43263 0.90018 -0.0500765
vn -0.14179 0.98306 0.116138
vn -0.33861 0.933952 0.114351
vn -0.33861 0.933952 0.114351
vn -0.521496 0.846409 0.107858
vn -0.502762 0.862668 0.0550879
vn -0.184254 0.982049 0.0403783
vn -0.184254 0.982049 0.0403783
vn 0.155612 0.987595 0.0209882
vn -0.19513 0.980398 0.0272901
vn 0.10881 0.991756 -0.0676864
vn 0.10881 0.991756 -0.0676864
vn 0.401702 0.902422 -0.155791
vn 0.0438749 0.99681 -0.0666674
vn 0.216858 0.973141 -0.0772571
vn 0.216858 0.973141 -0.0772571
vn 0.383206 0.919699 -0.085483
vn -0.100834 0.923021 -0.371301
vn -0.193263 0.904554 -0.380041
vn -0.193263 0.904554 -0.380041
vn -0.283959 0.877982 -0.385377
vn 0.200098 0.977919 0.0602886
vn 0.314502 0.948024 0.0483596
vn 0.314502 0.948024 0.0483596
vn 0.424463 0.904739 0.0357476
vn 0.0167369 0.995637 -0.0918009
vn 0.028301 0.995741 -0.087739
vn 0.028301 0.995741 -0.087739
vn 0.0398609 0.995696 -0.083664
vn -0.237965 0.960256 0.14588
vn -0.17754 0.974515 0.137111
vn -0.17754 0.974515 0.137111
vn -0.116417 0.984943 0.127802
vn 0.0302092 0.968089 -0.24878
vn -0.123476 0.971902 -0.2004
vn -0.123476 0.971902 -0.2004
vn -0.273955 0.950471 -0.146815
vn -0.306388 0.946543 0.100909
vn -0.15486 0.985549 0.0686454
vn -0.15486 0.985549 0.0686454
vn 0.00062016 0.9994 0.0346298
vn 0.0875646 0.983073 -0.160932
vn -0.050297 0.985517 -0.161946
vn -0.050297 0.985517 -0.161946
vn -0.187202 0.969223 -0.15988
vn -0.40805 0.906804 0.10584
vn -0.0936021 0.995564 0.00957236
vn -0.0936021 0.995564 0.00957236
vn 0.231706 0.968815 -0.0878057
vn -0.414425 0.910075 -0.00404656
vn 0.00223105 0.998841 -0.0480875
vn 0.00223105 0.998841 -0.0480875
vn 0.418477 0.904398 -0.0833081
vn -0.460439 0.887644 0.00918977
vn -0.0594098 0.997866 -0.0270865
vn -0.0594098 0.997866 -0.0270865
vn 0.351974 0.934171 -0.0586419
vn -0.137182 0.988036 0.0704698
vn -0.171027 0.98219 0.0777922
vn -0.171027 0.98219 0.0777922
vn -0.204661 0.975134 0.0850188
vn 0.114124 0.992029 0.0534283
vn 0.0872307 0.994632 0.055666
vn 0.0872307 0.994632 0.055666
vn 0.0602734 0.996503 0.0578628
vn -0.237924 0.944814 -0.225209
vn 0.0130274 0.978165 -0.207419
vn 0.0130274 0.978165 -0.207419
vn 0.26314 0.948518 -0.17627
vn 0.170136 0.931747 -0.320783
vn 0.00130867 0.948682 -0.31623
vn 0.00130867 0.948682 -0.31623
vn -0.167556 0.938285 -0.302567
vn 0.425037 0.896569 -0.124534
vn 0.0524259 0.998285 0.0260565
vn 0.0524259 0.998285 0.0260565
vn -0.329195 0.928433 0.172169
vn -0.15925 0.976154 0.147521
vn -0.138572 0.97816 0.154921
vn -0.138572 0.97816 0.154921
vn -0.117826 0.97969 0.162247
vn 0.0608905 0.980703 -0.185777
vn 0.127156 0.973347 -0.19086
vn 0.127156 0.973347 -0.19086
vn 0.192853 0.961638 -0.195089
vn -0.194281 0.962727 0.188181
vn 0.103272 0.964747 0.242069
vn 0.103272 0.964747 0.242069
vn 0.39138 0.878546 0.273821
vn 0.130897 0.953341 -0.272041
vn -0.132855 0.939875 -0.314619
vn -0.132855 0.939875 -0.314619
vn -0.3871 0.859151 -0.334683
vn 0.135041 0.989782 0.0457701
vn 0.14136 0.988852 0.0467846
vn 0.14136 0.988852 0.0467846
vn 0.147674 0.987881 0.0477971
vn 0.129408 0.989224 0.0684766
vn 0.0846233 0.99187 0.095041
vn 0.0846233 0.99187 0.095041
vn 0.0396087 0.99182 0.121347
vn 0.01064 0.99893 0.0449999
vn -0.0390586 0.997909 0.0515039
vn -0.0390586 0.997909 0.0515039
vn -0.0886591 0.994379 0.0578784
vn -0.0973328 0.985874 0.136305
vn 0.0581932 0.991214 0.118782
vn 0.0581932 0.991214 0.118782
vn 0.212292 0.972245 0.0983447
vn 0.0101428 0.932932 0.359909
vn 0.0343023 0.930557 0.364536
vn 0.0343023 0.930557 0.364536
vn 0.058441 0.927614 0.368941
vn -0.169412 0.984547 0.0443448
vn 0.107646 0.994188 -0.0016494
vn 0.107646 0.994188 -0.0016494
vn 0.376203 0.925318 -0.0475134
vn 0.33038 0.898629 0.288644
vn 0.0982809 0.956607 0.274308
vn 0.0982809 0.956607 0.274308
vn -0.139463 0.95964 0.244215
vn -0.0893653 0.983104 -0.159748
vn -0.172995 0.973379 -0.150354
vn -0.172995 0.973379 -0.150354
vn -0.255383 0.956668 -0.13988
vn 0.00406659 0.996801 -0.0798258
vn 0.0422678 0.996034 -0.078296
vn 0.0422678 0.996034 -0.078296
vn 0.0804072 0.99381 -0.0766517
vn 0.172707 0.983087 0.0609285
vn 0.100016 0.992512 0.070118
vn 0.100016 0.992512 0.070118
vn 0.0267785 0.996521 0.0789248
vn -0.258616 0.953008 0.157777
vn 0.0958318 0.993263 0.0651596
vn 0.0958318 0.993263 0.0651596
vn 0.437263 0.898601 -0.0363082
vn -0.046967 0.974891 0.217671
vn 0.0397106 0.973528 0.225093
vn 0.0397106 0.973528 0.225093
vn 0.126088 0.964794 0.230812
vn -0.360153 0.929123 -0.0837832
vn -0.311874 0.946491 -0.0830019
vn -0.311874 0.946491 -0.0830019
vn -0.262773 0.961367 -0.082002
vn -0.106767 0.992843 -0.0535065
vn -0.327737 0.944702 -0.0112857
vn -0.327737 0.944702 -0.0112857
vn -0.531361 0.846559 0.0315324
vn -0.008639 0.974287 -0.225146
vn -0.0889679 0.970242 -0.225202
vn -0.0889679 0.970242 -0.225202
vn -0.168721 0.95992 -0.2238
vn 0.220993 0.972277 -0.0764117
vn 0.211235 0.974475 -0.0760169
vn 0.211235 0.974475 -0.0760169
vn 0.201455 0.976575 -0.0756145
vn 0.0600369 0.97749 0.202261
vn 0.0604209 0.977449 0.202341
vn 0.0604209 0.977449 0.202341
vn 0.0608049 0.977409 0.202422
vn -0.233555 0.899298 -0.36975
vn 0.0199242 0.920391 -0.390492
vn 0.0199242 0.920391 -0.390492
vn 0.272106 0.881541 -0.385803
vn -0.0799267 0.956884 -0.279257
vn -0.241421 0.933792 -0.2641
vn -0.241421 0.933792 -0.2641
vn -0.396435 0.885633 -0.241855
vn -0.0798095 0.996547 -0.0229024
vn 0.0958933 0.990262 -0.100921
vn 0.0958933 0.990262 -0.100921
vn 0.268048 0.94734 -0.175206
vn 0.226868 0.972547 0.0517893
vn 0.266383 0.961708 0.064484
vn 0.266383 0.961708 0.064484
vn 0.305407 0.949099 0.0770601
vn 0.266262 0.962118 -0.0585957
vn 0.0246324 0.995962 -0.0863272
vn 0.0246324 0.995962 -0.0863272
vn -0.218482 0.969751 -0.108853
vn -0.30473 0.947132 0.100405
vn -0.293904 0.950343 0.102313
vn -0.293904 0.950343 0.102313
vn -0.283039 0.95343 0.104208
vn -0.19027 0.979338 0.0685238
vn -0.0601923 0.990632 0.122574
vn -0.0601923 0.990632 0.122574
vn 0.071087 0.982145 0.174177
vn 0.350071 0.92365 0.155954
vn 0.0750548 0.985067 0.154952
vn 0.0750548 0.985067 0.154952
vn -0.205922 0.968263 0.141646
vn 0.195509 0.9671 -0.162768
vn 0.131534 0.977619 -0.164194
vn 0.131534 0.977619 -0.164194
vn 0.0670065 0.984026 -0.164931
vn -0.119466 0.978561 0.167767
vn -0.109488 0.979776 0.167484
vn -0.109488 0.979776 0.167484
vn -0.0994995 0.980892 0.167185
vn 0.182589 0.981926 0.0498187
vn 0.0855288 0.996319 0.00576882
vn 0.0855288 0.996319 0.00576882
vn -0.0125212 0.999186 -0.0383478
vn -0.367296 0.929686 -0.0278868
vn -0.112137 0.989049 -0.0959584
vn -0.112137 0.989049 -0.0959584
vn 0.151238 0.97595 -0.157
vn 0.308206 0.923632 -0.227845
vn 0.105328 0.970395 -0.217346
vn 0.105328 0.970395 -0.217346
vn -0.102127 0.974988 -0.197402
vn 0.142075 0.989573 0.0236645
vn 0.0591749 0.998214 0.00813526
vn 0.0591749 0.998214 0.00813526
vn -0.0241501 0.999681 -0.00745241
vn -0.212585 0.97591 -0.0490584
vn -0.289806 0.954324 -0.0726558
vn -0.289806 0.954324 -0.0726558
vn -0.365002 0.92607 -0.0957456
vn 0.238092 0.956251 -0.16999
vn 0.0550845 0.990283 -0.127692
vn 0.0550845 0.990283 -0.127692
vn -0.12993 0.98823 -0.0807403
vn -0.262487 0.959442 -0.102818
vn -0.215292 0.969015 -0.121074
vn -0.215292 0.969015 -0.121074
vn -0.167527 0.976018 -0.139008
vn 0.233618 0.943075 -0.236712
vn 0.210564 0.94908 -0.23433
vn 0.210564 0.94908 -0.23433
vn 0.187389 0.954541 -0.231814
vn -0.288685 0.929268 -0.230481
vn -0.0181276 0.955458 -0.29457
vn -0.0181276 0.955458 -0.29457
vn 0.253844 0.907127 -0.335684
vn -0.104409 0.945675 0.307893
vn 0.00555833 0.960873 0.276934
vn 0.00555833 0.960873 0.276934
vn 0.115452 0.963309 0.242296
vn 0.108228 0.993532 0.0343636
vn 0.0117707 0.999244 0.0370501
vn 0.0117707 0.999244 0.0370501
vn -0.0847971 0.995619 0.0393904
vn -0.524832 0.830885 -0.184884
vn -0.0658035 0.995969 -0.0609503
vn -0.0658035 0.995969 -0.0609503
vn 0.409894 0.908756 0.0784228
vn -0.120295 0.988008 -0.0967905
vn -0.117517 0.988358 -0.0966301
vn -0.117517 0.988358 -0.0966301
vn -0.114739 0.988701 -0.0964689
vn 0.333497 0.938217 0.0923474
vn -0.0626335 0.992994 0.100204
vn -0.0626335 0.992994 0.100204
vn -0.448743 0.888909 0.0920304
vn -0.264338 0.930752 -0.25264
vn -0.163929 0.951484 -0.260396
vn -0.163929 0.951484 -0.260396
vn -0.0617876 0.962157 -0.265399
vn 0.413413 0.905993 -0.090922
vn 0.193262 0.973304 -0.123806
vn 0.193262 0.973304 -0.123806
vn -0.0373397 0.987981 -0.149996
vn 0.291458 0.928367 -0.230622
vn 0.0431816 0.95447 -0.295165
vn 0.0431816 0.95447 -0.295165
vn -0.207966 0.917112 -0.340082
vn -0.473727 0.877552 -0.0740609
vn -0.0477411 0.998429 -0.0293354
vn -0.0477411 0.998429 -0.0293354
vn 0.387701 0.921541 0.0212007
vn 0.0131236 0.995059 0.0984106
vn -0.113619 0.984128 0.136317
vn -0.113619 0.984128 0.136317
vn -0.23836 0.955857 0.171822
vn -0.093962 0.976762 -0.192631
vn -0.238699 0.950449 -0.199174
vn -0.238699 0.950449 -0.199174
vn -0.378259 0.903526 -0.201398
vn -0.113073 0.989655 0.0883027
vn 0.135562 0.99006 0.037465
vn 0.135562 0.99006 0.037465
vn 0.375466 0.926702 -0.0157856
vn -0.154748 0.978644 -0.135313
vn 0.10895 0.990319 -0.0860155
vn 0.10895 0.990319 -0.0860155
vn 0.364792 0.930589 -0.030516
vn 0.15792 0.978622 -0.131759
vn 0.0965594 0.990302 -0.0998934
vn 0.0965594 0.990302 -0.0998934
vn 0.0347238 0.997112 -0.0675366
vn 0.546366 0.774534 0.318717
vn 0.14537 0.946208 0.289064
vn 0.14537 0.946208 0.289064
vn -0.283413 0.937015 0.204156
vn 0.15954 0.987028 -0.0179341
vn 0.0449538 0.998962 -0.00741342
vn 0.0449538 0.998962 -0.00741342
vn -0.0702344 0.997525 0.00320644
vn -0.0704679 0.997513 -0.00113706
vn -0.0371263 0.999298 0.00508608
vn -0.0371263 0.999298 0.00508608
vn -0.0037418 0.999929 0.0113034
vn 0.0688337 0.993284 0.0930012
vn 0.115583 0.989008 0.0922169
vn 0.115583 0.989008 0.0922169
vn 0.162077 0.982552 0.0912292
vn -0.403195 0.915037 -0.0119096
vn -0.120547 0.991838 -0.0415362
vn -0.120547 0.991838 -0.0415362
vn 0.172548 0.982681 -0.067563
vn -0.265447 0.959644 0.0928529
vn 0.0974697 0.986805 0.129289
vn 0.0974697 0.986805 0.129289
vn 0.447347 0.881958 0.148429
vn 0.312445 0.949721 -0.0202276
vn 0.390496 0.920002 -0.0332871
vn 0.390496 0.920002 -0.0332871
vn 0.465758 0.88371 -0.0461087
vn -0.11611 0.969076 0.217739
vn 0.0137979 0.974181 0.225347
vn 0.0137979 0.974181 0.225347
vn 0.143472 0.962764 0.229133
vn -0.623138 0.779434 0.0646709
vn -0.319034 0.946196 0.0541284
vn -0.319034 0.946196 0.0541284
vn 0.0234817 0.999037 0.0370688
vn 0.0226938 0.989217 -0.144685
vn 0.0895815 0.984768 -0.14902
vn 0.0895815 0.984768 -0.14902
vn 0.156065 0.975875 -0.152682
vn -0.156937 0.984237 -0.0815356
vn -0.124412 0.989056 -0.0793066
vn -0.124412 0.989056 -0.0793066
vn -0.0917517 0.992801 -0.0769914
vn 0.130802 0.986318 0.100334
vn 0.145725 0.983877 0.103685
vn 0.145725 0.983877 0.103685
vn 0.160612 0.981199 0.107011
vn 0.520149 0.845068 0.123714
vn 0.244676 0.940212 0.23693
vn 0.244676 0.940212 0.23693
vn -0.0547155 0.943444 0.326985
vn -0.145135 0.983202 0.110678
vn -0.0884532 0.99044 0.105853
vn -0.0884532 0.99044 0.105853
vn -0.031481 0.994421 0.10068
vn 0.00127627 0.998579 -0.0532713
vn -0.056069 0.997245 -0.048558
vn -0.056069 0.997245 -0.048558
vn -0.113229 0.992608 -0.0436838
vn 0.17525 0.945986 0.27276
vn 0.0333582 0.964567 0.26172
vn 0.0333582 0.964567 0.26172
vn -0.109221 0.963278 0.245288
vn 0.0721502 0.97259 -0.221049
vn 0.0562066 0.972786 -0.224783
vn 0.0562066 0.972786 -0.224783
vn 0.0402479 0.972722 -0.228457
vn -0.0329903 0.996405 0.0780304
vn -0.0767547 0.993839 0.0799568
vn -0.0767547 0.993839 0.0799568
vn -0.120371 0.989359 0.0817293
vn -0.221715 0.974578 -0.032244
vn -0.127678 0.991648 -0.0182397
vn -0.127678 0.991648 -0.0182397
vn -0.03245 0.999465 -0.00406525
vn -0.084397 0.993764 0.0728778
vn 0.112197 0.992316 0.0521526
vn 0.112197 0.992316 0.0521526
vn 0.304406 0.952089 0.0293892
vn 0.171161 0.983692 -0.0552677
vn 0.0287085 0.993911 -0.106379
vn 0.0287085 0.993911 -0.106379
vn -0.114405 0.981261 -0.155043
vn -0.123724 0.991065 -0.0498231
vn -0.0213276 0.999123 -0.0360366
vn -0.0213276 0.999123 -0.0360366
vn 0.0812976 0.99645 -0.021863
vn -0.332276 0.936708 -0.110323
vn -0.268627 0.95614 -0.116776
vn -0.268627 0.95614 -0.116776
vn -0.203777 0.971297 -0.122708
vn -0.238112 0.93759 0.25343
vn 0.021327 0.960705 0.276752
vn 0.021327 0.960705 0.276752
vn 0.279308 0.918119 0.281148
vn -0.243089 0.961374 0.1291
vn -0.177654 0.974311 0.138411
vn -0.177654 0.974311 0.138411
vn -0.111414 0.982828 0.147093
vn -0.22989 0.946955 -0.224561
vn -0.00589607 0.9877 -0.156247
vn -0.00589607 0.9877 -0.156247
vn 0.218431 0.972641 -0.0791062
vn -0.0305419 0.998825 0.0376269
vn -0.271911 0.962053 0.022787
vn -0.271911 0.962053 0.022787
vn -0.49701 0.86772 0.00658374
vn 0.263023 0.964292 -0.0309675
vn -0.026994 0.999148 -0.0312272
vn -0.026994 0.999148 -0.0312272
vn -0.314708 0.948751 -0.0288225
vn 0.252438 0.924921 -0.284246
vn -0.00702831 0.948432 -0.316902
vn -0.00702831 0.948432 -0.316902
vn -0.26601 0.906556 -0.327711
vn -0.122959 0.90146 0.41503
vn 0.0186246 0.919994 0.39149
vn 0.0186246 0.919994 0.39149
vn 0.159818 0.919259 0.359751
vn -0.0737975 0.97881 -0.191011
vn 0.0011968 0.979047 -0.203631
vn 0.0011968 0.979047 -0.203631
vn 0.0761841 0.973622 -0.215074
vn -0.000386275 0.977483 -0.211013
vn -0.0548128 0.97512 -0.214795
vn -0.0548128 0.97512 -0.214795
vn -0.109076 0.969848 -0.217937
vn -0.0928975 0.957361 -0.27355
vn 0.0694813 0.9671 -0.244723
vn 0.0694813 0.9671 -0.244723
vn 0.229964 0.950445 -0.209217
vn -0.0382654 0.977569 0.207112
vn -0.0405182 0.977457 0.207213
vn -0.0405182 0.977457 0.207213
vn -0.0427708 0.977339 0.207312
vn -0.212665 0.977048 0.01226
vn -0.229242 0.973316 0.0101786
vn -0.229242 0.973316 0.0101786
vn -0.245751 0.969299 0.00809423
vn 0.156834 0.986574 -0.0455436
vn 0.0921522 0.993952 -0.0597235
vn 0.0921522 0.993952 -0.0597235
vn 0.0270617 0.996918 -0.0736383
vn -0.195499 0.980044 0.0359662
vn 0.0853157 0.994312 -0.0637608
vn 0.0853157 0.994312 -0.0637608
vn 0.358537 0.92008 -0.157813
vn -0.221313 0.956383 -0.190665
vn -0.228015 0.95508 -0.189294
vn -0.228015 0.95508 -0.189294
vn -0.234705 0.95373 -0.187914
vn -0.0545588 0.972044 0.228374
vn -0.148716 0.95514 0.256107
vn -0.148716 0.95514 0.256107
vn -0.241398 0.928761 0.281299
vn -0.246195 0.953203 -0.175476
vn -0.0792158 0.984414 -0.157015
vn -0.0792158 0.984414 -0.157015
vn 0.0900766 0.986883 -0.13397
vn 0.330505 0.934852 0.129683
vn 0.0785125 0.983117 0.165276
vn 0.0785125 0.983117 0.165276
vn -0.178748 0.965418 0.18978
vn 0.603275 0.784662 0.142709
vn 0.315715 0.94408 0.0950631
vn 0.315715 0.94408 0.0950631
vn -0.00669088 0.999296 0.0369246
vn -0.0748027 0.955166 -0.286467
vn -0.0689208 0.955808 -0.285798
vn -0.0689208 0.955808 -0.285798
vn -0.0630363 0.956417 -0.28512
vn -0.138535 0.986455 -0.0878276
vn 0.0420576 0.997465 -0.0573941
vn 0.0420576 0.997465 -0.0573941
vn 0.221235 0.974899 -0.0250285
vn -0.171413 0.945372 0.277289
vn 0.0891181 0.96571 0.243847
vn 0.0891181 0.96571 0.243847
vn 0.343464 0.91902 0.193481
vn 0.127281 0.977412 0.168715
vn 0.0389986 0.987055 0.155568
vn 0.0389986 0.987055 0.155568
vn -0.049598 0.988743 0.141167
vn 0.268546 0.962496 -0.0385341
vn 0.03512 0.995416 -0.0889566
vn 0.03512 0.995416 -0.0889566
vn -0.200347 0.970489 -0.13421
vn 0.311323 0.949246 0.0448333
vn -0.195703 0.980299 0.0267264
vn -0.195703 0.980299 0.0267264
vn -0.652166 0.758074 0.00171429
vn -0.161844 0.976991 0.138907
vn -0.246427 0.956575 0.155686
vn -0.246427 0.956575 0.155686
vn -0.329075 0.928647 0.171243
vn 0.136658 0.990618 0.00103976
vn 0.0721078 0.997379 0.00593057
vn 0.0721078 0.997379 0.00593057
vn 0.00725218 0.999915 0.0107963
vn -0.16343 0.958959 -0.231705
vn -0.0657048 0.971048 -0.229669
vn -0.0657048 0.971048 -0.229669
vn 0.032658 0.973718 -0.225406
vn 0.283426 0.918159 -0.276864
vn 0.261982 0.923059 -0.281652
vn 0.261982 0.923059 -0.281652
vn 0.240405 0.927491 -0.286296
vn -0.19323 0.96331 -0.18627
vn -0.118087 0.981071 -0.153476
vn -0.118087 0.981071 -0.153476
vn -0.042114 0.991928 -0.119602
vn -0.400131 0.91585 0.0333696
vn -0.174394 0.984049 0.035145
vn -0.174394 0.984049 0.035145
vn 0.061042 0.997523 0.0349658
vn -0.257878 0.928521 -0.26711
vn 0.131322 0.968508 -0.211535
vn 0.131322 0.968508 -0.211535
vn 0.500013 0.857249 -0.122926
vn -0.0216406 0.997918 -0.0607505
vn -0.160978 0.984475 -0.0699675
vn -0.160978 0.984475 -0.0699675
vn -0.297148 0.951656 -0.0778074
vn -0.114498 0.964937 0.236194
vn -0.12802 0.963991 0.233094
vn -0.12802 0.963991 0.233094
vn -0.141517 0.962859 0.229948
vn 0.222375 0.973742 -0.0487403
vn 0.0175847 0.998158 -0.0580636
vn 0.0175847 0.998158 -0.0580636
vn -0.187956 0.98003 -0.0649121
vn -0.231451 0.971121 0.0579246
vn -0.110919 0.992762 0.0460438
vn -0.110919 0.992762 0.0460438
vn 0.0112913 0.999376 0.0334661
vn -0.289472 0.936834 0.196337
vn 0.185466 0.978201 0.0934083
vn 0.185466 0.978201 0.0934083
vn 0.616287 0.786882 -0.0317391
vn 0.271117 0.942865 0.193651
vn 0.212702 0.956764 0.198395
vn 0.212702 0.956764 0.198395
vn 0.153515 0.967192 0.202419
vn 0.0480559 0.963937 -0.261754
vn -0.190467 0.969585 -0.153714
vn -0.190467 0.969585 -0.153714
vn -0.415925 0.90872 -0.0351289
vn -0.0271135 0.965399 -0.259363
vn -0.0808687 0.958299 -0.274085
vn -0.0808687 0.958299 -0.274085
vn -0.134368 0.948174 -0.287942
vn -0.405301 0.878228 0.253864
vn -0.030174 0.989077 0.14428
vn -0.030174 0.989077 0.14428
vn 0.349932 0.936712 0.0108861
vn 0.255546 0.96519 0.055712
vn 0.246814 0.967485 0.0552837
vn 0.246814 0.967485 0.0552837
vn 0.238062 0.9697 0.0548509
vn -0.0797253 0.996758 0.0108631
vn -0.249332 0.965851 0.0704607
vn -0.249332 0.965851 0.0704607
vn -0.410643 0.902807 0.127714
vn -0.287457 0.952364 -0.101836
vn -0.14319 0.985367 -0.0924626
vn -0.14319 0.985367 -0.0924626
vn 0.00422669 0.996701 -0.0810557
vn -0.025259 0.996912 -0.074354
vn -0.15466 0.986231 -0.0585587
vn -0.15466 0.986231 -0.0585587
vn -0.281415 0.958677 -0.0417615
vn -0.311161 0.949044 -0.0499465
vn 0.163202 0.985923 0.0363499
vn 0.163202 0.985923 0.0363499
vn 0.599404 0.792266 0.114147
vn -0.254586 0.95779 0.133508
vn -0.0508655 0.98669 0.15445
vn -0.0508655 0.98669 0.15445
vn 0.155031 0.973384 0.168785
vn -0.341979 0.930105 -0.133994
vn -0.194489 0.966913 -0.165088
vn -0.194489 0.966913 -0.165088
vn -0.0423162 0.980442 -0.192207
vn -0.0638672 0.997898 -0.0109374
vn -0.331594 0.939268 -0.0884409
vn -0.331594 0.939268 -0.0884409
vn -0.572422 0.804441 -0.15877
vn 0.243659 0.963666 0.109448
vn 0.0656881 0.981166 0.181654
vn 0.0656881 0.981166 0.181654
vn -0.114726 0.962173 0.247104
vn -0.576216 0.803432 -0.149909
vn -0.277502 0.956226 -0.0928631
vn -0.277502 0.956226 -0.0928631
vn 0.0533543 0.998261 -0.0250605
vn 0.0471997 0.998664 0.0210324
vn -0.206077 0.978361 0.0185221
vn -0.206077 0.978361 0.0185221
vn -0.446047 0.894887 0.0148158
vn -0.162484 0.971212 0.174201
vn 0.099858 0.989761 0.101991
vn 0.099858 0.989761 0.101991
vn 0.354773 0.934689 0.0221954
vn 0.00493354 0.983063 0.183202
vn 0.0735276 0.980786 0.1807
vn 0.0735276 0.980786 0.1807
vn 0.141775 0.973883 0.177346
vn 0.261447 0.917577 0.299496
vn 0.251657 0.919881 0.300813
vn 0.251657 0.919881 0.300813
vn 0.241841 0.922089 0.302099
vn 0.2097 0.976508 0.04958
vn 0.264002 0.964117 0.0279566
vn 0.264002 0.964117 0.0279566
vn 0.31736 0.948285 0.00623334
vn 0.171915 0.946291 0.273823
vn -0.135918 0.979295 0.150023
vn -0.135918 0.979295 0.150023
vn -0.428641 0.903425 0.00954287
vn 0.358651 0.9151 0.184285
vn 0.126401 0.975605 0.179492
vn 0.126401 0.975605 0.179492
vn -0.113133 0.979892 0.164357
vn -0.0519854 0.97722 -0.205761
vn -0.0730199 0.976267 -0.203888
vn -0.0730199 0.976267 -0.203888
vn -0.0940218 0.974878 -0.201924
vn 0.302282 0.914917 -0.267492
vn -0.00981405 0.945843 -0.324476
vn -0.00981405 0.945843 -0.324476
vn -0.320913 0.880664 -0.34849
vn 0.114681 0.978697 0.170295
vn -0.00364103 0.989649 0.143462
vn -0.00364103 0.989649 0.143462
vn -0.12191 0.985915 0.114499
vn -0.1524 0.934161 0.322672
vn -0.0262038 0.93082 0.364537
vn -0.0262038 0.93082 0.364537
vn 0.100456 0.911014 0.399953
vn 0.31694 0.911887 0.26079
vn 0.15913 0.951199 0.264383
vn 0.15913 0.951199 0.264383
vn -0.00289024 0.96534 0.26098
vn 0.40375 0.895963 0.185031
vn 0.125216 0.967642 0.219068
vn 0.125216 0.967642 0.219068
vn -0.16382 0.958157 0.23473
vn 0.136657 0.987487 -0.0787009
vn 0.107425 0.99145 -0.0740782
vn 0.107425 0.99145 -0.0740782
vn 0.0780968 0.994528 -0.0693893
vn -0.404058 0.907899 -0.111609
vn -0.0555665 0.997743 -0.0376866
vn -0.0555665 0.997743 -0.0376866
vn 0.300425 0.95291 0.0413225
vn 0.270545 0.955128 -0.120566
vn 0.065447 0.994316 -0.0839733
vn 0.065447 0.994316 -0.0839733
vn -0.142592 0.98882 -0.0436073
vn -0.389849 0.910609 -0.137145
vn -0.0954963 0.99195 -0.0831613
vn -0.0954963 0.99195 -0.0831613
vn 0.208041 0.977891 -0.0211794
vn 0.123954 0.958752 -0.255794
vn 0.0914027 0.963564 -0.251375
vn 0.0914027 0.963564 -0.251375
vn 0.0587509 0.967315 -0.246679
vn -0.0497291 0.984066 0.170705
vn 0.112547 0.980274 0.162471
vn 0.112547 0.980274 0.162471
vn 0.271851 0.950586 0.149945
vn -0.271247 0.956163 0.110353
vn 0.0561203 0.997956 0.0305818
vn 0.0561203 0.997956 0.0305818
vn 0.377018 0.924705 -0.0527152
vn -0.245971 0.953049 0.176623
vn -0.221 0.961725 0.161999
vn -0.221 0.961725 0.161999
vn -0.195827 0.969524 0.147227
vn 0.218845 0.971943 -0.0862224
vn -0.020221 0.992841 -0.117716
vn -0.020221 0.992841 -0.117716
vn -0.258102 0.955579 -0.142313
vn 0.205695 0.96197 0.179733
vn 0.0109502 0.984849 0.17307
vn 0.0109502 0.984849 0.17307
vn -0.184216 0.969818 0.159744
vn -0.0230526 0.994559 -0.101588
vn 0.141876 0.987021 -0.0752411
vn 0.141876 0.987021 -0.0752411
vn 0.302839 0.951892 -0.0467905
vn 0.490905 0.871179 0.00774201
vn 0.0475557 0.997676 -0.0488034
vn 0.0475557 0.997676 -0.0488034
vn -0.406054 0.908917 -0.0948191
vn -0.136614 0.989016 0.0564195
vn -0.14364 0.988109 0.0548392
vn -0.14364 0.988109 0.0548392
vn -0.150658 0.98715 0.0532561
vn -0.0579751 0.988263 0.141333
vn -0.183082 0.97402 0.133287
vn -0.183082 0.97402 0.133287
vn -0.305275 0.944272 0.123119
vn 0.550495 0.83472 -0.0140802
vn 0.29035 0.956916 -0.00296779
vn 0.29035 0.956916 -0.00296779
vn 0.00618397 0.999946 0.00839013
vn 0.085043 0.98876 0.122972
vn -0.076283 0.982809 0.16813
vn -0.076283 0.982809 0.16813
vn -0.235465 0.94924 0.208564
vn -0.367625 0.917954 -0.14904
vn -0.0521512 0.991584 -0.118498
vn -0.0521512 0.991584 -0.118498
vn 0.268844 0.960227 -0.0754094
vn -0.148039 0.985096 0.0875856
vn 0.157143 0.983633 0.0881644
vn 0.157143 0.983633 0.0881644
vn 0.447689 0.890556 0.0805316
vn 0.366414 0.913843 0.175018
vn -0.0056886 0.999389 0.0344842
vn -0.0056886 0.999389 0.0344842
vn -0.37685 0.919508 -0.111758
vn 0.074884 0.992535 0.0962647
vn -0.0986497 0.98404 0.1481
vn -0.0986497 0.98404 0.1481
vn -0.26894 0.943197 0.195066
vn -0.353869 0.90318 -0.242986
vn -0.385861 0.89114 -0.238706
vn -0.385861 0.89114 -0.238706
vn -0.417396 0.878042 -0.234143
vn -0.263984 0.952578 -0.151355
vn -0.125896 0.981975 -0.140979
vn -0.125896 0.981975 -0.140979
vn 0.0147146 0.991694 -0.127777
vn 0.138662 0.961271 0.238182
vn 0.164052 0.957813 0.235968
vn 0.164052 0.957813 0.235968
vn 0.189332 0.953722 0.233597
vn -0.0632122 0.997331 -0.0365486
vn 0.0526618 0.997323 -0.0507383
vn 0.0526618 0.997323 -0.0507383
vn 0.167818 0.983723 -0.0642366
vn -0.459666 0.851947 -0.250784
vn -0.10857 0.986379 -0.123571
vn -0.10857 0.986379 -0.123571
vn 0.259628 0.965432 0.0231069
vn -0.3899 0.886493 0.249214
vn -0.330018 0.909219 0.253788
vn -0.330018 0.909219 0.253788
vn -0.268776 0.928196 0.257315
vn 0.26109 0.941473 0.213216
vn -0.0115442 0.975043 0.221715
vn -0.0115442 0.975043 0.221715
vn -0.283306 0.93497 0.213469
vn -0.251614 0.950672 -0.181418
vn -0.213935 0.963051 -0.163599
vn -0.213935 0.963051 -0.163599
vn -0.175853 0.973609 -0.14547
vn 0.563419 0.812852 0.147751
vn 0.354311 0.930259 0.0953006
vn 0.354311 0.930259 0.0953006
vn 0.123852 0.991607 0.0371074
vn 0.0142746 0.999826 0.0120471
vn 0.18158 0.983178 0.019734
vn 0.18158 0.983178 0.019734
vn 0.343743 0.93868 0.0268619
vn -0.0821233 0.974059 0.210865
vn -0.128536 0.971868 0.197361
vn -0.128536 0.971868 0.197361
vn -0.174647 0.967401 0.183395
vn -0.192458 0.94584 -0.261432
vn 0.0728253 0.982717 -0.17019
vn 0.0728253 0.982717 -0.17019
vn 0.332278 0.940917 -0.065323
vn -0.347649 0.905619 0.242887
vn -0.292803 0.921914 0.253657
vn -0.292803 0.921914 0.253657
vn -0.236964 0.935084 0.263566
vn 0.349234 0.937023 0.00489465
vn 0.284637 0.958514 0.0152321
vn 0.284637 0.958514 0.0152321
vn 0.218692 0.975461 0.0254972
vn -0.468918 0.881714 0.0519297
vn -0.185709 0.982197 0.0283203
vn -0.185709 0.982197 0.0283203
vn 0.114375 0.993435 0.00213766
vn -0.175463 0.940575 -0.290742
vn -0.222629 0.931286 -0.288346
vn -0.222629 0.931286 -0.288346
vn -0.26928 0.919838 -0.285283
vn 0.321545 0.937847 0.130586
vn -0.0105209 0.998071 0.0611817
vn -0.0105209 0.998071 0.0611817
vn -0.341338 0.939813 -0.015486
vn -0.374243 0.917047 -0.13772
vn -0.118332 0.991952 -0.0450538
vn -0.118332 0.991952 -0.0450538
vn 0.14701 0.987809 0.0512028
vn -0.167645 0.985723 -0.0156431
vn -0.318177 0.948026 -0.00301103
vn -0.318177 0.948026 -0.00301103
vn -0.460997 0.887349 0.00969401
vn 0.260999 0.933182 -0.247086
vn 0.0203577 0.97813 -0.206994
vn 0.0203577 0.97813 -0.206994
vn -0.221537 0.962889 -0.154165
vn -0.0892529 0.992614 -0.0821659
vn 0.235194 0.970191 -0.0584143
vn 0.235194 0.970191 -0.0584143
vn 0.534632 0.844606 -0.0284514
vn 0.0164369 0.999793 0.0120028
vn -0.0396877 0.999032 0.0189706
vn -0.0396877 0.999032 0.0189706
vn -0.0956852 0.995075 0.0258777
vn -0.17856 0.960647 0.212776
vn -0.0721752 0.982574 0.171286
vn -0.0721752 0.982574 0.171286
vn 0.035185 0.991217 0.12748
vn 0.491295 0.868692 -0.0632761
vn 0.378298 0.924809 -0.0402415
vn 0.378298 0.924809 -0.0402415
vn 0.259078 0.965715 -0.0165449
vn -0.1768 0.968872 -0.173287
vn -0.0520388 0.991211 -0.121628
vn -0.0520388 0.991211 -0.121628
vn 0.073697 0.994981 -0.0676898
vn 0.241264 0.969077 0.0517875
vn 0.104885 0.993319 0.0481233
vn 0.104885 0.993319 0.0481233
vn -0.033507 0.99849 0.0435352
vn 0.229691 0.969016 -0.0908251
vn 0.00220373 0.995163 -0.0982143
vn 0.00220373 0.995163 -0.0982143
vn -0.225399 0.969074 -0.100448
vn -0.404963 0.911958 0.0658607
vn -0.0800446 0.995305 -0.0544153
vn -0.0800446 0.995305 -0.0544153
vn 0.255039 0.952263 -0.167781
vn -0.272365 0.952534 0.136
vn 0.13959 0.984157 0.109313
vn 0.13959 0.984157 0.109313
vn 0.527616 0.847077 0.0638872
vn -0.0514214 0.932898 0.356451
vn 0.184197 0.938514 0.291998
vn 0.184197 0.938514 0.291998
vn 0.408818 0.8881 0.210112
vn 0.362248 0.877515 0.314234
vn 0.0936388 0.963635 0.250277
vn 0.0936388 0.963635 0.250277
vn -0.182804 0.969139 0.165382
vn -0.515361 0.841846 -0.160306
vn -0.191838 0.978075 -0.0810439
vn -0.191838 0.978075 -0.0810439
vn 0.156529 0.987635 0.00871372
vn -0.327914 0.934997 0.135105
vn -0.316264 0.938736 0.13694
vn -0.316264 0.938736 0.13694
vn -0.304566 0.942331 0.138754
vn -0.14093 0.989262 -0.038724
vn 0.051935 0.996419 -0.0667263
vn 0.051935 0.996419 -0.0667263
vn 0.242825 0.96568 -0.0921909
vn -0.0481732 0.998375 0.0304525
vn -0.0893888 0.995871 0.0158294
vn -0.0893888 0.995871 0.0158294
vn -0.130433 0.991456 0.00117593
vn -0.0261006 0.9929 0.116052
vn -0.0131498 0.993715 0.111165
vn -0.0131498 0.993715 0.111165
vn -0.000196373 0.994339 0.106257
vn 0.027844 0.998784 0.0406874
vn -0.0835444 0.993372 0.0789471
vn -0.0835444 0.993372 0.0789471
vn -0.193771 0.974152 0.116109
vn 0.216418 0.967333 -0.132022
vn 0.15676 0.976409 -0.148497
vn 0.15676 0.976409 -0.148497
vn 0.0964883 0.981665 -0.164391
vn 0.0796364 0.996797 -0.00735163
vn 0.0632823 0.997996 -0.000481691
vn 0.0632823 0.997996 -0.000481691
vn 0.0469082 0.998879 0.0063884
vn 0.326113 0.941865 0.0808759
vn 0.108663 0.988146 0.108438
vn 0.108663 0.988146 0.108438
vn -0.11424 0.984837 0.130559
vn 0.205581 0.969746 0.13164
vn 0.242734 0.960316 0.137381
vn 0.242734 0.960316 0.137381
vn 0.279522 0.949443 0.142916
vn 0.100831 0.983217 0.152042
vn 0.221642 0.968573 0.112875
vn 0.221642 0.968573 0.112875
vn 0.338831 0.938099 0.071863
vn 0.0697286 0.996861 0.0375086
vn 0.0255512 0.999417 0.0226481
vn 0.0255512 0.999417 0.0226481
vn -0.0186818 0.999796 0.00773826
vn -0.238026 0.92692 -0.290107
vn -0.191301 0.936829 -0.292839
vn -0.191301 0.936829 -0.292839
vn -0.144138 0.944594 -0.294901
vn 0.23914 0.935893 -0.258684
vn 0.0319028 0.953872 -0.298514
vn 0.0319028 0.953872 -0.298514
vn -0.176765 0.929064 -0.324953
vn -0.3724 0.927942 -0.0155422
vn -0.235348 0.971904 0.00363947
vn -0.235348 0.971904 0.00363947
vn -0.0933348 0.995375 0.0227444
vn -0.128471 0.957967 -0.256506
vn 0.0509574 0.969727 -0.238816
vn 0.0509574 0.969727 -0.238816
vn 0.228723 0.949829 -0.213331
vn 0.271438 0.955713 -0.113728
vn 0.0188813 0.998143 -0.0579084
vn 0.0188813 0.998143 -0.0579084
vn -0.234972 0.972 0.00189
vn 0.0214995 0.99226 0.122299
vn 0.378191 0.9067 0.186726
vn 0.378191 0.9067 0.186726
vn 0.682428 0.69538 0.225254
vn -0.439755 0.897118 0.042368
vn -0.0768367 0.985484 0.151386
vn -0.0768367 0.985484 0.151386
vn 0.297714 0.924644 0.237484
vn 0.22244 0.950213 0.218209
vn -0.134654 0.982246 0.130619
vn -0.134654 0.982246 0.130619
vn -0.473406 0.880483 0.0252378
vn -0.172703 0.967925 -0.182468
vn -0.0688756 0.986592 -0.14796
vn -0.0688756 0.986592 -0.14796
vn 0.0358003 0.993105 -0.111628
vn 0.194084 0.956516 0.217736
vn 0.0402386 0.977493 0.207096
vn 0.0402386 0.977493 0.207096
vn -0.114581 0.974793 0.191441
vn 0.312343 0.889145 -0.33446
vn 0.0436022 0.957849 -0.283945
vn 0.0436022 0.957849 -0.283945
vn -0.228605 0.95041 -0.210857
vn 0.241298 0.970046 -0.0280436
vn 0.11624 0.992945 -0.0234203
vn 0.11624 0.992945 -0.0234203
vn -0.010699 0.999773 -0.0184179
vn -0.284859 0.954021 -0.09327
vn 0.0806041 0.996645 0.0142178
vn 0.0806041 0.996645 0.0142178
vn 0.434223 0.892828 0.119616
vn 0.204238 0.928176 0.311088
vn -0.0472363 0.96636 0.252818
vn -0.0472363 0.96636 0.252818
vn -0.295494 0.938742 0.177333
vn 0.298358 0.905597 -0.301458
vn 0.32476 0.896485 -0.301404
vn 0.32476 0.896485 -0.301404
vn 0.35091 0.886674 -0.301116
vn -0.409945 0.911142 -0.0420131
vn 0.00134438 0.99511 -0.0987591
vn 0.00134438 0.99511 -0.0987591
vn 0.412393 0.900526 -0.137785
vn -0.318561 0.921022 0.224137
vn -0.0245132 0.975223 0.219862
vn -0.0245132 0.975223 0.219862
vn 0.271726 0.942219 0.195927
vn -0.163383 0.983767 0.0742174
vn -0.0714481 0.990558 0.117006
vn -0.0714481 0.990558 0.117006
vn 0.0212249 0.987117 0.158587
vn 0.130947 0.982183 0.134793
vn -0.0439308 0.988805 0.1426
vn -0.0439308 0.988805 0.1426
vn -0.21746 0.965083 0.146031
vn 0.503706 0.826555 -0.251171
vn 0.01745 0.99671 -0.0791557
vn 0.01745 0.99671 -0.0791557
vn -0.473953 0.872848 0.11621
vn 0.303201 0.93451 -0.186439
vn -0.00998438 0.97231 -0.233483
vn -0.00998438 0.97231 -0.233483
vn -0.322154 0.911199 -0.256775
vn 0.372994 0.90866 0.187652
vn 0.254797 0.948982 0.185772
vn 0.254797 0.948982 0.185772
vn 0.132625 0.974501 0.180993
vn 0.139563 0.956957 -0.254469
vn -0.0421015 0.982196 -0.183078
vn -0.0421015 0.982196 -0.183078
vn -0.222136 0.969389 -0.104595
vn -0.20242 0.966787 -0.15604
vn 0.0979797 0.990792 -0.093443
vn 0.0979797 0.990792 -0.093443
vn 0.389097 0.920934 -0.0219941
vn 0.379313 0.924242 -0.0435708
vn 0.272707 0.95763 -0.0926002
vn 0.272707 0.95763 -0.0926002
vn 0.162043 0.976766 -0.140251
vn 0.321424 0.943912 -0.0756146
vn 0.178433 0.983945 -0.00367041
vn 0.178433 0.983945 -0.00367041
vn 0.0305843 0.997191 0.0683737
vn 0.160372 0.952626 0.258425
vn 0.160495 0.952589 0.258487
vn 0.160495 0.952589 0.258487
vn 0.160617 0.952552 0.258549
vn 0.376758 0.926284 -0.00722493
vn 0.228664 0.973469 -0.00847574
vn 0.228664 0.973469 -0.00847574
vn 0.0750452 0.997135 -0.00952177
vn -0.404974 0.914051 -0.0225093
vn -0.0537088 0.997317 -0.0497449
vn -0.0537088 0.997317 -0.0497449
vn 0.304596 0.949872 -0.0704608
vn -0.154744 0.979579 -0.12837
vn -0.0406194 0.991271 -0.125426
vn -0.0406194 0.991271 -0.125426
vn 0.0740399 0.989908 -0.120831
vn 0.12394 0.992196 0.0136048
vn -0.172155 0.984924 -0.0169711
vn -0.172155 0.984924 -0.0169711
vn -0.452987 0.890327 -0.0460423
vn 0.0813258 0.974889 -0.207308
vn -0.0531202 0.974563 -0.217726
vn -0.0531202 0.974563 -0.217726
vn -0.1866 0.956516 -0.224184
vn -0.0979535 0.989295 0.108173
vn 0.00567107 0.995494 0.0946553
vn 0.00567107 0.995494 0.0946553
vn 0.109234 0.990784 0.0801006
vn 0.282808 0.95547 -0.084248
vn -0.000117173 0.995798 -0.0915823
vn -0.000117173 0.995798 -0.0915823
vn -0.283033 0.954742 -0.0914318
vn -0.336634 0.916109 0.217767
vn -0.269033 0.937824 0.219333
vn -0.269033 0.937824 0.219333
vn -0.200075 0.95481 0.219792
vn -0.311919 0.944195 0.105847
vn -0.0891664 0.991044 0.0994023
vn -0.0891664 0.991044 0.0994023
vn 0.13821 0.986503 0.0878035
vn -0.108533 0.98625 -0.124629
vn -0.054284 0.991969 -0.11424
vn -0.054284 0.991969 -0.11424
vn 0.000132938 0.99463 -0.103499
vn -0.0469693 0.997064 0.0604705
vn -0.232519 0.970829 0.0585315
vn -0.232519 0.970829 0.0585315
vn -0.409902 0.910498 0.0545369
vn -0.0849356 0.996351 -0.00845484
vn 0.066987 0.997204 0.0331271
vn 0.066987 0.997204 0.0331271
vn 0.217248 0.973316 0.0738872
vn 0.423779 0.901964 0.0828957
vn 0.0860668 0.989339 0.117478
vn 0.0860668 0.989339 0.117478
vn -0.262222 0.955144 0.137624
vn 0.306906 0.939553 0.15182
vn 0.228331 0.95828 0.171941
vn 0.228331 0.95828 0.171941
vn 0.148174 0.970367 0.19087
vn 0.441916 0.896994 -0.0105955
vn 0.152794 0.985823 -0.0693286
vn 0.152794 0.985823 -0.0693286
vn -0.150833 0.981067 -0.12148
vn 0.270868 0.955812 -0.114258
vn 0.0237394 0.990931 -0.132259
vn 0.0237394 0.990931 -0.132259
vn -0.224876 0.963988 -0.141977
vn 0.350921 0.933026 -0.0794792
vn 0.0165416 0.998709 -0.0480251
vn 0.0165416 0.998709 -0.0480251
vn -0.319775 0.94743 -0.0109467
vn -0.523785 0.848883 -0.0710404
vn -0.244762 0.9663 -0.079723
vn -0.244762 0.9663 -0.079723
vn 0.056709 0.995092 -0.0810937
vn -0.0950037 0.991338 -0.090678
vn -0.184766 0.977442 -0.102317
vn -0.184766 0.977442 -0.102317
vn -0.272978 0.955349 -0.113098
vn 0.201078 0.96721 0.155152
vn 0.0211749 0.990462 0.136151
vn 0.0211749 0.990462 0.136151
vn -0.159432 0.980764 0.112621
vn -0.285265 0.955993 -0.0685649
vn 0.00470434 0.997696 -0.0676802
vn 0.00470434 0.997696 -0.0676802
vn 0.29427 0.953775 -0.0609871
vn 0.110218 0.992591 -0.0511399
vn 0.0290156 0.998152 -0.0533941
vn 0.0290156 0.998152 -0.0533941
vn -0.0523789 0.997095 -0.0552943
vn -0.231767 0.970451 -0.0671493
vn -0.136953 0.986415 -0.0907189
vn -0.136953 0.986415 -0.0907189
vn -0.0407969 0.992712 -0.113399
vn 0.491476 0.846178 0.205995
vn 0.178182 0.974952 0.133114
vn 0.178182 0.974952 0.133114
vn -0.156502 0.986686 0.0442534
vn -0.586187 0.79792 -0.140389
vn -0.286977 0.954054 -0.0861713
vn -0.286977 0.954054 -0.0861713
vn 0.0457644 0.998713 -0.0218847
vn 0.290598 0.90487 -0.311068
vn -0.0472924 0.966098 -0.253805
vn -0.0472924 0.966098 -0.253805
vn -0.379451 0.910238 -0.165783
vn -0.0318884 0.999171 -0.0253184
vn 0.175014 0.984555 0.00469994
vn 0.175014 0.984555 0.00469994
vn 0.37423 0.926694 0.0345118
vn 0.212385 0.951473 0.222692
vn 0.201867 0.953795 0.222543
vn 0.201867 0.953795 0.222543
vn 0.191326 0.956006 0.222368
vn 0.343204 0.939222 -0.00854738
vn 0.298259 0.954426 -0.010603
vn 0.298259 0.954426 -0.010603
vn 0.252641 0.967478 -0.0126346
vn 0.0576101 0.931916 0.35807
vn 0.120693 0.92343 0.364295
vn 0.120693 0.92343 0.364295
vn 0.183283 0.911167 0.369029
vn -0.117048 0.953524 0.277652
vn 0.0985166 0.969502 0.22441
vn 0.0985166 0.969502 0.22441
vn 0.309199 0.937433 0.160046
vn -0.0785207 0.996875 0.00860544
vn -0.00815256 0.999634 0.0257965
vn -0.00815256 0.999634 0.0257965
vn 0.0622584 0.99714 0.042852
vn 0.174864 0.976661 -0.124722
vn 0.115274 0.984471 -0.132396
vn 0.115274 0.984471 -0.132396
vn 0.0552606 0.988667 -0.139585
vn -0.285964 0.948106 -0.138997
vn -0.250031 0.957761 -0.142048
vn -0.250031 0.957761 -0.142048
vn -0.213751 0.966082 -0.144901
vn 0.10136 0.994209 0.0356999
vn 0.046447 0.998509 0.0286746
vn 0.046447 0.998509 0.0286746
vn -0.00860883 0.99973 0.0215609
vn 0.365065 0.930525 -0.0291719
vn 0.261733 0.964991 0.0169943
vn 0.261733 0.964991 0.0169943
vn 0.154737 0.98595 0.0629227
vn 0.349536 0.935373 -0.0538767
vn 0.131945 0.987262 -0.0889073
vn 0.131945 0.987262 -0.0889073
vn -0.0924106 0.988539 -0.11938
vn 0.107779 0.980636 -0.163512
vn 0.1595 0.972844 -0.167735
vn 0.1595 0.972844 -0.167735
vn 0.210782 0.962372 -0.171497
vn 0.0971356 0.984428 0.14651
vn 0.191173 0.965966 0.174249
vn 0.191173 0.965966 0.174249
vn 0.283308 0.937889 0.200252
vn 0.0682407 0.959015 0.275017
vn 0.0704278 0.959098 0.274174
vn 0.0704278 0.959098 0.274174
vn 0.0726146 0.959176 0.273329
vn -0.0406935 0.989861 0.136084
vn 0.0641771 0.99131 0.11483
vn 0.0641771 0.99131 0.11483
vn 0.168313 0.981407 0.0922608
vn 0.200733 0.972118 -0.121217
vn 0.0641196 0.993607 -0.0929234
vn 0.0641196 0.993607 -0.0929234
vn -0.0737711 0.995297 -0.0627787
vn 0.488927 0.872319 0.00319913
vn 0.221713 0.974673 -0.0292696
vn 0.221713 0.974673 -0.0292696
vn -0.0638899 0.996193 -0.0593108
vn 0.0762431 0.994808 0.0674057
vn 0.0752128 0.994897 0.0672547
vn 0.0752128 0.994897 0.0672547
vn 0.0741824 0.994984 0.0671036
vn -0.256916 0.954151 0.15359
vn -0.00303963 0.974699 0.223499
vn -0.00303963 0.974699 0.223499
vn 0.251048 0.92725 0.277817
vn -0.0470461 0.993602 -0.102673
vn -0.0404227 0.993886 -0.102748
vn -0.0404227 0.993886 -0.102748
vn -0.0337975 0.994126 -0.102818
vn 0.235061 0.949251 0.208971
vn 0.0222628 0.96729 0.252696
vn 0.0222628 0.96729 0.252696
vn -0.191593 0.939362 0.284412
vn -0.219938 0.97519 -0.0251207
vn -0.0711539 0.99744 -0.00716152
vn -0.0711539 0.99744 -0.00716152
vn 0.0792631 0.996793 0.0109621
vn -0.0179601 0.996822 0.0776089
vn 0.0706725 0.994327 0.079498
vn 0.0706725 0.994327 0.079498
vn 0.158749 0.98401 0.0807618
vn -0.197085 0.980214 0.0183959
vn 0.0786846 0.996853 0.00965686
vn 0.0786846 0.996853 0.00965686
vn 0.348442 0.93733 0.000180055
vn 0.365429 0.922855 0.121659
vn 0.110463 0.988128 0.106774
vn 0.110463 0.988128 0.106774
vn -0.152179 0.984737 0.0844687
vn -0.382567 0.923545 0.0265897
vn -0.0163794 0.998582 -0.0506563
vn -0.0163794 0.998582 -0.0506563
vn 0.352194 0.928135 -0.120522
vn -0.0265288 0.998246 -0.0529258
vn 0.0583782 0.997458 -0.0408537
vn 0.0583782 0.997458 -0.0408537
vn 0.142856 0.989334 -0.028481
vn 0.182813 0.945089 0.2709
vn 0.0166885 0.968087 0.250056
vn 0.0166885 0.968087 0.250056
vn -0.149912 0.963437 0.222071
vn 0.110066 0.971042 0.212045
vn -0.0234468 0.986968 0.159199
vn -0.0234468 0.986968 0.159199
vn -0.15647 0.982294 0.10303
vn -0.319968 0.920745 -0.223267
vn -0.135031 0.958832 -0.249815
vn -0.135031 0.958832 -0.249815
vn 0.0548163 0.962059 -0.26728
vn 0.175672 0.966186 -0.188741
vn 0.145212 0.973974 -0.174033
vn 0.145212 0.973974 -0.174033
vn 0.114577 0.980589 -0.159115
vn -0.0277644 0.992888 0.115768
vn 0.0575756 0.985807 0.157703
vn 0.0575756 0.985807 0.157703
vn 0.142392 0.969762 0.198205
vn 0.544907 0.809066 0.2202
vn 0.358008 0.901572 0.242895
vn 0.358008 0.901572 0.242895
vn 0.155356 0.954405 0.254902
vn -0.286153 0.952817 0.101274
vn 0.0266411 0.993277 0.112653
vn 0.0266411 0.993277 0.112653
vn 0.336781 0.934801 0.11281
vn -0.261212 0.958891 0.110887
vn -0.113362 0.980931 0.157872
vn -0.113362 0.980931 0.157872
vn 0.037271 0.978886 0.200981
vn 0.0186351 0.956667 0.290587
vn 0.187657 0.930511 0.314537
vn 0.187657 0.930511 0.314537
vn 0.351081 0.876602 0.329105
vn 0.269861 0.945461 0.182425
vn 0.206889 0.95698 0.203436
vn 0.206889 0.95698 0.203436
vn 0.142976 0.964155 0.223522
vn -0.0493205 0.995057 0.0861954
vn -0.0723509 0.993529 0.0875511
vn -0.0723509 0.993529 0.0875511
vn -0.0953426 0.99147 0.0888599
vn -0.289026 0.957156 0.0177728
vn 0.0281485 0.999145 -0.030294
vn 0.0281485 0.999145 -0.030294
vn 0.342377 0.936549 -0.0751898
vn -0.218059 0.966983 -0.131886
vn 0.0136136 0.996791 -0.0788838
vn 0.0136136 0.996791 -0.0788838
vn 0.244505 0.969413 -0.0213557
vn -0.412042 0.908411 0.0707905
vn -0.280349 0.955739 0.0892604
vn -0.280349 0.955739 0.0892604
vn -0.143069 0.984025 0.105952
vn 0.576994 0.811929 0.0885945
vn 0.193698 0.976631 0.0931291
vn 0.193698 0.976631 0.0931291
vn -0.223314 0.971337 0.0814533
vn 0.0565445 0.980868 0.186283
vn -0.0780429 0.983078 0.165729
vn -0.0780429 0.983078 0.165729
vn -0.211183 0.967062 0.142103
vn -0.0829018 0.996556 -0.00186307
vn 0.173513 0.98461 -0.020871
vn 0.173513 0.98461 -0.020871
vn 0.418433 0.907432 -0.0384961
vn -0.227963 0.973669 0.000785897
vn -0.0610716 0.996821 -0.0511667
vn -0.0610716 0.996821 -0.0511667
vn 0.107719 0.988984 -0.101529
vn 0.346371 0.917175 -0.197021
vn 0.168563 0.964636 -0.202643
vn 0.168563 0.964636 -0.202643
vn -0.0149598 0.979396 -0.201396
vn 0.157753 0.984779 -0.0729651
vn 0.270719 0.958845 -0.0855983
vn 0.270719 0.958845 -0.0855983
vn 0.380005 0.919877 -0.097068
vn 0.247483 0.90117 -0.355871
vn 0.0435 0.939112 -0.340847
vn 0.0435 0.939112 -0.340847
vn -0.162365 0.936414 -0.311074
vn 0.144114 0.975087 -0.168633
vn -0.046726 0.986757 -0.15533
vn -0.046726 0.986757 -0.15533
vn -0.235849 0.962181 -0.136322
vn -0.0901346 0.982754 -0.161465
vn 0.0392783 0.985854 -0.162939
vn 0.0392783 0.985854 -0.162939
vn 0.168033 0.972432 -0.161683
vn -0.130304 0.990838 0.0355241
vn -0.0356389 0.997742 0.056923
vn -0.0356389 0.997742 0.056923
vn 0.0593633 0.995201 0.0777831
vn -0.0280302 0.971093 0.237052
vn 0.029035 0.969074 0.245056
vn 0.029035 0.969074 0.245056
vn 0.0860036 0.963834 0.252245
vn 0.0337279 0.996635 -0.0747002
vn 0.205054 0.971204 -0.121308
vn 0.205054 0.971204 -0.121308
vn 0.369784 0.914527 -0.164014
vn -0.0198867 0.994552 0.10233
vn 0.10689 0.990331 0.0884246
vn 0.10689 0.990331 0.0884246
vn 0.231925 0.969985 0.0730795
vn 0.00105244 0.985178 -0.171533
vn 0.195355 0.974112 -0.113763
vn 0.195355 0.974112 -0.113763
vn 0.381607 0.9229 -0.0513052
vn 0.40803 0.897601 -0.166806
vn 0.15967 0.981124 -0.10909
vn 0.15967 0.981124 -0.10909
vn -0.100185 0.994017 -0.0435207
vn 0.489705 0.867562 -0.0867487
vn 0.0648736 0.997621 0.0233064
vn 0.0648736 0.997621 0.0233064
vn -0.373549 0.91867 0.128479
vn -0.0848691 0.993584 -0.07476
vn -0.273421 0.956234 -0.104204
vn -0.273421 0.956234 -0.104204
vn -0.451633 0.882725 -0.129707
vn 0.0682084 0.974543 -0.213574
vn 0.136254 0.972137 -0.190745
vn 0.136254 0.972137 -0.190745
vn 0.203596 0.964719 -0.166933
vn 0.132894 0.965894 0.222232
vn -0.00118362 0.978232 0.207512
vn -0.00118362 0.978232 0.207512
vn -0.13524 0.972623 0.188985
vn 0.063605 0.969431 0.236975
vn 0.0332554 0.967643 0.250123
vn 0.0332554 0.967643 0.250123
vn 0.00286941 0.964793 0.262996
vn -0.188277 0.958834 0.212579
vn -0.176289 0.96159 0.210396
vn -0.176289 0.96159 0.210396
vn -0.164273 0.964197 0.208181
vn 0.255911 0.959066 -0.121248
vn 0.0476372 0.996094 -0.0743405
vn 0.0476372 0.996094 -0.0743405
vn -0.162873 0.986356 -0.0239428
vn 0.0669689 0.995169 0.0717863
vn 0.00556297 0.998781 0.0490405
vn 0.00556297 0.998781 0.0490405
vn -0.0558669 0.998097 0.0260837
vn 0.521019 0.848121 0.0960701
vn 0.361024 0.923778 0.127655
vn 0.361024 0.923778 0.127655
vn 0.189361 0.969578 0.155113
vn -0.0627867 0.997897 -0.0161003
vn -0.171138 0.98516 -0.0131189
vn -0.171138 0.98516 -0.0131189
vn -0.277451 0.960688 -0.00998113
vn 0.259626 0.956074 -0.136079
vn 0.216874 0.968672 -0.120995
vn 0.216874 0.968672 -0.120995
vn 0.173643 0.979126 -0.105643
vn -0.0515483 0.979607 -0.1942
vn -0.136651 0.965818 -0.220276
vn -0.136651 0.965818 -0.220276
vn -0.220645 0.944195 -0.244564
vn 0.327171 0.944776 0.0188823
vn -0.0423056 0.994102 -0.0998582
vn -0.0423056 0.994102 -0.0998582
vn -0.405308 0.891285 -0.203316
vn 0.281863 0.958828 0.0346707
vn 0.3337 0.942291 0.0270464
vn 0.3337 0.942291 0.0270464
vn 0.384529 0.92291 0.0193404
vn 0.208784 0.973671 -0.0915071
vn 0.104775 0.990043 -0.0940114
vn 0.104775 0.990043 -0.0940114
vn -0.000396534 0.995432 -0.0954728
vn 0.108354 0.96362 -0.244327
vn 0.156968 0.954208 -0.254653
vn 0.156968 0.954208 -0.254653
vn 0.205181 0.942354 -0.264328
vn 0.539846 0.839575 0.0606686
vn 0.103674 0.992792 0.0601252
vn 0.103674 0.992792 0.0601252
vn -0.354654 0.933829 0.0467318
vn -0.456253 0.872949 -0.172607
vn -0.0420253 0.993367 -0.107035
vn -0.0420253 0.993367 -0.107035
vn 0.380203 0.924663 -0.0210848
vn -0.0541653 0.997894 0.0356958
vn 0.0557498 0.996715 0.0587474
vn 0.0557498 0.996715 0.0587474
vn 0.164962 0.982964 0.081058
vn 0.258688 0.907534 0.33085
vn 0.183093 0.928281 0.323683
vn 0.183093 0.928281 0.323683
vn 0.106362 0.943276 0.314511
vn 0.0119255 0.999876 -0.0102732
vn 0.187871 0.982024 0.0182365
vn 0.187871 0.982024 0.0182365
vn 0.357788 0.932661 0.0461611
vn 0.0857103 0.994181 0.0652597
vn 0.265297 0.961621 0.0700128
vn 0.265297 0.961621 0.0700128
vn 0.43604 0.897008 0.0724321
vn -0.346574 0.93799 -0.00780241
vn -0.179124 0.983702 -0.0156481
vn -0.179124 0.983702 -0.0156481
vn -0.00626678 0.999715 -0.0230213
vn 0.0810841 0.96945 0.2315
vn -0.0301532 0.968889 0.24565
vn -0.0301532 0.968889 0.24565
vn -0.141011 0.956146 0.256711
vn -0.398313 0.916868 -0.0264498
vn -0.263051 0.963575 -0.0482477
vn -0.263051 0.963575 -0.0482477
vn -0.122278 0.990092 -0.0690348
vn -0.17178 0.972276 -0.158654
vn -0.0394721 0.98699 -0.155863
vn -0.0394721 0.98699 -0.155863
vn 0.0935361 0.984204 -0.150309
vn 0.020218 0.972206 0.233253
vn -0.058579 0.97145 0.229897
vn -0.058579 0.97145 0.229897
vn -0.137012 0.964652 0.225111
vn -0.225589 0.964472 0.137493
vn -0.053355 0.991716 0.116845
vn -0.053355 0.991716 0.116845
vn 0.120524 0.988383 0.0925942
vn 0.444198 0.881779 -0.158598
vn 0.265818 0.943221 -0.199183
vn 0.265818 0.943221 -0.199183
vn 0.0775385 0.969536 -0.232351
vn 0.171283 0.974658 -0.143887
vn 0.00344411 0.987062 -0.160301
vn 0.00344411 0.987062 -0.160301
vn -0.164493 0.971243 -0.172131
vn -0.270568 0.951676 0.145277
vn -0.108454 0.976569 0.185878
vn -0.108454 0.976569 0.185878
vn 0.0567559 0.973582 0.221173
vn -0.206838 0.978018 -0.0264314
vn -0.0888458 0.996035 0.00446796
vn -0.0888458 0.996035 0.00446796
vn 0.0304973 0.998911 0.0352994
vn 0.250289 0.961041 -0.117282
vn 0.133765 0.982564 -0.129129
vn 0.133765 0.982564 -0.129129
vn 0.0153433 0.990153 -0.139145
vn 0.372792 0.9205 0.11707
vn 0.0293316 0.987961 0.151896
vn 0.0293316 0.987961 0.151896
vn -0.317758 0.933183 0.167929
vn 0.21322 0.976694 0.0246338
vn 0.158322 0.986708 0.036632
vn 0.158322 0.986708 0.036632
vn 0.102908 0.993507 0.0485108
vn -0.235023 0.970361 -0.0562533
vn -0.0897416 0.994915 -0.0457215
vn -0.0897416 0.994915 -0.0457215
vn 0.0574984 0.99776 -0.0341921
vn -0.393085 0.916638 0.0725229
vn -0.00612763 0.979382 0.201924
vn -0.00612763 0.979382 0.201924
vn 0.381874 0.875223 0.296913
vn -0.103076 0.992668 0.0631278
vn 0.119886 0.989722 0.0779591
vn 0.119886 0.989722 0.0779591
vn 0.33686 0.937349 0.0888972
vn 0.0541766 0.99212 0.112969
vn 0.289558 0.945367 0.149791
vn 0.289558 0.945367 0.149791
vn 0.507872 0.842887 0.177784
vn -0.12326 0.986905 -0.104045
vn 0.194843 0.980273 -0.0331816
vn 0.194843 0.980273 -0.0331816
vn 0.492243 0.869482 0.0412076
vn -0.163783 0.967809 -0.191105
vn 0.019796 0.977154 -0.21161
vn 0.019796 0.977154 -0.21161
vn 0.202697 0.953071 -0.224876
vn -0.440445 0.891319 0.107515
vn -0.112284 0.987493 0.110675
vn -0.112284 0.987493 0.110675
vn 0.229008 0.968182 0.100892
vn 0.239109 0.970395 0.0340609
vn 0.130192 0.991145 0.0260986
vn 0.130192 0.991145 0.0260986
vn 0.019667 0.999648 0.0178137
vn 0.228626 0.965284 0.126319
vn 0.077027 0.988598 0.129387
vn 0.077027 0.988598 0.129387
vn -0.0763845 0.988645 0.12941
vn 0.0115165 0.97849 0.205975
vn 0.0170153 0.978695 0.204613
vn 0.0170153 0.978695 0.204613
vn 0.0225136 0.978869 0.203244
vn 0.419991 0.906877 -0.0343948
vn 0.243636 0.969734 -0.0160606
vn 0.243636 0.969734 -0.0160606
vn 0.0586603 0.998274 0.00284196
vn 0.036247 0.999331 -0.00484485
vn 0.00788878 0.999964 -0.00318673
vn 0.00788878 0.999964 -0.00318673
vn -0.0204758 0.999789 -0.00152603
vn -0.0783925 0.969757 -0.231141
vn 0.0818714 0.98652 -0.14169
vn 0.0818714 0.98652 -0.14169
vn 0.239354 0.969773 -0.0474257
vn -0.158652 0.986319 -0.0447745
vn 0.0236893 0.999343 -0.0274459
vn 0.0236893 0.999343 -0.0274459
vn 0.205231 0.97867 -0.00919196
vn 0.481861 0.876242 0.00312695
vn 0.203358 0.97759 -0.0544371
vn 0.203358 0.97759 -0.0544371
vn -0.0936811 0.989832 -0.107039
vn 0.469772 0.876415 0.105883
vn 0.18479 0.981757 0.0447797
vn 0.18479 0.981757 0.0447797
vn -0.117941 0.992806 -0.0206242
vn -0.103274 0.992025 0.0722593
vn -0.126147 0.989867 0.0651963
vn -0.126147 0.989867 0.0651963
vn -0.148947 0.987137 0.0580956
vn -0.380801 0.924438 0.0201327
vn -0.202978 0.978472 0.0373187
vn -0.202978 0.978472 0.0373187
vn -0.018084 0.99842 0.0532047
vn -0.0878796 0.99149 0.0960501
vn -0.193025 0.976063 0.100212
vn -0.193025 0.976063 0.100212
vn -0.295987 0.949596 0.10324
vn -0.258643 0.938528 -0.228625
vn -0.296473 0.930589 -0.214726
vn -0.296473 0.930589 -0.214726
vn -0.333804 0.92108 -0.200465
vn 0.586268 0.809168 -0.0392017
vn 0.128849 0.990513 -0.0477791
vn 0.128849 0.990513 -0.0477791
vn -0.359776 0.931963 -0.0447848
vn -0.340116 0.932203 -0.123772
vn -0.0242617 0.991581 -0.127197
vn -0.0242617 0.991581 -0.127197
vn 0.294099 0.948527 -0.117482
vn -0.0792172 0.991462 -0.103574
vn -0.393185 0.918064 -0.0506334
vn -0.393185 0.918064 -0.0506334
vn -0.665174 0.746649 0.0077129
vn -0.0305791 0.985769 0.165303
vn 0.0854387 0.976981 0.195469
vn 0.0854387 0.976981 0.195469
vn 0.200222 0.954079 0.222811
vn -0.105434 0.993535 -0.0420932
vn -0.157916 0.987366 -0.0130487
vn -0.157916 0.987366 -0.0130487
vn -0.209824 0.977608 0.0160433
vn 0.152482 0.987474 -0.040552
vn 0.25916 0.965577 -0.0222845
vn 0.25916 0.965577 -0.0222845
vn 0.362678 0.931907 -0.00374537
vn -0.455057 0.878802 -0.143634
vn -0.0913031 0.983138 -0.158442
vn -0.0913031 0.983138 -0.158442
vn 0.285546 0.94647 -0.150526
vn 0.278011 0.948591 -0.151276
vn 0.266736 0.952414 -0.147514
vn 0.266736 0.952414 -0.147514
vn 0.255418 0.956088 -0.143729
vn 0.128162 0.982352 0.136233
vn 0.111265 0.984845 0.133044
vn 0.111265 0.984845 0.133044
vn 0.0943354 0.987041 0.129815
vn -0.225836 0.944474 -0.238678
vn -0.228764 0.943455 -0.239915
vn -0.228764 0.943455 -0.239915
vn -0.23169 0.942426 -0.241149
vn 0.0717486 0.983296 -0.167273
vn 0.175677 0.966058 -0.189391
vn 0.175677 0.966058 -0.189391
vn 0.27757 0.937626 -0.209314
vn -0.178832 0.971378 -0.156344
vn -0.0464549 0.986627 -0.156232
vn -0.0464549 0.986627 -0.156232
vn 0.0867472 0.984358 -0.153346
vn -0.104212 0.991523 -0.0776064
vn -0.0992026 0.992003 -0.0780274
vn -0.0992026 0.992003 -0.0780274
vn -0.0941904 0.992459 -0.0784464
vn -0.439233 0.886207 -0.147349
vn 0.0944661 0.991677 -0.0874857
vn 0.0944661 0.991677 -0.0874857
vn 0.599869 0.800097 -0.00141701
vn 0.3977 0.913651 0.0841224
vn 0.151176 0.968642 0.197175
vn 0.151176 0.968642 0.197175
vn -0.106926 0.949456 0.295127
vn 0.265799 0.962556 0.053251
vn 0.166611 0.98434 0.0575836
vn 0.166611 0.98434 0.0575836
vn 0.0657007 0.995953 0.0613214
vn 0.055864 0.993136 -0.102761
vn 0.00226157 0.995156 -0.0982836
vn 0.00226157 0.995156 -0.0982836
vn -0.0513474 0.994292 -0.0935218
vn -0.121013 0.937088 -0.327448
vn -0.0958597 0.943021 -0.318625
vn -0.0958597 0.943021 -0.318625
vn -0.0706353 0.948251 -0.309565
vn 0.253308 0.960966 0.111265
vn -0.0241009 0.99156 0.127393
vn -0.0241009 0.99156 0.127393
vn -0.299627 0.944661 0.133564
vn -0.0983108 0.987853 0.120339
vn -0.00996583 0.991353 0.130846
vn -0.00996583 0.991353 0.130846
vn 0.0784581 0.986993 0.140316
vn -0.115205 0.983304 -0.140858
vn -0.167456 0.974238 -0.151057
vn -0.167456 0.974238 -0.151057
vn -0.219219 0.962331 -0.160815
vn -0.106546 0.99429 -0.0059528
vn -0.17883 0.983706 -0.0185011
vn -0.17883 0.983706 -0.0185011
vn -0.250131 0.967717 -0.0309478
vn 0.0102587 0.999846 0.0142487
vn 0.0736209 0.997263 0.00686765
vn 0.0736209 0.997263 0.00686765
vn 0.136683 0.990615 -0.000541425
vn 0.455116 0.889493 -0.040883
vn 0.0214204 0.996429 -0.0816727
vn 0.0214204 0.996429 -0.0816727
vn -0.416585 0.902892 -0.106031
vn -0.156805 0.941179 0.299322
vn -0.0551501 0.955124 0.291026
vn -0.0551501 0.955124 0.291026
vn 0.047089 0.958948 0.279646
vn -0.0396756 0.972262 0.230505
vn 0.160664 0.977466 0.136924
vn 0.160664 0.977466 0.136924
vn 0.353143 0.934851 0.0366443
vn 0.390638 0.867944 -0.306718
vn 0.0245526 0.988865 -0.146777
vn 0.0245526 0.988865 -0.146777
vn -0.34581 0.937505 0.0387356
vn -0.115204 0.965308 0.234324
vn -0.0437584 0.97295 0.226832
vn -0.0437584 0.97295 0.226832
vn 0.0279155 0.975515 0.218156
vn -0.21589 0.93344 -0.286498
vn -0.276487 0.917642 -0.285462
vn -0.276487 0.917642 -0.285462
vn -0.336 0.898244 -0.283306
vn 0.22012 0.963982 -0.149284
vn 0.133205 0.975635 -0.174337
vn 0.133205 0.975635 -0.174337
vn 0.0451813 0.979172 -0.19794
vn -0.333069 0.930711 0.151133
vn 0.012125 0.982705 0.184782
vn 0.012125 0.982705 0.184782
vn 0.355828 0.913831 0.195704
vn -0.184821 0.969205 -0.162738
vn 0.0109049 0.994301 -0.106045
vn 0.0109049 0.994301 -0.106045
vn 0.206171 0.977486 -0.0448826
vn 0.0566513 0.99754 0.0412779
vn 0.340723 0.932942 0.116306
vn 0.340723 0.932942 0.116306
vn 0.593959 0.783914 0.180808
vn -0.0944539 0.99504 -0.0311973
vn -0.136139 0.99002 -0.0364288
vn -0.136139 0.99002 -0.0364288
vn -0.177581 0.983227 -0.041595
vn 0.1206 0.990117 -0.0715885
vn -0.154881 0.983848 -0.0897539
vn -0.154881 0.983848 -0.0897539
vn -0.418551 0.902551 -0.101075
vn -0.244505 0.969617 0.00780326
vn -0.0985549 0.99513 0.00190637
vn -0.0985549 0.99513 0.00190637
vn 0.0495624 0.998763 -0.00403243
vn 0.00800131 0.999936 -0.00804803
vn -0.0628263 0.998024 0.000132005
vn -0.0628263 0.998024 0.000132005
vn -0.133334 0.991036 0.00831137
vn 0.335358 0.915383 -0.222731
vn 0.0264661 0.976453 -0.214103
vn 0.0264661 0.976453 -0.214103
vn -0.285052 0.94064 -0.184232
vn -0.238591 0.955124 -0.175534
vn -0.063108 0.979068 -0.193503
vn -0.063108 0.979068 -0.193503
vn 0.114375 0.971984 -0.205341
vn 0.294939 0.947969 0.119859
vn -0.0171804 0.97962 0.200121
vn -0.0171804 0.97962 0.200121
vn -0.327498 0.908547 0.259398
vn 0.392708 0.907135 -0.151284
vn 0.239065 0.956483 -0.167297
vn 0.239065 0.956483 -0.167297
vn 0.0791353 0.980678 -0.17891
vn -0.363253 0.931012 0.035562
vn -0.0558267 0.997298 0.0477576
vn -0.0558267 0.997298 0.0477576
vn 0.25713 0.964798 0.0552227
vn -0.229211 0.973067 0.0245399
vn 0.0840818 0.996134 0.0254333
vn 0.0840818 0.996134 0.0254333
vn 0.389076 0.920898 0.0238168
vn 0.150534 0.985053 0.0837237
vn -0.0703455 0.992131 0.103572
vn -0.0703455 0.992131 0.103572
vn -0.287762 0.950365 0.118321
vn -0.157365 0.987506 0.00821038
vn -0.0967683 0.995274 0.00812777
vn -0.0967683 0.995274 0.00812777
vn -0.0358106 0.999326 0.00801482
vn 0.000123588 0.999728 -0.0233165
vn -0.262439 0.961574 0.0806253
vn -0.262439 0.961574 0.0806253
vn -0.503692 0.845342 0.17802
vn -0.194805 0.980215 -0.035058
vn 0.0612457 0.995192 -0.0764341
vn 0.0612457 0.995192 -0.0764341
vn 0.313162 0.942995 -0.112651
vn -0.0993882 0.964304 0.245437
vn -0.254226 0.943882 0.210846
vn -0.254226 0.943882 0.210846
vn -0.402558 0.899307 0.17086
vn 0.195282 0.979 0.0585112
vn 0.0672857 0.995433 0.0677198
vn 0.0672857 0.995433 0.0677198
vn -0.0618372 0.995204 0.075795
vn -0.0707009 0.993738 0.0865183
vn -0.291712 0.95052 0.106843
vn -0.291712 0.95052 0.106843
vn -0.49781 0.858705 0.121705
vn 0.186117 0.974438 -0.125825
vn 0.113853 0.985634 -0.124753
vn 0.113853 0.985634 -0.124753
vn 0.040981 0.991559 -0.123013
vn 0.464995 0.881649 0.0804602
vn -0.0100601 0.999949 -2.0956e-005
vn -0.0100601 0.999949 -2.0956e-005
vn -0.482639 0.872112 -0.0804969
vn 0.0180326 0.999742 -0.0137938
vn 0.142919 0.989505 0.0213102
vn 0.142919 0.989505 0.0213102
vn 0.265386 0.962512 0.0560533
vn -0.0615126 0.989769 0.128738
vn -0.0154368 0.991971 0.12552
vn -0.0154368 0.991971 0.12552
vn 0.030672 0.992052 0.122033
vn 0.0641358 0.997803 -0.0165952
vn 0.123935 0.992251 -0.00878394
vn 0.123935 0.992251 -0.00878394
vn 0.18328 0.98306 -0.000940508
vn -0.0421323 0.988075 0.148094
vn -0.123432 0.98347 0.132478
vn -0.123432 0.98347 0.132478
vn -0.203883 0.972104 0.115952
vn -0.183674 0.976648 -0.11146
vn -0.112162 0.986585 -0.11862
vn -0.112162 0.986585 -0.11862
vn -0.04006 0.991328 -0.125155
vn 0.240434 0.969453 -0.0484974
vn 0.0806776 0.996427 -0.0249704
vn 0.0806776 0.996427 -0.0249704
vn -0.081241 0.996694 -0.000774114
vn -0.313598 0.947183 -0.0670857
vn -0.022864 0.98952 -0.142573
vn -0.022864 0.98952 -0.142573
vn 0.269974 0.940804 -0.204941
vn -0.0111204 0.997954 0.0629644
vn -0.316984 0.947503 0.0419426
vn -0.316984 0.947503 0.0419426
vn -0.592245 0.805581 0.0168717
vn 0.115099 0.993306 -0.00973438
vn -0.131823 0.989942 0.0513587
vn -0.131823 0.989942 0.0513587
vn -0.370215 0.922514 0.109128
vn -0.0481886 0.975071 -0.216598
vn 0.114096 0.969914 -0.215056
vn 0.114096 0.969914 -0.215056
vn 0.273372 0.939185 -0.207844
vn 0.339827 0.938411 -0.0624743
vn 0.140955 0.989169 -0.0409343
vn 0.140955 0.989169 -0.0409343
vn -0.0639197 0.997799 -0.017651
vn 0.181613 0.98337 -0.000308159
vn 0.184771 0.982781 0.00104176
vn 0.184771 0.982781 0.00104176
vn 0.187928 0.98218 0.00239167
vn -0.286075 0.952942 -0.100316
vn 0.191587 0.978403 -0.0776051
vn 0.191587 0.978403 -0.0776051
vn 0.625313 0.779492 -0.0370973
vn 0.0219314 0.983913 0.177296
vn 0.15032 0.967934 0.201263
vn 0.15032 0.967934 0.201263
vn 0.276106 0.935197 0.221746
vn 0.0159965 0.99604 -0.0874587
vn 0.115153 0.991599 -0.0589114
vn 0.115153 0.991599 -0.0589114
vn 0.213082 0.976582 -0.0297358
vn 0.188854 0.961 -0.202025
vn 0.000824988 0.984794 -0.173721
vn 0.000824988 0.984794 -0.173721
vn -0.187234 0.972426 -0.139038
vn -0.107289 0.993873 0.0265445
vn -0.00890968 0.999612 0.0263881
vn -0.00890968 0.999612 0.0263881
vn 0.0895564 0.995643 0.0259754
vn -0.218574 0.975813 0.00388237
vn -0.0144678 0.999488 0.0285295
vn -0.0144678 0.999488 0.0285295
vn 0.190258 0.980358 0.0519547
vn -0.0829766 0.91914 0.385093
vn -0.215842 0.910071 0.353811
vn -0.215842 0.910071 0.353811
vn -0.344668 0.883972 0.315908
vn -0.562704 0.823765 0.0691003
vn -0.290247 0.956005 0.042563
vn -0.290247 0.956005 0.042563
vn 0.00903697 0.999886 0.0120917
vn -0.302723 0.952205 -0.0408073
vn -0.209285 0.976502 -0.0514233
vn -0.209285 0.976502 -0.0514233
vn -0.113873 0.991587 -0.0615541
vn 0.478196 0.868696 -0.129213
vn 0.229295 0.971213 -0.0645632
vn 0.229295 0.971213 -0.0645632
vn -0.0371789 0.999296 0.00503514
vn -0.250108 0.916666 -0.311721
vn -0.0722119 0.963979 -0.255988
vn -0.0722119 0.963979 -0.255988
vn 0.108355 0.975633 -0.190786
vn -0.134298 0.982054 0.132419
vn 0.0310594 0.994176 0.103196
vn 0.0310594 0.994176 0.103196
vn 0.195536 0.978119 0.0710483
vn 0.339638 0.940012 -0.0320024
vn 0.05602 0.998344 -0.0130752
vn 0.05602 0.998344 -0.0130752
vn -0.232315 0.972616 0.00695303
vn 0.460082 0.882518 0.0973975
vn 0.0896855 0.992331 0.0850677
vn 0.0896855 0.992331 0.0850677
vn -0.29411 0.953884 0.0600284
vn -0.0216893 0.942156 -0.334471
vn 0.143054 0.941808 -0.304192
vn 0.143054 0.941808 -0.304192
vn 0.303784 0.915036 -0.265377
vn -0.177079 0.984021 -0.0186173
vn 0.212955 0.972434 -0.0949854
vn 0.212955 0.972434 -0.0949854
vn 0.569321 0.807113 -0.156337
vn 0.0974103 0.988271 -0.11761
vn -0.277725 0.956648 -0.0877072
vn -0.277725 0.956648 -0.0877072
vn -0.613252 0.788588 -0.0452952
vn -0.180414 0.98235 -0.049382
vn -0.0710584 0.997384 -0.013234
vn -0.0710584 0.997384 -0.013234
vn 0.0392563 0.998962 0.0230926
vn -0.173809 0.968059 -0.180701
vn 0.083009 0.979334 -0.184428
vn 0.083009 0.979334 -0.184428
vn 0.334341 0.925879 -0.175964
vn -0.0978677 0.993631 0.0558569
vn 0.137151 0.990203 0.0262119
vn 0.137151 0.990203 0.0262119
vn 0.364471 0.931202 -0.00490436
vn 0.295401 0.931114 -0.213929
vn 0.136056 0.972411 -0.189486
vn 0.136056 0.972411 -0.189486
vn -0.0270581 0.986779 -0.159796
vn -0.118847 0.991707 -0.0489073
vn -0.143177 0.988391 -0.0508311
vn -0.143177 0.988391 -0.0508311
vn -0.16742 0.984475 -0.0527241
vn 0.300456 0.942857 -0.144035
vn 0.0633618 0.977938 -0.199052
vn 0.0633618 0.977938 -0.199052
vn -0.177564 0.953883 -0.242031
vn -0.109433 0.989648 0.0928545
vn 0.112409 0.980339 0.162171
vn 0.112409 0.980339 0.162171
vn 0.328169 0.917989 0.222713
vn 0.0557447 0.997191 0.050024
vn -0.164802 0.984569 0.0588513
vn -0.164802 0.984569 0.0588513
vn -0.377293 0.923824 0.064802
vn -0.0437464 0.996624 -0.0694796
vn -0.0867262 0.994205 -0.06352
vn -0.0867262 0.994205 -0.06352
vn -0.129542 0.989909 -0.0574403
vn -0.0662502 0.997512 -0.0240852
vn 0.175776 0.984349 0.0126484
vn 0.175776 0.984349 0.0126484
vn 0.407238 0.912027 0.0486219
vn 0.0129422 0.998243 0.0578148
vn -0.0407688 0.997961 0.0491057
vn -0.0407688 0.997961 0.0491057
vn -0.0943592 0.994724 0.0402511
vn -0.241551 0.967389 0.0762369
vn -0.218443 0.972506 0.0807153
vn -0.218443 0.972506 0.0807153
vn -0.195208 0.977059 0.0851469
vn 0.168644 0.923616 0.344228
vn 0.328062 0.880047 0.343356
vn 0.328062 0.880047 0.343356
vn 0.478521 0.81244 0.333105
vn -0.199318 0.967927 -0.152938
vn -0.27506 0.94862 -0.156405
vn -0.27506 0.94862 -0.156405
vn -0.349118 0.923506 -0.158913
vn -0.250301 0.958861 0.13392
vn -0.277361 0.951467 0.133345
vn -0.277361 0.951467 0.133345
vn -0.304203 0.943324 0.132664
vn 0.0548496 0.997827 0.0364946
vn 0.0652727 0.997193 0.0366799
vn 0.0652727 0.997193 0.0366799
vn 0.0756886 0.99645 0.0368612
vn 0.00527928 0.997273 0.0736115
vn -0.114368 0.991319 0.0648541
vn -0.114368 0.991319 0.0648541
vn -0.232365 0.971063 0.0551611
vn 0.163304 0.984322 0.0666474
vn -0.130291 0.990321 0.0478362
vn -0.130291 0.990321 0.0478362
vn -0.412605 0.91057 0.024883
vn -0.0768675 0.96076 0.266516
vn 0.109938 0.934256 0.339233
vn 0.109938 0.934256 0.339233
vn 0.292249 0.869554 0.398079
vn -0.319273 0.935325 0.15242
vn -0.0809559 0.987012 0.138757
vn -0.0809559 0.987012 0.138757
vn 0.162191 0.97982 0.116817
vn 0.21723 0.96864 -0.120612
vn 0.109439 0.99008 -0.0881125
vn 0.109439 0.99008 -0.0881125
vn 0.000210303 0.998516 -0.0544553
vn -0.269581 0.930946 -0.246305
vn -0.0603059 0.98388 -0.168354
vn -0.0603059 0.98388 -0.168354
vn 0.152145 0.984989 -0.081535
vn -0.515194 0.840189 -0.169288
vn -0.321999 0.918111 -0.231059
vn -0.321999 0.918111 -0.231059
vn -0.113602 0.952688 -0.281922
vn -0.131808 0.979621 -0.151559
vn -0.0731075 0.988986 -0.128693
vn -0.0731075 0.988986 -0.128693
vn -0.0141101 0.99434 -0.105304
vn 0.340524 0.938279 -0.0606271
vn -0.0732818 0.997305 0.00357523
vn -0.0732818 0.997305 0.00357523
vn -0.473981 0.877972 0.0671382
vn -0.328123 0.943378 -0.0487228
vn -0.165822 0.980889 -0.101778
vn -0.165822 0.980889 -0.101778
vn 0.00154641 0.988422 -0.151723
vn -0.333001 0.937394 -0.101995
vn 0.183421 0.982724 -0.0247035
vn 0.183421 0.982724 -0.0247035
vn 0.649453 0.75808 0.0593744
vn 0.126761 0.938922 0.319933
vn 0.146139 0.93507 0.322936
vn 0.146139 0.93507 0.322936
vn 0.16546 0.930844 0.325811
vn 0.0381671 0.991332 0.125714
vn -0.0525189 0.993515 0.100843
vn -0.0525189 0.993515 0.100843
vn -0.14274 0.986908 0.0750793
vn 0.251043 0.966834 0.0470064
vn 0.347125 0.936266 0.0539386
vn 0.347125 0.936266 0.0539386
vn 0.439661 0.896136 0.06032
vn -0.444076 0.892878 -0.0746049
vn -0.196983 0.979871 0.032421
vn -0.196983 0.979871 0.032421
vn 0.0658828 0.988398 0.136851
vn 0.182842 0.970701 0.155909
vn 0.268864 0.955959 0.117705
vn 0.268864 0.955959 0.117705
vn 0.352446 0.93254 0.0784321
vn -0.396901 0.911504 0.107846
vn -0.188947 0.974641 0.119889
vn -0.188947 0.974641 0.119889
vn 0.0279573 0.991604 0.126252
vn 0.0380983 0.999001 -0.0233475
vn 0.0509176 0.998361 -0.0261372
vn 0.0509176 0.998361 -0.0261372
vn 0.0637281 0.997548 -0.0289223
vn 0.251128 0.967943 -0.00455444
vn 0.0104606 0.999321 -0.0353155
vn 0.0104606 0.999321 -0.0353155
vn -0.230833 0.970889 -0.0639628
vn 0.125508 0.99143 0.036265
vn 0.411052 0.910549 -0.0440105
vn 0.411052 0.910549 -0.0440105
vn 0.657744 0.743601 -0.120126
vn -0.114364 0.988049 0.103342
vn 0.0518828 0.988422 0.142586
vn 0.0518828 0.988422 0.142586
vn 0.216615 0.959954 0.17767
vn -0.426868 0.901831 0.0669628
vn -0.218102 0.971731 0.0903938
vn -0.218102 0.971731 0.0903938
vn 0.0013541 0.993998 0.109394
vn -0.370433 0.928776 0.0124007
vn 0.0399862 0.998622 -0.0339871
vn 0.0399862 0.998622 -0.0339871
vn 0.443389 0.893235 -0.0744111
vn -0.108763 0.97301 0.203526
vn -0.0759324 0.976835 0.200069
vn -0.0759324 0.976835 0.200069
vn -0.0430181 0.979582 0.19639
vn -0.337039 0.930737 -0.14189
vn -0.0982038 0.989207 -0.108748
vn -0.0982038 0.989207 -0.108748
vn 0.146676 0.986781 -0.0689118
vn 0.167616 0.978622 0.119183
vn 0.27407 0.955468 0.109395
vn 0.27407 0.955468 0.109395
vn 0.377245 0.920882 0.0982975
vn 0.300622 0.92603 0.228243
vn 0.333035 0.915135 0.227192
vn 0.333035 0.915135 0.227192
vn 0.365059 0.903168 0.225875
vn -0.0400282 0.997648 -0.0556498
vn -0.108598 0.993043 -0.0455288
vn -0.108598 0.993043 -0.0455288
vn -0.176643 0.983646 -0.035188
vn -0.122705 0.988632 0.0868904
vn -0.127541 0.987939 0.0878009
vn -0.127541 0.987939 0.0878009
vn -0.132373 0.987222 0.0887092
vn 0.317947 0.940373 0.120866
vn 0.299286 0.946137 0.123497
vn 0.299286 0.946137 0.123497
vn 0.28051 0.951534 0.12608
vn 0.333434 0.909776 -0.247243
vn -0.0069677 0.958178 -0.286088
vn -0.0069677 0.958178 -0.286088
vn -0.346535 0.891862 -0.290682
vn 0.228435 0.947091 -0.225467
vn 0.119906 0.964409 -0.235666
vn 0.119906 0.964409 -0.235666
vn 0.00991584 0.969977 -0.242995
vn -0.136659 0.975187 0.17417
vn -0.0452405 0.985515 0.163444
vn -0.0452405 0.985515 0.163444
vn 0.0465663 0.987388 0.151316
vn -0.605403 0.794005 0.0551581
vn -0.278987 0.960161 -0.0160237
vn -0.278987 0.960161 -0.0160237
vn 0.0862708 0.992641 -0.0849746
vn 0.0081725 0.999483 -0.0311115
vn 0.014655 0.999473 -0.0289719
vn 0.014655 0.999473 -0.0289719
vn 0.0211368 0.999416 -0.0268309
vn -0.403038 0.902981 0.148949
vn -0.00649182 0.99804 0.0622351
vn -0.00649182 0.99804 0.0622351
vn 0.391183 0.919636 -0.0352957
vn -0.074235 0.997237 0.00268875
vn -0.0489145 0.9988 0.00262516
vn -0.0489145 0.9988 0.00262516
vn -0.0235625 0.999719 0.00255987
vn -0.125769 0.984418 -0.122894
vn -0.0299178 0.98842 -0.148765
vn -0.0299178 0.98842 -0.148765
vn 0.0662287 0.982663 -0.173167
vn -0.0266321 0.999347 0.0244016
vn 0.098871 0.994595 0.0316996
vn 0.098871 0.994595 0.0316996
vn 0.222809 0.974102 0.0384959
vn -0.223622 0.96697 0.12232
vn -0.130218 0.987631 0.0873383
vn -0.130218 0.987631 0.0873383
vn -0.035462 0.998046 0.0514505
vn 0.47425 0.878591 -0.0562639
vn 0.191 0.981566 -0.0068696
vn 0.191 0.981566 -0.0068696
vn -0.110066 0.992987 0.0431654
vn -0.221609 0.97199 -0.0782654
vn -0.0938307 0.994763 -0.0405193
vn -0.0938307 0.994763 -0.0405193
vn 0.0356621 0.999362 -0.00203301
vn 0.314871 0.905038 0.285941
vn 0.126269 0.955732 0.265768
vn 0.126269 0.955732 0.265768
vn -0.067201 0.969584 0.235351
vn -0.194443 0.97917 -0.0584683
vn -0.0342093 0.99907 0.0262403
vn -0.0342093 0.99907 0.0262403
vn 0.127162 0.985755 0.110077
vn 0.156068 0.946292 0.283151
vn 0.0215399 0.961667 0.273372
vn 0.0215399 0.961667 0.273372
vn -0.113386 0.959319 0.258555
vn 0.173598 0.977766 -0.117637
vn 0.00468994 0.985336 -0.170563
vn 0.00468994 0.985336 -0.170563
vn -0.164365 0.961978 -0.218136
vn 0.557856 0.803744 0.206861
vn 0.0936171 0.979878 0.176279
vn 0.0936171 0.979878 0.176279
vn -0.39379 0.913516 0.102072
vn 0.332676 0.94295 0.0130987
vn -0.0838407 0.995804 0.036662
vn -0.0838407 0.995804 0.036662
vn -0.485531 0.872566 0.0537423
vn -0.20779 0.968119 -0.139888
vn -0.23143 0.962603 -0.140842
vn -0.23143 0.962603 -0.140842
vn -0.254933 0.956518 -0.141713
vn -0.0493305 0.997696 0.0465854
vn -0.125268 0.991148 0.0439806
vn -0.125268 0.991148 0.0439806
vn -0.200477 0.978835 0.04112
vn 0.257961 0.855749 0.448497
vn 0.191184 0.878894 0.437029
vn 0.191184 0.878894 0.437029
vn 0.123427 0.897533 0.423321
vn -0.0288745 0.993653 0.108718
vn -0.0583934 0.99343 0.098427
vn -0.0583934 0.99343 0.098427
vn -0.0878553 0.992235 0.08804
vn -0.166153 0.986019 -0.0126593
vn -0.315707 0.94811 -0.0376339
vn -0.315707 0.94811 -0.0376339
vn -0.457548 0.887042 -0.0616891
vn -0.240436 0.966123 -0.0937934
vn 0.158773 0.98672 -0.0342737
vn 0.158773 0.98672 -0.0342737
vn 0.532048 0.846152 0.0308441
vn -0.217961 0.950455 -0.221648
vn -0.00642309 0.973971 -0.226582
vn -0.00642309 0.973971 -0.226582
vn 0.205406 0.953341 -0.221246
vn 0.0768615 0.985925 -0.148471
vn -0.225654 0.972991 -0.0486662
vn -0.225654 0.972991 -0.0486662
vn -0.505232 0.861159 0.0560852
vn -0.611512 0.789183 -0.0569412
vn -0.348119 0.936658 -0.0385252
vn -0.348119 0.936658 -0.0385252
vn -0.0528861 0.998463 -0.0165855
vn 0.350725 0.92181 0.165102
vn 0.136211 0.982495 0.127085
vn 0.136211 0.982495 0.127085
vn -0.0852695 0.992931 0.0825695
vn -0.0573974 0.996815 -0.0553688
vn 0.0585821 0.997331 -0.0435849
vn 0.0585821 0.997331 -0.0435849
vn 0.173765 0.984292 -0.0312087
vn -0.0231921 0.998982 -0.0386944
vn -0.0254989 0.998876 -0.0399542
vn -0.0254989 0.998876 -0.0399542
vn -0.0278055 0.998763 -0.0412137
vn -0.241065 0.932013 -0.270627
vn -0.266936 0.92453 -0.272009
vn -0.266936 0.92453 -0.272009
vn -0.292613 0.916375 -0.273194
vn 0.316928 0.944356 -0.0880241
vn -0.162127 0.98587 0.042138
vn -0.162127 0.98587 0.042138
vn -0.600948 0.782731 0.161843
vn 0.153969 0.983232 0.0977134
vn -0.0495689 0.994048 0.0970176
vn -0.0495689 0.994048 0.0970176
vn -0.251047 0.963565 0.0922911
vn -0.298375 0.945228 0.132352
vn -0.0496289 0.985205 0.164038
vn -0.0496289 0.985205 0.164038
vn 0.202317 0.961659 0.185148
vn -0.0426324 0.995 0.0903223
vn -0.158463 0.986099 0.049974
vn -0.158463 0.986099 0.049974
vn -0.271897 0.962286 0.00886982
vn 0.353151 0.93542 0.01655
vn 0.0510104 0.996839 0.0609113
vn 0.0510104 0.996839 0.0609113
vn -0.25608 0.961535 0.0993625
vn -0.0425342 0.998361 -0.0382873
vn 0.00986947 0.999492 -0.0302961
vn 0.00986947 0.999492 -0.0302961
vn 0.0622454 0.997814 -0.0222198
vn -0.471084 0.878726 -0.0769407
vn -0.23518 0.965809 -0.109098
vn -0.23518 0.965809 -0.109098
vn 0.0158387 0.990822 -0.134244
vn -0.294108 0.894307 0.337216
vn -0.223107 0.920077 0.321996
vn -0.223107 0.920077 0.321996
vn -0.15078 0.940385 0.304864
vn -0.33012 0.933967 -0.136846
vn -0.196924 0.976205 -0.0908002
vn -0.196924 0.976205 -0.0908002
vn -0.0594648 0.997313 -0.0427892
vn 0.408504 0.877894 -0.249852
vn 0.139473 0.959448 -0.244961
vn 0.139473 0.959448 -0.244961
vn -0.140584 0.965155 -0.220706
vn -0.192599 0.979852 0.0528757
vn -0.163151 0.985563 0.0452481
vn -0.163151 0.985563 0.0452481
vn -0.133546 0.99033 0.0375771
vn 0.082135 0.976029 -0.201546
vn -0.00304591 0.983348 -0.181707
vn -0.00304591 0.983348 -0.181707
vn -0.0882033 0.983092 -0.160468
vn -0.199068 0.979084 -0.0420387
vn -0.117411 0.990609 -0.0700634
vn -0.117411 0.990609 -0.0700634
vn -0.0348641 0.994619 -0.0975566
vn 0.178212 0.981461 0.0705326
vn -0.0755846 0.993064 0.0900563
vn -0.0755846 0.993064 0.0900563
vn -0.324474 0.940189 0.103733
vn -0.519913 0.844285 -0.129893
vn -0.236075 0.971728 0.00361332
vn -0.236075 0.971728 0.00361332
vn 0.0748243 0.987782 0.136705
vn -0.100619 0.935833 -0.337775
vn 0.00496595 0.943998 -0.329915
vn 0.00496595 0.943998 -0.329915
vn 0.110495 0.941517 -0.318333
vn 0.000204421 0.999467 0.0326481
vn -0.0308763 0.998978 0.0329965
vn -0.0308763 0.998978 0.0329965
vn -0.0619273 0.997525 0.033313
vn 0.399055 0.915823 0.0449883
vn 0.183141 0.982712 -0.0271481
vn 0.183141 0.982712 -0.0271481
vn -0.0430837 0.994277 -0.0977562
vn -0.231348 0.891314 -0.389919
vn -0.147362 0.908578 -0.390858
vn -0.147362 0.908578 -0.390858
vn -0.062293 0.919162 -0.388923
vn -0.00283463 0.998287 0.0584458
vn -0.0763041 0.995148 0.0621195
vn -0.0763041 0.995148 0.0621195
vn -0.14936 0.986614 0.0654565
vn 0.388362 0.899528 0.20006
vn 0.25652 0.949265 0.181914
vn 0.25652 0.949265 0.181914
vn 0.1195 0.979841 0.160096
vn 0.0813506 0.993002 0.0856142
vn -0.0580184 0.9935 0.0979329
vn -0.0580184 0.9935 0.0979329
vn -0.196252 0.974551 0.108335
vn -0.384411 0.921173 0.0605681
vn -0.338064 0.9388 0.0660835
vn -0.338064 0.9388 0.0660835
vn -0.290876 0.95409 0.0714345
vn -0.0622725 0.995644 -0.0693943
vn 0.0370564 0.997036 -0.0674279
vn 0.0370564 0.997036 -0.0674279
vn 0.136019 0.988585 -0.0647957
vn 0.153685 0.984583 0.0835326
vn -0.103657 0.99142 0.0796281
vn -0.103657 0.99142 0.0796281
vn -0.354128 0.93254 0.0704454
vn -0.241981 0.965086 -0.100271
vn -0.342943 0.933755 -0.102426
vn -0.342943 0.933755 -0.102426
vn -0.440071 0.891986 -0.103436
vn 0.210131 0.964111 -0.162281
vn 0.0456191 0.980126 -0.193059
vn 0.0456191 0.980126 -0.193059
vn -0.120182 0.968435 -0.21838
vn 0.19748 0.977705 -0.0713705
vn -0.0704231 0.995104 -0.0693413
vn -0.0704231 0.995104 -0.0693413
vn -0.33325 0.940777 -0.0623141
vn -0.58236 0.785815 -0.208211
vn -0.470594 0.843739 -0.258157
vn -0.470594 0.843739 -0.258157
vn -0.350197 0.886189 -0.303367
vn -0.0498165 0.993124 -0.105937
vn 0.055857 0.991606 -0.116612
vn 0.055857 0.991606 -0.116612
vn 0.1609 0.978899 -0.12597
vn 0.029972 0.997514 0.0637752
vn 0.144674 0.983647 0.107273
vn 0.144674 0.983647 0.107273
vn 0.257171 0.954789 0.149137
vn -0.0762125 0.987338 -0.139123
vn 0.0965281 0.983402 -0.153634
vn 0.0965281 0.983402 -0.153634
vn 0.266367 0.949899 -0.163525
vn -0.325483 0.943187 0.0667682
vn -0.35842 0.931912 0.0554567
vn -0.35842 0.931912 0.0554567
vn -0.390876 0.919388 0.044071
vn -0.0528609 0.997365 -0.0496794
vn 0.251448 0.967423 -0.0294201
vn 0.251448 0.967423 -0.0294201
vn 0.532144 0.84663 -0.00639802
vn -0.284749 0.949048 0.135005
vn -0.0309598 0.992613 0.117308
vn -0.0309598 0.992613 0.117308
vn 0.224893 0.97005 0.0917953
vn 0.201527 0.957931 -0.20434
vn 0.325244 0.927337 -0.185104
vn 0.325244 0.927337 -0.185104
vn 0.443558 0.881337 -0.162794
vn -0.224313 0.97357 0.0429466
vn -0.189135 0.98131 0.035487
vn -0.189135 0.98131 0.035487
vn -0.153701 0.987721 0.0279793
vn -0.142569 0.988454 0.0513154
vn -0.153179 0.986654 0.0552261
vn -0.153179 0.986654 0.0552261
vn -0.163769 0.984725 0.0591295
vn -0.199515 0.939732 -0.277666
vn 0.00256537 0.977768 -0.209673
vn 0.00256537 0.977768 -0.209673
vn 0.204525 0.969941 -0.131846
vn -0.490741 0.823745 -0.283933
vn -0.0574959 0.97911 -0.195034
vn -0.0574959 0.97911 -0.195034
vn 0.388383 0.919323 -0.0632773
vn 0.34658 0.897397 -0.273058
vn 0.0686803 0.980837 -0.182323
vn 0.0686803 0.980837 -0.182323
vn -0.215567 0.973625 -0.0747369
vn -0.458029 0.857433 -0.23456
vn -0.48519 0.844893 -0.225271
vn -0.48519 0.844893 -0.225271
vn -0.511875 0.831524 -0.21576
vn -0.0600178 0.99635 -0.0606988
vn 0.0673617 0.994459 -0.0807056
vn 0.0673617 0.994459 -0.0807056
vn 0.193621 0.976031 -0.0993703
vn -0.423827 0.89329 -0.149681
vn -0.133821 0.948959 -0.285603
vn -0.133821 0.948959 -0.285603
vn 0.170328 0.904344 -0.391343
vn 0.00034651 0.993572 -0.1132
vn -0.100993 0.988461 -0.112897
vn -0.100993 0.988461 -0.112897
vn -0.201293 0.973172 -0.111432
vn 0.280184 0.958317 -0.0559019
vn 0.195148 0.979012 -0.0587663
vn 0.195148 0.979012 -0.0587663
vn 0.108616 0.992199 -0.0611801
vn -0.384274 0.90726 -0.170915
vn -0.33558 0.926515 -0.170167
vn -0.33558 0.926515 -0.170167
vn -0.285965 0.943228 -0.168953
vn 0.0310477 0.988609 0.147272
vn 0.0934448 0.982595 0.160548
vn 0.0934448 0.982595 0.160548
vn 0.155458 0.972547 0.173164
vn -0.204963 0.977525 -0.0493517
vn -0.0171355 0.996241 -0.0849119
vn -0.0171355 0.996241 -0.0849119
vn 0.171325 0.978202 -0.117339
vn 0.197617 0.891202 -0.408298
vn -0.110653 0.913394 -0.39175
vn -0.110653 0.913394 -0.39175
vn -0.408322 0.848086 -0.337673
vn 0.324898 0.945711 -0.00853465
vn 0.0596008 0.997949 0.0233387
vn 0.0596008 0.997949 0.0233387
vn -0.210114 0.976213 0.053482
vn -0.193312 0.925876 -0.32463
vn 0.0625161 0.945979 -0.318143
vn 0.0625161 0.945979 -0.318143
vn 0.314225 0.903748 -0.290692
vn 0.0220261 0.999122 0.0356471
vn 0.142728 0.989404 0.0266006
vn 0.142728 0.989404 0.0266006
vn 0.261326 0.965098 0.0171619
vn 0.366237 0.914277 -0.173111
vn 0.257161 0.953589 -0.156643
vn 0.257161 0.953589 -0.156643
vn 0.144557 0.979822 -0.138027
vn 0.0940876 0.995283 -0.0236281
vn -0.285986 0.955279 -0.0751938
vn -0.285986 0.955279 -0.0751938
vn -0.62353 0.773209 -0.115577
vn -0.660844 0.725859 -0.190824
vn -0.308459 0.94581 -0.101475
vn -0.308459 0.94581 -0.101475
vn 0.0996152 0.995007 0.00619319
vn 0.432426 0.890753 0.139879
vn 0.119401 0.987811 0.099863
vn 0.119401 0.987811 0.099863
vn -0.206641 0.977191 0.0489616
vn -0.166011 0.981565 -0.0947138
vn -0.00368526 0.996188 -0.0871494
vn -0.00368526 0.996188 -0.0871494
vn 0.158739 0.984293 -0.077265
vn -0.241971 0.94749 -0.209077
vn -0.287787 0.932361 -0.21882
vn -0.287787 0.932361 -0.21882
vn -0.332907 0.914972 -0.228033
vn 0.621952 0.75611 0.20365
vn 0.41188 0.892638 0.183173
vn 0.41188 0.892638 0.183173
vn 0.175782 0.97276 0.151122
vn 0.195424 0.973909 0.115369
vn 0.264916 0.959459 0.0962158
vn 0.264916 0.959459 0.0962158
vn 0.332977 0.939823 0.0765422
vn -0.161399 0.975698 0.148203
vn 0.0383257 0.991531 0.12409
vn 0.0383257 0.991531 0.12409
vn 0.23649 0.966986 0.0949237
vn 0.387946 0.920674 -0.0431054
vn 0.289357 0.955656 -0.0547268
vn 0.289357 0.955656 -0.0547268
vn 0.187561 0.98005 -0.065742
vn -0.229103 0.950309 -0.21077
vn -0.164878 0.965657 -0.200802
vn -0.164878 0.965657 -0.200802
vn -0.0999187 0.976698 -0.189938
vn 0.0813655 0.995341 0.0517309
vn -0.0642127 0.996425 0.0549044
vn -0.0642127 0.996425 0.0549044
vn -0.208429 0.97638 0.0569137
vn 0.16541 0.982477 0.0858966
vn 0.246723 0.96308 0.107722
vn 0.246723 0.96308 0.107722
vn 0.326194 0.936495 0.128742
vn -0.00577053 0.975402 -0.220359
vn -0.0342594 0.975443 -0.217571
vn -0.0342594 0.975443 -0.217571
vn -0.0627201 0.974685 -0.214606
vn 0.352407 0.926622 0.131073
vn 0.281599 0.946011 0.160516
vn 0.281599 0.946011 0.160516
vn 0.20903 0.95948 0.188955
vn -0.577821 0.770595 -0.268896
vn -0.327227 0.918353 -0.222599
vn -0.327227 0.918353 -0.222599
vn -0.0482376 0.986422 -0.156987
vn -0.100979 0.987843 -0.118197
vn 0.0547702 0.984816 -0.164736
vn 0.0547702 0.984816 -0.164736
vn 0.209072 0.955757 -0.206922
vn -0.338883 0.905253 0.256272
vn -0.328363 0.909286 0.255689
vn -0.328363 0.909286 0.255689
vn -0.317802 0.913203 0.255074
vn 0.506854 0.857774 0.0855746
vn 0.111523 0.993666 -0.0137968
vn 0.111523 0.993666 -0.0137968
vn -0.304399 0.946099 -0.110621
vn -0.352702 0.935024 0.0364851
vn -0.0927049 0.99494 0.0387252
vn -0.0927049 0.99494 0.0387252
vn 0.173892 0.984023 0.0382083
vn -0.366152 0.926801 -0.0835061
vn -0.25079 0.967229 -0.0396485
vn -0.25079 0.967229 -0.0396485
vn -0.131199 0.991344 0.00487793
vn 0.282551 0.957327 0.0607409
vn 0.0169403 0.99061 0.135661
vn 0.0169403 0.99061 0.135661
vn -0.249979 0.947349 0.200099
vn -0.164659 0.980594 0.106409
vn -0.245748 0.965854 0.0820653
vn -0.245748 0.965854 0.0820653
vn -0.325023 0.94398 0.0571161
vn 0.169349 0.925069 -0.339953
vn 0.0287473 0.946048 -0.322748
vn 0.0287473 0.946048 -0.322748
vn -0.112444 0.947628 -0.298926
vn -0.536155 0.841762 -0.0630375
vn -0.290293 0.956929 -0.00416104
vn -0.290293 0.956929 -0.00416104
vn -0.0220267 0.998241 0.0550366
vn 0.046474 0.998893 0.00727541
vn 0.231428 0.966176 0.11378
vn 0.231428 0.966176 0.11378
vn 0.405592 0.888413 0.21498
vn -0.109722 0.993033 -0.0429806
vn -0.175444 0.984449 -0.00895605
vn -0.175444 0.984449 -0.00895605
vn -0.240192 0.9704 0.0251182
vn 0.387542 0.915577 0.107379
vn 0.176378 0.980885 0.0821955
vn 0.176378 0.980885 0.0821955
vn -0.0435142 0.997649 0.0529441
vn -0.0124905 0.999922 -0.000895556
vn 0.0408155 0.999104 0.0111964
vn 0.0408155 0.999104 0.0111964
vn 0.0939994 0.995301 0.0232548
vn 0.0619207 0.987405 0.145593
vn -0.115529 0.987455 0.107636
vn -0.115529 0.987455 0.107636
vn -0.289175 0.954989 0.0661343
vn -0.214487 0.97218 -0.0941338
vn 0.059992 0.991169 -0.118257
vn 0.059992 0.991169 -0.118257
vn 0.329895 0.934551 -0.133359
vn -0.247169 0.949888 -0.191366
vn 0.0858059 0.987802 -0.129942
vn 0.0858059 0.987802 -0.129942
vn 0.40882 0.911049 -0.0534331
vn -0.286978 0.918714 0.271308
vn -0.182494 0.948357 0.25945
vn -0.182494 0.948357 0.25945
vn -0.0758315 0.966681 0.244496
vn 0.410193 0.888336 0.206401
vn 0.0630676 0.986759 0.149428
vn 0.0630676 0.986759 0.149428
vn -0.292473 0.95352 0.0725171
vn -0.0272037 0.997317 -0.067961
vn -0.0793115 0.9932 -0.0852256
vn -0.0793115 0.9932 -0.0852256
vn -0.131179 0.986073 -0.102232
vn -0.0751867 0.99707 -0.0140858
vn -0.189535 0.981171 -0.037159
vn -0.189535 0.981171 -0.037159
vn -0.301257 0.951671 -0.0597171
vn -0.0490446 0.985973 0.159534
vn -0.127424 0.983076 0.131623
vn -0.127424 0.983076 0.131623
vn -0.20492 0.973365 0.102799
vn -0.0575693 0.992269 0.109943
vn 0.072622 0.991689 0.106199
vn 0.072622 0.991689 0.106199
vn 0.201581 0.974286 0.100652
vn -0.354265 0.920568 0.164472
vn -0.213886 0.964832 0.152816
vn -0.213886 0.964832 0.152816
vn -0.0688448 0.988061 0.137827
vn 0.286916 0.957624 -0.025208
vn 0.0993725 0.99502 0.00778748
vn 0.0993725 0.99502 0.00778748
vn -0.0919138 0.994943 0.0404897
vn -0.0468361 0.995954 -0.0766998
vn -0.210265 0.974625 -0.0767701
vn -0.210265 0.974625 -0.0767701
vn -0.367983 0.926823 -0.0747551
vn -0.188548 0.964056 -0.187206
vn 0.00855509 0.984586 -0.17469
vn 0.00855509 0.984586 -0.17469
vn 0.205321 0.966297 -0.155286
vn -0.0461628 0.970016 -0.238615
vn 0.0819539 0.973351 -0.214175
vn 0.0819539 0.973351 -0.214175
vn 0.208675 0.960117 -0.186089
vn -0.359752 0.913145 0.191689
vn -0.258379 0.946512 0.193274
vn -0.258379 0.946512 0.193274
vn -0.154063 0.969097 0.192656
vn -0.0726682 0.995074 -0.0674273
vn -0.0887043 0.993642 -0.069329
vn -0.0887043 0.993642 -0.069329
vn -0.104717 0.991949 -0.0712125
vn -0.409342 0.901586 0.139936
vn -0.292684 0.94523 0.144485
vn -0.292684 0.94523 0.144485
vn -0.17148 0.974191 0.146789
vn 0.0434973 0.943304 0.329068
vn -0.102077 0.940049 0.325404
vn -0.102077 0.940049 0.325404
vn -0.245486 0.916851 0.314836
vn -0.163861 0.986413 0.0118209
vn 0.0283417 0.999489 0.0147861
vn 0.0283417 0.999489 0.0147861
vn 0.219492 0.975463 0.0172024
vn 0.0083115 0.987545 -0.157117
vn 0.29253 0.947445 -0.129514
vn 0.29253 0.947445 -0.129514
vn 0.552424 0.828565 -0.0911408
vn 0.179332 0.976497 0.119553
vn 0.0499491 0.994108 0.0961992
vn 0.0499491 0.994108 0.0961992
vn -0.0803128 0.994227 0.0711531
vn 0.173521 0.981126 0.0853382
vn 0.388344 0.913384 0.122142
vn 0.388344 0.913384 0.122142
vn 0.582937 0.798062 0.152584
vn 0.371543 0.927725 0.0358058
vn 0.269373 0.961868 0.047413
vn 0.269373 0.961868 0.047413
vn 0.164042 0.984719 0.0584636
vn -0.368321 0.911575 0.182673
vn 0.0321264 0.984809 0.170645
vn 0.0321264 0.984809 0.170645
vn 0.427246 0.894695 0.130313
vn 0.351042 0.921608 0.165556
vn 0.285154 0.942237 0.175717
vn 0.285154 0.942237 0.175717
vn 0.217878 0.958278 0.185022
vn -0.20545 0.973435 0.101065
vn 0.148983 0.987819 0.0449123
vn 0.148983 0.987819 0.0449123
vn 0.4842 0.874792 -0.0170338
vn 0.439211 0.890947 0.115355
vn 0.354364 0.927693 0.117521
vn 0.354364 0.927693 0.117521
vn 0.266486 0.956504 0.118681
vn -0.246205 0.945866 -0.211471
vn -0.102412 0.97811 -0.181143
vn -0.102412 0.97811 -0.181143
vn 0.0436984 0.988213 -0.146714
vn -0.0275457 0.942723 -0.332437
vn -0.0443057 0.943142 -0.329423
vn -0.0443057 0.943142 -0.329423
vn -0.0610529 0.943288 -0.326314
vn -0.280483 0.94557 0.165002
vn -0.115579 0.984682 0.130547
vn -0.115579 0.984682 0.130547
vn 0.0527822 0.994342 0.0921865
vn 0.0287119 0.973883 -0.225229
vn -0.089056 0.969604 -0.227898
vn -0.089056 0.969604 -0.227898
vn -0.205586 0.951853 -0.2274
vn -0.106108 0.980904 -0.162995
vn -0.205036 0.966486 -0.154484
vn -0.205036 0.966486 -0.154484
vn -0.301899 0.942338 -0.144418
vn 0.219681 0.974911 -0.0358996
vn 0.188277 0.981526 -0.0340426
vn 0.188277 0.981526 -0.0340426
vn 0.156679 0.987126 -0.0321504
vn 0.00110923 0.997699 0.0677968
vn 0.169821 0.981841 0.0845572
vn 0.169821 0.981841 0.0845572
vn 0.333608 0.937513 0.0988659
vn 0.0579827 0.998085 -0.021553
vn 0.235645 0.97157 0.0228808
vn 0.235645 0.97157 0.0228808
vn 0.405239 0.911787 0.0665311
vn 0.0984277 0.986048 0.134243
vn 0.00519935 0.992344 0.123399
vn 0.00519935 0.992344 0.123399
vn -0.088075 0.989858 0.111462
vn -0.133218 0.980137 -0.146916
vn 0.0386709 0.990697 -0.130477
vn 0.0386709 0.990697 -0.130477
vn 0.209402 0.971608 -0.110133
vn 0.0166641 0.998854 0.0448649
vn -0.00565064 0.998739 0.0498746
vn -0.00565064 0.998739 0.0498746
vn -0.0279624 0.998103 0.0548582
vn -0.306492 0.908435 0.284268
vn -0.213634 0.934509 0.284699
vn -0.213634 0.934509 0.284699
vn -0.118788 0.95189 0.28248
vn 0.296793 0.939201 0.172674
vn 0.121406 0.976907 0.175819
vn 0.121406 0.976907 0.175819
vn -0.0578907 0.983165 0.173305
vn -0.478803 0.877798 0.0147996
vn -0.295399 0.954499 -0.0408761
vn -0.295399 0.954499 -0.0408761
vn -0.0994057 0.99052 -0.0948097
vn 0.222985 0.926072 0.304416
vn -0.0785428 0.96806 0.2381
vn -0.0785428 0.96806 0.2381
vn -0.372445 0.916069 0.148669
vn 0.567905 0.820226 0.0686528
vn 0.141053 0.988898 0.0467382
vn 0.141053 0.988898 0.0467382
vn -0.315579 0.948781 0.0149556
vn 0.350082 0.927045 -0.134279
vn 0.0812619 0.991691 -0.0997298
vn 0.0812619 0.991691 -0.0997298
vn -0.193867 0.979345 -0.0574377
vn 0.0843844 0.984837 0.151577
vn 0.0612813 0.988126 0.140895
vn 0.0612813 0.988126 0.140895
vn 0.0381377 0.990764 0.130121
vn -0.317704 0.946357 0.0589356
vn -0.137991 0.981604 0.131953
vn -0.137991 0.981604 0.131953
vn 0.0470857 0.978696 0.199841
vn 0.512208 0.842126 0.168722
vn 0.0203611 0.99644 0.081813
vn 0.0203611 0.99644 0.081813
vn -0.47705 0.878447 -0.0274543
vn 0.292896 0.947665 -0.127055
vn -0.146722 0.987698 -0.0540931
vn -0.146722 0.987698 -0.0540931
vn -0.556968 0.830003 0.0296981
vn -0.124249 0.990533 -0.0583713
vn 0.184555 0.981622 -0.0485499
vn 0.184555 0.981622 -0.0485499
vn 0.475727 0.878932 -0.0340901
vn 0.236145 0.966097 -0.104367
vn 0.298502 0.948661 -0.104591
vn 0.298502 0.948661 -0.104591
vn 0.359608 0.927247 -0.104376
vn 0.163836 0.944585 0.284459
vn 0.191757 0.940414 0.280803
vn 0.191757 0.940414 0.280803
vn 0.219522 0.935481 0.27692
vn 0.050667 0.998653 0.0112086
vn -0.186701 0.982006 0.0284071
vn -0.186701 0.982006 0.0284071
vn -0.413442 0.909467 0.0439887
vn 0.135673 0.955165 -0.263159
vn -0.0799575 0.956315 -0.281189
vn -0.0799575 0.956315 -0.281189
vn -0.291845 0.912688 -0.286054
vn 0.19719 0.94259 -0.269517
vn 0.0445541 0.958919 -0.28016
vn 0.0445541 0.958919 -0.28016
vn -0.109137 0.952543 -0.284169
vn 0.266881 0.960329 0.0808849
vn 0.172898 0.981944 0.0767576
vn 0.172898 0.981944 0.0767576
vn 0.0773035 0.994411 0.0719151
vn -0.0623034 0.99436 -0.0858269
vn 0.21066 0.977001 0.033039
vn 0.21066 0.977001 0.033039
vn 0.464888 0.872747 0.148966
vn 0.0957049 0.99099 -0.0937025
vn 0.215665 0.967825 -0.129629
vn 0.215665 0.967825 -0.129629
vn 0.332127 0.928964 -0.163453
vn -0.290989 0.953541 0.078009
vn 0.056611 0.99839 -0.00364668
vn 0.056611 0.99839 -0.00364668
vn 0.39688 0.913942 -0.0848301
vn 0.377304 0.885558 0.270979
vn 0.0642213 0.948778 0.309347
vn 0.0642213 0.948778 0.309347
vn -0.255508 0.91381 0.315702
vn -0.0639357 0.997129 -0.0405646
vn -0.196235 0.979425 -0.0470999
vn -0.196235 0.979425 -0.0470999
vn -0.325029 0.944229 -0.0527939
vn 0.19544 0.952992 0.231536
vn 0.206318 0.950808 0.231078
vn 0.206318 0.950808 0.231078
vn 0.217171 0.948506 0.230592
vn 0.305217 0.951027 0.048892
vn 0.135681 0.986082 0.0960844
vn 0.135681 0.986082 0.0960844
vn -0.0382244 0.989388 0.140183
vn -0.546567 0.788997 -0.280623
vn -0.31433 0.906761 -0.281036
vn -0.31433 0.906761 -0.281036
vn -0.060781 0.963045 -0.262394
vn -0.169723 0.963715 -0.206026
vn -0.235631 0.950891 -0.200708
vn -0.235631 0.950891 -0.200708
vn -0.300469 0.933754 -0.194479
vn -0.28283 0.94994 0.132742
vn -0.108584 0.981822 0.155674
vn -0.108584 0.981822 0.155674
vn 0.0691268 0.98238 0.173638
vn 0.119957 0.991605 0.0482681
vn -0.114273 0.991664 0.0595318
vn -0.114273 0.991664 0.0595318
vn -0.34222 0.937191 0.0675218
vn -0.0756965 0.977925 -0.194763
vn -0.0666103 0.978693 -0.194223
vn -0.0666103 0.978693 -0.194223
vn -0.0575185 0.97938 -0.193666
vn -0.0112306 0.965075 0.261733
vn 0.106992 0.96802 0.226913
vn 0.106992 0.96802 0.226913
vn 0.223589 0.956254 0.188644
vn -0.231514 0.949808 -0.210396
vn -0.0514269 0.968619 -0.243172
vn -0.0514269 0.968619 -0.243172
vn 0.130402 0.954633 -0.267714
vn -0.359233 0.912807 -0.194253
vn -0.230928 0.957036 -0.17537
vn -0.230928 0.957036 -0.17537
vn -0.0982874 0.983296 -0.153194
vn -0.0341114 0.989596 0.139775
vn -0.0210187 0.990094 0.138824
vn -0.0210187 0.990094 0.138824
vn -0.00792236 0.990422 0.137848
vn -0.00965459 0.999087 -0.0416253
vn -0.0279794 0.998664 -0.0434479
vn -0.0279794 0.998664 -0.0434479
vn -0.0462946 0.997902 -0.0452557
vn -0.31531 0.936665 0.152441
vn -0.107129 0.978216 0.177812
vn -0.107129 0.978216 0.177812
vn 0.105948 0.975053 0.195055
vn -0.0786817 0.994558 -0.0682909
vn -0.132075 0.988915 -0.0678446
vn -0.132075 0.988915 -0.0678446
vn -0.185088 0.980422 -0.0672028
vn -0.239862 0.922535 0.302318
vn -0.216053 0.928396 0.302328
vn -0.216053 0.928396 0.302328
vn -0.192114 0.933699 0.302157
vn 0.193221 0.937869 -0.288213
vn 0.218126 0.934472 -0.281395
vn 0.218126 0.934472 -0.281395
vn 0.242884 0.93044 -0.274387
vn 0.0808383 0.992947 0.0867247
vn -0.0409369 0.994524 0.096159
vn -0.0409369 0.994524 0.096159
vn -0.162101 0.981261 0.104158
vn 0.04359 0.988731 0.143218
vn -0.134537 0.976167 0.170285
vn -0.134537 0.976167 0.170285
vn -0.308275 0.931762 0.191798
vn 0.535828 0.824195 -0.18328
vn 0.161866 0.985037 -0.059169
vn 0.161866 0.985037 -0.059169
vn -0.241414 0.967468 0.0756585
vn 0.204187 0.968875 0.139957
vn -0.0904927 0.988709 0.119441
vn -0.0904927 0.988709 0.119441
vn -0.377241 0.921881 0.088456
vn 0.128714 0.979188 -0.156919
vn 0.197373 0.969606 -0.144598
vn 0.197373 0.969606 -0.144598
vn 0.265053 0.955217 -0.13156
vn -0.269037 0.935143 0.230493
vn -0.0283182 0.973849 0.225425
vn -0.0283182 0.973849 0.225425
vn 0.214084 0.954641 0.206952
vn 0.143985 0.952768 -0.267398
vn 0.00285071 0.974563 -0.224094
vn 0.00285071 0.974563 -0.224094
vn -0.138347 0.974656 -0.1758
vn -0.0690281 0.992339 -0.102458
vn 0.0584316 0.99539 -0.0760509
vn 0.0584316 0.99539 -0.0760509
vn 0.184901 0.981567 -0.0483548
vn 0.299831 0.945541 0.126706
vn -0.0246936 0.996254 0.0828756
vn -0.0246936 0.996254 0.0828756
vn -0.346507 0.937569 0.0299451
vn -0.00581452 0.974905 0.222545
vn 0.149797 0.968669 0.198095
vn 0.149797 0.968669 0.198095
vn 0.301686 0.93836 0.168722
vn -0.201463 0.948911 0.242858
vn 0.0384818 0.9469 0.319217
vn 0.0384818 0.9469 0.319217
vn 0.275987 0.884848 0.375335
vn 0.626561 0.778963 -0.0252559
vn 0.390783 0.920481 0.00195887
vn 0.390783 0.920481 0.00195887
vn 0.125165 0.991711 0.0290241
vn 0.394199 0.90553 0.156914
vn 0.194863 0.969478 0.1488
vn 0.194863 0.969478 0.1488
vn -0.013026 0.990875 0.134155
vn -0.097769 0.993662 -0.0554646
vn -0.111021 0.992085 -0.058675
vn -0.111021 0.992085 -0.058675
vn -0.124252 0.99032 -0.0618743
vn 0.0332072 0.969858 0.241399
vn 0.284396 0.923826 0.25625
vn 0.284396 0.923826 0.25625
vn 0.516975 0.817344 0.254334
vn 0.0427922 0.997061 -0.063552
vn -0.0479725 0.99814 -0.037621
vn -0.0479725 0.99814 -0.037621
vn -0.13831 0.990324 -0.0113547
vn 0.00514488 0.93481 0.355111
vn -0.138471 0.926666 0.34945
vn -0.138471 0.926666 0.34945
vn -0.279217 0.899319 0.336546
vn 0.071411 0.983021 0.169026
vn -0.0888317 0.963576 0.252251
vn -0.0888317 0.963576 0.252251
vn -0.246145 0.91235 0.327155
vn -0.260626 0.889295 -0.375804
vn -0.000780196 0.945007 -0.32705
vn -0.000780196 0.945007 -0.32705
vn 0.259123 0.931732 -0.254422
vn 0.0704 0.988129 0.136546
vn 0.0183599 0.991298 0.13035
vn 0.0183599 0.991298 0.13035
vn -0.0337307 0.991734 0.123795
vn -0.0281219 0.993534 0.109995
vn 0.0587594 0.991161 0.118944
vn 0.0587594 0.991161 0.118944
vn 0.145192 0.981221 0.126985
vn 0.515293 0.853368 0.0789697
vn 0.358699 0.928848 0.0926058
vn 0.358699 0.928848 0.0926058
vn 0.191199 0.976087 0.103426
vn -0.32341 0.864336 -0.385136
vn -0.244608 0.894805 -0.373486
vn -0.244608 0.894805 -0.373486
vn -0.164027 0.918765 -0.359119
vn 0.181316 0.978342 -0.0998566
vn 0.0868203 0.989376 -0.116609
vn 0.0868203 0.989376 -0.116609
vn -0.0084854 0.991177 -0.132272
vn 0.440142 0.871383 0.216718
vn 0.156848 0.966191 0.204631
vn 0.156848 0.966191 0.204631
vn -0.140467 0.974631 0.174252
vn -0.290882 0.925683 -0.241864
vn -0.272393 0.930204 -0.246012
vn -0.272393 0.930204 -0.246012
vn -0.2538 0.934373 -0.250066
vn 0.131966 0.974238 -0.182883
vn 0.0432358 0.986048 -0.16075
vn 0.0432358 0.986048 -0.16075
vn -0.0458617 0.989474 -0.13725
vn 0.196198 0.975436 -0.100155
vn -0.182817 0.97916 -0.0884554
vn -0.182817 0.97916 -0.0884554
vn -0.535542 0.842077 -0.0640354
vn -0.00561312 0.990545 -0.137077
vn -0.0468672 0.990015 -0.132945
vn -0.0468672 0.990015 -0.132945
vn -0.0880408 0.987783 -0.128585
vn -0.448781 0.890258 -0.0776917
vn -0.10625 0.97924 -0.17263
vn -0.10625 0.97924 -0.17263
vn 0.250546 0.93675 -0.24439
vn -0.113159 0.963501 -0.242611
vn -0.148016 0.959429 -0.239974
vn -0.148016 0.959429 -0.239974
vn -0.182689 0.954168 -0.23704
vn 0.249753 0.95655 -0.150454
vn 0.325217 0.93049 -0.168587
vn 0.325217 0.93049 -0.168587
vn 0.398502 0.898194 -0.185589
vn -0.268428 0.930287 -0.250025
vn -0.220665 0.941596 -0.25437
vn -0.220665 0.941596 -0.25437
vn -0.172366 0.950619 -0.258097
vn 0.533492 0.845547 -0.0208945
vn 0.238215 0.970947 -0.0227045
vn 0.238215 0.970947 -0.0227045
vn -0.0815781 0.99642 -0.0221778
vn 0.128752 0.987947 0.0859323
vn 0.246897 0.957558 0.148745
vn 0.246897 0.957558 0.148745
vn 0.360393 0.909141 0.208757
vn -0.318913 0.939801 -0.122752
vn -0.275101 0.95315 -0.125792
vn -0.275101 0.95315 -0.125792
vn -0.23071 0.964491 -0.128566
vn -0.3211 0.9463 0.0375639
vn -0.277713 0.959477 0.0477504
vn -0.277713 0.959477 0.0477504
vn -0.233726 0.970581 0.0578337
vn -0.349527 0.928198 -0.127595
vn -0.0455229 0.97572 -0.214237
vn -0.0455229 0.97572 -0.214237
vn 0.263133 0.923541 -0.278987
vn 0.19389 0.969461 -0.150175
vn 0.239973 0.95987 -0.145132
vn 0.239973 0.95987 -0.145132
vn 0.285519 0.948127 -0.139763
vn 0.137872 0.978827 0.151292
vn 0.0992112 0.985911 0.13467
vn 0.0992112 0.985911 0.13467
vn 0.0603693 0.9912 0.117803
vn -0.228428 0.971959 -0.0558275
vn -0.279368 0.958672 -0.0538585
vn -0.279368 0.958672 -0.0538585
vn -0.329533 0.942725 -0.0517399
vn -0.0764782 0.996708 -0.0269091
vn 0.188987 0.977323 -0.0955189
vn 0.188987 0.977323 -0.0955189
vn 0.440173 0.884096 -0.156912
vn -0.230366 0.972233 -0.0411619
vn -0.336222 0.941772 -0.00449774
vn -0.336222 0.941772 -0.00449774
vn -0.437547 0.898618 0.032227
vn 0.248336 0.944631 0.21448
vn 0.342857 0.914278 0.215744
vn 0.342857 0.914278 0.215744
vn 0.433999 0.874912 0.214882
vn 0.390921 0.917372 0.0748892
vn 0.116566 0.967197 0.225704
vn 0.116566 0.967197 0.225704
vn -0.169504 0.91982 0.353836
vn -0.379861 0.90583 0.187557
vn -0.204353 0.970419 0.128561
vn -0.204353 0.970419 0.128561
vn -0.020986 0.997689 0.0646203
vn -0.229659 0.961253 0.152477
vn -0.19457 0.970462 0.142639
vn -0.19457 0.970462 0.142639
vn -0.159205 0.9783 0.132599
vn 0.115822 0.991511 -0.0590834
vn -0.10357 0.994528 0.0136725
vn -0.10357 0.994528 0.0136725
vn -0.317427 0.944402 0.0856977
vn 0.095185 0.969235 0.226987
vn 0.183216 0.957995 0.220632
vn 0.183216 0.957995 0.220632
vn 0.269796 0.939171 0.212529
vn -0.254671 0.930056 -0.264836
vn 0.0581083 0.973481 -0.221265
vn 0.0581083 0.973481 -0.221265
vn 0.364983 0.917985 -0.155211
vn -0.383962 0.87248 -0.302245
vn -0.152474 0.91513 -0.373215
vn -0.152474 0.91513 -0.373215
vn 0.0882305 0.902467 -0.421626
vn 0.177169 0.983887 0.0240168
vn -0.165607 0.98614 -0.0100987
vn -0.165607 0.98614 -0.0100987
vn -0.488731 0.871373 -0.0430158
vn 0.31015 0.941916 -0.128842
vn 0.0661632 0.980343 -0.185876
vn 0.0661632 0.980343 -0.185876
vn -0.182076 0.955774 -0.230965
vn 0.0525239 0.99721 0.0530408
vn -0.000970649 0.997992 0.0633367
vn -0.000970649 0.997992 0.0633367
vn -0.0544623 0.995811 0.0734446
vn -0.243299 0.943761 -0.223876
vn -0.22534 0.946739 -0.230014
vn -0.22534 0.946739 -0.230014
vn -0.207298 0.949368 -0.236067
vn 0.223279 0.967114 -0.121807
vn 0.264364 0.958181 -0.109552
vn 0.264364 0.958181 -0.109552
vn 0.304942 0.947409 -0.0970874
vn -0.109483 0.989648 -0.0927957
vn 0.0767714 0.997034 -0.00537968
vn 0.0767714 0.997034 -0.00537968
vn 0.259772 0.96216 0.0822644
vn 0.199564 0.968152 0.151181
vn 0.155175 0.978959 0.132513
vn 0.155175 0.978959 0.132513
vn 0.110408 0.987382 0.113522
vn -0.0833161 0.961111 0.263295
vn -0.191432 0.946985 0.258018
vn -0.191432 0.946985 0.258018
vn -0.297267 0.921574 0.249667
vn -0.200726 0.925823 -0.320253
vn 0.0143013 0.961775 -0.273467
vn 0.0143013 0.961775 -0.273467
vn 0.228617 0.94991 -0.213085
vn -0.347511 0.925643 0.14974
vn -0.0795214 0.952079 0.295333
vn -0.0795214 0.952079 0.295333
vn 0.19592 0.889292 0.413249
vn -0.30797 0.925218 0.221644
vn -0.0117637 0.980213 0.197597
vn -0.0117637 0.980213 0.197597
vn 0.285517 0.945674 0.155501
vn 0.202772 0.978138 -0.0461399
vn 0.314802 0.947713 -0.0523334
vn 0.314802 0.947713 -0.0523334
vn 0.422578 0.90448 -0.0578195
vn -0.220659 0.959923 -0.172795
vn -0.0396931 0.984197 -0.172572
vn -0.0396931 0.984197 -0.172572
vn 0.142596 0.97566 -0.166595
vn -0.137309 0.973739 0.1816
vn -0.191016 0.968371 0.16053
vn -0.191016 0.968371 0.16053
vn -0.244081 0.959753 0.138922
vn -0.337992 0.926184 0.167167
vn 0.167201 0.982814 0.0782367
vn 0.167201 0.982814 0.0782367
vn 0.627862 0.777686 -0.0315308
vn 0.315897 0.928835 0.193582
vn 0.0297384 0.984377 0.173547
vn 0.0297384 0.984377 0.173547
vn -0.25896 0.955878 0.138695
vn -0.225198 0.973564 0.0381869
vn -0.199178 0.979774 0.0192707
vn -0.199178 0.979774 0.0192707
vn -0.172945 0.984931 0.000333798
vn 0.244759 0.960355 -0.133457
vn 0.0120511 0.999508 -0.0289613
vn 0.0120511 0.999508 -0.0289613
vn -0.221459 0.972088 0.0774635
vn -0.320211 0.874203 -0.365012
vn -0.210323 0.91079 -0.355283
vn -0.210323 0.91079 -0.355283
vn -0.0975929 0.935073 -0.340755
vn 0.118907 0.980116 0.158854
vn 0.0255406 0.989848 0.139814
vn 0.0255406 0.989848 0.139814
vn -0.0680602 0.9905 0.119491
vn -0.404486 0.914401 -0.0161537
vn -0.369374 0.929193 -0.0128014
vn -0.369374 0.929193 -0.0128014
vn -0.333721 0.942625 -0.00943038
vn 0.084604 0.944583 -0.317183
vn -0.0896547 0.962848 -0.254727
vn -0.0896547 0.962848 -0.254727
vn -0.260811 0.947798 -0.183457
vn -0.108834 0.94939 0.294641
vn -0.0951991 0.949574 0.298741
vn -0.0951991 0.949574 0.298741
vn -0.0815451 0.949565 0.302781
vn 0.285714 0.955824 -0.069052
vn 0.277503 0.958148 -0.0703136
vn 0.277503 0.958148 -0.0703136
vn 0.269272 0.960401 -0.0715701
vn 0.165417 0.930412 0.327063
vn 0.401211 0.852108 0.336067
vn 0.401211 0.852108 0.336067
vn 0.612205 0.721135 0.324298
vn -0.138916 0.990204 -0.0140982
vn 0.0859585 0.996298 0.00121092
vn 0.0859585 0.996298 0.00121092
vn 0.306463 0.95174 0.0164585
vn -0.194185 0.87094 -0.451393
vn -0.082707 0.901543 -0.424711
vn -0.082707 0.901543 -0.424711
vn 0.0299354 0.919456 -0.392051
vn -0.174919 0.984332 0.0222352
vn -0.124572 0.991567 0.0357204
vn -0.124572 0.991567 0.0357204
vn -0.0738809 0.996057 0.0491068
vn -0.0730189 0.950039 -0.303469
vn 0.177777 0.953679 -0.242678
vn 0.177777 0.953679 -0.242678
vn 0.416731 0.893796 -0.165722
vn -0.00927747 0.993005 0.117708
vn 0.0642373 0.991071 0.116842
vn 0.0642373 0.991071 0.116842
vn 0.137405 0.983776 0.115344
vn -0.0882301 0.985328 -0.146093
vn -0.174108 0.976501 -0.127014
vn -0.174108 0.976501 -0.127014
vn -0.258626 0.96004 -0.106943
vn 0.194822 0.93864 0.284603
vn 0.0654378 0.97142 0.228168
vn 0.0654378 0.97142 0.228168
vn -0.0653209 0.983801 0.166941
vn -0.22098 0.973279 -0.0624187
vn -0.111576 0.988537 -0.10171
vn -0.111576 0.988537 -0.10171
vn -0.000637773 0.990207 -0.139603
vn 0.495045 0.866006 0.0704596
vn 0.32695 0.944495 0.0321498
vn 0.32695 0.944495 0.0321498
vn 0.147124 0.989091 -0.0073137
vn -0.193084 0.977028 -0.0901991
vn -0.0871441 0.990516 -0.10623
vn -0.0871441 0.990516 -0.10623
vn 0.0198117 0.992452 -0.121022
vn 0.135045 0.988397 0.0695264
vn -0.0889135 0.995644 -0.0280489
vn -0.0889135 0.995644 -0.0280489
vn -0.307561 0.943421 -0.123949
vn 0.233601 0.946467 0.222778
vn 0.360331 0.904482 0.228195
vn 0.360331 0.904482 0.228195
vn 0.480628 0.84635 0.229538
vn -0.201062 0.907379 -0.369105
vn -0.0176953 0.931252 -0.363945
vn -0.0176953 0.931252 -0.363945
vn 0.166277 0.923258 -0.346332
vn 0.262468 0.959813 0.0993447
vn 0.0928446 0.992144 0.0838465
vn 0.0928446 0.992144 0.0838465
vn -0.0795689 0.994653 0.0658281
vn 0.486521 0.870619 0.0729368
vn 0.00712521 0.998014 -0.0625931
vn 0.00712521 0.998014 -0.0625931
vn -0.474154 0.861516 -0.181572
vn 0.350184 0.884988 0.306867
vn -0.00593636 0.968508 0.248913
vn -0.00593636 0.968508 0.248913
vn -0.361242 0.919191 0.156821
vn 0.347461 0.93453 0.0769723
vn 0.109751 0.99355 -0.0285321
vn 0.109751 0.99355 -0.0285321
vn -0.135765 0.981907 -0.132007
vn 0.0845099 0.993401 0.0775355
vn 0.00756539 0.998199 0.0595111
vn 0.00756539 0.998199 0.0595111
vn -0.0694265 0.99674 0.0411136
vn 0.0457587 0.99361 -0.103176
vn -0.0797976 0.993828 -0.0770591
vn -0.0797976 0.993828 -0.0770591
vn -0.204041 0.977701 -0.0496745
vn -0.078851 0.996539 0.0263019
vn -0.0415047 0.998673 0.0304914
vn -0.0415047 0.998673 0.0304914
vn -0.00409962 0.999391 0.0346378
vn 0.066219 0.938578 0.338653
vn -0.0859874 0.950877 0.297387
vn -0.0859874 0.950877 0.297387
vn -0.236042 0.939384 0.24868
vn -0.220054 0.972574 -0.0753356
vn 0.0978236 0.995094 -0.014762
vn 0.0978236 0.995094 -0.014762
vn 0.405408 0.912908 0.0473648
vn 0.342235 0.939601 0.00497461
vn 0.167803 0.985568 -0.0223132
vn 0.167803 0.985568 -0.0223132
vn -0.0122145 0.998731 -0.0488584
vn 0.188206 0.965339 -0.180828
vn 0.222723 0.958796 -0.176365
vn 0.222723 0.958796 -0.176365
vn 0.256961 0.95105 -0.171681
vn -0.0476557 0.996689 0.0658765
vn -0.107215 0.992479 0.059086
vn -0.107215 0.992479 0.059086
vn -0.166388 0.984684 0.052082
vn -0.0782061 0.983646 -0.162248
vn -0.0137516 0.988646 -0.149632
vn -0.0137516 0.988646 -0.149632
vn 0.0507626 0.989357 -0.136367
vn 0.0706572 0.995207 0.0676011
vn 0.0835855 0.994091 0.0692592
vn 0.0835855 0.994091 0.0692592
vn 0.0964996 0.992804 0.0709054
vn 0.294867 0.932789 0.207263
vn -0.0554209 0.996769 0.058131
vn -0.0554209 0.996769 0.058131
vn -0.397449 0.912196 -0.0996642
vn -0.0815985 0.983368 0.162262
vn 0.0531927 0.986236 0.156555
vn 0.0531927 0.986236 0.156555
vn 0.187015 0.971145 0.147998
vn 0.591471 0.801671 -0.0865259
vn 0.200036 0.97963 -0.017647
vn 0.200036 0.97963 -0.017647
vn -0.229333 0.971817 0.0545784
vn -0.249959 0.960908 -0.119066
vn -0.0653653 0.995053 -0.0748174
vn -0.0653653 0.995053 -0.0748174
vn 0.121659 0.992183 -0.0277854
vn 0.303456 0.924838 0.229323
vn 0.142779 0.973578 0.178213
vn 0.142779 0.973578 0.178213
vn -0.0222968 0.992327 0.121613
vn -0.302498 0.952906 0.0215511
vn 0.0319771 0.987372 0.155161
vn 0.0319771 0.987372 0.155161
vn 0.362266 0.892577 0.268458
vn -0.0857985 0.99222 -0.0902126
vn 0.0489859 0.989914 -0.132932
vn 0.0489859 0.989914 -0.132932
vn 0.182791 0.967812 -0.172993
vn -0.144658 0.988848 0.0354049
vn 0.17587 0.981798 -0.0717109
vn 0.17587 0.981798 -0.0717109
vn 0.476304 0.862565 -0.170633
vn -0.238471 0.944259 -0.22695
vn -0.102628 0.971087 -0.215539
vn -0.102628 0.971087 -0.215539
vn 0.0351953 0.97917 -0.199968
vn -0.676758 0.735456 -0.0332169
vn -0.200607 0.97967 -0.0020405
vn -0.200607 0.97967 -0.0020405
vn 0.333184 0.942393 0.0297222
vn 0.0290371 0.983806 -0.176869
vn 0.196324 0.952827 -0.23147
vn 0.196324 0.952827 -0.23147
vn 0.357344 0.891427 -0.278681
vn 0.31947 0.930401 -0.179704
vn 0.176287 0.966047 -0.188882
vn 0.176287 0.966047 -0.188882
vn 0.0292507 0.980579 -0.193932
vn 0.140561 0.978011 0.154069
vn 0.193125 0.972125 0.132948
vn 0.193125 0.972125 0.132948
vn 0.245063 0.963086 0.111396
vn 0.00419382 0.921258 -0.388929
vn 0.0864497 0.924321 -0.371695
vn 0.0864497 0.924321 -0.371695
vn 0.168094 0.920847 -0.351832
vn 0.498063 0.866881 -0.0212454
vn 0.170539 0.984169 0.0482565
vn 0.170539 0.984169 0.0482565
vn -0.17845 0.97759 0.111685
vn -0.0555725 0.997286 -0.048298
vn -0.0282139 0.998573 -0.0453533
vn -0.0282139 0.998573 -0.0453533
vn -0.000833766 0.999101 -0.0423742
vn -0.173629 0.976404 -0.128404
vn -0.0872269 0.987999 -0.127475
vn -0.0872269 0.987999 -0.127475
vn -0.000162369 0.992084 -0.125578
vn 0.00410839 0.988361 0.152071
vn 0.143001 0.973183 0.180182
vn 0.143001 0.973183 0.180182
vn 0.27899 0.938238 0.204633
vn -0.237978 0.953275 0.186102
vn 0.103912 0.991735 0.0752572
vn 0.103912 0.991735 0.0752572
vn 0.432225 0.900621 -0.0454204
vn 0.212765 0.955317 0.205186
vn 0.114901 0.97128 0.208356
vn 0.114901 0.97128 0.208356
vn 0.0159069 0.977684 0.209476
vn 0.670635 0.739545 0.0576333
vn 0.283115 0.958782 0.0241684
vn 0.283115 0.958782 0.0241684
vn -0.160847 0.986878 -0.0141146
vn -0.197509 0.953758 0.226573
vn 0.0251479 0.969437 0.244049
vn 0.0251479 0.969437 0.244049
vn 0.246544 0.93652 0.249291
vn -0.091823 0.980383 -0.174407
vn -0.0165411 0.984114 -0.176765
vn -0.0165411 0.984114 -0.176765
vn 0.0588349 0.982249 -0.178118
vn 0.195893 0.978801 -0.0597856
vn 0.0148544 0.997031 -0.0755557
vn 0.0148544 0.997031 -0.0755557
vn -0.16668 0.982004 -0.0888054
vn 0.170084 0.95723 0.234055
vn 0.158192 0.959764 0.23201
vn 0.158192 0.959764 0.23201
vn 0.146277 0.962151 0.22993
vn -0.394646 0.909471 -0.130833
vn -0.0590653 0.99367 -0.0955567
vn -0.0590653 0.99367 -0.0955567
vn 0.283659 0.957687 -0.0487232
vn 0.0634316 0.997912 0.0121684
vn -0.108176 0.993687 -0.0297474
vn -0.108176 0.993687 -0.0297474
vn -0.276406 0.958434 -0.0707343
vn 0.111258 0.990554 -0.0801583
vn 0.17792 0.979446 -0.0950294
vn 0.17792 0.979446 -0.0950294
vn 0.243731 0.963648 -0.109445
vn -0.0590406 0.940313 0.335149
vn -0.0107697 0.940818 0.338741
vn -0.0107697 0.940818 0.338741
vn 0.0375265 0.939118 0.341538
vn -0.205329 0.970821 -0.123883
vn -0.414448 0.90712 -0.0732589
vn -0.414448 0.90712 -0.0732589
vn -0.602699 0.797744 -0.0189456
vn 0.155477 0.980125 -0.123215
vn 0.0868349 0.98315 -0.160861
vn 0.0868349 0.98315 -0.160861
vn 0.0176598 0.98014 -0.197519
vn -0.287973 0.957394 -0.0216471
vn 0.0987624 0.994958 0.0174648
vn 0.0987624 0.994958 0.0174648
vn 0.470436 0.880786 0.0539131
vn -0.0480267 0.997262 0.0562265
vn 0.145473 0.988955 0.0283863
vn 0.145473 0.988955 0.0283863
vn 0.333404 0.942784 -0.000540712
vn 0.287696 0.950304 0.118966
vn 0.0339486 0.980652 0.192791
vn 0.0339486 0.980652 0.192791
vn -0.222201 0.941611 0.252974
vn 0.074983 0.991495 0.10637
vn 0.0782187 0.991301 0.105854
vn 0.0782187 0.991301 0.105854
vn 0.0814537 0.991095 0.105338
vn 0.171774 0.938392 0.299858
vn 0.295816 0.904891 0.306047
vn 0.295816 0.904891 0.306047
vn 0.414964 0.856417 0.307172
vn 0.318915 0.938401 0.13303
vn 0.124082 0.987803 0.0940672
vn 0.124082 0.987803 0.0940672
vn -0.0759519 0.995798 0.0511608
vn -0.106307 0.992747 -0.0561491
vn -0.0871237 0.99436 -0.0604851
vn -0.0871237 0.99436 -0.0604851
vn -0.0679064 0.995585 -0.0647976
vn 0.2506 0.918355 -0.306307
vn 0.19072 0.928505 -0.318599
vn 0.19072 0.928505 -0.318599
vn 0.130108 0.935089 -0.329667
vn -0.338747 0.940865 0.0048609
vn -0.398684 0.917081 0.00371161
vn -0.398684 0.917081 0.00371161
vn -0.456964 0.889482 0.00254688
vn 0.0431214 0.989374 0.138854
vn 0.10228 0.985509 0.135316
vn 0.10228 0.985509 0.135316
vn 0.161077 0.978169 0.131301
vn -0.435684 0.885262 0.162759
vn -0.207816 0.969869 0.127147
vn -0.207816 0.969869 0.127147
vn 0.0325932 0.995944 0.0838617
vn 0.228395 0.969393 -0.0900677
vn 0.16467 0.983964 -0.0685511
vn 0.16467 0.983964 -0.0685511
vn 0.100166 0.993874 -0.0467097
vn -0.233338 0.968961 0.081661
vn -0.2078 0.974961 0.0791905
vn -0.2078 0.974961 0.0791905
vn -0.182118 0.980283 0.0766651
vn 0.205263 0.976119 -0.0711213
vn 0.255338 0.964077 -0.073197
vn 0.255338 0.964077 -0.073197
vn 0.304734 0.949474 -0.0750783
vn -0.316837 0.922552 -0.220254
vn -0.257044 0.940763 -0.221118
vn -0.257044 0.940763 -0.221118
vn -0.196248 0.955298 -0.221118
vn 0.301895 0.952895 -0.0291456
vn 0.110099 0.991074 -0.0751734
vn 0.110099 0.991074 -0.0751734
vn -0.0861417 0.98925 -0.118167
vn -0.192736 0.981226 -0.00700647
vn -0.150959 0.988486 0.0103602
vn -0.150959 0.988486 0.0103602
vn -0.108865 0.99367 0.0277052
vn 0.313522 0.947298 -0.0658053
vn -0.00616535 0.999703 -0.0235926
vn -0.00616535 0.999703 -0.0235926
vn -0.325195 0.945411 0.0211381
vn 0.496943 0.867768 0.00517468
vn 0.0628757 0.99555 0.0701868
vn 0.0628757 0.99555 0.0701868
vn -0.384331 0.915293 0.120532
vn 0.289849 0.940731 -0.176105
vn 0.210493 0.961852 -0.174738
vn 0.210493 0.961852 -0.174738
vn 0.129718 0.976485 -0.172193
vn 0.189861 0.981486 0.0252431
vn 0.103243 0.993627 0.0452392
vn 0.103243 0.993627 0.0452392
vn 0.0157939 0.997769 0.0648712
vn -0.328052 0.936343 -0.125075
vn -0.343487 0.930952 -0.123874
vn -0.343487 0.930952 -0.123874
vn -0.35883 0.925311 -0.12264
vn -0.374163 0.915367 0.148678
vn -0.0124781 0.997905 0.0634837
vn -0.0124781 0.997905 0.0634837
vn 0.351014 0.93586 -0.0309083
vn -0.186532 0.981351 0.0464299
vn -0.191469 0.980401 0.0464006
vn -0.191469 0.980401 0.0464006
vn -0.196401 0.979427 0.0463701
vn -0.291698 0.937419 -0.190155
vn -0.151461 0.97041 -0.188056
vn -0.151461 0.97041 -0.188056
vn -0.00807932 0.983256 -0.182052
vn -0.258117 0.96293 -0.0783647
vn 0.0236492 0.999219 -0.0316675
vn 0.0236492 0.999219 -0.0316675
vn 0.303455 0.952682 0.0176545
vn 0.0104903 0.999921 -0.00698427
vn -0.242986 0.964851 0.100106
vn -0.242986 0.964851 0.100106
vn -0.477765 0.855537 0.199493
vn 0.309402 0.904427 -0.293739
vn 0.111026 0.962245 -0.24851
vn 0.111026 0.962245 -0.24851
vn -0.0923177 0.977011 -0.192162
vn 0.242622 0.933903 -0.262601
vn -0.0188585 0.972553 -0.231917
vn -0.0188585 0.972553 -0.231917
vn -0.279004 0.942339 -0.18481
vn -0.187703 0.981812 0.0285131
vn 0.0791134 0.993644 0.0800841
vn 0.0791134 0.993644 0.0800841
vn 0.340076 0.931955 0.12573
vn -0.168772 0.985201 0.0299239
vn -0.17468 0.984145 0.0307528
vn -0.17468 0.984145 0.0307528
vn -0.180582 0.983053 0.0315806
vn 0.440757 0.896208 -0.0504492
vn 0.315038 0.948728 -0.0258288
vn 0.315038 0.948728 -0.0258288
vn 0.18328 0.98306 -0.000713219
vn 0.312732 0.949724 0.0149409
vn 0.0280674 0.996709 -0.07605
vn 0.0280674 0.996709 -0.07605
vn -0.259166 0.952474 -0.160081
vn -0.022462 0.962272 -0.271161
vn -0.179694 0.959657 -0.21626
vn -0.179694 0.959657 -0.21626
vn -0.33194 0.930419 -0.15536
vn -0.108295 0.992678 -0.0535092
vn 0.203458 0.978744 -0.0257766
vn 0.203458 0.978744 -0.0257766
vn 0.495241 0.868744 0.00448613
vn 0.0726273 0.996624 -0.0382836
vn 0.33415 0.942416 0.0139844
vn 0.33415 0.942416 0.0139844
vn 0.570923 0.818409 0.0652166
vn 0.369468 0.909493 0.190569
vn 0.0297176 0.987903 0.152196
vn 0.0297176 0.987903 0.152196
vn -0.31369 0.944752 0.0950957
vn 0.441613 0.896513 -0.0352546
vn 0.183686 0.979683 -0.0805073
vn 0.183686 0.979683 -0.0805073
vn -0.0881085 0.988895 -0.119682
vn 0.191163 0.974945 -0.113748
vn 0.0323631 0.993522 -0.108936
vn 0.0323631 0.993522 -0.108936
vn -0.127265 0.986679 -0.101336
vn 0.171411 0.967001 0.188487
vn 0.11853 0.973006 0.198015
vn 0.11853 0.973006 0.198015
vn 0.0653021 0.976167 0.206964
vn -0.261783 0.965118 -0.00407276
vn 0.0389782 0.997865 0.0523992
vn 0.0389782 0.997865 0.0523992
vn 0.336047 0.936096 0.103908
vn 0.374227 0.864355 0.335924
vn 0.25399 0.902214 0.348568
vn 0.25399 0.902214 0.348568
vn 0.129676 0.925592 0.355618
vn 0.451446 0.874092 -0.179333
vn 0.0817884 0.996528 0.0155795
vn 0.0817884 0.996528 0.0155795
vn -0.303379 0.929994 0.207538
vn 0.0619171 0.983071 0.172444
vn 0.229999 0.958142 0.170485
vn 0.229999 0.958142 0.170485
vn 0.391439 0.905544 0.163603
vn -0.252377 0.928597 -0.272055
vn -0.14082 0.959949 -0.242213
vn -0.14082 0.959949 -0.242213
vn -0.0272462 0.977557 -0.208903
vn 0.0806944 0.974149 0.211004
vn 0.161454 0.963578 0.21319
vn 0.161454 0.963578 0.21319
vn 0.241142 0.94661 0.213961
vn -0.284108 0.951844 0.115217
vn -0.336742 0.936736 0.0955562
vn -0.336742 0.936736 0.0955562
vn -0.388236 0.918456 0.0755723
vn 0.00294166 0.998859 -0.0476606
vn -0.0544803 0.996359 -0.065583
vn -0.0544803 0.996359 -0.065583
vn -0.111705 0.990247 -0.0832676
vn -0.192223 0.978721 0.0718071
vn 0.0125213 0.989147 0.146396
vn 0.0125213 0.989147 0.146396
vn 0.21667 0.952497 0.214017
vn 0.0255667 0.982792 0.182938
vn 0.036788 0.983314 0.178159
vn 0.036788 0.983314 0.178159
vn 0.0480037 0.983689 0.173353
vn -0.0454933 0.998209 -0.0388588
vn -0.303395 0.952379 -0.0304373
vn -0.303395 0.952379 -0.0304373
vn -0.540458 0.841135 -0.0199253
vn -0.240139 0.969074 -0.0568145
vn -0.207936 0.976181 -0.06192
vn -0.207936 0.976181 -0.06192
vn -0.175501 0.9822 -0.0669565
vn 0.0664224 0.967051 -0.245765
vn -0.165997 0.950011 -0.264432
vn -0.165997 0.950011 -0.264432
vn -0.389344 0.881045 -0.268646
vn -0.250368 0.961942 -0.10947
vn -0.252966 0.961252 -0.109553
vn -0.252966 0.961252 -0.109553
vn -0.255563 0.960556 -0.109635
vn -0.0722669 0.99733 0.0105302
vn -0.0172717 0.999749 0.0142969
vn -0.0172717 0.999749 0.0142969
vn 0.0377762 0.999124 0.01802
vn -0.0651338 0.968749 0.239337
vn 0.0802702 0.959449 0.27021
vn 0.0802702 0.959449 0.27021
vn 0.223894 0.928867 0.295089
vn 0.176248 0.969979 -0.16756
vn 0.211046 0.962162 -0.17235
vn 0.211046 0.962162 -0.17235
vn 0.24557 0.953098 -0.176916
vn 0.00886459 0.968208 -0.24999
vn 0.0644222 0.966729 -0.247559
vn 0.0644222 0.966729 -0.247559
vn 0.11978 0.962258 -0.244361
vn 0.343672 0.932346 0.112342
vn 0.133521 0.989901 0.0476248
vn 0.133521 0.989901 0.0476248
vn -0.0835281 0.996314 -0.0195527
vn 0.207542 0.966691 0.14978
vn 0.0803859 0.986073 0.145594
vn 0.0803859 0.986073 0.145594
vn -0.0481011 0.989124 0.138997
vn 0.277428 0.939963 -0.198756
vn 0.113189 0.973101 -0.200658
vn 0.113189 0.973101 -0.200658
vn -0.0542275 0.978918 -0.196925
vn -0.0849387 0.985676 -0.145698
vn -0.0785221 0.986366 -0.144627
vn -0.0785221 0.986366 -0.144627
vn -0.0721022 0.987013 -0.143549
vn 0.0690956 0.991676 -0.108649
vn -0.00916507 0.994934 -0.100116
vn -0.00916507 0.994934 -0.100116
vn -0.0873688 0.992015 -0.0909609
vn 0.377459 0.917402 0.126091
vn 0.241622 0.959788 0.142915
vn 0.241622 0.959788 0.142915
vn 0.100825 0.98247 0.156805
vn 0.313122 0.929406 -0.195346
vn 0.0586993 0.985646 -0.158294
vn 0.0586993 0.985646 -0.158294
vn -0.199789 0.973613 -0.110278
vn 0.086015 0.99628 -0.00522272
vn 0.370486 0.9279 -0.0417212
vn 0.370486 0.9279 -0.0417212
vn 0.622751 0.778856 -0.0745929
vn 0.175375 0.984211 -0.0239415
vn -0.00286714 0.998098 -0.0615813
vn -0.00286714 0.998098 -0.0615813
vn -0.181014 0.978669 -0.0971654
vn 0.00307126 0.969672 -0.244392
vn 0.105843 0.96345 -0.246093
vn 0.105843 0.96345 -0.246093
vn 0.207492 0.947012 -0.245185
vn -0.344351 0.932578 0.10826
vn 0.0846206 0.995432 0.0442162
vn 0.0846206 0.995432 0.0442162
vn 0.497339 0.867094 -0.0283203
vn -0.058377 0.99828 -0.00539315
vn 0.00737725 0.999924 -0.00986155
vn 0.00737725 0.999924 -0.00986155
vn 0.0730994 0.997222 -0.0142871
vn -0.133629 0.99102 0.00482246
vn -0.147077 0.989097 0.00745266
vn -0.147077 0.989097 0.00745266
vn -0.160497 0.986985 0.0100814
vn -0.0143693 0.988859 -0.148159
vn -0.0442166 0.987996 -0.148019
vn -0.0442166 0.987996 -0.148019
vn -0.0740245 0.986251 -0.147747
vn -0.250521 0.95813 0.138659
vn 0.0440846 0.987213 0.153187
vn 0.0440846 0.987213 0.153187
vn 0.334817 0.929571 0.154258
vn -0.217122 0.972664 -0.082354
vn -0.283805 0.954245 -0.0941911
vn -0.283805 0.954245 -0.0941911
vn -0.349089 0.931125 -0.105564
vn -0.235382 0.959802 -0.152888
vn -0.140213 0.97064 -0.195444
vn -0.140213 0.97064 -0.195444
vn -0.0435038 0.970815 -0.235852
vn 0.0536148 0.998515 -0.0096874
vn 0.143077 0.988788 -0.0427428
vn 0.143077 0.988788 -0.0427428
vn 0.231224 0.969974 -0.0754054
vn -0.25513 0.966863 0.00920887
vn -0.359458 0.931169 0.0609452
vn -0.359458 0.931169 0.0609452
vn -0.458454 0.881661 0.111777
vn 0.0548994 0.997911 -0.034054
vn -0.14505 0.988445 -0.0440186
vn -0.14505 0.988445 -0.0440186
vn -0.339173 0.939274 -0.052215
vn 0.362976 0.910618 0.197543
vn 0.258699 0.943898 0.205259
vn 0.258699 0.943898 0.205259
vn 0.151307 0.965813 0.210503
vn 0.241252 0.928877 -0.281041
vn 0.0207591 0.932305 -0.361076
vn 0.0207591 0.932305 -0.361076
vn -0.200877 0.884424 -0.421239
vn 0.169871 0.984724 -0.0382546
vn -0.0404802 0.986945 -0.15589
vn -0.0404802 0.986945 -0.15589
vn -0.24848 0.931834 -0.264469
vn 0.00692104 0.969056 -0.246746
vn -0.139696 0.972391 -0.186926
vn -0.139696 0.972391 -0.186926
vn -0.282808 0.951333 -0.122418
vn 0.236976 0.970362 -0.0473222
vn 0.121711 0.990722 -0.0604707
vn 0.121711 0.990722 -0.0604707
vn 0.00475709 0.997337 -0.0727803
vn 0.0147503 0.980486 -0.196033
vn -0.060741 0.980852 -0.185038
vn -0.060741 0.980852 -0.185038
vn -0.135879 0.97551 -0.172966
vn -0.439052 0.898418 -0.00885577
vn -0.10751 0.986042 -0.127134
vn -0.10751 0.986042 -0.127134
vn 0.238179 0.943915 -0.228683
vn -0.180721 0.959946 -0.214109
vn -0.164524 0.962 -0.217915
vn -0.164524 0.962 -0.217915
vn -0.14828 0.963784 -0.22166
vn -0.180172 0.971525 0.153871
vn -0.0435094 0.985006 0.166946
vn -0.0435094 0.985006 0.166946
vn 0.0939808 0.979742 0.176844
vn -0.554359 0.822903 -0.124565
vn -0.271037 0.927309 -0.258141
vn -0.271037 0.927309 -0.258141
vn 0.0418335 0.930625 -0.363576
vn -0.00542746 0.999243 0.0385146
vn 0.0236606 0.999059 0.0363465
vn 0.0236606 0.999059 0.0363465
vn 0.0527286 0.998025 0.0341475
vn -0.138528 0.984278 -0.109579
vn -0.0976409 0.989414 -0.107356
vn -0.0976409 0.989414 -0.107356
vn -0.0565875 0.992866 -0.104951
vn -0.186753 0.977649 -0.0965684
vn -0.123088 0.988259 -0.090515
vn -0.123088 0.988259 -0.090515
vn -0.0589065 0.994716 -0.0840812
vn -0.123532 0.991603 0.0382616
vn 0.151635 0.98703 -0.0527145
vn 0.151635 0.98703 -0.0527145
vn 0.414063 0.899532 -0.139262
vn -0.11408 0.931096 -0.346475
vn -0.107386 0.931456 -0.347645
vn -0.107386 0.931456 -0.347645
vn -0.100688 0.931773 -0.348799
vn -0.0453566 0.984365 -0.1702
vn 0.0364024 0.986406 -0.160241
vn 0.0364024 0.986406 -0.160241
vn 0.117914 0.981752 -0.149195
vn -0.157833 0.985066 0.0687963
vn 0.00864322 0.998236 0.0587306
vn 0.00864322 0.998236 0.0587306
vn 0.174878 0.983467 0.047021
vn -0.0688307 0.961924 0.264509
vn -0.166272 0.948827 0.268481
vn -0.166272 0.948827 0.268481
vn -0.262104 0.926543 0.269852
vn 0.122731 0.965027 0.231646
vn 0.120465 0.965459 0.231034
vn 0.120465 0.965459 0.231034
vn 0.118197 0.965886 0.230421
vn 0.264531 0.902782 0.339128
vn 0.0967837 0.950926 0.293893
vn 0.0967837 0.950926 0.293893
vn -0.0741091 0.968161 0.239107
vn -0.412538 0.908904 -0.0608715
vn -0.302384 0.948504 -0.0943627
vn -0.302384 0.948504 -0.0943627
vn -0.187748 0.974043 -0.126455
vn 0.455482 0.890175 -0.0111858
vn 0.341607 0.939802 0.00879764
vn 0.341607 0.939802 0.00879764
vn 0.222325 0.974552 0.0286418
vn -0.369817 0.92383 -0.0988627
vn 0.0465131 0.998836 0.0127764
vn 0.0465131 0.998836 0.0127764
vn 0.453939 0.882645 0.12197
vn 0.279744 0.959742 0.0252891
vn 0.150446 0.987567 0.0455765
vn 0.150446 0.987567 0.0455765
vn 0.0184543 0.997711 0.0650479
vn 0.0341594 0.991218 -0.127751
vn -0.0519265 0.995539 -0.0787719
vn -0.0519265 0.995539 -0.0787719
vn -0.137502 0.990076 -0.0290185
vn 0.0754055 0.997145 -0.00388601
vn -0.0500597 0.998745 0.0015801
vn -0.0500597 0.998745 0.0015801
vn -0.174735 0.98459 0.00702127
vn -0.0958263 0.988092 0.120384
vn 0.111122 0.988911 0.0985239
vn 0.111122 0.988911 0.0985239
vn 0.313258 0.946904 0.0723968
vn -0.102483 0.986399 0.12851
vn 0.2562 0.966569 0.0102752
vn 0.2562 0.966569 0.0102752
vn 0.578239 0.808496 -0.109429
vn 0.317464 0.947567 -0.0365282
vn 0.262788 0.964827 -0.00711547
vn 0.262788 0.964827 -0.00711547
vn 0.20702 0.978082 0.0223268
vn -0.264367 0.963898 0.0317861
vn -0.0508712 0.997252 0.0538665
vn -0.0508712 0.997252 0.0538665
vn 0.165025 0.983554 0.0734055
vn -0.235337 0.97191 0.00270191
vn -0.0341934 0.999413 0.00200231
vn -0.0341934 0.999413 0.00200231
vn 0.168359 0.985725 0.00122017
vn 0.247209 0.939295 0.237935
vn 0.240883 0.941662 0.235049
vn 0.240883 0.941662 0.235049
vn 0.234544 0.943978 0.232151
vn 0.269072 0.954657 -0.127396
vn 0.219187 0.963766 -0.152024
vn 0.219187 0.963766 -0.152024
vn 0.168606 0.969812 -0.17617
vn -0.497715 0.851509 -0.16496
vn -0.188084 0.966133 -0.176665
vn -0.188084 0.966133 -0.176665
vn 0.142075 0.975307 -0.169087
vn -0.154854 0.978154 -0.138692
vn 0.0552675 0.992287 -0.110957
vn 0.0552675 0.992287 -0.110957
vn 0.262895 0.961649 -0.0782166
vn -0.302165 0.953023 -0.0210756
vn -0.0828065 0.99645 0.0151597
vn -0.0828065 0.99645 0.0151597
vn 0.140802 0.988743 0.0506171
vn 0.0278326 0.997281 -0.0682284
vn 0.025589 0.997342 -0.0682186
vn 0.025589 0.997342 -0.0682186
vn 0.0233452 0.997398 -0.0682084
vn 0.371604 0.903358 0.214139
vn 0.221705 0.950805 0.216373
vn 0.221705 0.950805 0.216373
vn 0.066324 0.974743 0.213256
vn 0.0939841 0.964354 0.247362
vn -0.0397721 0.977769 0.205879
vn -0.0397721 0.977769 0.205879
vn -0.172741 0.971832 0.16032
vn 0.14584 0.970122 0.19389
vn 0.233858 0.954897 0.182979
vn 0.233858 0.954897 0.182979
vn 0.319982 0.93194 0.170586
vn 0.0469231 0.997991 0.0425803
vn -0.105839 0.993308 0.0462353
vn -0.105839 0.993308 0.0462353
vn -0.256127 0.96541 0.0488098
vn 0.34273 0.924198 0.168503
vn -0.0717703 0.994293 0.0789297
vn -0.0717703 0.994293 0.0789297
vn -0.473012 0.880695 -0.0252254
vn 0.556295 0.824435 0.104131
vn 0.406632 0.904575 0.128037
vn 0.406632 0.904575 0.128037
vn 0.245018 0.958128 0.148178
vn 0.11702 0.978732 0.168495
vn 0.0871834 0.980458 0.176357
vn 0.0871834 0.980458 0.176357
vn 0.0572632 0.981247 0.184051
vn -0.193019 0.981169 -0.00720905
vn -0.0475003 0.998368 -0.0317118
vn -0.0475003 0.998368 -0.0317118
vn 0.0990669 0.993531 -0.0555146
vn 0.0876815 0.995656 0.0313249
vn 0.0197511 0.999744 0.0110288
vn 0.0197511 0.999744 0.0110288
vn -0.048279 0.99879 -0.00932289
vn 0.103613 0.966786 -0.233645
vn -0.0406476 0.952843 -0.300728
vn -0.0406476 0.952843 -0.300728
vn -0.183871 0.914598 -0.360142
vn 0.217288 0.946318 0.239307
vn -0.0830873 0.980446 0.178388
vn -0.0830873 0.980446 0.178388
vn -0.375561 0.921332 0.100504
vn -0.192705 0.965454 -0.175392
vn -0.114275 0.976781 -0.181218
vn -0.114275 0.976781 -0.181218
vn -0.0351242 0.981941 -0.1859
vn -0.331201 0.918717 0.215095
vn 0.0760319 0.983412 0.164682
vn 0.0760319 0.983412 0.164682
vn 0.470144 0.878405 0.0858497
vn -0.298978 0.951911 -0.0669217
vn -0.122015 0.988526 -0.08904
vn -0.122015 0.988526 -0.08904
vn 0.0589913 0.992377 -0.108207
vn 0.220946 0.969267 0.108188
vn 0.18926 0.975297 0.113911
vn 0.18926 0.975297 0.113911
vn 0.15737 0.980281 0.119512
vn -0.249859 0.931018 0.266037
vn -0.176851 0.939144 0.294504
vn -0.176851 0.939144 0.294504
vn -0.102745 0.941441 0.321143
vn -0.346149 0.933881 -0.0897027
vn 0.0355499 0.998934 -0.0294587
vn 0.0355499 0.998934 -0.0294587
vn 0.41179 0.910595 0.0353089
vn -0.0337359 0.997347 -0.0645028
vn -0.0343924 0.997319 -0.0645865
vn -0.0343924 0.997319 -0.0645865
vn -0.0350489 0.997291 -0.0646702
vn 0.261256 0.958715 0.112295
vn 0.184107 0.976465 0.112343
vn 0.184107 0.976465 0.112343
vn 0.105803 0.988095 0.111687
vn -0.0895599 0.995391 -0.034279
vn 0.000197017 0.999959 -0.00905952
vn 0.000197017 0.999959 -0.00905952
vn 0.0899522 0.995814 0.0162389
vn 0.293758 0.921865 0.252728
vn 0.165163 0.950878 0.261825
vn 0.165163 0.950878 0.261825
vn 0.0336846 0.963288 0.266349
vn -0.0375712 0.999112 -0.0190786
vn 0.0677089 0.997613 -0.0135819
vn 0.0677089 0.997613 -0.0135819
vn 0.172236 0.985024 -0.00793413
vn -0.548428 0.831419 0.0892743
vn -0.134406 0.990097 0.0405399
vn -0.134406 0.990097 0.0405399
vn 0.306358 0.951777 -0.0162607
vn -0.239639 0.970702 0.0176625
vn 0.0212387 0.997887 0.0614038
vn 0.0212387 0.997887 0.0614038
vn 0.280614 0.954513 0.100803
vn 0.0498675 0.997403 0.0519739
vn 0.0838287 0.9949 0.0560973
vn 0.0838287 0.9949 0.0560973
vn 0.117691 0.991227 0.0601546
vn 0.11484 0.979103 -0.167837
vn 0.215077 0.955722 -0.200843
vn 0.215077 0.955722 -0.200843
vn 0.312801 0.921174 -0.231502
vn 0.363529 0.894738 -0.259403
vn -0.092968 0.994034 -0.0570385
vn -0.092968 0.994034 -0.0570385
vn -0.525368 0.835675 0.160111
vn -0.0451562 0.989484 0.137409
vn -0.208094 0.962679 0.173047
vn -0.208094 0.962679 0.173047
vn -0.365093 0.908402 0.203746
vn 0.190958 0.963955 0.185272
vn 0.207546 0.960474 0.185512
vn 0.207546 0.960474 0.185512
vn 0.224073 0.956717 0.185698
vn -0.137315 0.970012 0.200554
vn 0.0233102 0.98461 0.173206
vn 0.0233102 0.98461 0.173206
vn 0.183312 0.972858 0.141222
vn -0.178681 0.964386 -0.195018
vn -0.106229 0.973949 -0.200345
vn -0.106229 0.973949 -0.200345
vn -0.0332065 0.978283 -0.204596
vn -0.223541 0.945359 -0.237329
vn -0.167957 0.962465 -0.213192
vn -0.167957 0.962465 -0.213192
vn -0.111708 0.975755 -0.188209
vn -0.183776 0.974389 -0.129582
vn 0.020162 0.991732 -0.126731
vn 0.020162 0.991732 -0.126731
vn 0.223255 0.967522 -0.118571
vn -0.49121 0.870661 -0.0257348
vn -0.439621 0.898183 -0.000780884
vn -0.439621 0.898183 -0.000780884
vn -0.386255 0.922075 0.0241762
vn -0.373456 0.920677 0.11351
vn -0.134371 0.990906 0.00711521
vn -0.134371 0.990906 0.00711521
vn 0.11458 0.988388 -0.0998022
vn -0.190882 0.980337 0.0500266
vn -0.24564 0.967799 0.0550086
vn -0.24564 0.967799 0.0550086
vn -0.299616 0.952183 0.0598157
vn -0.363358 0.925564 0.106316
vn 0.0298617 0.998928 0.0353755
vn 0.0298617 0.998928 0.0353755
vn 0.418153 0.907433 -0.041403
vn -0.226781 0.963389 0.143008
vn 0.000966345 0.966344 0.25725
vn 0.000966345 0.966344 0.25725
vn 0.228651 0.906555 0.35479
vn -0.288206 0.956299 0.0492797
vn -0.0696911 0.996188 0.0524681
vn -0.0696911 0.996188 0.0524681
vn 0.152263 0.986914 0.0530673
vn -0.0301547 0.993636 0.108527
vn 0.113919 0.987036 0.113057
vn 0.113919 0.987036 0.113057
vn 0.255621 0.959885 0.115233
vn -0.0547626 0.971659 0.229958
vn 0.0890803 0.96097 0.261918
vn 0.0890803 0.96097 0.261918
vn 0.230979 0.929307 0.288162
vn 0.0550593 0.998176 -0.0247701
vn -0.0510321 0.998525 -0.0185552
vn -0.0510321 0.998525 -0.0185552
vn -0.156547 0.987596 -0.0121307
vn 0.088098 0.995823 0.0239746
vn -0.138996 0.990226 -0.0114733
vn -0.138996 0.990226 -0.0114733
vn -0.358743 0.932287 -0.0463147
vn -0.15773 0.984122 0.0813972
vn -0.000569302 0.987024 0.160573
vn -0.000569302 0.987024 0.160573
vn 0.156609 0.959351 0.234774
vn 0.0903007 0.954033 -0.285775
vn 0.152663 0.955342 -0.253012
vn 0.152663 0.955342 -0.253012
vn 0.214267 0.951909 -0.218994
vn -0.228012 0.970252 0.0813779
vn 0.0908042 0.995826 -0.0091842
vn 0.0908042 0.995826 -0.0091842
vn 0.399586 0.911363 -0.0987315
vn 0.175308 0.98313 -0.0521677
vn 0.222426 0.972511 -0.0689143
vn 0.222426 0.972511 -0.0689143
vn 0.268962 0.95935 -0.0854809
vn 0.259657 0.958846 -0.114857
vn -0.039069 0.990492 -0.131903
vn -0.039069 0.990492 -0.131903
vn -0.334258 0.93247 -0.137008
vn -0.349276 0.929523 0.118297
vn -0.159808 0.980419 0.115061
vn -0.159808 0.980419 0.115061
vn 0.0358125 0.993571 0.107396
vn -0.270084 0.955222 -0.12085
vn -0.0552787 0.997561 -0.0426272
vn -0.0552787 0.997561 -0.0426272
vn 0.162515 0.985978 0.0378998
vn -0.297567 0.952838 -0.0596146
vn 0.00391636 0.999681 -0.0249578
vn 0.00391636 0.999681 -0.0249578
vn 0.30503 0.952266 0.0120522
vn 0.0716089 0.994121 -0.0812156
vn 0.190822 0.97959 -0.0631677
vn 0.190822 0.97959 -0.0631677
vn 0.307221 0.950612 -0.0441882
vn 0.127505 0.968693 -0.213016
vn -0.223992 0.95184 -0.209354
vn -0.223992 0.95184 -0.209354
vn -0.547748 0.817103 -0.179764
vn -0.22844 0.972817 0.0379799
vn -0.264729 0.963809 0.0314837
vn -0.264729 0.963809 0.0314837
vn -0.300637 0.953412 0.024942
vn 0.215969 0.95853 0.185948
vn 0.0384439 0.980642 0.191996
vn 0.0384439 0.980642 0.191996
vn -0.140313 0.971334 0.191891
vn 0.23849 0.874988 0.421329
vn 0.299972 0.860156 0.412489
vn 0.299972 0.860156 0.412489
vn 0.360231 0.841817 0.401968
vn 0.210283 0.972704 0.0981213
vn 0.00871212 0.979486 0.201323
vn 0.00871212 0.979486 0.201323
vn -0.193306 0.935994 0.294191
vn 0.431077 0.900918 0.0501939
vn 0.327734 0.941835 0.0744088
vn 0.327734 0.941835 0.0744088
vn 0.22015 0.970565 0.0976608
vn -0.0922931 0.995085 0.0358963
vn 0.0717537 0.993173 0.0919727
vn 0.0717537 0.993173 0.0919727
vn 0.233644 0.961407 0.145284
vn -0.484445 0.853452 -0.192179
vn -0.312666 0.929232 -0.196894
vn -0.312666 0.929232 -0.196894
vn -0.129859 0.972236 -0.194665
vn -0.239493 0.969538 -0.0513706
vn 0.120019 0.992715 0.0105698
vn 0.120019 0.992715 0.0105698
vn 0.463493 0.883244 0.0710978
vn 0.384272 0.894324 -0.22917
vn 0.0211692 0.986087 -0.164879
vn 0.0211692 0.986087 -0.164879
vn -0.34499 0.935461 -0.0767794
vn -0.291041 0.954826 -0.0600176
vn -0.103681 0.991055 -0.084021
vn -0.103681 0.991055 -0.084021
vn 0.087514 0.990623 -0.104916
vn -0.115867 0.993019 -0.0220984
vn 0.000379651 0.999221 -0.0394693
vn 0.000379651 0.999221 -0.0394693
vn 0.116622 0.99158 -0.0562933
vn 0.0755851 0.991053 -0.110008
vn -0.146414 0.973116 -0.177785
vn -0.146414 0.973116 -0.177785
vn -0.360478 0.902438 -0.235927
vn -0.0140059 0.901306 0.432956
vn 0.087089 0.902945 0.420839
vn 0.087089 0.902945 0.420839
vn 0.187281 0.895221 0.404358
vn 0.175396 0.947421 -0.267636
vn 0.0472918 0.952989 -0.299292
vn 0.0472918 0.952989 -0.299292
vn -0.0816371 0.941933 -0.325727
vn -0.290067 0.936286 -0.198066
vn -0.300508 0.933693 -0.194708
vn -0.300508 0.933693 -0.194708
vn -0.310911 0.930983 -0.191326
vn 0.353168 0.914796 -0.196012
vn 0.121898 0.977576 -0.171715
vn 0.121898 0.977576 -0.171715
vn -0.116444 0.98364 -0.137455
vn 0.28383 0.944582 0.16494
vn 0.288671 0.943055 0.165277
vn 0.288671 0.943055 0.165277
vn 0.293504 0.941503 0.165609
vn 0.182192 0.981592 -0.0572975
vn -0.0109773 0.999209 -0.0382221
vn -0.0109773 0.999209 -0.0382221
vn -0.20373 0.978867 -0.0176948
vn -0.116508 0.992852 0.0258946
vn -0.0994271 0.994532 0.0319374
vn -0.0994271 0.994532 0.0319374
vn -0.0823134 0.995883 0.0379696
vn 0.0692095 0.988151 0.136994
vn 0.110694 0.983275 0.144626
vn 0.110694 0.983275 0.144626
vn 0.151979 0.976627 0.151997
vn 0.015915 0.997868 -0.0632913
vn -0.0493003 0.996051 -0.0738375
vn -0.0493003 0.996051 -0.0738375
vn -0.1143 0.989883 -0.0840612
vn -0.0654332 0.995554 -0.0677563
vn -0.05499 0.995976 -0.0707599
vn -0.05499 0.995976 -0.0707599
vn -0.0445403 0.996281 -0.0737552
vn 0.152115 0.987224 0.0474258
vn 0.0670859 0.996985 0.0389821
vn 0.0670859 0.996985 0.0389821
vn -0.0184388 0.999372 0.0302501
vn -0.0860164 0.994667 -0.0569141
vn -0.289892 0.953494 -0.0825364
vn -0.289892 0.953494 -0.0825364
vn -0.481037 0.870446 -0.104534
vn 0.130538 0.950164 -0.283104
vn 0.192491 0.930312 -0.312196
vn 0.192491 0.930312 -0.312196
vn 0.253466 0.905736 -0.339702
vn -0.0153755 0.949986 0.311912
vn 0.214088 0.901318 0.376554
vn 0.214088 0.901318 0.376554
vn 0.430878 0.79929 0.418903
vn -0.614365 0.786811 -0.0590264
vn -0.172028 0.968917 -0.17778
vn -0.172028 0.968917 -0.17778
vn 0.3121 0.915647 -0.253346
vn 0.425616 0.886313 0.182483
vn 0.29283 0.943461 0.155342
vn 0.29283 0.943461 0.155342
vn 0.15371 0.980198 0.12484
vn -0.0405343 0.988183 0.147821
vn -0.23801 0.967375 0.0868169
vn -0.23801 0.967375 0.0868169
vn -0.425215 0.904823 0.0220662
vn -0.202934 0.970762 -0.128216
vn -0.0794356 0.989798 -0.11828
vn -0.0794356 0.989798 -0.11828
vn 0.0453113 0.993281 -0.106485
vn 0.0344672 0.967044 0.252266
vn 0.217895 0.951046 0.219167
vn 0.217895 0.951046 0.219167
vn 0.393698 0.901763 0.178397
vn 0.189267 0.980433 -0.0541146
vn 0.136527 0.989053 -0.0559835
vn 0.136527 0.989053 -0.0559835
vn 0.0833965 0.994845 -0.0576924
vn 0.469695 0.851575 0.232822
vn 0.127922 0.94482 0.301581
vn 0.127922 0.94482 0.301581
vn -0.230511 0.91502 0.331065
vn -0.260327 0.963421 0.0636326
vn 0.101048 0.989465 0.103678
vn 0.101048 0.989465 0.103678
vn 0.448996 0.884034 0.129946
vn -0.0418432 0.962643 -0.267522
vn 0.0928741 0.961745 -0.257723
vn 0.0928741 0.961745 -0.257723
vn 0.225897 0.943299 -0.243222
vn -0.263047 0.963776 0.0440616
vn -0.0947778 0.990958 0.0949726
vn -0.0947778 0.990958 0.0949726
vn 0.0764905 0.98678 0.142878
vn 0.150145 0.967212 0.204835
vn 0.0838805 0.976098 0.200492
vn 0.0838805 0.976098 0.200492
vn 0.0172399 0.980602 0.195249
vn -0.363764 0.928303 0.0769965
vn -0.157353 0.986783 -0.0387246
vn -0.157353 0.986783 -0.0387246
vn 0.0584078 0.986631 -0.152145
vn 0.11606 0.986884 -0.112204
vn 0.0324001 0.992141 -0.120858
vn 0.0324001 0.992141 -0.120858
vn -0.0514902 0.990352 -0.128654
vn 0.268286 0.869409 0.41491
vn 0.150153 0.924441 0.350519
vn 0.150153 0.924441 0.350519
vn 0.0288474 0.959939 0.278722
vn 0.479114 0.859707 -0.17707
vn 0.382834 0.911169 -0.152344
vn 0.382834 0.911169 -0.152344
vn 0.281757 0.951215 -0.125708
vn 0.324168 0.9408 0.0990524
vn -0.0595123 0.998147 -0.0126964
vn -0.0595123 0.998147 -0.0126964
vn -0.433493 0.892809 -0.122376
vn -0.259786 0.927742 -0.267967
vn -0.291689 0.91849 -0.267007
vn -0.291689 0.91849 -0.267007
vn -0.32327 0.908225 -0.265753
vn -0.519288 0.83242 -0.193434
vn -0.209748 0.971613 -0.109425
vn -0.209748 0.971613 -0.109425
vn 0.125432 0.992029 -0.0120395
vn -0.463081 0.862634 -0.203513
vn -0.267921 0.946786 -0.178364
vn -0.267921 0.946786 -0.178364
vn -0.0604897 0.987574 -0.145046
vn -0.046453 0.995583 0.0815852
vn 0.0154812 0.994194 0.106482
vn 0.0154812 0.994194 0.106482
vn 0.0773464 0.988373 0.130904
vn 0.0826609 0.996415 -0.0180219
vn 0.265446 0.962926 -0.0480899
vn 0.265446 0.962926 -0.0480899
vn 0.438825 0.895314 -0.0764538
vn -0.0537088 0.998484 0.0120742
vn -0.0319912 0.999432 0.0105502
vn -0.0319912 0.999432 0.0105502
vn -0.0102583 0.999907 0.00902122
vn 0.440153 0.897278 0.0340352
vn 0.422224 0.905859 0.0338462
vn 0.422224 0.905859 0.0338462
vn 0.404129 0.914083 0.0336439
vn -0.449022 0.883956 -0.130392
vn -0.066908 0.989188 -0.130499
vn -0.066908 0.989188 -0.130499
vn 0.325716 0.939034 -0.110107
vn 0.185977 0.968962 -0.162868
vn -0.000704013 0.990072 -0.140557
vn -0.000704013 0.990072 -0.140557
vn -0.18736 0.975745 -0.113215
vn 0.0704743 0.987819 -0.138735
vn -0.113621 0.976846 -0.181278
vn -0.113621 0.976846 -0.181278
vn -0.293646 0.930882 -0.217327
vn -0.393327 0.882345 0.258382
vn -0.124685 0.971157 0.203242
vn -0.124685 0.971157 0.203242
vn 0.154318 0.97927 0.131214
vn -0.203546 0.969874 -0.133841
vn 0.0390019 0.973278 -0.226293
vn 0.0390019 0.973278 -0.226293
vn 0.278922 0.911095 -0.303495
vn 0.267341 0.947299 0.176505
vn 0.34539 0.925212 0.157124
vn 0.34539 0.925212 0.157124
vn 0.421036 0.896691 0.136651
vn -0.215197 0.976431 -0.0165327
vn 0.139721 0.990084 -0.0145765
vn 0.139721 0.990084 -0.0145765
vn 0.477013 0.87883 -0.0107813
vn -0.674616 0.735429 0.0635357
vn -0.203638 0.971172 -0.12392
vn -0.203638 0.971172 -0.12392
vn 0.330984 0.90339 -0.272646
vn 0.317161 0.926268 -0.20356
vn 0.121556 0.969562 -0.212541
vn 0.121556 0.969562 -0.212541
vn -0.0789382 0.973864 -0.212973
vn 0.0704014 0.992838 0.0965215
vn 0.0784313 0.992259 0.0962803
vn 0.0784313 0.992259 0.0962803
vn 0.0864561 0.991616 0.0960328
vn 0.159918 0.981079 -0.109133
vn 0.16356 0.980511 -0.108841
vn 0.16356 0.980511 -0.108841
vn 0.167199 0.97993 -0.108548
vn 0.355922 0.934243 -0.0225765
vn 0.127411 0.989823 -0.0633749
vn 0.127411 0.989823 -0.0633749
vn -0.108359 0.989012 -0.100563
vn 0.194524 0.980803 -0.0136089
vn 0.0315672 0.999418 -0.0129567
vn 0.0315672 0.999418 -0.0129567
vn -0.132239 0.991146 -0.0119558
vn 0.526 0.840146 0.132206
vn 0.204358 0.96122 0.185188
vn 0.204358 0.96122 0.185188
vn -0.141996 0.966063 0.215776
vn -0.227972 0.947512 -0.224163
vn -0.475796 0.865429 -0.157004
vn -0.475796 0.865429 -0.157004
vn -0.689047 0.720459 -0.0784368
vn 0.525883 0.838665 0.141732
vn 0.510822 0.846334 0.150933
vn 0.510822 0.846334 0.150933
vn 0.495571 0.853688 0.160079
vn 0.391052 0.920155 0.0198325
vn 0.173008 0.982862 -0.0636499
vn 0.173008 0.982862 -0.0636499
vn -0.0551472 0.988125 -0.143412
vn -0.0692172 0.960547 0.269365
vn -0.0797986 0.960402 0.266945
vn -0.0797986 0.960402 0.266945
vn -0.0903706 0.960144 0.264494
vn 0.259015 0.950361 -0.172409
vn 0.0802027 0.977589 -0.194647
vn 0.0802027 0.977589 -0.194647
vn -0.101273 0.972351 -0.21042
vn -0.148382 0.987937 -0.044301
vn -0.264111 0.964475 -0.0058036
vn -0.264111 0.964475 -0.0058036
vn -0.375766 0.926135 0.0327833
vn -0.192677 -0.56441 0.802694
vn 0.171406 -0.521881 -0.83562
vn -0.293765 0.844355 -0.448071
vn -0.239956 -0.490466 0.837773
vn 0.927679 -0.0140764 -0.373112
vn 0.297746 0.4146 -0.859915
vn 0.398248 -0.519194 0.756198
vn -0.256709 -0.774885 -0.577628
vn -0.18557 0.980304 0.0675855
vn 0.362195 -0.0773901 0.928884
vn 0.236409 -0.274206 -0.93216
vn -0.674643 0.431159 -0.599132
vn 0.863883 0.0436746 0.501796
vn 0.0794491 -0.909227 -0.408649
vn -0.0743361 0.932091 -0.354515
vn 0.956012 0.125613 -0.265069
vn 0.100058 -0.985334 -0.13822
vn -0.119242 0.891564 -0.436916
vn 0.977156 0.0525615 0.205923
vn -0.950005 -0.310899 0.0288396
vn -0.667197 0.427985 -0.609653
vn 0.949042 0.26863 -0.164797
vn 0.119631 -0.931719 -0.342912
vn -0.340451 0.937546 -0.0714203
vn 0.988448 -0.131145 -0.0759678
vn -0.0561482 -0.820355 -0.569091
vn 0.0788879 0.908519 0.410329
vn 0.998772 0.0385572 0.0311173
vn -0.169646 -0.946333 0.275088
vn -0.443358 0.752455 -0.487079
vn 0.672784 -0.482961 0.560456
vn 0.504639 -0.825102 -0.254058
vn 0.274238 0.95269 -0.131053
vn 0.986049 0.15612 -0.0577363
vn -0.647562 -0.734158 0.204145
vn 0.396537 0.314387 -0.862508
vn 0.955621 0.185574 -0.228803
vn -0.0087199 -0.63631 -0.771385
vn -0.533162 0.76011 0.371444
vn 0.654056 -0.0136121 -0.756324
vn 0.383057 -0.899951 -0.208218
vn -0.168043 0.981184 -0.0950816
vn 0.317987 -0.0306517 -0.9476
vn 0.276858 -0.771413 0.572949
vn -0.771358 0.592553 0.232137
vn 0.478707 0.0886234 -0.87349
vn -0.0268988 -0.744751 0.6668
vn -0.692394 0.644419 0.324524
vn 0.824155 0.171531 -0.539764
vn -0.55787 -0.718093 -0.416081
vn -0.607327 0.789761 0.0861996
vn 0.996884 0.0714474 0.033433
vn -0.456102 -0.755111 -0.470933
vn -0.538471 0.802278 0.257681
vn 0.9827 -0.0193354 0.184194
vn -0.489328 -0.756148 -0.43451
vn -0.574969 0.805718 0.142228
vn 0.896402 -0.012854 0.443055
vn -0.383013 -0.903399 -0.192799
vn -0.405995 0.845017 -0.348014
vn 0.973916 0.0480053 0.221774
vn -0.42302 -0.905776 0.0249848
vn -0.41565 0.80525 -0.422856
vn 0.970185 -0.0295791 -0.240555
vn -0.457292 -0.81896 0.346683
vn -0.518219 0.80047 -0.301159
vn 0.976677 -0.0857496 0.196846
vn -0.297414 -0.865675 -0.40268
vn -0.410634 0.872851 -0.263651
vn 0.98037 0.0280882 0.195155
vn -0.531704 -0.835312 -0.1398
vn -0.362171 0.919695 -0.151638
vn 0.958179 0.161836 0.236012
vn -0.271421 -0.921579 -0.277531
vn -0.499585 0.863792 0.0654058
vn 0.847606 -0.250802 -0.467613
vn -0.079299 -0.872122 0.48282
vn -0.680676 0.46804 -0.563577
vn -0.927222 0.190366 -0.322522
vn -0.324023 -0.490602 0.8089
vn -0.823493 -0.240989 -0.513598
vn -0.73965 -0.0034309 0.672984
vn 0.78244 -0.460282 -0.419437
vn 0.250232 0.837708 -0.485416
vn -0.468229 -0.121393 0.875229
vn 0.569034 -0.808792 -0.148512
vn 0.267473 0.858209 -0.438104
vn -0.941425 -0.216203 0.258795
vn 0.626148 -0.433526 0.648069
vn 0.835355 0.54723 0.0521588
vn -0.69571 0.567204 -0.440757
vn 0.134358 -0.907898 0.397075
vn 0.362586 0.851745 0.378235
vn -0.171207 0.839235 0.516114
vn -0.889349 -0.344533 -0.300593
vn 0.486305 0.839089 0.243798
vn 0.903668 -0.136406 0.405927
vn -0.774199 -0.632931 0.00375964
vn 0.628188 -0.0297335 -0.777493
vn -0.537346 -0.685606 0.491125
vn 0.259935 -0.29452 -0.919615
vn 0.362042 -0.333302 -0.870538
vn 0.150157 -0.417835 0.896029
vn 0.0696509 -0.689808 -0.720635
vn -0.486138 0.796859 -0.358729
vn 0.900761 0.106665 0.421012
vn -0.123537 -0.794897 -0.594035
vn -0.699346 0.702305 0.132976
vn 0.53853 0.44854 0.7133
vn 0.807438 -0.184809 -0.560258
vn -0.88527 0.449482 0.119424
vn -0.698784 -0.0253709 -0.714883
vn 0.634669 -0.0861411 0.767968
vn 0.690579 0.695755 0.197551
vn -0.720199 -0.188573 -0.667648
vn 0.201253 -0.87734 0.435628
vn 0.240487 0.914318 0.325865
vn -0.168261 -0.0432468 -0.984793
vn -0.245602 -0.924547 0.291363
vn -0.21667 0.448795 0.86697
vn -0.967821 0.244615 -0.0590385
vn -0.309005 -0.936886 -0.163585
vn 0.0209691 0.998959 0.0405089
vn -0.510058 0.461909 -0.725591
vn -0.238838 -0.423918 0.873642
vn 0.317552 0.414966 0.852622
vn -0.379298 -0.138083 -0.914913
vn -0.431748 -0.611558 0.663016
vn 0.644535 0.664631 0.377943
vn -0.844209 -0.0826422 -0.529605
vn 0.109468 -0.811416 0.574127
vn 0.571488 0.796388 0.197908
vn -0.873056 0.177932 -0.453997
vn 0.278075 -0.875573 0.395026
vn 0.497111 0.8541 0.152951
vn -0.834965 0.3391 -0.43341
vn -0.614406 -0.781006 0.111965
vn 0.390112 0.876443 0.28224
vn 0.969864 0.114992 0.214805
vn 0.373484 -0.687831 -0.622413
vn -0.467767 0.832071 -0.298081
vn 0.12284 -0.802226 -0.584247
vn 0.339794 -0.923784 0.176534
vn -0.168018 0.811888 -0.559113
vn 0.827014 0.177278 0.533498
vn -0.655614 -0.74087 -0.145881
vn -0.908979 -0.309842 -0.278846
vn 0.841534 0.0222791 0.539744
vn 0.117781 -0.495532 -0.860567
vn -0.780577 0.600312 0.174142
vn 0.978706 -0.0878263 0.18553
vn -0.262648 -0.852589 -0.451784
vn -0.519278 0.835404 -0.180137
vn 0.959246 -0.0525493 0.277644
vn -0.544179 -0.838201 -0.035893
vn -0.386926 0.854588 -0.346363
vn 0.903219 -0.0286879 0.42822
vn -0.538236 -0.842788 -0.00339733
vn -0.304931 0.798115 -0.519644
vn 0.720435 -0.0771672 0.689216
vn -0.239413 -0.870857 -0.429289
vn -0.383744 0.827692 -0.409471
vn 0.960421 -0.276406 -0.0345016
vn 0.20654 -0.478153 -0.853646
vn -0.339926 0.916148 -0.212423
vn -0.389933 -0.749424 -0.535086
vn 0.69503 0.45201 -0.559125
vn 0.601237 0.192621 -0.775507
vn -0.519252 -0.50456 0.68978
vn -0.595392 -0.68183 0.42499
vn -0.703994 0.625721 -0.335955
vn 0.466203 -0.324252 -0.823113
vn -0.85511 -0.511917 -0.0820265
vn -0.236812 0.697739 0.676077
vn 0.381202 0.151232 0.912038
vn 0.377854 -0.501638 -0.778194
vn -0.973321 0.204093 0.104841
vn -0.813557 0.574767 -0.0881349
vn 0.2305 -0.282282 0.931229
vn 0.66191 0.125599 -0.738986
vn -0.967155 -0.150934 -0.204523
vn -0.159697 -0.698349 0.697715
vn 0.269645 0.925918 -0.264513
vn -0.969072 0.011152 -0.246525
vn 0.67279 -0.708076 -0.214434
vn 0.366232 0.639368 0.676079
vn -0.973014 0.00110778 -0.230743
vn -0.0208788 -0.995488 0.0925644
vn 0.484311 0.868861 0.102583
vn 0.831806 0.0823724 0.54892
vn -0.503335 -0.416491 -0.757093
vn -0.685535 0.717791 0.121728
vn 0.863156 -0.419312 0.281316
vn 0.0250127 -0.579384 -0.814671
vn -0.636941 0.769842 -0.0406052
vn 0.263217 -0.632579 0.728396
vn 0.270737 -0.623569 -0.733392
vn -0.342183 0.570297 -0.746774
vn 0.154927 0.0499498 0.986662
vn -0.318897 -0.801297 -0.50619
vn 0.417792 0.760964 -0.496372
vn -0.00245627 0.0345616 0.9994
vn 0.25231 -0.853365 -0.456189
vn -0.0512792 0.858101 -0.510914
vn -0.209289 0.190371 0.959144
vn 0.162393 -0.93424 -0.317528
vn 0.146026 0.864385 -0.481161
vn 0.588737 0.426256 0.6868
vn -0.525346 -0.847254 0.0785615
vn 0.491581 0.612582 -0.618944
vn 0.772714 0.526685 0.354281
vn -0.112016 -0.647114 -0.754119
vn 0.258077 0.384502 -0.886315
vn -0.862559 -0.0709291 0.500959
vn 0.894043 -0.447823 -0.0118632
vn 0.208208 0.558869 -0.802692
vn -0.615432 -0.00172 0.788188
vn 0.3007 -0.830731 -0.468471
vn 0.48737 0.866307 -0.109462
vn -0.866999 -0.0269564 0.497581
vn 0.584322 -0.798435 0.145152
vn 0.35661 0.930859 -0.0795679
vn -0.999447 -0.0240047 -0.0230244
vn 0.489107 -0.86928 0.0715989
vn 0.517294 0.847075 0.121943
vn -0.913215 -0.0360046 0.405885
vn 0.384614 -0.91834 -0.0934007
vn 0.507284 0.85527 -0.105717
vn -0.967829 0.114245 0.224178
vn 0.421262 -0.905682 0.0477338
vn 0.523155 0.836075 -0.165189
vn -0.909516 0.0555634 -0.411939
vn 0.169714 -0.74192 0.648654
vn 0.557671 0.826686 -0.0747892
vn -0.805215 -0.179829 -0.565058
vn -0.191189 -0.94 0.282572
vn 0.436988 0.891783 0.117325
vn -0.952264 -0.185692 -0.242306
vn 0.444213 -0.322838 0.835733
vn 0.179677 0.869218 0.460626
vn -0.613114 -0.290029 -0.73483
vn -0.44911 -0.384891 0.806325
vn -0.311209 0.527783 0.790313
vn 0.103494 -0.0240298 -0.99434
vn -0.287207 -0.881851 0.373967
vn -0.416398 0.792947 0.444801
vn -0.886978 0.369981 -0.276377
vn -0.121499 -0.991219 -0.0521894
vn -0.125155 0.875693 0.466367
vn 0.175896 0.875334 -0.450389
vn -0.378743 -0.65843 0.650402
vn 0.123524 0.297393 0.946731
vn 0.607634 0.0587846 -0.792038
vn -0.976911 -0.0265543 -0.21199
vn 0.308098 0.297259 0.903722
vn -0.142522 -0.112192 -0.983413
vn -0.452189 -0.651695 0.608949
vn 0.681139 0.453808 0.57455
vn -0.377089 -0.0185124 -0.925992
vn -0.254775 -0.73621 0.626964
vn 0.452126 0.769308 0.451384
vn -0.393151 -0.0352223 -0.918799
vn 0.238249 -0.862875 0.445741
vn 0.0662111 0.851196 0.520655
vn -0.191067 0.0498611 -0.98031
vn 0.0895252 -0.949742 0.29996
vn -0.0902588 0.835916 0.541385
vn -0.574842 0.0349154 -0.817519
vn 0.397889 -0.916887 -0.0316698
vn -0.13672 0.69433 0.70655
vn -0.657 -0.12978 -0.742636
vn 0.732163 -0.678841 0.0557824
vn -0.00740409 0.648822 0.760904
vn -0.345739 -0.0461695 -0.937194
vn 0.312603 -0.828825 0.464034
vn -0.151429 0.829906 0.536959
vn -0.813158 0.00350674 -0.582033
vn 0.42214 -0.820458 0.385547
vn -0.120665 0.851595 0.510124
vn -0.795739 -0.126681 0.592243
vn -0.611715 -0.276174 0.741305
vn 0.364688 -0.0705327 0.928455
vn 0.829249 0.176688 0.530215
vn 0.337129 -0.120178 -0.933757
vn -0.807391 0.585428 -0.0734434
vn -0.369249 -0.0936758 0.924597
vn 0.969864 -0.0945541 -0.224553
vn -0.379452 0.585874 -0.716078
vn 0.268361 0.0125917 0.963236
vn 0.399451 -0.622813 -0.672713
vn -0.0510633 0.997283 -0.0531032
vn -0.575019 -0.0247784 -0.817765
vn 0.652033 -0.357144 0.668805
vn -0.543116 0.816405 -0.196232
vn -0.731316 0.311555 -0.606721
vn 0.186809 -0.952873 0.23903
vn -0.243991 0.642515 0.726391
vn -0.883301 0.378195 0.277034
vn -0.31068 -0.705684 -0.63678
vn 0.337977 0.755518 0.561216
vn -0.527723 -0.0394697 0.848499
vn -0.223592 -0.612851 -0.757906
vn 0.88555 0.462073 0.0478545
vn -0.601295 -0.270521 0.75184
vn 0.0123815 -0.671585 -0.740824
vn 0.753206 0.648853 -0.108028
vn -0.924241 -0.252703 0.286217
vn 0.633686 -0.754157 -0.172307
vn 0.313425 0.891122 0.328127
vn -0.987768 -0.12495 0.0932807
vn 0.498683 -0.69807 -0.513822
vn 0.452999 0.532173 0.715251
vn -0.967323 0.173892 -0.184523
vn 0.58994 -0.800061 0.108961
vn 0.644306 0.659246 0.387638
vn -0.889823 -0.0378028 -0.454738
vn 0.28491 -0.622041 0.729309
vn 0.63811 0.768384 -0.0490015
vn -0.616241 -0.0677837 -0.784635
vn 0.178665 -0.868652 0.462086
vn 0.135344 0.882501 0.450416
vn -0.31788 0.00309955 -0.948126
vn 0.141831 -0.989888 -0.00257217
vn -0.0508281 0.829977 0.555477
vn -0.782629 -0.0639336 -0.619196
vn 0.248416 -0.274478 0.928952
vn 0.556713 0.815512 0.158151
vn -0.984296 -0.0628469 -0.164961
vn 0.33579 -0.863644 0.375985
vn 0.453869 0.886812 0.0869917
vn -0.873684 -0.0278547 0.485696
vn 0.52415 -0.847928 0.0792796
vn 0.516547 0.856241 0.00551102
vn -0.959688 -0.278619 -0.0370295
vn -0.323453 -0.316424 0.89177
vn -0.689773 0.252621 0.678524
vn -0.978186 -0.120289 0.169361
vn 0.742564 -0.661828 0.102871
vn -0.531719 0.795324 0.291093
vn -0.0631501 -0.800905 -0.595452
vn -0.201166 -0.0605815 0.977682
vn 0.704388 0.696208 0.13832
vn 0.291825 -0.599061 -0.74563
vn 0.107672 -0.690623 0.715155
vn -0.924438 0.35572 0.137397
vn 0.137433 -0.503304 -0.85311
vn 0.0462907 -0.60041 0.798352
vn -0.902007 0.413518 0.124041
vn 0.413279 -0.816228 -0.403698
vn -0.755232 -0.563748 -0.334384
vn -0.726223 0.678691 -0.109451
vn 0.980447 -0.079123 0.180178
vn -0.674933 -0.728917 0.11465
vn -0.51494 0.525332 -0.677394
vn 0.905284 -0.0698924 -0.419017
vn -0.366678 -0.926152 0.088262
vn -0.471445 0.877724 0.0856734
vn 0.726572 -0.00268108 -0.687085
vn 0.000717754 -0.999596 0.0284172
vn -0.441176 0.863783 0.2434
vn 0.953214 0.155628 0.259157
vn -0.474499 -0.550827 -0.686615
vn -0.443325 0.815715 -0.371581
vn 0.36245 0.714725 0.598162
vn 0.684507 -0.301283 -0.663837
vn -0.738509 0.64013 -0.211751
vn 0.932386 -0.0104982 -0.361313
vn -0.0569426 -0.722295 0.689236
vn -0.32142 0.935427 0.14719
vn 0.913059 -0.104753 -0.394145
vn -0.41451 -0.611535 0.673948
vn -0.658493 0.476527 -0.582503
vn 0.581128 0.514055 -0.630902
vn -0.371972 -0.738877 -0.56187
vn -0.526461 0.843363 -0.107601
vn 0.760589 0.0153573 -0.649052
vn -0.486369 -0.487978 -0.724792
vn 0.380532 0.889341 0.253511
vn 0.772652 0.0512593 -0.632756
vn -0.471646 -0.868891 0.150261
vn -0.366388 0.86024 0.354609
vn 0.531774 -0.375084 -0.759295
vn -0.321391 -0.898442 -0.29918
vn -0.415801 0.853132 0.315078
vn 0.3651 -0.921503 0.132419
vn -0.304602 -0.515654 -0.800824
vn -0.808515 0.569264 -0.149136
vn 0.998241 0.0509453 0.0303292
vn -0.801946 -0.493571 0.336555
vn -0.138737 0.239918 -0.960829
vn 0.999679 -0.0149386 -0.0204794
vn -0.0110273 -0.997009 0.0764935
vn -0.427144 0.88857 -0.167305
vn 0.0787242 0.585921 0.806535
vn 0.833383 0.170167 0.525847
vn -0.489317 0.647647 -0.584058
vn -0.091286 -0.0174066 0.995673
vn 0.896538 -0.324436 0.301597
vn -0.364694 0.92935 0.0575031
vn 0.293296 -0.104957 0.950243
vn 0.102578 -0.810121 -0.577219
vn 0.21395 0.924394 -0.315785
vn -0.66595 -0.13457 0.733758
vn 0.898001 -0.394611 -0.194617
vn -0.0929855 0.344035 -0.934341
vn -0.314709 0.00068352 0.949188
vn 0.253801 -0.896491 -0.363165
vn 0.237189 0.89395 -0.380257
vn -0.0672936 -0.41336 0.908078
vn 0.502835 -0.815717 -0.285942
vn 0.155619 0.866658 -0.474011
vn -0.677905 -0.590903 0.437355
vn 0.726571 -0.686198 0.0350283
vn 0.665665 0.736816 -0.118289
vn -0.930337 -0.00208464 0.366699
vn 0.0677445 -0.555714 -0.828609
vn 0.659799 0.454533 0.598385
vn -0.191843 0.197385 0.961372
vn -0.62293 -0.643195 -0.445263
vn 0.990775 0.135166 -0.00978668
vn 0.344018 0.226069 -0.911342
vn -0.809784 -0.479614 -0.337964
vn 0.761312 0.102775 -0.640189
vn 0.336607 0.136855 0.931647
vn 0.0825791 -0.584695 -0.807039
vn 0.14572 0.849758 -0.506633
vn -0.0416949 0.143458 0.988778
vn 0.708745 -0.698433 -0.0993604
vn 0.266216 0.798104 -0.540517
vn -0.23485 -0.0291247 0.971595
vn 0.468036 -0.838987 -0.277567
vn 0.180152 0.845326 -0.50296
vn -0.314489 -0.0125401 0.949178
vn 0.342293 -0.851971 -0.396208
vn 0.229651 0.843431 -0.485679
vn -0.322954 -0.0175954 0.946251
vn 0.57302 -0.815736 -0.0788827
vn -0.0413029 0.848545 -0.527509
vn -0.975482 0.209829 0.0663851
vn 0.355453 -0.0605108 0.932733
vn 0.653165 0.119946 -0.747655
vn -0.802242 -0.13139 0.582361
vn -0.0699022 -0.993335 -0.0916501
vn -0.232479 0.653504 -0.720337
vn -0.438911 0.184418 0.879402
vn 0.432663 -0.855003 -0.285961
vn 0.129812 0.876987 -0.462647
vn -0.31943 0.474589 0.820201
vn 0.320452 -0.817384 0.478742
vn 0.0494234 0.801684 -0.595701
vn 0.94741 0.252832 -0.19619
vn -0.332282 -0.0482947 -0.941943
vn -0.105484 0.689666 0.716404
vn -0.347624 -0.173261 0.921487
vn 0.722048 -0.0158953 -0.69166
vn -0.508128 0.34632 -0.788587
vn 0.42216 -0.302979 0.854392
vn 0.558615 -0.562088 -0.609923
vn -0.440219 0.702028 -0.559789
vn -0.50897 -0.267613 0.818128
vn 0.931167 -0.364172 0.0175424
vn 0.281008 0.692995 -0.663922
vn -0.435877 0.00963942 0.899955
vn 0.152024 -0.783514 -0.60249
vn 0.495285 0.847955 0.188853
vn 0.274348 0.00337468 0.961625
vn 0.0816011 -0.818276 -0.569004
vn -0.0725997 0.888975 -0.452165
vn 0.342156 0.0583262 0.937831
vn -0.250249 -0.787229 -0.563602
vn -0.0956078 0.865845 -0.491092
vn 0.426849 0.172262 0.887764
vn -0.625183 -0.72821 0.280812
vn 0.485801 0.479081 -0.73108
vn -0.533668 -0.82332 -0.193244
vn 0.84958 -0.410815 0.330824
vn 0.0215912 0.187077 0.982108
vn -0.256183 0.442319 -0.859491
vn -0.0342692 -0.944893 0.32558
vn -0.394028 0.540878 0.743097
vn -0.921449 -0.0865026 0.378747
vn -0.0810152 -0.991264 0.104082
vn -0.536741 0.558037 0.632853
vn -0.185414 0.247011 -0.951108
vn 0.593629 -0.534043 0.601998
vn -0.322261 0.0379285 0.945891
vn -0.602592 0.215558 -0.768386
vn 0.466443 -0.879104 -0.0980163
vn -0.181226 0.718216 0.671806
vn -0.243053 0.0210518 -0.969785
vn 0.56237 -0.669438 0.48538
vn 0.0818704 0.655729 0.750544
vn -0.188496 0.0111766 -0.98201
vn -0.252606 -0.961213 0.110721
vn 0.126041 0.866767 0.482523
vn -0.952109 0.0714022 -0.297306
vn -0.276842 0.937351 0.211498
vn 0.87464 0.469823 -0.119464
vn -0.84697 -0.0609477 0.528136
vn 0.574081 -0.804322 -0.153288
vn 0.154195 0.391933 -0.90698
vn -0.803714 0.200374 0.560263
vn 0.775397 -0.499394 0.386477
vn 0.211271 0.703744 -0.678314
vn -0.98472 0.0258615 -0.172217
vn 0.628597 -0.570492 0.528587
vn 0.442788 0.740951 -0.504906
vn -0.96966 0.0376402 0.241541
vn 0.511313 -0.818605 -0.261621
vn 0.424984 0.810921 0.402238
vn -0.905732 -0.018775 0.423434
vn -0.00683435 -0.98589 0.167255
vn 0.473329 0.878115 -0.0698081
vn -0.48196 -0.379429 0.789777
vn 0.899782 -0.435971 -0.0179131
vn 0.386867 0.861934 -0.327725
vn -0.946189 -0.323063 -0.0188927
vn 0.475508 -0.502806 0.721858
vn 0.917311 0.382596 -0.110277
vn -0.928621 -0.122623 -0.350181
vn 0.331404 -0.783325 0.525902
vn 0.426026 0.858339 0.285931
vn -0.903101 -0.199589 0.380227
vn 0.499822 -0.785571 0.364768
vn 0.356558 0.901578 -0.244998
vn -0.670907 -0.200053 0.714047
vn 0.310355 -0.800129 0.513297
vn 0.416235 0.89974 -0.131208
vn -0.923141 0.0300215 0.383287
vn 0.871405 -0.488561 -0.0442873
vn 0.489067 0.865283 -0.109994
vn -0.923529 0.0383846 0.381602
vn 0.34053 -0.895134 0.287707
vn 0.495082 0.862559 -0.104341
vn -0.571616 -0.0708938 0.817453
vn 0.044225 -0.989461 -0.13788
vn 0.713059 0.68974 0.125724
vn -0.329278 -0.0124439 0.944151
vn -0.494335 -0.816583 -0.298036
vn 0.848811 0.506017 -0.153188
vn -0.639805 0.132351 -0.757055
vn 0.0384046 0.0324815 0.998734
vn 0.845524 0.519961 0.121367
vn -0.866507 0.0472748 -0.496921
vn -0.459569 -0.540586 0.704673
vn 0.753002 0.655778 0.0542511
vn -0.890694 -0.10285 -0.442816
vn -0.514465 -0.769992 0.377409
vn 0.0151401 0.963916 0.265776
vn 0.11709 0.31954 -0.940311
vn -0.749052 -0.377409 -0.544503
vn -0.0254652 0.827863 0.560352
vn 0.254555 0.0817564 -0.963596
vn -0.413174 -0.51298 -0.752422
vn 0.258049 0.938648 -0.228804
vn 0 0 0
vn 0 0 0
vn 0 0 0
vt 0 1
vt 1 1
vt 0 0
vt 1 0
vt 0 1
vt 1 1
vt 0 0
vt 1 0
vt 0 1
vt 1 1
vt 0 0
vt 1 0
vt 0 1
vt 1 1
vt 0 0
vt 1 0
vt 0 1
vt 1 1
vt 0 0
vt 1 0
vt 0 1
vt 1 1
vt 0 0
vt 1 0
vt 0 1
vt 1 1
vt 0 0
vt 1 0
vt 0 1
vt 1 1
vt 0 0
vt 1 0
vt 0 1
vt 1 1
vt 0 0
vt 1 0
vt 0 1
vt 1 1
vt 0 0
vt 1 0
vt 0 1
vt 1 1
vt 0 0
vt 1 0
vt 0 1
vt 1 1
vt 0 0
vt 1 0
vt 0 1
vt 1 1
vt 0 0
vt 1 0
vt 0 1
vt 1 1
vt 0 0
vt 1 0
vt 0 1
vt 1 1
vt 0 0
vt 1 0
vt 0 1
vt 1 1
vt 0 0
vt 1 0
vt 0 1
vt 1 1
vt 0 0
vt 1 0
vt 0 1
vt 1 1
vt 0 0
vt 1 0
vt 0 1
vt 1 1
vt 0 0
vt 1 0
vt 0 1
vt 1 1
vt 0 0
vt 1 0
vt 0 1
vt 1 1
vt 0 0
vt 1 0
vt 0 1
vt 1 1
vt 0 0
vt 1 0
vt 0 1
vt 1 1
vt 0 0
vt 1 0
vt 0 1
vt 1 1
vt 0 0
vt 1 0
vt 0 1
vt 1 1
vt 0 0
vt 1 0
vt 0 1
vt 1 1
vt 0 0
vt 1 0
vt 0 1
vt 1 1
vt 0 0
vt 1 0
vt 0 1
vt 1 1
vt 0 0
vt 1 0
vt 0 1
vt 1 1
vt 0 0
vt 1 0
vt 0 1
vt 1 1
vt 0 0
vt 1 0
vt 0 1
vt 1 1
vt 0 0
vt 1 0
vt 0 1
vt 1 1
vt 0 0
vt 1 0
vt 0 1
vt 1 1
vt 0 0
vt 1 0
vt 0 1
vt 1 1
vt 0 0
vt 1 0
vt 0 1
vt 1 1
vt 0 0
vt 1 0
vt 0 1
vt 1 1
vt 0 0
vt 1 0
vt 0 1
vt 1 1
vt 0 0
vt 1 0
vt 0 1
vt 1 1
vt 0 0
vt 1 0
vt 0 1
vt 1 1
vt 0 0
vt 1 0
vt 0 1
vt 1 1
vt 0 0
vt 1 0
vt 0 1
vt 1 1
vt 0 0
vt 1 0
vt 0 1
vt 1 1
vt 0 0
vt 1 0
vt 0 1
vt 1 1
vt 0 0
vt 1 0
vt 0 1
vt 1 1
vt 0 0
vt 1 0
vt 0 1
vt 1 1
vt 0 0
vt 1 0
vt 0 1
vt 1 1
vt 0 0
vt 1 0
vt 0 1
vt 1 1
vt 0 0
vt 1 0
vt 0 1
vt 1 1
vt 0 0
vt 1 0
vt 0 1
vt 1 1
vt 0 0
vt 1 0
vt 0 1
vt 1 1
vt 0 0
vt 1 0
vt 0 1
vt 1 1
vt 0 0
vt 1 0
vt 0 1
vt 1 1
vt 0 0
vt 1 0
vt 0 1
vt 1 1
vt 0 0
vt 1 0
vt 0 1
vt 1 1
vt 0 0
vt 1 0
vt 0 1
vt 1 1
vt 0 0
vt 1 0
vt 0 1
vt 1 1
vt 0 0
vt 1 0
vt 0 1
vt 1 1
vt 0 0
vt 1 0
vt 0 1
vt 1 1
vt 0 0
vt 1 0
vt 0 1
vt 1 1
vt 0 0
vt 1 0
vt 0 1
vt 1 1
vt 0 0
vt 1 0
vt 0 1
vt 1 1
vt 0 0
vt 1 0
vt 0 1
vt 1 1
vt 0 0
vt 1 0
vt 0 1
vt 1 1
vt 0 0
vt 1 0
vt 0 1
vt 1 1
vt 0 0
vt 1 0
vt 0 1
vt 1 1
vt 0 0
vt 1 0
vt 0 1
vt 1 1
vt 0 0
vt 1 0
vt 0 1
vt 1 1
vt 0 0
vt 1 0
vt 0 1
vt 1 1
vt 0 0
vt 1 0
vt 0 1
vt 1 1
vt 0 0
vt 1 0
vt 0 1
vt 1 1
vt 0 0
vt 1 0
vt 0 1
vt 1 1
vt 0 0
vt 1 0
vt 0 1
vt 1 1
vt 0 0
vt 1 0
vt 0 1
vt 1 1
vt 0 0
vt 1 0
vt 0 1
vt 1 1
vt 0 0
vt 1 0
vt 0 1
vt 1 1
vt 0 0
vt 1 0
vt 0 1
vt 1 1
vt 0 0
vt 1 0
vt 0 1
vt 1 1
vt 0 0
vt 1 0
vt 0 1
vt 1 1
vt 0 0
vt 1 0
vt 0 1
vt 1 1
vt 0 0
vt 1 0
vt 0 1
vt 1 1
vt 0 0
vt 1 0
vt 0 1
vt 1 1
vt 0 0
vt 1 0
vt 0 1
vt 1 1
vt 0 0
vt 1 0
vt 0 1
vt 1 1
vt 0 0
vt 1 0
vt 0 1
vt 1 1
vt 0 0
vt 1 0
vt 0 1
vt 1 1
vt 0 0
vt 1 0
vt 0 1
vt 1 1
vt 0 0
vt 1 0
vt 0 1
vt 1 1
vt 0 0
vt 1 0
vt 0 1
vt 1 1
vt 0 0
vt 1 0
vt 0 1
vt 1 1
vt 0 0
vt 1 0
vt 0 1
vt 1 1
vt 0 0
vt 1 0
vt 0 1
vt 1 1
vt 0 0
vt 1 0
vt 0 1
vt 1 1
vt 0 0
vt 1 0
vt 0 1
vt 1 1
vt 0 0
vt 1 0
vt 0 1
vt 1 1
vt 0 0
vt 1 0
vt 0 1
vt 1 1
vt 0 0
vt 1 0
vt 0 1
vt 1 1
vt 0 0
vt 1 0
vt 0 1
vt 1 1
vt 0 0
vt 1 0
vt 0 1
vt 1 1
vt 0 0
vt 1 0
vt 0 1
vt 1 1
vt 0 0
vt 1 0
vt 0 1
vt 1 1
vt 0 0
vt 1 0
vt 0 1
vt 1 1
vt 0 0
vt 1 0
vt 0 1
vt 1 1
vt 0 0
vt 1 0
vt 0 1
vt 1 1
vt 0 0
vt 1 0
vt 0 1
vt 1 1
vt 0 0
vt 1 0
vt 0 1
vt 1 1
vt 0 0
vt 1 0
vt 0 1
vt 1 1
vt 0 0
vt 1 0
vt 0 1
vt 1 1
vt 0 0
vt 1 0
vt 0 1
vt 1 1
vt 0 0
vt 1 0
vt 0 1
vt 1 1
vt 0 0
vt 1 0
vt 0 1
vt 1 1
vt 0 0
vt 1 0
vt 0 1
vt 1 1
vt 0 0
vt 1 0
vt 0 1
vt 1 1
vt 0 0
vt 1 0
vt 0 1
vt 1 1
vt 0 0
vt 1 0
vt 0 1
vt 1 1
vt 0 0
vt 1 0
vt 0 1
vt 1 1
vt 0 0
vt 1 0
vt 0 1
vt 1 1
vt 0 0
vt 1 0
vt 0 1
vt 1 1
vt 0 0
vt 1 0
vt 0 1
vt 1 1
vt 0 0
vt 1 0
vt 0 1
vt 1 1
vt 0 0
vt 1 0
vt 0 1
vt 1 1
vt 0 0
vt 1 0
vt 0 1
vt 1 1
vt 0 0
vt 1 0
vt 0 1
vt 1 1
vt 0 0
vt 1 0
vt 0 1
vt 1 1
vt 0 0
vt 1 0
vt 0 1
vt 1 1
vt 0 0
vt 1 0
vt 0 1
vt 1 1
vt 0 0
vt 1 0
vt 0 1
vt 1 1
vt 0 0
vt 1 0
vt 0 1
vt 1 1
vt 0 0
vt 1 0
vt 0 1
vt 1 1
vt 0 0
vt 1 0
vt 0 1
vt 1 1
vt 0 0
vt 1 0
vt 0 1
vt 1 1
vt 0 0
vt 1 0
vt 0 1
vt 1 1
vt 0 0
vt 1 0
vt 0 1
vt 1 1
vt 0 0
vt 1 0
vt 0 1
vt 1 1
vt 0 0
vt 1 0
vt 0 1
vt 1 1
vt 0 0
vt 1 0
vt 0 1
vt 1 1
vt 0 0
vt 1 0
vt 0 1
vt 1 1
vt 0 0
vt 1 0
vt 0 1
vt 1 1
vt 0 0
vt 1 0
vt 0 1
vt 1 1
vt 0 0
vt 1 0
vt 0 1
vt 1 1
vt 0 0
vt 1 0
vt 0 1
vt 1 1
vt 0 0
vt 1 0
vt 0 1
vt 1 1
vt 0 0
vt 1 0
vt 0 1
vt 1 1
vt 0 0
vt 1 0
vt 0 1
vt 1 1
vt 0 0
vt 1 0
vt 0 1
vt 1 1
vt 0 0
vt 1 0
vt 0 1
vt 1 1
vt 0 0
vt 1 0
vt 0 1
vt 1 1
vt 0 0
vt 1 0
vt 0 1
vt 1 1
vt 0 0
vt 1 0
vt 0 1
vt 1 1
vt 0 0
vt 1 0
vt 0 1
vt 1 1
vt 0 0
vt 1 0
vt 0 1
vt 1 1
vt 0 0
vt 1 0
vt 0 1
vt 1 1
vt 0 0
vt 1 0
vt 0 1
vt 1 1
vt 0 0
vt 1 0
vt 0 1
vt 1 1
vt 0 0
vt 1 0
vt 0 1
vt 1 1
vt 0 0
vt 1 0
vt 0 1
vt 1 1
vt 0 0
vt 1 0
vt 0 1
vt 1 1
vt 0 0
vt 1 0
vt 0 1
vt 1 1
vt 0 0
vt 1 0
vt 0 1
vt 1 1
vt 0 0
vt 1 0
vt 0 1
vt 1 1
vt 0 0
vt 1 0
vt 0 1
vt 1 1
vt 0 0
vt 1 0
vt 0 1
vt 1 1
vt 0 0
vt 1 0
vt 0 1
vt 1 1
vt 0 0
vt 1 0
vt 0 1
vt 1 1
vt 0 0
vt 1 0
vt 0 1
vt 1 1
vt 0 0
vt 1 0
vt 0 1
vt 1 1
vt 0 0
vt 1 0
vt 0 1
vt 1 1
vt 0 0
vt 1 0
vt 0 1
vt 1 1
vt 0 0
vt 1 0
vt 0 1
vt 1 1
vt 0 0
vt 1 0
vt 0 1
vt 1 1
vt 0 0
vt 1 0
vt 0 1
vt 1 1
vt 0 0
vt 1 0
vt 0 1
vt 1 1
vt 0 0
vt 1 0
vt 0 1
vt 1 1
vt 0 0
vt 1 0
vt 0 1
vt 1 1
vt 0 0
vt 1 0
vt 0 1
vt 1 1
vt 0 0
vt 1 0
vt 0 1
vt 1 1
vt 0 0
vt 1 0
vt 0 1
vt 1 1
vt 0 0
vt 1 0
vt 0 1
vt 1 1
vt 0 0
vt 1 0
vt 0 1
vt 1 1
vt 0 0
vt 1 0
vt 0 1
vt 1 1
vt 0 0
vt 1 0
vt 0 1
vt 1 1
vt 0 0
vt 1 0
vt 0 1
vt 1 1
vt 0 0
vt 1 0
vt 0 1
vt 1 1
vt 0 0
vt 1 0
vt 0 1
vt 1 1
vt 0 0
vt 1 0
vt 0 1
vt 1 1
vt 0 0
vt 1 0
vt 0 1
vt 1 1
vt 0 0
vt 1 0
vt 0 1
vt 1 1
vt 0 0
vt 1 0
vt 0 1
vt 1 1
vt 0 0
vt 1 0
vt 0 1
vt 1 1
vt 0 0
vt 1 0
vt 0 1
vt 1 1
vt 0 0
vt 1 0
vt 0 1
vt 1 1
vt 0 0
vt 1 0
vt 0 1
vt 1 1
vt 0 0
vt 1 0
vt 0 1
vt 1 1
vt 0 0
vt 1 0
vt 0 1
vt 1 1
vt 0 0
vt 1 0
vt 0 1
vt 1 1
vt 0 0
vt 1 0
vt 0 1
vt 1 1
vt 0 0
vt 1 0
vt 0 1
vt 1 1
vt 0 0
vt 1 0
vt 0 1
vt 1 1
vt 0 0
vt 1 0
vt 0 1
vt 1 1
vt 0 0
vt 1 0
vt 0 1
vt 1 1
vt 0 0
vt 1 0
vt 0 1
vt 1 1
vt 0 0
vt 1 0
vt 0 1
vt 1 1
vt 0 0
vt 1 0
vt 0 1
vt 1 1
vt 0 0
vt 1 0
vt 0 1
vt 1 1
vt 0 0
vt 1 0
vt 0 1
vt 1 1
vt 0 0
vt 1 0
vt 0 1
vt 1 1
vt 0 0
vt 1 0
vt 0 1
vt 1 1
vt 0 0
vt 1 0
vt 0 1
vt 1 1
vt 0 0
vt 1 0
vt 0 1
vt 1 1
vt 0 0
vt 1 0
vt 0 1
vt 1 1
vt 0 0
vt 1 0
vt 0 1
vt 1 1
vt 0 0
vt 1 0
vt 0 1
vt 1 1
vt 0 0
vt 1 0
vt 0 1
vt 1 1
vt 0 0
vt 1 0
vt 0 1
vt 1 1
vt 0 0
vt 1 0
vt 0 1
vt 1 1
vt 0 0
vt 1 0
vt 0 1
vt 1 1
vt 0 0
vt 1 0
vt 0 1
vt 1 1
vt 0 0
vt 1 0
vt 0 1
vt 1 1
vt 0 0
vt 1 0
vt 0 1
vt 1 1
vt 0 0
vt 1 0
vt 0 1
vt 1 1
vt 0 0
vt 1 0
vt 0 1
vt 1 1
vt 0 0
vt 1 0
vt 0 1
vt 1 1
vt 0 0
vt 1 0
vt 0 1
vt 1 1
vt 0 0
vt 1 0
vt 0 1
vt 1 1
vt 0 0
vt 1 0
vt 0 1
vt 1 1
vt 0 0
vt 1 0
vt 0 1
vt 1 1
vt 0 0
vt 1 0
vt 0 1
vt 1 1
vt 0 0
vt 1 0
vt 0 1
vt 1 1
vt 0 0
vt 1 0
vt 0 1
vt 1 1
vt 0 0
vt 1 0
vt 0 1
vt 1 1
vt 0 0
vt 1 0
vt 0 1
vt 1 1
vt 0 0
vt 1 0
vt 0 1
vt 1 1
vt 0 0
vt 1 0
vt 0 1
vt 1 1
vt 0 0
vt 1 0
vt 0 1
vt 1 1
vt 0 0
vt 1 0
vt 0 1
vt 1 1
vt 0 0
vt 1 0
vt 0 1
vt 1 1
vt 0 0
vt 1 0
vt 0 1
vt 1 1
vt 0 0
vt 1 0
vt 0 1
vt 1 1
vt 0 0
vt 1 0
vt 0 1
vt 1 1
vt 0 0
vt 1 0
vt 0 1
vt 1 1
vt 0 0
vt 1 0
vt 0 1
vt 1 1
vt 0 0
vt 1 0
vt 0 1
vt 1 1
vt 0 0
vt 1 0
vt 0 1
vt 1 1
vt 0 0
vt 1 0
vt 0 1
vt 1 1
vt 0 0
vt 1 0
vt 0 1
vt 1 1
vt 0 0
vt 1 0
vt 0 1
vt 1 1
vt 0 0
vt 1 0
vt 0 1
vt 1 1
vt 0 0
vt 1 0
vt 0 1
vt 1 1
vt 0 0
vt 1 0
vt 0 1
vt 1 1
vt 0 0
vt 1 0
vt 0 1
vt 1 1
vt 0 0
vt 1 0
vt 0 1
vt 1 1
vt 0 0
vt 1 0
vt 0 1
vt 1 1
vt 0 0
vt 1 0
vt 0 1
vt 1 1
vt 0 0
vt 1 0
vt 0 1
vt 1 1
vt 0 0
vt 1 0
vt 0 1
vt 1 1
vt 0 0
vt 1 0
vt 0 1
vt 1 1
vt 0 0
vt 1 0
vt 0 1
vt 1 1
vt 0 0
vt 1 0
vt 0 1
vt 1 1
vt 0 0
vt 1 0
vt 0 1
vt 1 1
vt 0 0
vt 1 0
vt 0 1
vt 1 1
vt 0 0
vt 1 0
vt 0 1
vt 1 1
vt 0 0
vt 1 0
vt 0 1
vt 1 1
vt 0 0
vt 1 0
vt 0 1
vt 1 1
vt 0 0
vt 1 0
vt 0 1
vt 1 1
vt 0 0
vt 1 0
vt 0 1
vt 1 1
vt 0 0
vt 1 0
vt 0 1
vt 1 1
vt 0 0
vt 1 0
vt 0 1
vt 1 1
vt 0 0
vt 1 0
vt 0 1
vt 1 1
vt 0 0
vt 1 0
vt 0 1
vt 1 1
vt 0 0
vt 1 0
vt 0 1
vt 1 1
vt 0 0
vt 1 0
vt 0 1
vt 1 1
vt 0 0
vt 1 0
vt 0 1
vt 1 1
vt 0 0
vt 1 0
vt 0 1
vt 1 1
vt 0 0
vt 1 0
vt 0 1
vt 1 1
vt 0 0
vt 1 0
vt 0 1
vt 1 1
vt 0 0
vt 1 0
vt 0 1
vt 1 1
vt 0 0
vt 1 0
vt 0 1
vt 1 1
vt 0 0
vt 1 0
vt 0 1
vt 1 1
vt 0 0
vt 1 0
vt 0 1
vt 1 1
vt 0 0
vt 1 0
vt 0 1
vt 1 1
vt 0 0
vt 1 0
vt 0 1
vt 1 1
vt 0 0
vt 1 0
vt 0 1
vt 1 1
vt 0 0
vt 1 0
vt 0 1
vt 1 1
vt 0 0
vt 1 0
vt 0 1
vt 1 1
vt 0 0
vt 1 0
vt 0 1
vt 1 1
vt 0 0
vt 1 0
vt 0 1
vt 1 1
vt 0 0
vt 1 0
vt 0 1
vt 1 1
vt 0 0
vt 1 0
vt 0 1
vt 1 1
vt 0 0
vt 1 0
vt 0 1
vt 1 1
vt 0 0
vt 1 0
vt 0 1
vt 1 1
vt 0 0
vt 1 0
vt 0 1
vt 1 1
vt 0 0
vt 1 0
vt 0 1
vt 1 1
vt 0 0
vt 1 0
vt 0 1
vt 1 1
vt 0 0
vt 1 0
vt 0 1
vt 1 1
vt 0 0
vt 1 0
vt 0 1
vt 1 1
vt 0 0
vt 1 0
vt 0 1
vt 1 1
vt 0 0
vt 1 0
vt 0 1
vt 1 1
vt 0 0
vt 1 0
vt 0 1
vt 1 1
vt 0 0
vt 1 0
vt 0 1
vt 1 1
vt 0 0
vt 1 0
vt 0 1
vt 1 1
vt 0 0
vt 1 0
vt 0 1
vt 1 1
vt 0 0
vt 1 0
vt 0 1
vt 1 1
vt 0 0
vt 1 0
vt 0 1
vt 1 1
vt 0 0
vt 1 0
vt 0 1
vt 1 1
vt 0 0
vt 1 0
vt 0 1
vt 1 1
vt 0 0
vt 1 0
vt 0 1
vt 1 1
vt 0 0
vt 1 0
vt 0 1
vt 1 1
vt 0 0
vt 1 0
vt 0 1
vt 1 1
vt 0 0
vt 1 0
vt 0 1
vt 1 1
vt 0 0
vt 1 0
vt 0 1
vt 1 1
vt 0 0
vt 1 0
vt 0 1
vt 1 1
vt 0 0
vt 1 0
vt 0 1
vt 1 1
vt 0 0
vt 1 0
vt 0 1
vt 1 1
vt 0 0
vt 1 0
vt 0 1
vt 1 1
vt 0 0
vt 1 0
vt 0 1
vt 1 1
vt 0 0
vt 1 0
vt 0 1
vt 1 1
vt 0 0
vt 1 0
vt 0 1
vt 1 1
vt 0 0
vt 1 0
vt 0 1
vt 1 1
vt 0 0
vt 1 0
vt 0 1
vt 1 1
vt 0 0
vt 1 0
vt 0 1
vt 1 1
vt 0 0
vt 1 0
vt 0 1
vt 1 1
vt 0 0
vt 1 0
vt 0 1
vt 1 1
vt 0 0
vt 1 0
vt 0 1
vt 1 1
vt 0 0
vt 1 0
vt 0 1
vt 1 1
vt 0 0
vt 1 0
vt 0 1
vt 1 1
vt 0 0
vt 1 0
vt 0 1
vt 1 1
vt 0 0
vt 1 0
vt 0 1
vt 1 1
vt 0 0
vt 1 0
vt 0 1
vt 1 1
vt 0 0
vt 1 0
vt 0 1
vt 1 1
vt 0 0
vt 1 0
vt 0 1
vt 1 1
vt 0 0
vt 1 0
vt 0 1
vt 1 1
vt 0 0
vt 1 0
vt 0 1
vt 1 1
vt 0 0
vt 1 0
vt 0 1
vt 1 1
vt 0 0
vt 1 0
vt 0 1
vt 1 1
vt 0 0
vt 1 0
vt 0 1
vt 1 1
vt 0 0
vt 1 0
vt 0 1
vt 1 1
vt 0 0
vt 1 0
vt 0 1
vt 1 1
vt 0 0
vt 1 0
vt 0 1
vt 1 1
vt 0 0
vt 1 0
vt 0 1
vt 1 1
vt 0 0
vt 1 0
vt 0 1
vt 1 1
vt 0 0
vt 1 0
vt 0 1
vt 1 1
vt 0 0
vt 1 0
vt 0 1
vt 1 1
vt 0 0
vt 1 0
vt 0 1
vt 1 1
vt 0 0
vt 1 0
vt 0 1
vt 1 1
vt 0 0
vt 1 0
vt 0 1
vt 1 1
vt 0 0
vt 1 0
vt 0 1
vt 1 1
vt 0 0
vt 1 0
vt 0 1
vt 1 1
vt 0 0
vt 1 0
vt 0 1
vt 1 1
vt 0 0
vt 1 0
vt 0 1
vt 1 1
vt 0 0
vt 1 0
vt 0 1
vt 1 1
vt 0 0
vt 1 0
vt 0 1
vt 1 1
vt 0 0
vt 1 0
vt 0 1
vt 1 1
vt 0 0
vt 1 0
vt 0 1
vt 1 1
vt 0 0
vt 1 0
vt 0 1
vt 1 1
vt 0 0
vt 1 0
vt 0 1
vt 1 1
vt 0 0
vt 1 0
vt 0 1
vt 1 1
vt 0 0
vt 1 0
vt 0 1
vt 1 1
vt 0 0
vt 1 0
vt 0 1
vt 1 1
vt 0 0
vt 1 0
vt 0 1
vt 1 1
vt 0 0
vt 1 0
vt 0 1
vt 1 1
vt 0 0
vt 1 0
vt 0 1
vt 1 1
vt 0 0
vt 1 0
vt 0 1
vt 1 1
vt 0 0
vt 1 0
vt 0 1
vt 1 1
vt 0 0
vt 1 0
vt 0 1
vt 1 1
vt 0 0
vt 1 0
vt 0 1
vt 1 1
vt 0 0
vt 1 0
vt 0 1
vt 1 1
vt 0 0
vt 1 0
vt 0 1
vt 1 1
vt 0 0
vt 1 0
vt 0 1
vt 1 1
vt 0 0
vt 1 0
vt 0 1
vt 1 1
vt 0 0
vt 1 0
vt 0 1
vt 1 1
vt 0 0
vt 1 0
vt 0 1
vt 1 1
vt 0 0
vt 1 0
vt 0 1
vt 1 1
vt 0 0
vt 1 0
vt 0 1
vt 1 1
vt 0 0
vt 1 0
vt 0 1
vt 1 1
vt 0 0
vt 1 0
vt 0 1
vt 1 1
vt 0 0
vt 1 0
vt 0 1
vt 1 1
vt 0 0
vt 1 0
vt 0 1
vt 1 1
vt 0 0
vt 1 0
vt 0 1
vt 1 1
vt 0 0
vt 1 0
vt 0 1
vt 1 1
vt 0 0
vt 1 0
vt 0 1
vt 1 1
vt 0 0
vt 1 0
vt 0 1
vt 1 1
vt 0 0
vt 1 0
vt 0 1
vt 1 1
vt 0 0
vt 1 0
vt 0 1
vt 1 1
vt 0 0
vt 1 0
vt 0 1
vt 1 1
vt 0 0
vt 1 0
vt 0 1
vt 1 1
vt 0 0
vt 1 0
vt 0 1
vt 1 1
vt 0 0
vt 1 0
vt 0 1
vt 1 1
vt 0 0
vt 1 0
vt 0 1
vt 1 1
vt 0 0
vt 1 0
vt 0 1
vt 1 1
vt 0 0
vt 1 0
vt 0 1
vt 1 1
vt 0 0
vt 1 0
vt 0 1
vt 1 1
vt 0 0
vt 1 0
vt 0 1
vt 1 1
vt 0 0
vt 1 0
vt 0 1
vt 1 1
vt 0 0
vt 1 0
vt 0 1
vt 1 1
vt 0 0
vt 1 0
vt 0 1
vt 1 1
vt 0 0
vt 1 0
vt 0 1
vt 1 1
vt 0 0
vt 1 0
vt 0 1
vt 1 1
vt 0 0
vt 1 0
vt 0 1
vt 1 1
vt 0 0
vt 1 0
vt 0 1
vt 1 1
vt 0 0
vt 1 0
vt 0 1
vt 1 1
vt 0 0
vt 1 0
vt 0 1
vt 1 1
vt 0 0
vt 1 0
vt 0 1
vt 1 1
vt 0 0
vt 1 0
vt 0 1
vt 1 1
vt 0 0
vt 1 0
vt 0 1
vt 1 1
vt 0 0
vt 1 0
vt 0 1
vt 1 1
vt 0 0
vt 1 0
vt 0 1
vt 1 1
vt 0 0
vt 1 0
vt 0 1
vt 1 1
vt 0 0
vt 1 0
vt 0 1
vt 1 1
vt 0 0
vt 1 0
vt 0 1
vt 1 1
vt 0 0
vt 1 0
vt 0 1
vt 1 1
vt 0 0
vt 1 0
vt 0 1
vt 1 1
vt 0 0
vt 1 0
vt 0 1
vt 1 1
vt 0 0
vt 1 0
vt 0 1
vt 1 1
vt 0 0
vt 1 0
vt 0 1
vt 1 1
vt 0 0
vt 1 0
vt 0 1
vt 1 1
vt 0 0
vt 1 0
vt 0 1
vt 1 1
vt 0 0
vt 1 0
vt 0 1
vt 1 1
vt 0 0
vt 1 0
vt 0 1
vt 1 1
vt 0 0
vt 1 0
vt 0 1
vt 1 1
vt 0 0
vt 1 0
vt 0 1
vt 1 1
vt 0 0
vt 1 0
vt 0 1
vt 1 1
vt 0 0
vt 1 0
vt 0 1
vt 1 1
vt 0 0
vt 1 0
vt 0 1
vt 1 1
vt 0 0
vt 1 0
vt 0 1
vt 1 1
vt 0 0
vt 1 0
vt 0 1
vt 1 1
vt 0 0
vt 1 0
vt 0 1
vt 1 1
vt 0 0
vt 1 0
vt 0 1
vt 1 1
vt 0 0
vt 1 0
vt 0 1
vt 1 1
vt 0 0
vt 1 0
vt 0 1
vt 1 1
vt 0 0
vt 1 0
vt 0 1
vt 1 1
vt 0 0
vt 1 0
vt 0 1
vt 1 1
vt 0 0
vt 1 0
vt 0 1
vt 1 1
vt 0 0
vt 1 0
vt 0 1
vt 1 1
vt 0 0
vt 1 0
vt 0 1
vt 1 1
vt 0 0
vt 1 0
vt 0 1
vt 1 1
vt 0 0
vt 1 0
vt 0 1
vt 1 1
vt 0 0
vt 1 0
vt 0 1
vt 1 1
vt 0 0
vt 1 0
vt 0 1
vt 1 1
vt 0 0
vt 1 0
vt 0 1
vt 1 1
vt 0 0
vt 1 0
vt 0 1
vt 1 1
vt 0 0
vt 1 0
vt 0 1
vt 1 1
vt 0 0
vt 1 0
vt 0 1
vt 1 1
vt 0 0
vt 1 0
vt 0 1
vt 1 1
vt 0 0
vt 1 0
vt 0 1
vt 1 1
vt 0 0
vt 1 0
vt 0 1
vt 1 1
vt 0 0
vt 1 0
vt 0 1
vt 1 1
vt 0 0
vt 1 0
vt 0 1
vt 1 1
vt 0 0
vt 1 0
vt 0 1
vt 1 1
vt 0 0
vt 1 0
vt 0 1
vt 1 1
vt 0 0
vt 1 0
vt 0 1
vt 1 1
vt 0 0
vt 1 0
vt 0 1
vt 1 1
vt 0 0
vt 1 0
vt 0 1
vt 1 1
vt 0 0
vt 1 0
vt 0 1
vt 1 1
vt 0 0
vt 1 0
vt 0 1
vt 1 1
vt 0 0
vt 1 0
vt 0 1
vt 1 1
vt 0 0
vt 1 0
vt 0 1
vt 1 1
vt 0 0
vt 1 0
vt 0 1
vt 1 1
vt 0 0
vt 1 0
vt 0 1
vt 1 1
vt 0 0
vt 1 0
vt 0 1
vt 1 1
vt 0 0
vt 1 0
vt 0 1
vt 1 1
vt 0 0
vt 1 0
vt 0 1
vt 1 1
vt 0 0
vt 1 0
vt 0 1
vt 1 1
vt 0 0
vt 1 0
vt 0 1
vt 1 1
vt 0 0
vt 1 0
vt 0 1
vt 1 1
vt 0 0
vt 1 0
vt 0 1
vt 1 1
vt 0 0
vt 1 0
vt 0 1
vt 1 1
vt 0 0
vt 1 0
vt 0 1
vt 1 1
vt 0 0
vt 1 0
vt 0 1
vt 1 1
vt 0 0
vt 1 0
vt 0 1
vt 1 1
vt 0 0
vt 1 0
vt 0 1
vt 1 1
vt 0 0
vt 1 0
vt 0 1
vt 1 1
vt 0 0
vt 1 0
vt 0 1
vt 1 1
vt 0 0
vt 1 0
vt 0 1
vt 1 1
vt 0 0
vt 1 0
vt 0 1
vt 1 1
vt 0 0
vt 1 0
vt 0 1
vt 1 1
vt 0 0
vt 1 0
vt 0 1
vt 1 1
vt 0 0
vt 1 0
vt 0 1
vt 1 1
vt 0 0
vt 1 0
vt 0 1
vt 1 1
vt 0 0
vt 1 0
vt 0 1
vt 1 1
vt 0 0
vt 1 0
vt 0 1
vt 1 1
vt 0 0
vt 1 0
vt 0 1
vt 1 1
vt 0 0
vt 1 0
vt 0 1
vt 1 1
vt 0 0
vt 1 0
vt 0 1
vt 1 1
vt 0 0
vt 1 0
vt 0 1
vt 1 1
vt 0 0
vt 1 0
vt 0 1
vt 1 1
vt 0 0
vt 1 0
vt 0 1
vt 1 1
vt 0 0
vt 1 0
vt 0 1
vt 1 1
vt 0 0
vt 1 0
vt 0 1
vt 1 1
vt 0 0
vt 1 0
vt 0 1
vt 1 1
vt 0 0
vt 1 0
vt 0 1
vt 1 1
vt 0 0
vt 1 0
vt 0 1
vt 1 1
vt 0 0
vt 1 0
vt 0 1
vt 1 1
vt 0 0
vt 1 0
vt 0 1
vt 1 1
vt 0 0
vt 1 0
vt 0 1
vt 1 1
vt 0 0
vt 1 0
vt 0 1
vt 1 1
vt 0 0
vt 1 0
vt 0 1
vt 1 1
vt 0 0
vt 1 0
vt 0 1
vt 1 1
vt 0 0
vt 1 0
vt 0 1
vt 1 1
vt 0 0
vt 1 0
vt 0 1
vt 1 1
vt 0 0
vt 1 0
vt 0 1
vt 1 1
vt 0 0
vt 1 0
vt 0 1
vt 1 1
vt 0 0
vt 1 0
vt 0 1
vt 1 1
vt 0 0
vt 1 0
vt 0 1
vt 1 1
vt 0 0
vt 1 0
vt 0 1
vt 1 1
vt 0 0
vt 1 0
vt 0 1
vt 1 1
vt 0 0
vt 1 0
vt 0 1
vt 1 1
vt 0 0
vt 1 0
vt 0 1
vt 1 1
vt 0 0
vt 1 0
vt 0 1
vt 1 1
vt 0 0
vt 1 0
vt 0 1
vt 1 1
vt 0 0
vt 1 0
vt 0 1
vt 1 1
vt 0 0
vt 1 0
vt 0 1
vt 1 1
vt 0 0
vt 1 0
vt 0 1
vt 1 1
vt 0 0
vt 1 0
vt 0 1
vt 1 1
vt 0 0
vt 1 0
vt 0 1
vt 1 1
vt 0 0
vt 1 0
vt 0 1
vt 1 1
vt 0 0
vt 1 0
vt 0 1
vt 1 1
vt 0 0
vt 1 0
vt 0 1
vt 1 1
vt 0 0
vt 1 0
vt 0 1
vt 1 1
vt 0 0
vt 1 0
vt 0 1
vt 1 1
vt 0 0
vt 1 0
vt 0 1
vt 1 1
vt 0 0
vt 1 0
vt 0 1
vt 1 1
vt 0 0
vt 1 0
vt 0 1
vt 1 1
vt 0 0
vt 1 0
vt 0 1
vt 1 1
vt 0 0
vt 1 0
vt 0 1
vt 1 1
vt 0 0
vt 1 0
vt 0 1
vt 1 1
vt 0 0
vt 1 0
vt 0 1
vt 1 1
vt 0 0
vt 1 0
vt 0 1
vt 1 1
vt 0 0
vt 1 0
vt 0 1
vt 1 1
vt 0 0
vt 1 0
vt 0 1
vt 1 1
vt 0 0
vt 1 0
vt 0 1
vt 1 1
vt 0 0
vt 1 0
vt 0 1
vt 1 1
vt 0 0
vt 1 0
vt 0 1
vt 1 1
vt 0 0
vt 1 0
vt 0 1
vt 1 1
vt 0 0
vt 1 0
vt 0 1
vt 1 1
vt 0 0
vt 1 0
vt 0 1
vt 1 1
vt 0 0
vt 1 0
vt 0 1
vt 1 1
vt 0 0
vt 1 0
vt 0 1
vt 1 1
vt 0 0
vt 1 0
vt 0 1
vt 1 1
vt 0 0
vt 1 0
vt 0 1
vt 1 1
vt 0 0
vt 1 0
vt 0 1
vt 1 1
vt 0 0
vt 1 0
vt 0 1
vt 1 1
vt 0 0
vt 1 0
vt 0 1
vt 1 1
vt 0 0
vt 1 0
vt 0 1
vt 1 1
vt 0 0
vt 1 0
vt 0 1
vt 1 1
vt 0 0
vt 1 0
vt 0 1
vt 1 1
vt 0 0
vt 1 0
vt 0 1
vt 1 1
vt 0 0
vt 1 0
vt 0 1
vt 1 1
vt 0 0
vt 1 0
vt 0 1
vt 1 1
vt 0 0
vt 1 0
vt 0 1
vt 1 1
vt 0 0
vt 1 0
vt 0 1
vt 1 1
vt 0 0
vt 1 0
vt 0 1
vt 1 1
vt 0 0
vt 1 0
vt 0 1
vt 1 1
vt 0 0
vt 1 0
vt 0 1
vt 1 1
vt 0 0
vt 1 0
vt 0 1
vt 1 1
vt 0 0
vt 1 0
vt 0 1
vt 1 1
vt 0 0
vt 1 0
vt 0 1
vt 1 1
vt 0 0
vt 1 0
vt 0 1
vt 1 1
vt 0 0
vt 1 0
vt 0 1
vt 1 1
vt 0 0
vt 1 0
vt 0 1
vt 1 1
vt 0 0
vt 1 0
vt 0 1
vt 1 1
vt 0 0
vt 1 0
vt 0 1
vt 1 1
vt 0 0
vt 1 0
vt 0 1
vt 1 1
vt 0 0
vt 1 0
vt 0 1
vt 1 1
vt 0 0
vt 1 0
vt 0 1
vt 1 1
vt 0 0
vt 1 0
vt 0 1
vt 1 1
vt 0 0
vt 1 0
vt 0 1
vt 1 1
vt 0 0
vt 1 0
vt 0 1
vt 1 1
vt 0 0
vt 1 0
vt 0 1
vt 1 1
vt 0 0
vt 1 0
vt 0 1
vt 1 1
vt 0 0
vt 1 0
vt 0 1
vt 1 1
vt 0 0
vt 1 0
vt 0 1
vt 1 1
vt 0 0
vt 1 0
vt 0 1
vt 1 1
vt 0 0
vt 1 0
vt 0 1
vt 1 1
vt 0 0
vt 1 0
vt 0 1
vt 1 1
vt 0 0
vt 1 0
vt 0 1
vt 1 1
vt 0 0
vt 1 0
vt 0 1
vt 1 1
vt 0 0
vt 1 0
vt 0 1
vt 1 1
vt 0 0
vt 1 0
vt 0 1
vt 1 1
vt 0 0
vt 1 0
vt 0 1
vt 1 1
vt 0 0
vt 1 0
vt 0 1
vt 1 1
vt 0 0
vt 1 0
vt 0 1
vt 1 1
vt 0 0
vt 1 0
vt 0 1
vt 1 1
vt 0 0
vt 1 0
vt 0 1
vt 1 1
vt 0 0
vt 1 0
vt 0 1
vt 1 1
vt 0 0
vt 1 0
vt 0 1
vt 1 1
vt 0 0
vt 1 0
vt 0 1
vt 1 1
vt 0 0
vt 1 0
vt 0 1
vt 1 1
vt 0 0
vt 1 0
vt 0 1
vt 1 1
vt 0 0
vt 1 0
vt 0 1
vt 1 1
vt 0 0
vt 1 0
vt 0 1
vt 1 1
vt 0 0
vt 1 0
vt 0 1
vt 1 1
vt 0 0
vt 1 0
vt 0 1
vt 1 1
vt 0 0
vt 1 0
vt 0 1
vt 1 1
vt 0 0
vt 1 0
vt 0 1
vt 1 1
vt 0 0
vt 1 0
vt 0 1
vt 1 1
vt 0 0
vt 1 0
vt 0 1
vt 1 1
vt 0 0
vt 1 0
vt 0 1
vt 1 1
vt 0 0
vt 1 0
vt 0 1
vt 1 1
vt 0 0
vt 1 0
vt 0 1
vt 1 1
vt 0 0
vt 1 0
vt 0 1
vt 1 1
vt 0 0
vt 1 0
vt 0 1
vt 1 1
vt 0 0
vt 1 0
vt 0 1
vt 1 1
vt 0 0
vt 1 0
vt 0 1
vt 1 1
vt 0 0
vt 1 0
vt 0 1
vt 1 1
vt 0 0
vt 1 0
vt 0 1
vt 1 1
vt 0 0
vt 1 0
vt 0 1
vt 1 1
vt 0 0
vt 1 0
vt 0 1
vt 1 1
vt 0 0
vt 1 0
vt 0 1
vt 1 1
vt 0 0
vt 1 0
vt 0 1
vt 1 1
vt 0 0
vt 1 0
vt 0 1
vt 1 1
vt 0 0
vt 1 0
vt 0 1
vt 1 1
vt 0 0
vt 1 0
vt 0 1
vt 1 1
vt 0 0
vt 1 0
vt 0 1
vt 1 1
vt 0 0
vt 1 0
vt 0 1
vt 1 1
vt 0 0
vt 1 0
vt 0 1
vt 1 1
vt 0 0
vt 1 0
vt 0 1
vt 1 1
vt 0 0
vt 1 0
vt 0 1
vt 1 1
vt 0 0
vt 1 0
vt 0 1
vt 1 1
vt 0 0
vt 1 0
vt 0 1
vt 1 1
vt 0 0
vt 1 0
vt 0 1
vt 1 1
vt 0 0
vt 1 0
vt 0 1
vt 1 1
vt 0 0
vt 1 0
vt 0 1
vt 1 1
vt 0 0
vt 1 0
vt 0 1
vt 1 1
vt 0 0
vt 1 0
vt 0 1
vt 1 1
vt 0 0
vt 1 0
vt 0 1
vt 1 1
vt 0 0
vt 1 0
vt 0 1
vt 1 1
vt 0 0
vt 1 0
vt 0 1
vt 1 1
vt 0 0
vt 1 0
vt 0 1
vt 1 1
vt 0 0
vt 1 0
vt 0 1
vt 1 1
vt 0 0
vt 1 0
vt 0 1
vt 1 1
vt 0 0
vt 1 0
vt 0 1
vt 1 1
vt 0 0
vt 1 0
vt 0 1
vt 1 1
vt 0 0
vt 1 0
vt 0 1
vt 1 1
vt 0 0
vt 1 0
vt 0 1
vt 1 1
vt 0 0
vt 1 0
vt 0 1
vt 1 1
vt 0 0
vt 1 0
vt 0 1
vt 1 1
vt 0 0
vt 1 0
vt 0 1
vt 1 1
vt 0 0
vt 1 0
vt 0 1
vt 1 1
vt 0 0
vt 1 0
vt 0 1
vt 1 1
vt 0 0
vt 1 0
vt 0 1
vt 1 1
vt 0 0
vt 1 0
vt 0 1
vt 1 1
vt 0 0
vt 1 0
vt 0 1
vt 1 1
vt 0 0
vt 1 0
vt 0 1
vt 1 1
vt 0 0
vt 1 0
vt 0 1
vt 1 1
vt 0 0
vt 1 0
vt 0 1
vt 1 1
vt 0 0
vt 1 0
vt 0 1
vt 1 1
vt 0 0
vt 1 0
vt 0 1
vt 1 1
vt 0 0
vt 1 0
vt 0 1
vt 1 1
vt 0 0
vt 1 0
vt 0 1
vt 1 1
vt 0 0
vt 1 0
vt 0 1
vt 1 1
vt 0 0
vt 1 0
vt 0 1
vt 1 1
vt 0 0
vt 1 0
vt 0 1
vt 1 1
vt 0 0
vt 1 0
vt 0 1
vt 1 1
vt 0 0
vt 1 0
vt 0 1
vt 1 1
vt 0 0
vt 1 0
vt 0 1
vt 1 1
vt 0 0
vt 1 0
vt 0 1
vt 1 1
vt 0 0
vt 1 0
vt 0 1
vt 1 1
vt 0 0
vt 1 0
vt 0 1
vt 1 1
vt 0 0
vt 1 0
vt 0 1
vt 1 1
vt 0 0
vt 1 0
vt 0 1
vt 1 1
vt 0 0
vt 1 0
vt 0 1
vt 1 1
vt 0 0
vt 1 0
vt 0 1
vt 1 1
vt 0 0
vt 1 0
vt 0 1
vt 1 1
vt 0 0
vt 1 0
vt 0 1
vt 1 1
vt 0 0
vt 1 0
vt 0 1
vt 1 1
vt 0 0
vt 1 0
vt 0 1
vt 1 1
vt 0 0
vt 1 0
vt 0 1
vt 1 1
vt 0 0
vt 1 0
vt 0 1
vt 1 1
vt 0 0
vt 1 0
vt 0 1
vt 1 1
vt 0 0
vt 1 0
vt 0 1
vt 1 1
vt 0 0
vt 1 0
vt 0 1
vt 1 1
vt 0 0
vt 1 0
vt 0 1
vt 1 1
vt 0 0
vt 1 0
vt 0 1
vt 1 1
vt 0 0
vt 1 0
vt 0 1
vt 1 1
vt 0 0
vt 1 0
vt 0 1
vt 1 1
vt 0 0
vt 1 0
vt 0 1
vt 1 1
vt 0 0
vt 1 0
vt 0 1
vt 1 1
vt 0 0
vt 1 0
vt 0 1
vt 1 1
vt 0 0
vt 1 0
vt 0 1
vt 1 1
vt 0 0
vt 1 0
vt 0 1
vt 1 1
vt 0 0
vt 1 0
vt 0 1
vt 1 1
vt 0 0
vt 1 0
vt 0 1
vt 1 1
vt 0 0
vt 1 0
vt 0 1
vt 1 1
vt 0 0
vt 1 0
vt 0 1
vt 1 1
vt 0 0
vt 1 0
vt 0 1
vt 1 1
vt 0 0
vt 1 0
vt 0 1
vt 1 1
vt 0 0
vt 1 0
vt 0 1
vt 1 1
vt 0 0
vt 1 0
vt 0 1
vt 1 1
vt 0 0
vt 1 0
vt 0 1
vt 1 1
vt 0 0
vt 1 0
vt 0 1
vt 1 1
vt 0 0
vt 1 0
vt 0 1
vt 1 1
vt 0 0
vt 1 0
vt 0 1
vt 1 1
vt 0 0
vt 1 0
vt 0 1
vt 1 1
vt 0 0
vt 1 0
vt 0 1
vt 1 1
vt 0 0
vt 1 0
vt 0 1
vt 1 1
vt 0 0
vt 1 0
vt 0 1
vt 1 1
vt 0 0
vt 1 0
vt 0 1
vt 1 1
vt 0 0
vt 1 0
vt 0 1
vt 1 1
vt 0 0
vt 1 0
vt 0 1
vt 1 1
vt 0 0
vt 1 0
vt 0 1
vt 1 1
vt 0 0
vt 1 0
vt 0 1
vt 1 1
vt 0 0
vt 1 0
vt 0 1
vt 1 1
vt 0 0
vt 1 0
vt 0 1
vt 1 1
vt 0 0
vt 1 0
vt 0 1
vt 1 1
vt 0 0
vt 1 0
vt 0 1
vt 1 1
vt 0 0
vt 1 0
vt 0 1
vt 1 1
vt 0 0
vt 1 0
vt 0 1
vt 1 1
vt 0 0
vt 1 0
vt 0 1
vt 1 1
vt 0 0
vt 1 0
vt 0 1
vt 1 1
vt 0 0
vt 1 0
vt 0 1
vt 1 1
vt 0 0
vt 1 0
vt 0 1
vt 1 1
vt 0 0
vt 1 0
vt 0 1
vt 1 1
vt 0 0
vt 1 0
vt 0 1
vt 1 1
vt 0 0
vt 1 0
vt 0 1
vt 1 1
vt 0 0
vt 1 0
vt 0 1
vt 1 1
vt 0 0
vt 1 0
vt 0 1
vt 1 1
vt 0 0
vt 1 0
vt 0 1
vt 1 1
vt 0 0
vt 1 0
vt 0 1
vt 1 1
vt 0 0
vt 1 0
vt 0 1
vt 1 1
vt 0 0
vt 1 0
vt 0 1
vt 1 1
vt 0 0
vt 1 0
vt 0 1
vt 1 1
vt 0 0
vt 1 0
vt 0 1
vt 1 1
vt 0 0
vt 1 0
vt 0 1
vt 1 1
vt 0 0
vt 1 0
vt 0 1
vt 1 1
vt 0 0
vt 1 0
vt 0 1
vt 1 1
vt 0 0
vt 1 0
vt 0 1
vt 1 1
vt 0 0
vt 1 0
vt 0 1
vt 1 1
vt 0 0
vt 1 0
vt 0 1
vt 1 1
vt 0 0
vt 1 0
vt 0 1
vt 1 1
vt 0 0
vt 1 0
vt 0 1
vt 1 1
vt 0 0
vt 1 0
vt 0 1
vt 1 1
vt 0 0
vt 1 0
vt 0 1
vt 1 1
vt 0 0
vt 1 0
vt 0 1
vt 1 1
vt 0 0
vt 1 0
vt 0 1
vt 1 1
vt 0 0
vt 1 0
vt 0 1
vt 1 1
vt 0 0
vt 1 0
vt 0 1
vt 1 1
vt 0 0
vt 1 0
vt 0 1
vt 1 1
vt 0 0
vt 1 0
vt 0 1
vt 1 1
vt 0 0
vt 1 0
vt 0 1
vt 1 1
vt 0 0
vt 1 0
vt 0 1
vt 1 1
vt 0 0
vt 1 0
vt 0 1
vt 1 1
vt 0 0
vt 1 0
vt 0 1
vt 1 1
vt 0 0
vt 1 0
vt 0 1
vt 1 1
vt 0 0
vt 1 0
vt 0 1
vt 1 1
vt 0 0
vt 1 0
vt 0 1
vt 1 1
vt 0 0
vt 1 0
vt 0 1
vt 1 1
vt 0 0
vt 1 0
vt 0 1
vt 1 1
vt 0 0
vt 1 0
vt 0 1
vt 1 1
vt 0 0
vt 1 0
vt 0 1
vt 1 1
vt 0 0
vt 1 0
vt 0 1
vt 1 1
vt 0 0
vt 1 0
vt 0 1
vt 1 1
vt 0 0
vt 1 0
vt 0 1
vt 1 1
vt 0 0
vt 1 0
vt 0 1
vt 1 1
vt 0 0
vt 1 0
vt 0 1
vt 1 1
vt 0 0
vt 1 0
vt 0 1
vt 1 1
vt 0 0
vt 1 0
vt 0 1
vt 1 1
vt 0 0
vt 1 0
vt 0 1
vt 1 1
vt 0 0
vt 1 0
vt 0 1
vt 1 1
vt 0 0
vt 1 0
vt 0 1
vt 1 1
vt 0 0
vt 1 0
vt 0 1
vt 1 1
vt 0 0
vt 1 0
vt 0 1
vt 1 1
vt 0 0
vt 1 0
vt 0 1
vt 1 1
vt 0 0
vt 1 0
vt 0 1
vt 1 1
vt 0 0
vt 1 0
vt 0 1
vt 1 1
vt 0 0
vt 1 0
vt 0 1
vt 1 1
vt 0 0
vt 1 0
vt 0 1
vt 1 1
vt 0 0
vt 1 0
vt 0 1
vt 1 1
vt 0 0
vt 1 0
vt 0 1
vt 1 1
vt 0 0
vt 1 0
vt 0 1
vt 1 1
vt 0 0
vt 1 0
vt 0 1
vt 1 1
vt 0 0
vt 1 0
vt 0 1
vt 1 1
vt 0 0
vt 1 0
vt 0 1
vt 1 1
vt 0 0
vt 1 0
vt 0 1
vt 1 1
vt 0 0
vt 1 0
vt 0 1
vt 1 1
vt 0 0
vt 1 0
vt 0 1
vt 1 1
vt 0 0
vt 1 0
vt 0 1
vt 1 1
vt 0 0
vt 1 0
vt 0 1
vt 1 1
vt 0 0
vt 1 0
vt 0 1
vt 1 1
vt 0 0
vt 1 0
vt 0 1
vt 1 1
vt 0 0
vt 1 0
vt 0 1
vt 1 1
vt 0 0
vt 1 0
vt 0 1
vt 1 1
vt 0 0
vt 1 0
vt 0 1
vt 1 1
vt 0 0
vt 1 0
vt 0 1
vt 1 1
vt 0 0
vt 1 0
vt 0 1
vt 1 1
vt 0 0
vt 1 0
vt 0 1
vt 1 1
vt 0 0
vt 1 0
vt 0 1
vt 1 1
vt 0 0
vt 1 0
vt 0 1
vt 1 1
vt 0 0
vt 1 0
vt 0 1
vt 1 1
vt 0 0
vt 1 0
vt 0 1
vt 1 1
vt 0 0
vt 1 0
vt 0 1
vt 1 1
vt 0 0
vt 1 0
vt 0 1
vt 1 1
vt 0 0
vt 1 0
vt 0 1
vt 1 1
vt 0 0
vt 1 0
vt 0 1
vt 1 1
vt 0 0
vt 1 0
vt 0 1
vt 1 1
vt 0 0
vt 1 0
vt 0 1
vt 1 1
vt 0 0
vt 1 0
vt 0 1
vt 1 1
vt 0 0
vt 1 0
vt 0 1
vt 1 1
vt 0 0
vt 1 0
vt 0 1
vt 1 1
vt 0 0
vt 1 0
vt 0 1
vt 1 1
vt 0 0
vt 1 0
vt 0 1
vt 1 1
vt 0 0
vt 1 0
vt 0 1
vt 1 1
vt 0 0
vt 1 0
vt 0 1
vt 1 1
vt 0 0
vt 1 0
vt 0 1
vt 1 1
vt 0 0
vt 1 0
vt 0 1
vt 1 1
vt 0 0
vt 1 0
vt 0 1
vt 1 1
vt 0 0
vt 1 0
vt 0 1
vt 1 1
vt 0 0
vt 1 0
vt 0 1
vt 1 1
vt 0 0
vt 1 0
vt 0 1
vt 1 1
vt 0 0
vt 1 0
vt 0 1
vt 1 1
vt 0 0
vt 1 0
vt 0 1
vt 1 1
vt 0 0
vt 1 0
vt 0 1
vt 1 1
vt 0 0
vt 1 0
vt 0 1
vt 1 1
vt 0 0
vt 1 0
vt 0 1
vt 1 1
vt 0 0
vt 1 0
vt 0 1
vt 1 1
vt 0 0
vt 1 0
vt 0 1
vt 1 1
vt 0 0
vt 1 0
vt 0 1
vt 1 1
vt 0 0
vt 1 0
vt 0 1
vt 1 1
vt 0 0
vt 1 0
vt 0 1
vt 1 1
vt 0 0
vt 1 0
vt 0 1
vt 1 1
vt 0 0
vt 1 0
vt 0 1
vt 1 1
vt 0 0
vt 1 0
vt 0 1
vt 1 1
vt 0 0
vt 1 0
vt 0 1
vt 1 1
vt 0 0
vt 1 0
vt 0 1
vt 1 1
vt 0 0
vt 1 0
vt 0 1
vt 1 1
vt 0 0
vt 1 0
vt 0 1
vt 1 1
vt 0 0
vt 1 0
vt 0 1
vt 1 1
vt 0 0
vt 1 0
vt 0 1
vt 1 1
vt 0 0
vt 1 0
vt 0 1
vt 1 1
vt 0 0
vt 1 0
vt 0 1
vt 1 1
vt 0 0
vt 1 0
vt 0 1
vt 1 1
vt 0 0
vt 1 0
vt 0 1
vt 1 1
vt 0 0
vt 1 0
vt 0 1
vt 1 1
vt 0 0
vt 1 0
vt 0 1
vt 1 1
vt 0 0
vt 1 0
vt 0 1
vt 1 1
vt 0 0
vt 1 0
vt 0 1
vt 1 1
vt 0 0
vt 1 0
vt 0 1
vt 1 1
vt 0 0
vt 1 0
vt 0 1
vt 1 1
vt 0 0
vt 1 0
vt 0 1
vt 1 1
vt 0 0
vt 1 0
vt 0 1
vt 1 1
vt 0 0
vt 1 0
vt 0 1
vt 1 1
vt 0 0
vt 1 0
vt 0 1
vt 1 1
vt 0 0
vt 1 0
vt 0 1
vt 1 1
vt 0 0
vt 1 0
vt 0 1
vt 1 1
vt 0 0
vt 1 0
vt 0 1
vt 1 1
vt 0 0
vt 1 0
vt 0 1
vt 1 1
vt 0 0
vt 1 0
vt 0 1
vt 1 1
vt 0 0
vt 1 0
vt 0 1
vt 1 1
vt 0 0
vt 1 0
vt 0 1
vt 1 1
vt 0 0
vt 1 0
vt 0 1
vt 1 1
vt 0 0
vt 1 0
vt 0 1
vt 1 1
vt 0 0
vt 1 0
vt 0 1
vt 1 1
vt 0 0
vt 1 0
vt 0 1
vt 1 1
vt 0 0
vt 1 0
vt 0 1
vt 1 1
vt 0 0
vt 1 0
vt 0 1
vt 1 1
vt 0 0
vt 1 0
vt 0 1
vt 1 1
vt 0 0
vt 1 0
vt 0 1
vt 1 1
vt 0 0
vt 1 0
vt 0 1
vt 1 1
vt 0 0
vt 1 0
vt 0 1
vt 1 1
vt 0 0
vt 1 0
vt 0 1
vt 1 1
vt 0 0
vt 1 0
vt 0 1
vt 1 1
vt 0 0
vt 1 0
vt 0 1
vt 1 1
vt 0 0
vt 1 0
vt 0 1
vt 1 1
vt 0 0
vt 1 0
vt 0 1
vt 1 1
vt 0 0
vt 1 0
vt 0 1
vt 1 1
vt 0 0
vt 1 0
vt 0 1
vt 1 1
vt 0 0
vt 1 0
vt 0 1
vt 1 1
vt 0 0
vt 1 0
vt 0 1
vt 1 1
vt 0 0
vt 1 0
vt 0 1
vt 1 1
vt 0 0
vt 1 0
vt 0 1
vt 1 1
vt 0 0
vt 1 0
vt 0 1
vt 1 1
vt 0 0
vt 1 0
vt 0 1
vt 1 1
vt 0 0
vt 1 0
vt 0 1
vt 1 1
vt 0 0
vt 1 0
vt 0 1
vt 1 1
vt 0 0
vt 1 0
vt 0 1
vt 1 1
vt 0 0
vt 1 0
vt 0 1
vt 1 1
vt 0 0
vt 1 0
vt 0 1
vt 1 1
vt 0 0
vt 1 0
vt 0 1
vt 1 1
vt 0 0
vt 1 0
vt 0 1
vt 1 1
vt 0 0
vt 1 0
vt 0 1
vt 1 1
vt 0 0
vt 1 0
vt 0 1
vt 1 1
vt 0 0
vt 1 0
vt 0 1
vt 1 1
vt 0 0
vt 1 0
vt 0 1
vt 1 1
vt 0 0
vt 1 0
vt 0 1
vt 1 1
vt 0 0
vt 1 0
vt 0 1
vt 1 1
vt 0 0
vt 1 0
vt 0 1
vt 1 1
vt 0 0
vt 1 0
vt 0 1
vt 1 1
vt 0 0
vt 1 0
vt 0 1
vt 1 1
vt 0 0
vt 1 0
vt 0 1
vt 1 1
vt 0 0
vt 1 0
vt 0 1
vt 1 1
vt 0 0
vt 1 0
vt 0 1
vt 1 1
vt 0 0
vt 1 0
vt 0 1
vt 1 1
vt 0 0
vt 1 0
vt 0 1
vt 1 1
vt 0 0
vt 1 0
vt 0 1
vt 1 1
vt 0 0
vt 1 0
vt 0 1
vt 1 1
vt 0 0
vt 1 0
vt 0 1
vt 1 1
vt 0 0
vt 1 0
vt 0 1
vt 1 1
vt 0 0
vt 1 0
vt 0 1
vt 1 1
vt 0 0
vt 1 0
vt 0 1
vt 1 1
vt 0 0
vt 1 0
vt 0 1
vt 1 1
vt 0 0
vt 1 0
vt 0 1
vt 1 1
vt 0 0
vt 1 0
vt 0 1
vt 1 1
vt 0 0
vt 1 0
vt 0 1
vt 1 1
vt 0 0
vt 1 0
vt 0 1
vt 1 1
vt 0 0
vt 1 0
vt 0 1
vt 1 1
vt 0 0
vt 1 0
vt 0 1
vt 1 1
vt 0 0
vt 1 0
vt 0 1
vt 1 1
vt 0 0
vt 1 0
vt 0 1
vt 1 1
vt 0 0
vt 1 0
vt 0 1
vt 1 1
vt 0 0
vt 1 0
vt 0 1
vt 1 1
vt 0 0
vt 1 0
vt 0 1
vt 1 1
vt 0 0
vt 1 0
vt 0 1
vt 1 1
vt 0 0
vt 1 0
vt 0 1
vt 1 1
vt 0 0
vt 1 0
vt 0 1
vt 1 1
vt 0 0
vt 1 0
vt 0 1
vt 1 1
vt 0 0
vt 1 0
vt 0 1
vt 1 1
vt 0 0
vt 1 0
vt 0 1
vt 1 1
vt 0 0
vt 1 0
vt 0 1
vt 1 1
vt 0 0
vt 1 0
vt 0 1
vt 1 1
vt 0 0
vt 1 0
vt 0 1
vt 1 1
vt 0 0
vt 1 0
vt 0 1
vt 1 1
vt 0 0
vt 1 0
vt 0 1
vt 1 1
vt 0 0
vt 1 0
vt 0 1
vt 1 1
vt 0 0
vt 1 0
vt 0 1
vt 1 1
vt 0 0
vt 1 0
vt 0 1
vt 1 1
vt 0 0
vt 1 0
vt 0 1
vt 1 1
vt 0 0
vt 1 0
vt 0 1
vt 1 1
vt 0 0
vt 1 0
vt 0 1
vt 1 1
vt 0 0
vt 1 0
vt 0 1
vt 1 1
vt 0 0
vt 1 0
vt 0 1
vt 1 1
vt 0 0
vt 1 0
vt 0 1
vt 1 1
vt 0 0
vt 1 0
vt 0 1
vt 1 1
vt 0 0
vt 1 0
vt 0 1
vt 1 1
vt 0 0
vt 1 0
vt 0 1
vt 1 1
vt 0 0
vt 1 0
vt 0 1
vt 1 1
vt 0 0
vt 1 0
vt 0 1
vt 1 1
vt 0 0
vt 1 0
vt 0 1
vt 1 1
vt 0 0
vt 1 0
vt 0 1
vt 1 1
vt 0 0
vt 1 0
vt 0 1
vt 1 1
vt 0 0
vt 1 0
vt 0 1
vt 1 1
vt 0 0
vt 1 0
vt 0 1
vt 1 1
vt 0 0
vt 1 0
vt 0 1
vt 1 1
vt 0 0
vt 1 0
vt 0 1
vt 1 1
vt 0 0
vt 1 0
vt 0 1
vt 1 1
vt 0 0
vt 1 0
vt 0 1
vt 1 1
vt 0 0
vt 1 0
vt 0 1
vt 1 1
vt 0 0
vt 1 0
vt 0 1
vt 1 1
vt 0 0
vt 1 0
vt 0 1
vt 1 1
vt 0 0
vt 1 0
vt 0 1
vt 1 1
vt 0 0
vt 1 0
vt 0 1
vt 1 1
vt 0 0
vt 1 0
vt 0 1
vt 1 1
vt 0 0
vt 1 0
vt 0 1
vt 1 1
vt 0 0
vt 1 0
vt 0 1
vt 1 1
vt 0 0
vt 1 0
vt 0 1
vt 1 1
vt 0 0
vt 1 0
vt 0 1
vt 1 1
vt 0 0
vt 1 0
vt 0 1
vt 1 1
vt 0 0
vt 1 0
vt 0 1
vt 1 1
vt 0 0
vt 1 0
vt 0 1
vt 1 1
vt 0 0
vt 1 0
vt 0 1
vt 1 1
vt 0 0
vt 1 0
vt 0 1
vt 1 1
vt 0 0
vt 1 0
vt 0 1
vt 1 1
vt 0 0
vt 1 0
vt 0 1
vt 1 1
vt 0 0
vt 1 0
vt 0 1
vt 1 1
vt 0 0
vt 1 0
vt 0 1
vt 1 1
vt 0 0
vt 1 0
vt 0 1
vt 1 1
vt 0 0
vt 1 0
vt 0 1
vt 1 1
vt 0 0
vt 1 0
vt 0 1
vt 1 1
vt 0 0
vt 1 0
vt 0 1
vt 1 1
vt 0 0
vt 1 0
vt 0 1
vt 1 1
vt 0 0
vt 1 0
vt 0 1
vt 1 1
vt 0 0
vt 1 0
vt 0 1
vt 1 1
vt 0 0
vt 1 0
vt 0 1
vt 1 1
vt 0 0
vt 1 0
vt 0 1
vt 1 1
vt 0 0
vt 1 0
vt 0 1
vt 1 1
vt 0 0
vt 1 0
vt 0 1
vt 1 1
vt 0 0
vt 1 0
vt 0 1
vt 1 1
vt 0 0
vt 1 0
vt 0 1
vt 1 1
vt 0 0
vt 1 0
vt 0 1
vt 1 1
vt 0 0
vt 1 0
vt 0 1
vt 1 1
vt 0 0
vt 1 0
vt 0 1
vt 1 1
vt 0 0
vt 1 0
vt 0 1
vt 1 1
vt 0 0
vt 1 0
vt 0 1
vt 1 1
vt 0 0
vt 1 0
vt 0 1
vt 1 1
vt 0 0
vt 1 0
vt 0 1
vt 1 1
vt 0 0
vt 1 0
vt 0 1
vt 1 1
vt 0 0
vt 1 0
vt 0 1
vt 1 1
vt 0 0
vt 1 0
vt 0 1
vt 1 1
vt 0 0
vt 1 0
vt 0 1
vt 1 1
vt 0 0
vt 1 0
vt 0 1
vt 1 1
vt 0 0
vt 1 0
vt 0 1
vt 1 1
vt 0 0
vt 1 0
vt 0 1
vt 1 1
vt 0 0
vt 1 0
vt 0 1
vt 1 1
vt 0 0
vt 1 0
vt 0 1
vt 1 1
vt 0 0
vt 1 0
vt 0 1
vt 1 1
vt 0 0
vt 1 0
vt 0 1
vt 1 1
vt 0 0
vt 1 0
vt 0 1
vt 1 1
vt 0 0
vt 1 0
vt 0 1
vt 1 1
vt 0 0
vt 1 0
vt 0 1
vt 1 1
vt 0 0
vt 1 0
vt 0 1
vt 1 1
vt 0 0
vt 1 0
vt 0 1
vt 1 1
vt 0 0
vt 1 0
vt 0 1
vt 1 1
vt 0 0
vt 1 0
vt 0 1
vt 1 1
vt 0 0
vt 1 0
vt 0 1
vt 1 1
vt 0 0
vt 1 0
vt 0 1
vt 1 1
vt 0 0
vt 1 0
vt 0 1
vt 1 1
vt 0 0
vt 1 0
vt 0 1
vt 1 1
vt 0 0
vt 1 0
vt 0 1
vt 1 1
vt 0 0
vt 1 0
vt 0 1
vt 1 1
vt 0 0
vt 1 0
vt 0 1
vt 1 1
vt 0 0
vt 1 0
vt 0 1
vt 1 1
vt 0 0
vt 1 0
vt 0 1
vt 1 1
vt 0 0
vt 1 0
vt 0 1
vt 1 1
vt 0 0
vt 1 0
vt 0 1
vt 1 1
vt 0 0
vt 1 0
vt 0 1
vt 1 1
vt 0 0
vt 1 0
vt 0 1
vt 1 1
vt 0 0
vt 1 0
vt 0 1
vt 1 1
vt 0 0
vt 1 0
vt 0 1
vt 1 1
vt 0 0
vt 1 0
vt 0 1
vt 1 1
vt 0 0
vt 1 0
vt 0 1
vt 1 1
vt 0 0
vt 1 0
vt 0 1
vt 1 1
vt 0 0
vt 1 0
vt 0 1
vt 1 1
vt 0 0
vt 1 0
vt 0 1
vt 1 1
vt 0 0
vt 1 0
vt 0 1
vt 1 1
vt 0 0
vt 1 0
vt 0 1
vt 1 1
vt 0 0
vt 1 0
vt 0 1
vt 1 1
vt 0 0
vt 1 0
vt 0 1
vt 1 1
vt 0 0
vt 1 0
vt 0 1
vt 1 1
vt 0 0
vt 1 0
vt 0 1
vt 1 1
vt 0 0
vt 1 0
vt 0 1
vt 1 1
vt 0 0
vt 1 0
vt 0 1
vt 1 1
vt 0 0
vt 1 0
vt 0 1
vt 1 1
vt 0 0
vt 1 0
vt 0 1
vt 1 1
vt 0 0
vt 1 0
vt 0 1
vt 1 1
vt 0 0
vt 1 0
vt 0 1
vt 1 1
vt 0 0
vt 1 0
vt 0 1
vt 1 1
vt 0 0
vt 1 0
vt 0 1
vt 1 1
vt 0 0
vt 1 0
vt 0 1
vt 1 1
vt 0 0
vt 1 0
vt 0 1
vt 1 1
vt 0 0
vt 1 0
vt 0 1
vt 1 1
vt 0 0
vt 1 0
vt 0 1
vt 1 1
vt 0 0
vt 1 0
vt 0 1
vt 1 1
vt 0 0
vt 1 0
vt 0 1
vt 1 1
vt 0 0
vt 1 0
vt 0 1
vt 1 1
vt 0 0
vt 1 0
vt 0 1
vt 1 1
vt 0 0
vt 1 0
vt 0 1
vt 1 1
vt 0 0
vt 1 0
vt 0 1
vt 1 1
vt 0 0
vt 1 0
vt 0 1
vt 1 1
vt 0 0
vt 1 0
vt 0 1
vt 1 1
vt 0 0
vt 1 0
vt 0 1
vt 1 1
vt 0 0
vt 1 0
vt 0 1
vt 1 1
vt 0 0
vt 1 0
vt 0 1
vt 1 1
vt 0 0
vt 1 0
vt 0 1
vt 1 1
vt 0 0
vt 1 0
vt 0 1
vt 1 1
vt 0 0
vt 1 0
vt 0 1
vt 1 1
vt 0 0
vt 1 0
vt 0 1
vt 1 1
vt 0 0
vt 1 0
vt 0 1
vt 1 1
vt 0 0
vt 1 0
vt 0 1
vt 1 1
vt 0 0
vt 1 0
vt 0 1
vt 1 1
vt 0 0
vt 1 0
vt 0 1
vt 1 1
vt 0 0
vt 1 0
vt 0 1
vt 1 1
vt 0 0
vt 1 0
vt 0 1
vt 1 1
vt 0 0
vt 1 0
vt 0 1
vt 1 1
vt 0 0
vt 1 0
vt 0 1
vt 1 1
vt 0 0
vt 1 0
vt 0 1
vt 1 1
vt 0 0
vt 1 0
vt 0 1
vt 1 1
vt 0 0
vt 1 0
vt 0 1
vt 1 1
vt 0 0
vt 1 0
vt 0 1
vt 1 1
vt 0 0
vt 1 0
vt 0 1
vt 1 1
vt 0 0
vt 1 0
vt 0 1
vt 1 1
vt 0 0
vt 1 0
vt 0 1
vt 1 1
vt 0 0
vt 1 0
vt 0 1
vt 1 1
vt 0 0
vt 1 0
vt 0 1
vt 1 1
vt 0 0
vt 1 0
vt 0 1
vt 1 1
vt 0 0
vt 1 0
vt 0 1
vt 1 1
vt 0 0
vt 1 0
vt 0 1
vt 1 1
vt 0 0
vt 1 0
vt 0 1
vt 1 1
vt 0 0
vt 1 0
vt 0 1
vt 1 1
vt 0 0
vt 1 0
vt 0 1
vt 1 1
vt 0 0
vt 1 0
vt 0 1
vt 1 1
vt 0 0
vt 1 0
vt 0 1
vt 1 1
vt 0 0
vt 1 0
vt 0 1
vt 1 1
vt 0 0
vt 1 0
vt 0 1
vt 1 1
vt 0 0
vt 1 0
vt 0 1
vt 1 1
vt 0 0
vt 1 0
vt 0 1
vt 1 1
vt 0 0
vt 1 0
vt 0 1
vt 1 1
vt 0 0
vt 1 0
vt 0 1
vt 1 1
vt 0 0
vt 1 0
vt 0 1
vt 1 1
vt 0 0
vt 1 0
vt 0 1
vt 1 1
vt 0 0
vt 1 0
vt 0 1
vt 1 1
vt 0 0
vt 1 0
vt 0 1
vt 1 1
vt 0 0
vt 1 0
vt 0 1
vt 1 1
vt 0 0
vt 1 0
vt 0 1
vt 1 1
vt 0 0
vt 1 0
vt 0 1
vt 1 1
vt 0 0
vt 1 0
vt 0 1
vt 1 1
vt 0 0
vt 1 0
vt 0 1
vt 1 1
vt 0 0
vt 1 0
vt 0 1
vt 1 1
vt 0 0
vt 1 0
vt 0 1
vt 1 1
vt 0 0
vt 1 0
vt 0 1
vt 1 1
vt 0 0
vt 1 0
vt 0 1
vt 1 1
vt 0 0
vt 1 0
vt 0 1
vt 1 1
vt 0 0
vt 1 0
vt 0 1
vt 1 1
vt 0 0
vt 1 0
vt 0 1
vt 1 1
vt 0 0
vt 1 0
vt 0 1
vt 1 1
vt 0 0
vt 1 0
vt 0 1
vt 1 1
vt 0 0
vt 1 0
vt 0 1
vt 1 1
vt 0 0
vt 1 0
vt 0 1
vt 1 1
vt 0 0
vt 1 0
vt 0 1
vt 1 1
vt 0 0
vt 1 0
vt 0 1
vt 1 1
vt 0 0
vt 1 0
vt 0 1
vt 1 1
vt 0 0
vt 1 0
vt 0 1
vt 1 1
vt 0 0
vt 1 0
vt 0 1
vt 1 1
vt 0 0
vt 1 0
vt 0 1
vt 1 1
vt 0 0
vt 1 0
vt 0 1
vt 1 1
vt 0 0
vt 1 0
vt 0 1
vt 1 1
vt 0 0
vt 1 0
vt 0 1
vt 1 1
vt 0 0
vt 1 0
vt 0 1
vt 1 1
vt 0 0
vt 1 0
vt 0 1
vt 1 1
vt 0 0
vt 1 0
vt 0 1
vt 1 1
vt 0 0
vt 1 0
vt 0 1
vt 1 1
vt 0 0
vt 1 0
vt 0 1
vt 1 1
vt 0 0
vt 1 0
vt 0 1
vt 1 1
vt 0 0
vt 1 0
vt 0 1
vt 1 1
vt 0 0
vt 1 0
vt 0 1
vt 1 1
vt 0 0
vt 1 0
vt 0 1
vt 1 1
vt 0 0
vt 1 0
vt 0 1
vt 1 1
vt 0 0
vt 1 0
vt 0 1
vt 1 1
vt 0 0
vt 1 0
vt 0 1
vt 1 1
vt 0 0
vt 1 0
vt 0 1
vt 1 1
vt 0 0
vt 1 0
vt 0 1
vt 1 1
vt 0 0
vt 1 0
vt 0 1
vt 1 1
vt 0 0
vt 1 0
vt 0 1
vt 1 1
vt 0 0
vt 1 0
vt 0 1
vt 1 1
vt 0 0
vt 1 0
vt 0 1
vt 1 1
vt 0 0
vt 1 0
vt 0 1
vt 1 1
vt 0 0
vt 1 0
vt 0 1
vt 1 1
vt 0 0
vt 1 0
vt 0 1
vt 1 1
vt 0 0
vt 1 0
vt 0 1
vt 1 1
vt 0 0
vt 1 0
vt 0 1
vt 1 1
vt 0 0
vt 1 0
vt 0 1
vt 1 1
vt 0 0
vt 1 0
vt 0 1
vt 1 1
vt 0 0
vt 1 0
vt 0 1
vt 1 1
vt 0 0
vt 1 0
vt 0 1
vt 1 1
vt 0 0
vt 1 0
vt 0 1
vt 1 1
vt 0 0
vt 1 0
vt 0 1
vt 1 1
vt 0 0
vt 1 0
vt 0 1
vt 1 1
vt 0 0
vt 1 0
vt 0 1
vt 1 1
vt 0 0
vt 1 0
vt 0 1
vt 1 1
vt 0 0
vt 1 0
vt 0 1
vt 1 1
vt 0 0
vt 1 0
vt 0 1
vt 1 1
vt 0 0
vt 1 0
vt 0 1
vt 1 1
vt 0 0
vt 1 0
vt 0 1
vt 1 1
vt 0 0
vt 1 0
vt 0 1
vt 1 1
vt 0 0
vt 1 0
vt 0 1
vt 1 1
vt 0 0
vt 1 0
vt 0 1
vt 1 1
vt 0 0
vt 1 0
vt 0 1
vt 1 1
vt 0 0
vt 1 0
vt 0 1
vt 1 1
vt 0 0
vt 1 0
vt 0 1
vt 1 1
vt 0 0
vt 1 0
vt 0 1
vt 1 1
vt 0 0
vt 1 0
vt 0 1
vt 1 1
vt 0 0
vt 1 0
vt 0 1
vt 1 1
vt 0 0
vt 1 0
vt 0 1
vt 1 1
vt 0 0
vt 1 0
vt 0 1
vt 1 1
vt 0 0
vt 1 0
vt 0 1
vt 1 1
vt 0 0
vt 1 0
vt 0 1
vt 1 1
vt 0 0
vt 1 0
vt 0 1
vt 1 1
vt 0 0
vt 1 0
vt 0 1
vt 1 1
vt 0 0
vt 1 0
vt 0 1
vt 1 1
vt 0 0
vt 1 0
vt 0 1
vt 1 1
vt 0 0
vt 1 0
vt 0 1
vt 1 1
vt 0 0
vt 1 0
vt 0 1
vt 1 1
vt 0 0
vt 1 0
vt 0 1
vt 1 1
vt 0 0
vt 1 0
vt 0 1
vt 1 1
vt 0 0
vt 1 0
vt 0 1
vt 1 1
vt 0 0
vt 1 0
vt 0 1
vt 1 1
vt 0 0
vt 1 0
vt 0 1
vt 1 1
vt 0 0
vt 1 0
vt 0 1
vt 1 1
vt 0 0
vt 1 0
vt 0 1
vt 1 1
vt 0 0
vt 1 0
vt 0 1
vt 1 1
vt 0 0
vt 1 0
vt 0 1
vt 1 1
vt 0 0
vt 1 0
vt 0 1
vt 1 1
vt 0 0
vt 1 0
vt 0 1
vt 1 1
vt 0 0
vt 1 0
vt 0 1
vt 1 1
vt 0 0
vt 1 0
vt 0 1
vt 1 1
vt 0 0
vt 1 0
vt 0 1
vt 1 1
vt 0 0
vt 1 0
vt 0 1
vt 1 1
vt 0 0
vt 1 0
vt 0 1
vt 1 1
vt 0 0
vt 1 0
vt 0 1
vt 1 1
vt 0 0
vt 1 0
vt 0 1
vt 1 1
vt 0 0
vt 1 0
vt 0 1
vt 1 1
vt 0 0
vt 1 0
vt 0 1
vt 1 1
vt 0 0
vt 1 0
vt 0 1
vt 1 1
vt 0 0
vt 1 0
vt 0 1
vt 1 1
vt 0 0
vt 1 0
vt 0 1
vt 1 1
vt 0 0
vt 1 0
vt 0 1
vt 1 1
vt 0 0
vt 1 0
vt 0 1
vt 1 1
vt 0 0
vt 1 0
vt 0 1
vt 1 1
vt 0 0
vt 1 0
vt 0 1
vt 1 1
vt 0 0
vt 1 0
vt 0 1
vt 1 1
vt 0 0
vt 1 0
vt 0 1
vt 1 1
vt 0 0
vt 1 0
vt 0 1
vt 1 1
vt 0 0
vt 1 0
vt 0 1
vt 1 1
vt 0 0
vt 1 0
vt 0 1
vt 1 1
vt 0 0
vt 1 0
vt 0 1
vt 1 1
vt 0 0
vt 1 0
vt 0 1
vt 1 1
vt 0 0
vt 1 0
vt 0 1
vt 1 1
vt 0 0
vt 1 0
vt 0 1
vt 1 1
vt 0 0
vt 1 0
vt 0 1
vt 1 1
vt 0 0
vt 1 0
vt 0 1
vt 1 1
vt 0 0
vt 1 0
vt 0 1
vt 1 1
vt 0 0
vt 1 0
vt 0 1
vt 1 1
vt 0 0
vt 1 0
vt 0 1
vt 1 1
vt 0 0
vt 1 0
vt 0 1
vt 1 1
vt 0 0
vt 1 0
vt 0 1
vt 1 1
vt 0 0
vt 1 0
vt 0 1
vt 1 1
vt 0 0
vt 1 0
vt 0 1
vt 1 1
vt 0 0
vt 1 0
vt 0 1
vt 1 1
vt 0 0
vt 1 0
vt 0 1
vt 1 1
vt 0 0
vt 1 0
vt 0 1
vt 1 1
vt 0 0
vt 1 0
vt 0 1
vt 1 1
vt 0 0
vt 1 0
vt 0 1
vt 1 1
vt 0 0
vt 1 0
vt 0 1
vt 1 1
vt 0 0
vt 1 0
vt 0 1
vt 1 1
vt 0 0
vt 1 0
vt 0 1
vt 1 1
vt 0 0
vt 1 0
vt 0 1
vt 1 1
vt 0 0
vt 1 0
vt 0 1
vt 1 1
vt 0 0
vt 1 0
vt 0 1
vt 1 1
vt 0 0
vt 1 0
vt 0 1
vt 1 1
vt 0 0
vt 1 0
vt 0 1
vt 1 1
vt 0 0
vt 1 0
vt 0 1
vt 1 1
vt 0 0
vt 1 0
vt 0 1
vt 1 1
vt 0 0
vt 1 0
vt 0 1
vt 1 1
vt 0 0
vt 1 0
vt 0 1
vt 1 1
vt 0 0
vt 1 0
vt 0 1
vt 1 1
vt 0 0
vt 1 0
vt 0 1
vt 1 1
vt 0 0
vt 1 0
vt 0 1
vt 1 1
vt 0 0
vt 1 0
vt 0 1
vt 1 1
vt 0 0
vt 1 0
vt 0 1
vt 1 1
vt 0 0
vt 1 0
vt 0 1
vt 1 1
vt 0 0
vt 1 0
vt 0 1
vt 1 1
vt 0 0
vt 1 0
vt 0 1
vt 1 1
vt 0 0
vt 1 0
vt 0 1
vt 1 1
vt 0 0
vt 1 0
vt 0 1
vt 1 1
vt 0 0
vt 1 0
vt 0 1
vt 1 1
vt 0 0
vt 1 0
vt 0 1
vt 1 1
vt 0 0
vt 1 0
vt 0 1
vt 1 1
vt 0 0
vt 1 0
vt 0 1
vt 1 1
vt 0 0
vt 1 0
vt 0 1
vt 1 1
vt 0 0
vt 1 0
vt 0 1
vt 1 1
vt 0 0
vt 1 0
vt 0 1
vt 1 1
vt 0 0
vt 1 0
vt 0 1
vt 1 1
vt 0 0
vt 1 0
vt 0 1
vt 1 1
vt 0 0
vt 1 0
vt 0 1
vt 1 1
vt 0 0
vt 1 0
vt 0 1
vt 1 1
vt 0 0
vt 1 0
vt 0 1
vt 1 1
vt 0 0
vt 1 0
vt 0 1
vt 1 1
vt 0 0
vt 1 0
vt 0 1
vt 1 1
vt 0 0
vt 1 0
vt 0 1
vt 1 1
vt 0 0
vt 1 0
vt 0 1
vt 1 1
vt 0 0
vt 1 0
vt 0 1
vt 1 1
vt 0 0
vt 1 0
vt 0 1
vt 1 1
vt 0 0
vt 1 0
vt 0 1
vt 1 1
vt 0 0
vt 1 0
vt 0 1
vt 1 1
vt 0 0
vt 1 0
vt 0 1
vt 1 1
vt 0 0
vt 1 0
vt 0 1
vt 1 1
vt 0 0
vt 1 0
vt 0 1
vt 1 1
vt 0 0
vt 1 0
vt 0 1
vt 1 1
vt 0 0
vt 1 0
vt 0 1
vt 1 1
vt 0 0
vt 1 0
vt 0 1
vt 1 1
vt 0 0
vt 1 0
vt 0 1
vt 1 1
vt 0 0
vt 1 0
vt 0 1
vt 1 1
vt 0 0
vt 1 0
vt 0 1
vt 1 1
vt 0 0
vt 1 0
vt 0 1
vt 1 1
vt 0 0
vt 1 0
vt 0 1
vt 1 1
vt 0 0
vt 1 0
vt 0 1
vt 1 1
vt 0 0
vt 1 0
vt 0 1
vt 1 1
vt 0 0
vt 1 0
vt 0 1
vt 1 1
vt 0 0
vt 1 0
vt 0 1
vt 1 1
vt 0 0
vt 1 0
vt 0 1
vt 1 1
vt 0 0
vt 1 0
vt 0 1
vt 1 1
vt 0 0
vt 1 0
vt 0 1
vt 1 1
vt 0 0
vt 1 0
vt 0 1
vt 1 1
vt 0 0
vt 1 0
vt 0 1
vt 1 1
vt 0 0
vt 1 0
vt 0 1
vt 1 1
vt 0 0
vt 1 0
vt 0 1
vt 1 1
vt 0 0
vt 1 0
vt 0 1
vt 1 1
vt 0 0
vt 1 0
vt 0 1
vt 1 1
vt 0 0
vt 1 0
vt 0 1
vt 1 1
vt 0 0
vt 1 0
vt 0 1
vt 1 1
vt 0 0
vt 1 0
vt 0 1
vt 1 1
vt 0 0
vt 1 0
vt 0 1
vt 1 1
vt 0 0
vt 1 0
vt 0 1
vt 1 1
vt 0 0
vt 1 0
vt 0 1
vt 1 1
vt 0 0
vt 1 0
vt 0 1
vt 1 1
vt 0 0
vt 1 0
vt 0 1
vt 1 1
vt 0 0
vt 1 0
vt 0 1
vt 1 1
vt 0 0
vt 1 0
vt 0 1
vt 1 1
vt 0 0
vt 1 0
vt 0 1
vt 1 1
vt 0 0
vt 1 0
vt 0 1
vt 1 1
vt 0 0
vt 1 0
vt 0 1
vt 1 1
vt 0 0
vt 1 0
vt 0 1
vt 1 1
vt 0 0
vt 1 0
vt 0 1
vt 1 1
vt 0 0
vt 1 0
vt 0 1
vt 1 1
vt 0 0
vt 1 0
vt 0 1
vt 1 1
vt 0 0
vt 1 0
vt 0 1
vt 1 1
vt 0 0
vt 1 0
vt 0 1
vt 1 1
vt 0 0
vt 1 0
vt 0 1
vt 1 1
vt 0 0
vt 1 0
vt 0 1
vt 1 1
vt 0 0
vt 1 0
vt 0 1
vt 1 1
vt 0 0
vt 1 0
vt 0 1
vt 1 1
vt 0 0
vt 1 0
vt 0 1
vt 1 1
vt 0 0
vt 1 0
vt 0 1
vt 1 1
vt 0 0
vt 1 0
vt 0 1
vt 1 1
vt 0 0
vt 1 0
vt 0 1
vt 1 1
vt 0 0
vt 1 0
vt 0 1
vt 1 1
vt 0 0
vt 1 0
vt 0 1
vt 1 1
vt 0 0
vt 1 0
vt 0 1
vt 1 1
vt 0 0
vt 1 0
vt 0 1
vt 1 1
vt 0 0
vt 1 0
vt 0 1
vt 1 1
vt 0 0
vt 1 0
vt 0 1
vt 1 1
vt 0 0
vt 1 0
vt 0 1
vt 1 1
vt 0 0
vt 1 0
vt 0 1
vt 1 1
vt 0 0
vt 1 0
vt 0 1
vt 1 1
vt 0 0
vt 1 0
vt 0 1
vt 1 1
vt 0 0
vt 1 0
vt 0 1
vt 1 1
vt 0 0
vt 1 0
vt 0 1
vt 1 1
vt 0 0
vt 1 0
vt 0 1
vt 1 1
vt 0 0
vt 1 0
vt 0 1
vt 1 1
vt 0 0
vt 1 0
vt 0 1
vt 1 1
vt 0 0
vt 1 0
vt 0 1
vt 1 1
vt 0 0
vt 1 0
vt 0 1
vt 1 1
vt 0 0
vt 1 0
vt 0 1
vt 1 1
vt 0 0
vt 1 0
vt 0 1
vt 1 1
vt 0 0
vt 1 0
vt 0 1
vt 1 1
vt 0 0
vt 1 0
vt 0 1
vt 1 1
vt 0 0
vt 1 0
vt 0 1
vt 1 1
vt 0 0
vt 1 0
vt 0 1
vt 1 1
vt 0 0
vt 1 0
vt 0 1
vt 1 1
vt 0 0
vt 1 0
vt 0 1
vt 1 1
vt 0 0
vt 1 0
vt 0 1
vt 1 1
vt 0 0
vt 1 0
vt 0 1
vt 1 1
vt 0 0
vt 1 0
vt 0 1
vt 1 1
vt 0 0
vt 1 0
vt 0 1
vt 1 1
vt 0 0
vt 1 0
vt 0 1
vt 1 1
vt 0 0
vt 1 0
vt 0 1
vt 1 1
vt 0 0
vt 1 0
vt 0 1
vt 1 1
vt 0 0
vt 1 0
vt 0 1
vt 1 1
vt 0 0
vt 1 0
vt 0 1
vt 1 1
vt 0 0
vt 1 0
vt 0 1
vt 1 1
vt 0 0
vt 1 0
vt 0 1
vt 1 1
vt 0 0
vt 1 0
vt 0 1
vt 1 1
vt 0 0
vt 1 0
vt 0 1
vt 1 1
vt 0 0
vt 1 0
vt 0 1
vt 1 1
vt 0 0
vt 1 0
vt 0 1
vt 1 1
vt 0 0
vt 1 0
vt 0 1
vt 1 1
vt 0 0
vt 1 0
vt 0 1
vt 1 1
vt 0 0
vt 1 0
vt 0 1
vt 1 1
vt 0 0
vt 1 0
vt 0 1
vt 1 1
vt 0 0
vt 1 0
vt 0 1
vt 1 1
vt 0 0
vt 1 0
vt 0 1
vt 1 1
vt 0 0
vt 1 0
vt 0 1
vt 1 1
vt 0 0
vt 1 0
vt 0 1
vt 1 1
vt 0 0
vt 1 0
vt 0 1
vt 1 1
vt 0 0
vt 1 0
vt 0 1
vt 1 1
vt 0 0
vt 1 0
vt 0 1
vt 1 1
vt 0 0
vt 1 0
vt 0 1
vt 1 1
vt 0 0
vt 1 0
vt 0 1
vt 1 1
vt 0 0
vt 1 0
vt 0 1
vt 1 1
vt 0 0
vt 1 0
vt 0 1
vt 1 1
vt 0 0
vt 1 0
vt 0 1
vt 1 1
vt 0 0
vt 1 0
vt 0 1
vt 1 1
vt 0 0
vt 1 0
vt 0 1
vt 1 1
vt 0 0
vt 1 0
vt 0 1
vt 1 1
vt 0 0
vt 1 0
vt 0 1
vt 1 1
vt 0 0
vt 1 0
vt 0 1
vt 1 1
vt 0 0
vt 1 0
vt 0 1
vt 1 1
vt 0 0
vt 1 0
vt 0 1
vt 1 1
vt 0 0
vt 1 0
vt 0 1
vt 1 1
vt 0 0
vt 1 0
vt 0 1
vt 1 1
vt 0 0
vt 1 0
vt 0 1
vt 1 1
vt 0 0
vt 1 0
vt 0 1
vt 1 1
vt 0 0
vt 1 0
vt 0 1
vt 1 1
vt 0 0
vt 1 0
vt 0 1
vt 1 1
vt 0 0
vt 1 0
vt 0 1
vt 1 1
vt 0 0
vt 1 0
vt 0 1
vt 1 1
vt 0 0
vt 1 0
vt 0 1
vt 1 1
vt 0 0
vt 1 0
vt 0 1
vt 1 1
vt 0 0
vt 1 0
vt 0 1
vt 1 1
vt 0 0
vt 1 0
vt 0 1
vt 1 1
vt 0 0
vt 1 0
vt 0 1
vt 1 1
vt 0 0
vt 1 0
vt 0 1
vt 1 1
vt 0 0
vt 1 0
vt 0 1
vt 1 1
vt 0 0
vt 1 0
vt 0 1
vt 1 1
vt 0 0
vt 1 0
vt 0 1
vt 1 1
vt 0 0
vt 1 0
vt 0 1
vt 1 1
vt 0 0
vt 1 0
vt 0 1
vt 1 1
vt 0 0
vt 1 0
vt 0 1
vt 1 1
vt 0 0
vt 1 0
vt 0 1
vt 1 1
vt 0 0
vt 1 0
vt 0 1
vt 1 1
vt 0 0
vt 1 0
vt 0 1
vt 1 1
vt 0 0
vt 1 0
vt 0 1
vt 1 1
vt 0 0
vt 1 0
vt 0 1
vt 1 1
vt 0 0
vt 1 0
vt 0 1
vt 1 1
vt 0 0
vt 1 0
vt 0 1
vt 1 1
vt 0 0
vt 1 0
vt 0 1
vt 1 1
vt 0 0
vt 1 0
vt 0 1
vt 1 1
vt 0 0
vt 1 0
vt 0 1
vt 1 1
vt 0 0
vt 1 0
vt 0 1
vt 1 1
vt 0 0
vt 1 0
vt 0 1
vt 1 1
vt 0 0
vt 1 0
vt 0 1
vt 1 1
vt 0 0
vt 1 0
vt 0 1
vt 1 1
vt 0 0
vt 1 0
vt 0 1
vt 1 1
vt 0 0
vt 1 0
vt 0 1
vt 1 1
vt 0 0
vt 1 0
vt 0 1
vt 1 1
vt 0 0
vt 1 0
vt 0 1
vt 1 1
vt 0 0
vt 1 0
vt 0 1
vt 1 1
vt 0 0
vt 1 0
vt 0 1
vt 1 1
vt 0 0
vt 1 0
vt 0 1
vt 1 1
vt 0 0
vt 1 0
vt 0 1
vt 1 1
vt 0 0
vt 1 0
vt 0 1
vt 1 1
vt 0 0
vt 1 0
vt 0 1
vt 1 1
vt 0 0
vt 1 0
vt 0 1
vt 1 1
vt 0 0
vt 1 0
vt 0 1
vt 1 1
vt 0 0
vt 1 0
vt 0 1
vt 1 1
vt 0 0
vt 1 0
vt 0 1
vt 1 1
vt 0 0
vt 1 0
vt 0 1
vt 1 1
vt 0 0
vt 1 0
vt 0 1
vt 1 1
vt 0 0
vt 1 0
vt 0 1
vt 1 1
vt 0 0
vt 1 0
vt 0 1
vt 1 1
vt 0 0
vt 1 0
vt 0 1
vt 1 1
vt 0 0
vt 1 0
vt 0 1
vt 1 1
vt 0 0
vt 1 0
vt 0 1
vt 1 1
vt 0 0
vt 1 0
vt 0 1
vt 1 1
vt 0 0
vt 1 0
vt 0 1
vt 1 1
vt 0 0
vt 1 0
vt 0 1
vt 1 1
vt 0 0
vt 1 0
vt 0 1
vt 1 1
vt 0 0
vt 1 0
vt 0 1
vt 1 1
vt 0 0
vt 1 0
vt 0 1
vt 1 1
vt 0 0
vt 1 0
vt 0 1
vt 1 1
vt 0 0
vt 1 0
vt 0 1
vt 1 1
vt 0 0
vt 1 0
vt 0 1
vt 1 1
vt 0 0
vt 1 0
vt 0 1
vt 1 1
vt 0 0
vt 1 0
vt 0 1
vt 1 1
vt 0 0
vt 1 0
vt 0 1
vt 1 1
vt 0 0
vt 1 0
vt 0 1
vt 1 1
vt 0 0
vt 1 0
vt 0 1
vt 1 1
vt 0 0
vt 1 0
vt 0 1
vt 1 1
vt 0 0
vt 1 0
vt 0 1
vt 1 1
vt 0 0
vt 1 0
vt 0 1
vt 1 1
vt 0 0
vt 1 0
vt 0 1
vt 1 1
vt 0 0
vt 1 0
vt 0 1
vt 1 1
vt 0 0
vt 1 0
vt 0 1
vt 1 1
vt 0 0
vt 1 0
vt 0 1
vt 1 1
vt 0 0
vt 1 0
vt 0 1
vt 1 1
vt 0 0
vt 1 0
vt 0 1
vt 1 1
vt 0 0
vt 1 0
vt 0 1
vt 1 1
vt 0 0
vt 1 0
vt 0 1
vt 1 1
vt 0 0
vt 1 0
vt 0 1
vt 1 1
vt 0 0
vt 1 0
vt 0 1
vt 1 1
vt 0 0
vt 1 0
vt 0 1
vt 1 1
vt 0 0
vt 1 0
vt 0 1
vt 1 1
vt 0 0
vt 1 0
vt 0 1
vt 1 1
vt 0 0
vt 1 0
vt 0 1
vt 1 1
vt 0 0
vt 1 0
vt 0 1
vt 1 1
vt 0 0
vt 1 0
vt 0 1
vt 1 1
vt 0 0
vt 1 0
vt 0 1
vt 1 1
vt 0 0
vt 1 0
vt 0 1
vt 1 1
vt 0 0
vt 1 0
vt 0 1
vt 1 1
vt 0 0
vt 1 0
vt 0 1
vt 1 1
vt 0 0
vt 1 0
vt 0 1
vt 1 1
vt 0 0
vt 1 0
vt 0 1
vt 1 1
vt 0 0
vt 1 0
vt 0 1
vt 1 1
vt 0 0
vt 1 0
vt 0 1
vt 1 1
vt 0 0
vt 1 0
vt 0 1
vt 1 1
vt 0 0
vt 1 0
vt 0 1
vt 1 1
vt 0 0
vt 1 0
vt 0 1
vt 1 1
vt 0 0
vt 1 0
vt 0 1
vt 1 1
vt 0 0
vt 1 0
vt 0 1
vt 1 1
vt 0 0
vt 1 0
vt 0 1
vt 1 1
vt 0 0
vt 1 0
vt 0 1
vt 1 1
vt 0 0
vt 1 0
vt 0 1
vt 1 1
vt 0 0
vt 1 0
vt 0 1
vt 1 1
vt 0 0
vt 1 0
vt 0 1
vt 1 1
vt 0 0
vt 1 0
vt 0 1
vt 1 1
vt 0 0
vt 1 0
vt 0 1
vt 1 1
vt 0 0
vt 1 0
vt 0 1
vt 1 1
vt 0 0
vt 1 0
vt 0 1
vt 1 1
vt 0 0
vt 1 0
vt 0 1
vt 1 1
vt 0 0
vt 1 0
vt 0 1
vt 1 1
vt 0 0
vt 1 0
vt 0 1
vt 1 1
vt 0 0
vt 1 0
vt 0 1
vt 1 1
vt 0 0
vt 1 0
vt 0 1
vt 1 1
vt 0 0
vt 1 0
vt 0 1
vt 1 1
vt 0 0
vt 1 0
vt 0 1
vt 1 1
vt 0 0
vt 1 0
vt 0 1
vt 1 1
vt 0 0
vt 1 0
vt 0 1
vt 1 1
vt 0 0
vt 1 0
vt 0 1
vt 1 1
vt 0 0
vt 1 0
vt 0 1
vt 1 1
vt 0 0
vt 1 0
vt 0 1
vt 1 1
vt 0 0
vt 1 0
vt 0 1
vt 1 1
vt 0 0
vt 1 0
vt 0 1
vt 1 1
vt 0 0
vt 1 0
vt 0 1
vt 1 1
vt 0 0
vt 1 0
vt 0 1
vt 1 1
vt 0 0
vt 1 0
vt 0 1
vt 1 1
vt 0 0
vt 1 0
vt 0 1
vt 1 1
vt 0 0
vt 1 0
vt 0 1
vt 1 1
vt 0 0
vt 1 0
vt 0 1
vt 1 1
vt 0 0
vt 1 0
vt 0 1
vt 1 1
vt 0 0
vt 1 0
vt 0 1
vt 1 1
vt 0 0
vt 1 0
vt 0 1
vt 1 1
vt 0 0
vt 1 0
vt 0 1
vt 1 1
vt 0 0
vt 1 0
vt 0 1
vt 1 1
vt 0 0
vt 1 0
vt 0 1
vt 1 1
vt 0 0
vt 1 0
vt 0 1
vt 1 1
vt 0 0
vt 1 0
vt 0 1
vt 1 1
vt 0 0
vt 1 0
vt 0 1
vt 1 1
vt 0 0
vt 1 0
vt 0 1
vt 1 1
vt 0 0
vt 1 0
vt 0 1
vt 1 1
vt 0 0
vt 1 0
vt 0 1
vt 1 1
vt 0 0
vt 1 0
vt 0 1
vt 1 1
vt 0 0
vt 1 0
vt 0 1
vt 1 1
vt 0 0
vt 1 0
vt 0 1
vt 1 1
vt 0 0
vt 1 0
vt 0 1
vt 1 1
vt 0 0
vt 1 0
vt 0 1
vt 1 1
vt 0 0
vt 1 0
vt 0 1
vt 1 1
vt 0 0
vt 1 0
vt 0 1
vt 1 1
vt 0 0
vt 1 0
vt 0 1
vt 1 1
vt 0 0
vt 1 0
vt 0 1
vt 1 1
vt 0 0
vt 1 0
vt 0 1
vt 1 1
vt 0 0
vt 1 0
vt 0 1
vt 1 1
vt 0 0
vt 1 0
vt 0 1
vt 1 1
vt 0 0
vt 1 0
vt 0 1
vt 1 1
vt 0 0
vt 1 0
vt 0 1
vt 1 1
vt 0 0
vt 1 0
vt 0 1
vt 1 1
vt 0 0
vt 1 0
vt 0 1
vt 1 1
vt 0 0
vt 1 0
vt 0 1
vt 1 1
vt 0 0
vt 1 0
vt 0 1
vt 1 1
vt 0 0
vt 1 0
vt 0 1
vt 1 1
vt 0 0
vt 1 0
vt 0 1
vt 1 1
vt 0 0
vt 1 0
vt 0 1
vt 1 1
vt 0 0
vt 1 0
vt 0 1
vt 1 1
vt 0 0
vt 1 0
vt 0 1
vt 1 1
vt 0 0
vt 1 0
vt 0 1
vt 1 1
vt 0 0
vt 1 0
vt 0 1
vt 1 1
vt 0 0
vt 1 0
vt 0 1
vt 1 1
vt 0 0
vt 1 0
vt 0 1
vt 1 1
vt 0 0
vt 1 0
vt 0 1
vt 1 1
vt 0 0
vt 1 0
vt 0 1
vt 1 1
vt 0 0
vt 1 0
vt 0 1
vt 1 1
vt 0 0
vt 1 0
vt 0 1
vt 1 1
vt 0 0
vt 1 0
vt 0 1
vt 1 1
vt 0 0
vt 1 0
vt 0 1
vt 1 1
vt 0 0
vt 1 0
vt 0 1
vt 1 1
vt 0 0
vt 1 0
vt 0 1
vt 1 1
vt 0 0
vt 1 0
vt 0 1
vt 1 1
vt 0 0
vt 1 0
vt 0 1
vt 1 1
vt 0 0
vt 1 0
vt 0 1
vt 1 1
vt 0 0
vt 1 0
vt 0 1
vt 1 1
vt 0 0
vt 1 0
vt 0 1
vt 1 1
vt 0 0
vt 1 0
vt 0 1
vt 1 1
vt 0 0
vt 1 0
vt 0 1
vt 1 1
vt 0 0
vt 1 0
vt 0 1
vt 1 1
vt 0 0
vt 1 0
vt 0 1
vt 1 1
vt 0 0
vt 1 0
vt 0 1
vt 1 1
vt 0 0
vt 1 0
vt 0 1
vt 1 1
vt 0 0
vt 1 0
vt 0 1
vt 1 1
vt 0 0
vt 1 0
vt 0 1
vt 1 1
vt 0 0
vt 1 0
vt 0 1
vt 1 1
vt 0 0
vt 1 0
vt 0 1
vt 1 1
vt 0 0
vt 1 0
vt 0 1
vt 1 1
vt 0 0
vt 1 0
vt 0 1
vt 1 1
vt 0 0
vt 1 0
vt 0 1
vt 1 1
vt 0 0
vt 1 0
vt 0 1
vt 1 1
vt 0 0
vt 1 0
vt 0 1
vt 1 1
vt 0 0
vt 1 0
vt 0 1
vt 1 1
vt 0 0
vt 1 0
vt 0 1
vt 1 1
vt 0 0
vt 1 0
vt 0 1
vt 1 1
vt 0 0
vt 1 0
vt 0 1
vt 1 1
vt 0 0
vt 1 0
vt 0 1
vt 1 1
vt 0 0
vt 1 0
vt 0 1
vt 1 1
vt 0 0
vt 1 0
vt 0 1
vt 1 1
vt 0 0
vt 1 0
vt 0 1
vt 1 1
vt 0 0
vt 1 0
vt 0 1
vt 1 1
vt 0 0
vt 1 0
vt 0 1
vt 1 1
vt 0 0
vt 1 0
vt 0 1
vt 1 1
vt 0 0
vt 1 0
vt 0 1
vt 1 1
vt 0 0
vt 1 0
vt 0 1
vt 1 1
vt 0 0
vt 1 0
vt 0 1
vt 0.3 1
vt 0.6 1
vt 0 0
vt 0.3 0
vt 0.6 0
vt 0 1
vt 0.3 1
vt 0.6 1
vt 0 0
vt 0.3 0
vt 0.6 0
vt 0 1
vt 0.3 1
vt 0.6 1
vt 0 0
vt 0.3 0
vt 0.6 0
vt 0 1
vt 0.3 1
vt 0.6 1
vt 0 0
vt 0.3 0
vt 0.6 0
vt 0 1
vt 0.3 1
vt 0.6 1
vt 0 0
vt 0.3 0
vt 0.6 0
vt 0 1
vt 0.3 1
vt 0.6 1
vt 0 0
vt 0.3 0
vt 0.6 0
vt 0 1
vt 0.3 1
vt 0.6 1
vt 0 0
vt 0.3 0
vt 0.6 0
vt 0 1
vt 0.3 1
vt 0.6 1
vt 0 0
vt 0.3 0
vt 0.6 0
vt 0 1
vt 0.3 1
vt 0.6 1
vt 0 0
vt 0.3 0
vt 0.6 0
vt 0 1
vt 0.3 1
vt 0.6 1
vt 0 0
vt 0.3 0
vt 0.6 0
vt 0 1
vt 0.3 1
vt 0.6 1
vt 0 0
vt 0.3 0
vt 0.6 0
vt 0 1
vt 0.3 1
vt 0.6 1
vt 0 0
vt 0.3 0
vt 0.6 0
vt 0 1
vt 0.3 1
vt 0.6 1
vt 0 0
vt 0.3 0
vt 0.6 0
vt 0 1
vt 0.3 1
vt 0.6 1
vt 0 1
vt 0.3 1
vt 0.6 1
vt 0 0
vt 0.3 0
vt 0.6 0
vt 0 1
vt 0.3 1
vt 0.6 1
vt 0 0
vt 0.3 0
vt 0.6 0
vt 0 1
vt 0.3 1
vt 0.6 1
vt 0 0
vt 0.3 0
vt 0.6 0
vt 0 1
vt 0.3 1
vt 0.6 1
vt 0 0
vt 0.3 0
vt 0.6 0
vt 0 1
vt 0.3 1
vt 0.6 1
vt 0 0
vt 0.3 0
vt 0.6 0
vt 0 1
vt 0.3 1
vt 0.6 1
vt 0 0
vt 0.3 0
vt 0.6 0
vt 0 1
vt 0.3 1
vt 0.6 1
vt 0 0
vt 0.3 0
vt 0.6 0
vt 0 1
vt 0.3 1
vt 0.6 1
vt 0 0
vt 0.3 0
vt 0.6 0
vt 0 1
vt 0.3 1
vt 0.6 1
vt 0 0
vt 0.3 0
vt 0.6 0
vt 0 1
vt 0.3 1
vt 0.6 1
vt 0 1
vt 0.3 1
vt 0.6 1
vt 0 0
vt 0.3 0
vt 0.6 0
vt 0 1
vt 0.3 1
vt 0.6 1
vt 0 0
vt 0.3 0
vt 0.6 0
vt 0 1
vt 0.3 1
vt 0.6 1
vt 0 0
vt 0.3 0
vt 0.6 0
vt 0 1
vt 0.3 1
vt 0.6 1
vt 0 0
vt 0.3 0
vt 0.6 0
vt 0 1
vt 0.3 1
vt 0.6 1
vt 0 0
vt 0.3 0
vt 0.6 0
vt 0 1
vt 0.3 1
vt 0.6 1
vt 0 0
vt 0.3 0
vt 0.6 0
vt 0 1
vt 0.3 1
vt 0.6 1
vt 0 0
vt 0.3 0
vt 0.6 0
vt 0 1
vt 0.3 1
vt 0.6 1
vt 0 0
vt 0.3 0
vt 0.6 0
vt 0 1
vt 0.3 1
vt 0.6 1
vt 0 1
vt 0.3 1
vt 0.6 1
vt 0 0
vt 0.3 0
vt 0.6 0
vt 0 1
vt 0.3 1
vt 0.6 1
vt 0 0
vt 0.3 0
vt 0.6 0
vt 0 1
vt 0.3 1
vt 0.6 1
vt 0 0
vt 0.3 0
vt 0.6 0
vt 0 1
vt 0.3 1
vt 0.6 1
vt 0 0
vt 0.3 0
vt 0.6 0
vt 0 1
vt 0.3 1
vt 0.6 1
vt 0 0
vt 0.3 0
vt 0.6 0
vt 0 1
vt 0.3 1
vt 0.6 1
vt 0 0
vt 0.3 0
vt 0.6 0
vt 0 1
vt 0.3 1
vt 0.6 1
vt 0 0
vt 0.3 0
vt 0.6 0
vt 0 1
vt 0.3 1
vt 0.6 1
vt 0 0
vt 0.3 0
vt 0.6 0
vt 0 1
vt 0.3 1
vt 0.6 1
vt 0 0
vt 0.3 0
vt 0.6 0
vt 0 1
vt 0.3 1
vt 0.6 1
vt 0 0
vt 0.3 0
vt 0.6 0
vt 0 1
vt 0.3 1
vt 0.6 1
vt 0 0
vt 0.3 0
vt 0.6 0
vt 0 1
vt 0.3 1
vt 0.6 1
vt 0 0
vt 0.3 0
vt 0.6 0
vt 0 1
vt 0.3 1
vt 0.6 1
vt 0 0
vt 0.3 0
vt 0.6 0
vt 0 1
vt 0.3 1
vt 0.6 1
vt 0 0
vt 0.3 0
vt 0.6 0
vt 0 1
vt 0.3 1
vt 0.6 1
vt 0 0
vt 0.3 0
vt 0.6 0
vt 0 1
vt 0.3 1
vt 0.6 1
vt 0 1
vt 0.3 1
vt 0.6 1
vt 0 0
vt 0.3 0
vt 0.6 0
vt 0 1
vt 0.3 1
vt 0.6 1
vt 0 0
vt 0.3 0
vt 0.6 0
vt 0 1
vt 0.3 1
vt 0.6 1
vt 0 0
vt 0.3 0
vt 0.6 0
vt 0 1
vt 0.3 1
vt 0.6 1
vt 0 0
vt 0.3 0
vt 0.6 0
vt 0 1
vt 0.3 1
vt 0.6 1
vt 0 0
vt 0.3 0
vt 0.6 0
vt 0 1
vt 0.3 1
vt 0.6 1
vt 0 0
vt 0.3 0
vt 0.6 0
vt 0 1
vt 0.3 1
vt 0.6 1
vt 0 0
vt 0.3 0
vt 0.6 0
vt 0 1
vt 0.3 1
vt 0.6 1
vt 0 0
vt 0.3 0
vt 0.6 0
vt 0 1
vt 0.3 1
vt 0.6 1
vt 0 0
vt 0.3 0
vt 0.6 0
vt 0 1
vt 0.3 1
vt 0.6 1
vt 0 0
vt 0.3 0
vt 0.6 0
vt 0 1
vt 0.3 1
vt 0.6 1
vt 0 0
vt 0.3 0
vt 0.6 0
vt 0 1
vt 0.3 1
vt 0.6 1
vt 0 0
vt 0.3 0
vt 0.6 0
vt 0 1
vt 0.3 1
vt 0.6 1
vt 0 0
vt 0.3 0
vt 0.6 0
vt 0 1
vt 0.3 1
vt 0.6 1
vt 0 0
vt 0.3 0
vt 0.6 0
vt 0 1
vt 0.3 1
vt 0.6 1
vt 0 0
vt 0.3 0
vt 0.6 0
vt 0 1
vt 0.3 1
vt 0.6 1
vt 0 0
vt 0.3 0
vt 0.6 0
vt 0 1
vt 0.3 1
vt 0.6 1
vt 0 0
vt 0.3 0
vt 0.6 0
vt 0 1
vt 0.3 1
vt 0.6 1
vt 0 0
vt 0.3 0
vt 0.6 0
vt 0 1
vt 0.3 1
vt 0.6 1
vt 0 1
vt 0.3 1
vt 0.6 1
vt 0 0
vt 0.3 0
vt 0.6 0
vt 0 1
vt 0.3 1
vt 0.6 1
vt 0 0
vt 0.3 0
vt 0.6 0
vt 0 1
vt 0.3 1
vt 0.6 1
vt 0 0
vt 0.3 0
vt 0.6 0
vt 0 1
vt 0.3 1
vt 0.6 1
vt 0 0
vt 0.3 0
vt 0.6 0
vt 0 1
vt 0.3 1
vt 0.6 1
vt 0 0
vt 0.3 0
vt 0.6 0
vt 0 1
vt 0.3 1
vt 0.6 1
vt 0 0
vt 0.3 0
vt 0.6 0
vt 0 1
vt 0.3 1
vt 0.6 1
vt 0 0
vt 0.3 0
vt 0.6 0
vt 0 1
vt 0.3 1
vt 0.6 1
vt 0 0
vt 0.3 0
vt 0.6 0
vt 0 1
vt 0.3 1
vt 0.6 1
vt 0 0
vt 0.3 0
vt 0.6 0
vt 0 1
vt 0.3 1
vt 0.6 1
vt 0 1
vt 0.3 1
vt 0.6 1
vt 0 0
vt 0.3 0
vt 0.6 0
vt 0 1
vt 0.3 1
vt 0.6 1
vt 0 0
vt 0.3 0
vt 0.6 0
vt 0 1
vt 0.3 1
vt 0.6 1
vt 0 0
vt 0.3 0
vt 0.6 0
vt 0 1
vt 0.3 1
vt 0.6 1
vt 0 0
vt 0.3 0
vt 0.6 0
vt 0 1
vt 0.3 1
vt 0.6 1
vt 0 0
vt 0.3 0
vt 0.6 0
vt 0 1
vt 0.3 1
vt 0.6 1
vt 0 0
vt 0.3 0
vt 0.6 0
vt 0 1
vt 0.3 1
vt 0.6 1
vt 0 0
vt 0.3 0
vt 0.6 0
vt 0 1
vt 0.3 1
vt 0.6 1
vt 0 1
vt 0.3 1
vt 0.6 1
vt 0 0
vt 0.3 0
vt 0.6 0
vt 0 1
vt 0.3 1
vt 0.6 1
vt 0 0
vt 0.3 0
vt 0.6 0
vt 0 1
vt 0.3 1
vt 0.6 1
vt 0 0
vt 0.3 0
vt 0.6 0
vt 0 1
vt 0.3 1
vt 0.6 1
vt 0 0
vt 0.3 0
vt 0.6 0
vt 0 1
vt 0.3 1
vt 0.6 1
vt 0 0
vt 0.3 0
vt 0.6 0
vt 0 1
vt 0.3 1
vt 0.6 1
vt 0 1
vt 0.3 1
vt 0.6 1
vt 0 0
vt 0.3 0
vt 0.6 0
vt 0 1
vt 0.3 1
vt 0.6 1
vt 0 0
vt 0.3 0
vt 0.6 0
vt 0 1
vt 0.3 1
vt 0.6 1
vt 0 0
vt 0.3 0
vt 0.6 0
vt 0 1
vt 0.3 1
vt 0.6 1
vt 0 1
vt 0.3 1
vt 0.6 1
vt 0 0
vt 0.3 0
vt 0.6 0
vt 0 1
vt 0.3 1
vt 0.6 1
usemtl leaf_adult
f 11/11/11 9/9/9 10/10/10
f 10/10/10 12/12/12 11/11/11
f 31/31/31 29/29/29 30/30/30
f 30/30/30 32/32/32 31/31/31
f 35/35/35 33/33/33 34/34/34
f 34/34/34 36/36/36 35/35/35
f 75/75/75 73/73/73 74/74/74
f 74/74/74 76/76/76 75/75/75
f 91/91/91 89/89/89 90/90/90
f 90/90/90 92/92/92 91/91/91
f 99/99/99 97/97/97 98/98/98
f 98/98/98 100/100/100 99/99/99
f 103/103/103 101/101/101 102/102/102
f 102/102/102 104/104/104 103/103/103
f 139/139/139 137/137/137 138/138/138
f 138/138/138 140/140/140 139/139/139
f 143/143/143 141/141/141 142/142/142
f 142/142/142 144/144/144 143/143/143
f 151/151/151 149/149/149 150/150/150
f 150/150/150 152/152/152 151/151/151
f 191/191/191 189/189/189 190/190/190
f 190/190/190 192/192/192 191/191/191
f 199/199/199 197/197/197 198/198/198
f 198/198/198 200/200/200 199/199/199
f 203/203/203 201/201/201 202/202/202
f 202/202/202 204/204/204 203/203/203
f 219/219/219 217/217/217 218/218/218
f 218/218/218 220/220/220 219/219/219
f 243/243/243 241/241/241 242/242/242
f 242/242/242 244/244/244 243/243/243
f 263/263/263 261/261/261 262/262/262
f 262/262/262 264/264/264 263/263/263
f 271/271/271 269/269/269 270/270/270
f 270/270/270 272/272/272 271/271/271
f 279/279/279 277/277/277 278/278/278
f 278/278/278 280/280/280 279/279/279
f 295/295/295 293/293/293 294/294/294
f 294/294/294 296/296/296 295/295/295
f 303/303/303 301/301/301 302/302/302
f 302/302/302 304/304/304 303/303/303
f 327/327/327 325/325/325 326/326/326
f 326/326/326 328/328/328 327/327/327
f 335/335/335 333/333/333 334/334/334
f 334/334/334 336/336/336 335/335/335
f 343/343/343 341/341/341 342/342/342
f 342/342/342 344/344/344 343/343/343
f 371/371/371 369/369/369 370/370/370
f 370/370/370 372/372/372 371/371/371
f 395/395/395 393/393/393 394/394/394
f 394/394/394 396/396/396 395/395/395
f 411/411/411 409/409/409 410/410/410
f 410/410/410 412/412/412 411/411/411
f 419/419/419 417/417/417 418/418/418
f 418/418/418 420/420/420 419/419/419
f 423/423/423 421/421/421 422/422/422
f 422/422/422 424/424/424 423/423/423
f 443/443/443 441/441/441 442/442/442
f 442/442/442 444/444/444 443/443/443
f 455/455/455 453/453/453 454/454/454
f 454/454/454 456/456/456 455/455/455
f 495/495/495 493/493/493 494/494/494
f 494/494/494 496/496/496 495/495/495
f 507/507/507 505/505/505 506/506/506
f 506/506/506 508/508/508 507/507/507
f 531/531/531 529/529/529 530/530/530
f 530/530/530 532/532/532 531/531/531
f 535/535/535 533/533/533 534/534/534
f 534/534/534 536/536/536 535/535/535
f 603/603/603 601/601/601 602/602/602
f 602/602/602 604/604/604 603/603/603
f 615/615/615 613/613/613 614/614/614
f 614/614/614 616/616/616 615/615/615
f 639/639/639 637/637/637 638/638/638
f 638/638/638 640/640/640 639/639/639
f 679/679/679 677/677/677 678/678/678
f 678/678/678 680/680/680 679/679/679
f 683/683/683 681/681/681 682/682/682
f 682/682/682 684/684/684 683/683/683
f 703/703/703 701/701/701 702/702/702
f 702/702/702 704/704/704 703/703/703
f 707/707/707 705/705/705 706/706/706
f 706/706/706 708/708/708 707/707/707
f 715/715/715 713/713/713 714/714/714
f 714/714/714 716/716/716 715/715/715
f 731/731/731 729/729/729 730/730/730
f 730/730/730 732/732/732 731/731/731
f 735/735/735 733/733/733 734/734/734
f 734/734/734 736/736/736 735/735/735
f 743/743/743 741/741/741 742/742/742
f 742/742/742 744/744/744 743/743/743
f 803/803/803 801/801/801 802/802/802
f 802/802/802 804/804/804 803/803/803
f 827/827/827 825/825/825 826/826/826
f 826/826/826 828/828/828 827/827/827
f 831/831/831 829/829/829 830/830/830
f 830/830/830 832/832/832 831/831/831
f 875/875/875 873/873/873 874/874/874
f 874/874/874 876/876/876 875/875/875
f 899/899/899 897/897/897 898/898/898
f 898/898/898 900/900/900 899/899/899
f 903/903/903 901/901/901 902/902/902
f 902/902/902 904/904/904 903/903/903
f 919/919/919 917/917/917 918/918/918
f 918/918/918 920/920/920 919/919/919
f 983/983/983 981/981/981 982/982/982
f 982/982/982 984/984/984 983/983/983
f 1011/1011/1011 1009/1009/1009 1010/1010/1010
f 1010/1010/1010 1012/1012/1012 1011/1011/1011
f 1079/1079/1079 1077/1077/1077 1078/1078/1078
f 1078/1078/1078 1080/1080/1080 1079/1079/1079
f 1111/1111/1111 1109/1109/1109 1110/1110/1110
f 1110/1110/1110 1112/1112/1112 1111/1111/1111
f 1143/1143/1143 1141/1141/1141 1142/1142/1142
f 1142/1142/1142 1144/1144/1144 1143/1143/1143
f 1155/1155/1155 1153/1153/1153 1154/1154/1154
f 1154/1154/1154 1156/1156/1156 1155/1155/1155
f 1175/1175/1175 1173/1173/1173 1174/1174/1174
f 1174/1174/1174 1176/1176/1176 1175/1175/1175
f 1195/1195/1195 1193/1193/1193 1194/1194/1194
f 1194/1194/1194 1196/1196/1196 1195/1195/1195
f 1211/1211/1211 1209/1209/1209 1210/1210/1210
f 1210/1210/1210 1212/1212/1212 1211/1211/1211
f 1235/1235/1235 1233/1233/1233 1234/1234/1234
f 1234/1234/1234 1236/1236/1236 1235/1235/1235
f 1239/1239/1239 1237/1237/1237 1238/1238/1238
f 1238/1238/1238 1240/1240/1240 1239/1239/1239
f 1255/1255/1255 1253/1253/1253 1254/1254/1254
f 1254/1254/1254 1256/1256/1256 1255/1255/1255
f 1263/1263/1263 1261/1261/1261 1262/1262/1262
f 1262/1262/1262 1264/1264/1264 1263/1263/1263
f 1271/1271/1271 1269/1269/1269 1270/1270/1270
f 1270/1270/1270 1272/1272/1272 1271/1271/1271
f 1295/1295/1295 1293/1293/1293 1294/1294/1294
f 1294/1294/1294 1296/1296/1296 1295/1295/1295
f 1323/1323/1323 1321/1321/1321 1322/1322/1322
f 1322/1322/1322 1324/1324/1324 1323/1323/1323
f 1335/1335/1335 1333/1333/1333 1334/1334/1334
f 1334/1334/1334 1336/1336/1336 1335/1335/1335
f 1339/1339/1339 1337/1337/1337 1338/1338/1338
f 1338/1338/1338 1340/1340/1340 1339/1339/1339
f 1375/1375/1375 1373/1373/1373 1374/1374/1374
f 1374/1374/1374 1376/1376/1376 1375/1375/1375
f 1407/1407/1407 1405/1405/1405 1406/1406/1406
f 1406/1406/1406 1408/1408/1408 1407/1407/1407
f 1411/1411/1411 1409/1409/1409 1410/1410/1410
f 1410/1410/1410 1412/1412/1412 1411/1411/1411
f 1415/1415/1415 1413/1413/1413 1414/1414/1414
f 1414/1414/1414 1416/1416/1416 1415/1415/1415
f 1439/1439/1439 1437/1437/1437 1438/1438/1438
f 1438/1438/1438 1440/1440/1440 1439/1439/1439
f 1455/1455/1455 1453/1453/1453 1454/1454/1454
f 1454/1454/1454 1456/1456/1456 1455/1455/1455
f 1463/1463/1463 1461/1461/1461 1462/1462/1462
f 1462/1462/1462 1464/1464/1464 1463/1463/1463
f 1535/1535/1535 1533/1533/1533 1534/1534/1534
f 1534/1534/1534 1536/1536/1536 1535/1535/1535
f 1567/1567/1567 1565/1565/1565 1566/1566/1566
f 1566/1566/1566 1568/1568/1568 1567/1567/1567
f 1575/1575/1575 1573/1573/1573 1574/1574/1574
f 1574/1574/1574 1576/1576/1576 1575/1575/1575
f 1595/1595/1595 1593/1593/1593 1594/1594/1594
f 1594/1594/1594 1596/1596/1596 1595/1595/1595
f 1599/1599/1599 1597/1597/1597 1598/1598/1598
f 1598/1598/1598 1600/1600/1600 1599/1599/1599
f 1603/1603/1603 1601/1601/1601 1602/1602/1602
f 1602/1602/1602 1604/1604/1604 1603/1603/1603
f 1635/1635/1635 1633/1633/1633 1634/1634/1634
f 1634/1634/1634 1636/1636/1636 1635/1635/1635
f 1655/1655/1655 1653/1653/1653 1654/1654/1654
f 1654/1654/1654 1656/1656/1656 1655/1655/1655
f 1683/1683/1683 1681/1681/1681 1682/1682/1682
f 1682/1682/1682 1684/1684/1684 1683/1683/1683
f 1703/1703/1703 1701/1701/1701 1702/1702/1702
f 1702/1702/1702 1704/1704/1704 1703/1703/1703
f 1707/1707/1707 1705/1705/1705 1706/1706/1706
f 1706/1706/1706 1708/1708/1708 1707/1707/1707
f 1711/1711/1711 1709/1709/1709 1710/1710/1710
f 1710/1710/1710 1712/1712/1712 1711/1711/1711
f 1715/1715/1715 1713/1713/1713 1714/1714/1714
f 1714/1714/1714 1716/1716/1716 1715/1715/1715
f 1731/1731/1731 1729/1729/1729 1730/1730/1730
f 1730/1730/1730 1732/1732/1732 1731/1731/1731
f 1751/1751/1751 1749/1749/1749 1750/1750/1750
f 1750/1750/1750 1752/1752/1752 1751/1751/1751
f 1763/1763/1763 1761/1761/1761 1762/1762/1762
f 1762/1762/1762 1764/1764/1764 1763/1763/1763
f 1787/1787/1787 1785/1785/1785 1786/1786/1786
f 1786/1786/1786 1788/1788/1788 1787/1787/1787
f 1811/1811/1811 1809/1809/1809 1810/1810/1810
f 1810/1810/1810 1812/1812/1812 1811/1811/1811
f 1839/1839/1839 1837/1837/1837 1838/1838/1838
f 1838/1838/1838 1840/1840/1840 1839/1839/1839
f 1847/1847/1847 1845/1845/1845 1846/1846/1846
f 1846/1846/1846 1848/1848/1848 1847/1847/1847
f 1855/1855/1855 1853/1853/1853 1854/1854/1854
f 1854/1854/1854 1856/1856/1856 1855/1855/1855
f 1859/1859/1859 1857/1857/1857 1858/1858/1858
f 1858/1858/1858 1860/1860/1860 1859/1859/1859
f 1867/1867/1867 1865/1865/1865 1866/1866/1866
f 1866/1866/1866 1868/1868/1868 1867/1867/1867
f 1899/1899/1899 1897/1897/1897 1898/1898/1898
f 1898/1898/1898 1900/1900/1900 1899/1899/1899
f 1903/1903/1903 1901/1901/1901 1902/1902/1902
f 1902/1902/1902 1904/1904/1904 1903/1903/1903
f 1923/1923/1923 1921/1921/1921 1922/1922/1922
f 1922/1922/1922 1924/1924/1924 1923/1923/1923
f 1963/1963/1963 1961/1961/1961 1962/1962/1962
f 1962/1962/1962 1964/1964/1964 1963/1963/1963
f 1979/1979/1979 1977/1977/1977 1978/1978/1978
f 1978/1978/1978 1980/1980/1980 1979/1979/1979
f 1991/1991/1991 1989/1989/1989 1990/1990/1990
f 1990/1990/1990 1992/1992/1992 1991/1991/1991
f 1995/1995/1995 1993/1993/1993 1994/1994/1994
f 1994/1994/1994 1996/1996/1996 1995/1995/1995
f 2003/2003/2003 2001/2001/2001 2002/2002/2002
f 2002/2002/2002 2004/2004/2004 2003/2003/2003
f 2011/2011/2011 2009/2009/2009 2010/2010/2010
f 2010/2010/2010 2012/2012/2012 2011/2011/2011
f 2047/2047/2047 2045/2045/2045 2046/2046/2046
f 2046/2046/2046 2048/2048/2048 2047/2047/2047
f 2067/2067/2067 2065/2065/2065 2066/2066/2066
f 2066/2066/2066 2068/2068/2068 2067/2067/2067
f 2087/2087/2087 2085/2085/2085 2086/2086/2086
f 2086/2086/2086 2088/2088/2088 2087/2087/2087
f 2107/2107/2107 2105/2105/2105 2106/2106/2106
f 2106/2106/2106 2108/2108/2108 2107/2107/2107
f 2115/2115/2115 2113/2113/2113 2114/2114/2114
f 2114/2114/2114 2116/2116/2116 2115/2115/2115
f 2131/2131/2131 2129/2129/2129 2130/2130/2130
f 2130/2130/2130 2132/2132/2132 2131/2131/2131
f 2143/2143/2143 2141/2141/2141 2142/2142/2142
f 2142/2142/2142 2144/2144/2144 2143/2143/2143
f 2159/2159/2159 2157/2157/2157 2158/2158/2158
f 2158/2158/2158 2160/2160/2160 2159/2159/2159
f 2163/2163/2163 2161/2161/2161 2162/2162/2162
f 2162/2162/2162 2164/2164/2164 2163/2163/2163
f 2175/2175/2175 2173/2173/2173 2174/2174/2174
f 2174/2174/2174 2176/2176/2176 2175/2175/2175
f 2227/2227/2227 2225/2225/2225 2226/2226/2226
f 2226/2226/2226 2228/2228/2228 2227/2227/2227
f 2259/2259/2259 2257/2257/2257 2258/2258/2258
f 2258/2258/2258 2260/2260/2260 2259/2259/2259
f 2263/2263/2263 2261/2261/2261 2262/2262/2262
f 2262/2262/2262 2264/2264/2264 2263/2263/2263
f 2275/2275/2275 2273/2273/2273 2274/2274/2274
f 2274/2274/2274 2276/2276/2276 2275/2275/2275
f 2303/2303/2303 2301/2301/2301 2302/2302/2302
f 2302/2302/2302 2304/2304/2304 2303/2303/2303
f 2339/2339/2339 2337/2337/2337 2338/2338/2338
f 2338/2338/2338 2340/2340/2340 2339/2339/2339
f 2343/2343/2343 2341/2341/2341 2342/2342/2342
f 2342/2342/2342 2344/2344/2344 2343/2343/2343
f 2347/2347/2347 2345/2345/2345 2346/2346/2346
f 2346/2346/2346 2348/2348/2348 2347/2347/2347
f 2355/2355/2355 2353/2353/2353 2354/2354/2354
f 2354/2354/2354 2356/2356/2356 2355/2355/2355
f 2391/2391/2391 2389/2389/2389 2390/2390/2390
f 2390/2390/2390 2392/2392/2392 2391/2391/2391
f 2399/2399/2399 2397/2397/2397 2398/2398/2398
f 2398/2398/2398 2400/2400/2400 2399/2399/2399
f 2411/2411/2411 2409/2409/2409 2410/2410/2410
f 2410/2410/2410 2412/2412/2412 2411/2411/2411
f 2415/2415/2415 2413/2413/2413 2414/2414/2414
f 2414/2414/2414 2416/2416/2416 2415/2415/2415
f 2419/2419/2419 2417/2417/2417 2418/2418/2418
f 2418/2418/2418 2420/2420/2420 2419/2419/2419
f 2423/2423/2423 2421/2421/2421 2422/2422/2422
f 2422/2422/2422 2424/2424/2424 2423/2423/2423
f 2435/2435/2435 2433/2433/2433 2434/2434/2434
f 2434/2434/2434 2436/2436/2436 2435/2435/2435
f 2443/2443/2443 2441/2441/2441 2442/2442/2442
f 2442/2442/2442 2444/2444/2444 2443/2443/2443
f 2447/2447/2447 2445/2445/2445 2446/2446/2446
f 2446/2446/2446 2448/2448/2448 2447/2447/2447
f 2467/2467/2467 2465/2465/2465 2466/2466/2466
f 2466/2466/2466 2468/2468/2468 2467/2467/2467
f 2491/2491/2491 2489/2489/2489 2490/2490/2490
f 2490/2490/2490 2492/2492/2492 2491/2491/2491
f 2507/2507/2507 2505/2505/2505 2506/2506/2506
f 2506/2506/2506 2508/2508/2508 2507/2507/2507
f 2539/2539/2539 2537/2537/2537 2538/2538/2538
f 2538/2538/2538 2540/2540/2540 2539/2539/2539
f 2555/2555/2555 2553/2553/2553 2554/2554/2554
f 2554/2554/2554 2556/2556/2556 2555/2555/2555
f 2583/2583/2583 2581/2581/2581 2582/2582/2582
f 2582/2582/2582 2584/2584/2584 2583/2583/2583
f 2587/2587/2587 2585/2585/2585 2586/2586/2586
f 2586/2586/2586 2588/2588/2588 2587/2587/2587
f 2595/2595/2595 2593/2593/2593 2594/2594/2594
f 2594/2594/2594 2596/2596/2596 2595/2595/2595
f 2599/2599/2599 2597/2597/2597 2598/2598/2598
f 2598/2598/2598 2600/2600/2600 2599/2599/2599
f 2639/2639/2639 2637/2637/2637 2638/2638/2638
f 2638/2638/2638 2640/2640/2640 2639/2639/2639
f 2647/2647/2647 2645/2645/2645 2646/2646/2646
f 2646/2646/2646 2648/2648/2648 2647/2647/2647
f 2659/2659/2659 2657/2657/2657 2658/2658/2658
f 2658/2658/2658 2660/2660/2660 2659/2659/2659
f 2663/2663/2663 2661/2661/2661 2662/2662/2662
f 2662/2662/2662 2664/2664/2664 2663/2663/2663
f 2679/2679/2679 2677/2677/2677 2678/2678/2678
f 2678/2678/2678 2680/2680/2680 2679/2679/2679
f 2691/2691/2691 2689/2689/2689 2690/2690/2690
f 2690/2690/2690 2692/2692/2692 2691/2691/2691
f 2703/2703/2703 2701/2701/2701 2702/2702/2702
f 2702/2702/2702 2704/2704/2704 2703/2703/2703
f 2751/2751/2751 2749/2749/2749 2750/2750/2750
f 2750/2750/2750 2752/2752/2752 2751/2751/2751
f 2759/2759/2759 2757/2757/2757 2758/2758/2758
f 2758/2758/2758 2760/2760/2760 2759/2759/2759
f 2775/2775/2775 2773/2773/2773 2774/2774/2774
f 2774/2774/2774 2776/2776/2776 2775/2775/2775
f 2795/2795/2795 2793/2793/2793 2794/2794/2794
f 2794/2794/2794 2796/2796/2796 2795/2795/2795
f 2815/2815/2815 2813/2813/2813 2814/2814/2814
f 2814/2814/2814 2816/2816/2816 2815/2815/2815
f 2831/2831/2831 2829/2829/2829 2830/2830/2830
f 2830/2830/2830 2832/2832/2832 2831/2831/2831
f 2847/2847/2847 2845/2845/2845 2846/2846/2846
f 2846/2846/2846 2848/2848/2848 2847/2847/2847
f 2859/2859/2859 2857/2857/2857 2858/2858/2858
f 2858/2858/2858 2860/2860/2860 2859/2859/2859
f 2883/2883/2883 2881/2881/2881 2882/2882/2882
f 2882/2882/2882 2884/2884/2884 2883/2883/2883
f 2887/2887/2887 2885/2885/2885 2886/2886/2886
f 2886/2886/2886 2888/2888/2888 2887/2887/2887
f 2915/2915/2915 2913/2913/2913 2914/2914/2914
f 2914/2914/2914 2916/2916/2916 2915/2915/2915
f 2923/2923/2923 2921/2921/2921 2922/2922/2922
f 2922/2922/2922 2924/2924/2924 2923/2923/2923
f 2931/2931/2931 2929/2929/2929 2930/2930/2930
f 2930/2930/2930 2932/2932/2932 2931/2931/2931
f 2935/2935/2935 2933/2933/2933 2934/2934/2934
f 2934/2934/2934 2936/2936/2936 2935/2935/2935
f 2939/2939/2939 2937/2937/2937 2938/2938/2938
f 2938/2938/2938 2940/2940/2940 2939/2939/2939
f 2947/2947/2947 2945/2945/2945 2946/2946/2946
f 2946/2946/2946 2948/2948/2948 2947/2947/2947
f 2955/2955/2955 2953/2953/2953 2954/2954/2954
f 2954/2954/2954 2956/2956/2956 2955/2955/2955
f 2963/2963/2963 2961/2961/2961 2962/2962/2962
f 2962/2962/2962 2964/2964/2964 2963/2963/2963
f 2979/2979/2979 2977/2977/2977 2978/2978/2978
f 2978/2978/2978 2980/2980/2980 2979/2979/2979
f 2991/2991/2991 2989/2989/2989 2990/2990/2990
f 2990/2990/2990 2992/2992/2992 2991/2991/2991
f 3003/3003/3003 3001/3001/3001 3002/3002/3002
f 3002/3002/3002 3004/3004/3004 3003/3003/3003
f 3059/3059/3059 3057/3057/3057 3058/3058/3058
f 3058/3058/3058 3060/3060/3060 3059/3059/3059
f 3103/3103/3103 3101/3101/3101 3102/3102/3102
f 3102/3102/3102 3104/3104/3104 3103/3103/3103
f 3147/3147/3147 3145/3145/3145 3146/3146/3146
f 3146/3146/3146 3148/3148/3148 3147/3147/3147
f 3151/3151/3151 3149/3149/3149 3150/3150/3150
f 3150/3150/3150 3152/3152/3152 3151/3151/3151
f 3155/3155/3155 3153/3153/3153 3154/3154/3154
f 3154/3154/3154 3156/3156/3156 3155/3155/3155
f 3187/3187/3187 3185/3185/3185 3186/3186/3186
f 3186/3186/3186 3188/3188/3188 3187/3187/3187
f 3191/3191/3191 3189/3189/3189 3190/3190/3190
f 3190/3190/3190 3192/3192/3192 3191/3191/3191
f 3199/3199/3199 3197/3197/3197 3198/3198/3198
f 3198/3198/3198 3200/3200/3200 3199/3199/3199
f 3207/3207/3207 3205/3205/3205 3206/3206/3206
f 3206/3206/3206 3208/3208/3208 3207/3207/3207
f 3231/3231/3231 3229/3229/3229 3230/3230/3230
f 3230/3230/3230 3232/3232/3232 3231/3231/3231
f 3275/3275/3275 3273/3273/3273 3274/3274/3274
f 3274/3274/3274 3276/3276/3276 3275/3275/3275
f 3279/3279/3279 3277/3277/3277 3278/3278/3278
f 3278/3278/3278 3280/3280/3280 3279/3279/3279
f 3323/3323/3323 3321/3321/3321 3322/3322/3322
f 3322/3322/3322 3324/3324/3324 3323/3323/3323
f 3375/3375/3375 3373/3373/3373 3374/3374/3374
f 3374/3374/3374 3376/3376/3376 3375/3375/3375
f 3383/3383/3383 3381/3381/3381 3382/3382/3382
f 3382/3382/3382 3384/3384/3384 3383/3383/3383
f 3387/3387/3387 3385/3385/3385 3386/3386/3386
f 3386/3386/3386 3388/3388/3388 3387/3387/3387
f 3395/3395/3395 3393/3393/3393 3394/3394/3394
f 3394/3394/3394 3396/3396/3396 3395/3395/3395
f 3403/3403/3403 3401/3401/3401 3402/3402/3402
f 3402/3402/3402 3404/3404/3404 3403/3403/3403
f 3427/3427/3427 3425/3425/3425 3426/3426/3426
f 3426/3426/3426 3428/3428/3428 3427/3427/3427
f 3443/3443/3443 3441/3441/3441 3442/3442/3442
f 3442/3442/3442 3444/3444/3444 3443/3443/3443
f 3463/3463/3463 3461/3461/3461 3462/3462/3462
f 3462/3462/3462 3464/3464/3464 3463/3463/3463
f 3475/3475/3475 3473/3473/3473 3474/3474/3474
f 3474/3474/3474 3476/3476/3476 3475/3475/3475
f 3499/3499/3499 3497/3497/3497 3498/3498/3498
f 3498/3498/3498 3500/3500/3500 3499/3499/3499
f 3515/3515/3515 3513/3513/3513 3514/3514/3514
f 3514/3514/3514 3516/3516/3516 3515/3515/3515
f 3551/3551/3551 3549/3549/3549 3550/3550/3550
f 3550/3550/3550 3552/3552/3552 3551/3551/3551
f 3555/3555/3555 3553/3553/3553 3554/3554/3554
f 3554/3554/3554 3556/3556/3556 3555/3555/3555
f 3559/3559/3559 3557/3557/3557 3558/3558/3558
f 3558/3558/3558 3560/3560/3560 3559/3559/3559
f 3615/3615/3615 3613/3613/3613 3614/3614/3614
f 3614/3614/3614 3616/3616/3616 3615/3615/3615
f 3619/3619/3619 3617/3617/3617 3618/3618/3618
f 3618/3618/3618 3620/3620/3620 3619/3619/3619
f 3667/3667/3667 3665/3665/3665 3666/3666/3666
f 3666/3666/3666 3668/3668/3668 3667/3667/3667
f 3679/3679/3679 3677/3677/3677 3678/3678/3678
f 3678/3678/3678 3680/3680/3680 3679/3679/3679
f 3727/3727/3727 3725/3725/3725 3726/3726/3726
f 3726/3726/3726 3728/3728/3728 3727/3727/3727
f 3751/3751/3751 3749/3749/3749 3750/3750/3750
f 3750/3750/3750 3752/3752/3752 3751/3751/3751
f 3759/3759/3759 3757/3757/3757 3758/3758/3758
f 3758/3758/3758 3760/3760/3760 3759/3759/3759
f 3783/3783/3783 3781/3781/3781 3782/3782/3782
f 3782/3782/3782 3784/3784/3784 3783/3783/3783
f 3827/3827/3827 3825/3825/3825 3826/3826/3826
f 3826/3826/3826 3828/3828/3828 3827/3827/3827
f 3835/3835/3835 3833/3833/3833 3834/3834/3834
f 3834/3834/3834 3836/3836/3836 3835/3835/3835
f 3847/3847/3847 3845/3845/3845 3846/3846/3846
f 3846/3846/3846 3848/3848/3848 3847/3847/3847
f 3871/3871/3871 3869/3869/3869 3870/3870/3870
f 3870/3870/3870 3872/3872/3872 3871/3871/3871
f 3875/3875/3875 3873/3873/3873 3874/3874/3874
f 3874/3874/3874 3876/3876/3876 3875/3875/3875
f 3891/3891/3891 3889/3889/3889 3890/3890/3890
f 3890/3890/3890 3892/3892/3892 3891/3891/3891
f 3895/3895/3895 3893/3893/3893 3894/3894/3894
f 3894/3894/3894 3896/3896/3896 3895/3895/3895
f 3919/3919/3919 3917/3917/3917 3918/3918/3918
f 3918/3918/3918 3920/3920/3920 3919/3919/3919
f 3943/3943/3943 3941/3941/3941 3942/3942/3942
f 3942/3942/3942 3944/3944/3944 3943/3943/3943
f 3967/3967/3967 3965/3965/3965 3966/3966/3966
f 3966/3966/3966 3968/3968/3968 3967/3967/3967
f 3979/3979/3979 3977/3977/3977 3978/3978/3978
f 3978/3978/3978 3980/3980/3980 3979/3979/3979
f 3999/3999/3999 3997/3997/3997 3998/3998/3998
f 3998/3998/3998 4000/4000/4000 3999/3999/3999
f 4019/4019/4019 4017/4017/4017 4018/4018/4018
f 4018/4018/4018 4020/4020/4020 4019/4019/4019
f 4039/4039/4039 4037/4037/4037 4038/4038/4038
f 4038/4038/4038 4040/4040/4040 4039/4039/4039
f 4047/4047/4047 4045/4045/4045 4046/4046/4046
f 4046/4046/4046 4048/4048/4048 4047/4047/4047
f 4051/4051/4051 4049/4049/4049 4050/4050/4050
f 4050/4050/4050 4052/4052/4052 4051/4051/4051
f 4055/4055/4055 4053/4053/4053 4054/4054/4054
f 4054/4054/4054 4056/4056/4056 4055/4055/4055
f 4059/4059/4059 4057/4057/4057 4058/4058/4058
f 4058/4058/4058 4060/4060/4060 4059/4059/4059
f 4083/4083/4083 4081/4081/4081 4082/4082/4082
f 4082/4082/4082 4084/4084/4084 4083/4083/4083
f 4087/4087/4087 4085/4085/4085 4086/4086/4086
f 4086/4086/4086 4088/4088/4088 4087/4087/4087
f 4095/4095/4095 4093/4093/4093 4094/4094/4094
f 4094/4094/4094 4096/4096/4096 4095/4095/4095
f 4115/4115/4115 4113/4113/4113 4114/4114/4114
f 4114/4114/4114 4116/4116/4116 4115/4115/4115
f 4143/4143/4143 4141/4141/4141 4142/4142/4142
f 4142/4142/4142 4144/4144/4144 4143/4143/4143
f 4171/4171/4171 4169/4169/4169 4170/4170/4170
f 4170/4170/4170 4172/4172/4172 4171/4171/4171
f 4175/4175/4175 4173/4173/4173 4174/4174/4174
f 4174/4174/4174 4176/4176/4176 4175/4175/4175
f 4199/4199/4199 4197/4197/4197 4198/4198/4198
f 4198/4198/4198 4200/4200/4200 4199/4199/4199
f 4211/4211/4211 4209/4209/4209 4210/4210/4210
f 4210/4210/4210 4212/4212/4212 4211/4211/4211
f 4219/4219/4219 4217/4217/4217 4218/4218/4218
f 4218/4218/4218 4220/4220/4220 4219/4219/4219
f 4243/4243/4243 4241/4241/4241 4242/4242/4242
f 4242/4242/4242 4244/4244/4244 4243/4243/4243
f 4307/4307/4307 4305/4305/4305 4306/4306/4306
f 4306/4306/4306 4308/4308/4308 4307/4307/4307
f 4319/4319/4319 4317/4317/4317 4318/4318/4318
f 4318/4318/4318 4320/4320/4320 4319/4319/4319
f 4339/4339/4339 4337/4337/4337 4338/4338/4338
f 4338/4338/4338 4340/4340/4340 4339/4339/4339
f 4359/4359/4359 4357/4357/4357 4358/4358/4358
f 4358/4358/4358 4360/4360/4360 4359/4359/4359
f 4379/4379/4379 4377/4377/4377 4378/4378/4378
f 4378/4378/4378 4380/4380/4380 4379/4379/4379
f 4395/4395/4395 4393/4393/4393 4394/4394/4394
f 4394/4394/4394 4396/4396/4396 4395/4395/4395
f 4415/4415/4415 4413/4413/4413 4414/4414/4414
f 4414/4414/4414 4416/4416/4416 4415/4415/4415
f 4423/4423/4423 4421/4421/4421 4422/4422/4422
f 4422/4422/4422 4424/4424/4424 4423/4423/4423
f 4447/4447/4447 4445/4445/4445 4446/4446/4446
f 4446/4446/4446 4448/4448/4448 4447/4447/4447
f 4463/4463/4463 4461/4461/4461 4462/4462/4462
f 4462/4462/4462 4464/4464/4464 4463/4463/4463
f 4467/4467/4467 4465/4465/4465 4466/4466/4466
f 4466/4466/4466 4468/4468/4468 4467/4467/4467
f 4479/4479/4479 4477/4477/4477 4478/4478/4478
f 4478/4478/4478 4480/4480/4480 4479/4479/4479
f 4531/4531/4531 4529/4529/4529 4530/4530/4530
f 4530/4530/4530 4532/4532/4532 4531/4531/4531
f 4539/4539/4539 4537/4537/4537 4538/4538/4538
f 4538/4538/4538 4540/4540/4540 4539/4539/4539
f 4607/4607/4607 4605/4605/4605 4606/4606/4606
f 4606/4606/4606 4608/4608/4608 4607/4607/4607
f 4615/4615/4615 4613/4613/4613 4614/4614/4614
f 4614/4614/4614 4616/4616/4616 4615/4615/4615
f 4651/4651/4651 4649/4649/4649 4650/4650/4650
f 4650/4650/4650 4652/4652/4652 4651/4651/4651
f 4667/4667/4667 4665/4665/4665 4666/4666/4666
f 4666/4666/4666 4668/4668/4668 4667/4667/4667
f 4707/4707/4707 4705/4705/4705 4706/4706/4706
f 4706/4706/4706 4708/4708/4708 4707/4707/4707
f 4719/4719/4719 4717/4717/4717 4718/4718/4718
f 4718/4718/4718 4720/4720/4720 4719/4719/4719
f 4739/4739/4739 4737/4737/4737 4738/4738/4738
f 4738/4738/4738 4740/4740/4740 4739/4739/4739
f 4763/4763/4763 4761/4761/4761 4762/4762/4762
f 4762/4762/4762 4764/4764/4764 4763/4763/4763
f 4779/4779/4779 4777/4777/4777 4778/4778/4778
f 4778/4778/4778 4780/4780/4780 4779/4779/4779
f 4791/4791/4791 4789/4789/4789 4790/4790/4790
f 4790/4790/4790 4792/4792/4792 4791/4791/4791
f 4799/4799/4799 4797/4797/4797 4798/4798/4798
f 4798/4798/4798 4800/4800/4800 4799/4799/4799
f 4823/4823/4823 4821/4821/4821 4822/4822/4822
f 4822/4822/4822 4824/4824/4824 4823/4823/4823
f 4839/4839/4839 4837/4837/4837 4838/4838/4838
f 4838/4838/4838 4840/4840/4840 4839/4839/4839
f 4867/4867/4867 4865/4865/4865 4866/4866/4866
f 4866/4866/4866 4868/4868/4868 4867/4867/4867
f 4879/4879/4879 4877/4877/4877 4878/4878/4878
f 4878/4878/4878 4880/4880/4880 4879/4879/4879
f 4887/4887/4887 4885/4885/4885 4886/4886/4886
f 4886/4886/4886 4888/4888/4888 4887/4887/4887
f 4895/4895/4895 4893/4893/4893 4894/4894/4894
f 4894/4894/4894 4896/4896/4896 4895/4895/4895
f 4899/4899/4899 4897/4897/4897 4898/4898/4898
f 4898/4898/4898 4900/4900/4900 4899/4899/4899
f 4907/4907/4907 4905/4905/4905 4906/4906/4906
f 4906/4906/4906 4908/4908/4908 4907/4907/4907
f 4911/4911/4911 4909/4909/4909 4910/4910/4910
f 4910/4910/4910 4912/4912/4912 4911/4911/4911
f 4931/4931/4931 4929/4929/4929 4930/4930/4930
f 4930/4930/4930 4932/4932/4932 4931/4931/4931
f 4935/4935/4935 4933/4933/4933 4934/4934/4934
f 4934/4934/4934 4936/4936/4936 4935/4935/4935
f 4947/4947/4947 4945/4945/4945 4946/4946/4946
f 4946/4946/4946 4948/4948/4948 4947/4947/4947
f 4959/4959/4959 4957/4957/4957 4958/4958/4958
f 4958/4958/4958 4960/4960/4960 4959/4959/4959
f 4979/4979/4979 4977/4977/4977 4978/4978/4978
f 4978/4978/4978 4980/4980/4980 4979/4979/4979
f 4987/4987/4987 4985/4985/4985 4986/4986/4986
f 4986/4986/4986 4988/4988/4988 4987/4987/4987
f 5031/5031/5031 5029/5029/5029 5030/5030/5030
f 5030/5030/5030 5032/5032/5032 5031/5031/5031
f 5035/5035/5035 5033/5033/5033 5034/5034/5034
f 5034/5034/5034 5036/5036/5036 5035/5035/5035
f 5083/5083/5083 5081/5081/5081 5082/5082/5082
f 5082/5082/5082 5084/5084/5084 5083/5083/5083
f 5091/5091/5091 5089/5089/5089 5090/5090/5090
f 5090/5090/5090 5092/5092/5092 5091/5091/5091
f 5143/5143/5143 5141/5141/5141 5142/5142/5142
f 5142/5142/5142 5144/5144/5144 5143/5143/5143
f 5151/5151/5151 5149/5149/5149 5150/5150/5150
f 5150/5150/5150 5152/5152/5152 5151/5151/5151
f 5159/5159/5159 5157/5157/5157 5158/5158/5158
f 5158/5158/5158 5160/5160/5160 5159/5159/5159
f 5163/5163/5163 5161/5161/5161 5162/5162/5162
f 5162/5162/5162 5164/5164/5164 5163/5163/5163
f 5171/5171/5171 5169/5169/5169 5170/5170/5170
f 5170/5170/5170 5172/5172/5172 5171/5171/5171
f 5195/5195/5195 5193/5193/5193 5194/5194/5194
f 5194/5194/5194 5196/5196/5196 5195/5195/5195
f 5207/5207/5207 5205/5205/5205 5206/5206/5206
f 5206/5206/5206 5208/5208/5208 5207/5207/5207
f 5227/5227/5227 5225/5225/5225 5226/5226/5226
f 5226/5226/5226 5228/5228/5228 5227/5227/5227
f 5231/5231/5231 5229/5229/5229 5230/5230/5230
f 5230/5230/5230 5232/5232/5232 5231/5231/5231
f 5247/5247/5247 5245/5245/5245 5246/5246/5246
f 5246/5246/5246 5248/5248/5248 5247/5247/5247
f 5303/5303/5303 5301/5301/5301 5302/5302/5302
f 5302/5302/5302 5304/5304/5304 5303/5303/5303
f 5327/5327/5327 5325/5325/5325 5326/5326/5326
f 5326/5326/5326 5328/5328/5328 5327/5327/5327
f 5343/5343/5343 5341/5341/5341 5342/5342/5342
f 5342/5342/5342 5344/5344/5344 5343/5343/5343
f 5347/5347/5347 5345/5345/5345 5346/5346/5346
f 5346/5346/5346 5348/5348/5348 5347/5347/5347
f 5359/5359/5359 5357/5357/5357 5358/5358/5358
f 5358/5358/5358 5360/5360/5360 5359/5359/5359
f 5371/5371/5371 5369/5369/5369 5370/5370/5370
f 5370/5370/5370 5372/5372/5372 5371/5371/5371
f 5379/5379/5379 5377/5377/5377 5378/5378/5378
f 5378/5378/5378 5380/5380/5380 5379/5379/5379
f 5383/5383/5383 5381/5381/5381 5382/5382/5382
f 5382/5382/5382 5384/5384/5384 5383/5383/5383
f 5423/5423/5423 5421/5421/5421 5422/5422/5422
f 5422/5422/5422 5424/5424/5424 5423/5423/5423
f 5459/5459/5459 5457/5457/5457 5458/5458/5458
f 5458/5458/5458 5460/5460/5460 5459/5459/5459
f 5463/5463/5463 5461/5461/5461 5462/5462/5462
f 5462/5462/5462 5464/5464/5464 5463/5463/5463
f 5495/5495/5495 5493/5493/5493 5494/5494/5494
f 5494/5494/5494 5496/5496/5496 5495/5495/5495
f 5499/5499/5499 5497/5497/5497 5498/5498/5498
f 5498/5498/5498 5500/5500/5500 5499/5499/5499
f 5535/5535/5535 5533/5533/5533 5534/5534/5534
f 5534/5534/5534 5536/5536/5536 5535/5535/5535
f 5547/5547/5547 5545/5545/5545 5546/5546/5546
f 5546/5546/5546 5548/5548/5548 5547/5547/5547
f 5551/5551/5551 5549/5549/5549 5550/5550/5550
f 5550/5550/5550 5552/5552/5552 5551/5551/5551
f 5555/5555/5555 5553/5553/5553 5554/5554/5554
f 5554/5554/5554 5556/5556/5556 5555/5555/5555
f 5571/5571/5571 5569/5569/5569 5570/5570/5570
f 5570/5570/5570 5572/5572/5572 5571/5571/5571
f 5595/5595/5595 5593/5593/5593 5594/5594/5594
f 5594/5594/5594 5596/5596/5596 5595/5595/5595
f 5615/5615/5615 5613/5613/5613 5614/5614/5614
f 5614/5614/5614 5616/5616/5616 5615/5615/5615
f 5619/5619/5619 5617/5617/5617 5618/5618/5618
f 5618/5618/5618 5620/5620/5620 5619/5619/5619
f 5623/5623/5623 5621/5621/5621 5622/5622/5622
f 5622/5622/5622 5624/5624/5624 5623/5623/5623
f 5639/5639/5639 5637/5637/5637 5638/5638/5638
f 5638/5638/5638 5640/5640/5640 5639/5639/5639
f 5671/5671/5671 5669/5669/5669 5670/5670/5670
f 5670/5670/5670 5672/5672/5672 5671/5671/5671
f 5683/5683/5683 5681/5681/5681 5682/5682/5682
f 5682/5682/5682 5684/5684/5684 5683/5683/5683
f 5711/5711/5711 5709/5709/5709 5710/5710/5710
f 5710/5710/5710 5712/5712/5712 5711/5711/5711
f 5715/5715/5715 5713/5713/5713 5714/5714/5714
f 5714/5714/5714 5716/5716/5716 5715/5715/5715
f 5731/5731/5731 5729/5729/5729 5730/5730/5730
f 5730/5730/5730 5732/5732/5732 5731/5731/5731
f 5739/5739/5739 5737/5737/5737 5738/5738/5738
f 5738/5738/5738 5740/5740/5740 5739/5739/5739
f 5759/5759/5759 5757/5757/5757 5758/5758/5758
f 5758/5758/5758 5760/5760/5760 5759/5759/5759
f 5783/5783/5783 5781/5781/5781 5782/5782/5782
f 5782/5782/5782 5784/5784/5784 5783/5783/5783
f 5827/5827/5827 5825/5825/5825 5826/5826/5826
f 5826/5826/5826 5828/5828/5828 5827/5827/5827
f 5839/5839/5839 5837/5837/5837 5838/5838/5838
f 5838/5838/5838 5840/5840/5840 5839/5839/5839
f 5843/5843/5843 5841/5841/5841 5842/5842/5842
f 5842/5842/5842 5844/5844/5844 5843/5843/5843
f 5847/5847/5847 5845/5845/5845 5846/5846/5846
f 5846/5846/5846 5848/5848/5848 5847/5847/5847
f 5863/5863/5863 5861/5861/5861 5862/5862/5862
f 5862/5862/5862 5864/5864/5864 5863/5863/5863
f 5871/5871/5871 5869/5869/5869 5870/5870/5870
f 5870/5870/5870 5872/5872/5872 5871/5871/5871
f 5875/5875/5875 5873/5873/5873 5874/5874/5874
f 5874/5874/5874 5876/5876/5876 5875/5875/5875
f 5899/5899/5899 5897/5897/5897 5898/5898/5898
f 5898/5898/5898 5900/5900/5900 5899/5899/5899
f 5915/5915/5915 5913/5913/5913 5914/5914/5914
f 5914/5914/5914 5916/5916/5916 5915/5915/5915
f 5931/5931/5931 5929/5929/5929 5930/5930/5930
f 5930/5930/5930 5932/5932/5932 5931/5931/5931
f 5935/5935/5935 5933/5933/5933 5934/5934/5934
f 5934/5934/5934 5936/5936/5936 5935/5935/5935
f 5975/5975/5975 5973/5973/5973 5974/5974/5974
f 5974/5974/5974 5976/5976/5976 5975/5975/5975
f 5979/5979/5979 5977/5977/5977 5978/5978/5978
f 5978/5978/5978 5980/5980/5980 5979/5979/5979
f 5983/5983/5983 5981/5981/5981 5982/5982/5982
f 5982/5982/5982 5984/5984/5984 5983/5983/5983
f 5987/5987/5987 5985/5985/5985 5986/5986/5986
f 5986/5986/5986 5988/5988/5988 5987/5987/5987
f 5999/5999/5999 5997/5997/5997 5998/5998/5998
f 5998/5998/5998 6000/6000/6000 5999/5999/5999
f 6023/6023/6023 6021/6021/6021 6022/6022/6022
f 6022/6022/6022 6024/6024/6024 6023/6023/6023
f 6063/6063/6063 6061/6061/6061 6062/6062/6062
f 6062/6062/6062 6064/6064/6064 6063/6063/6063
f 6075/6075/6075 6073/6073/6073 6074/6074/6074
f 6074/6074/6074 6076/6076/6076 6075/6075/6075
f 6103/6103/6103 6101/6101/6101 6102/6102/6102
f 6102/6102/6102 6104/6104/6104 6103/6103/6103
f 6115/6115/6115 6113/6113/6113 6114/6114/6114
f 6114/6114/6114 6116/6116/6116 6115/6115/6115
f 6119/6119/6119 6117/6117/6117 6118/6118/6118
f 6118/6118/6118 6120/6120/6120 6119/6119/6119
f 6139/6139/6139 6137/6137/6137 6138/6138/6138
f 6138/6138/6138 6140/6140/6140 6139/6139/6139
f 6179/6179/6179 6177/6177/6177 6178/6178/6178
f 6178/6178/6178 6180/6180/6180 6179/6179/6179
f 6215/6215/6215 6213/6213/6213 6214/6214/6214
f 6214/6214/6214 6216/6216/6216 6215/6215/6215
f 6219/6219/6219 6217/6217/6217 6218/6218/6218
f 6218/6218/6218 6220/6220/6220 6219/6219/6219
f 6243/6243/6243 6241/6241/6241 6242/6242/6242
f 6242/6242/6242 6244/6244/6244 6243/6243/6243
f 6247/6247/6247 6245/6245/6245 6246/6246/6246
f 6246/6246/6246 6248/6248/6248 6247/6247/6247
f 6267/6267/6267 6265/6265/6265 6266/6266/6266
f 6266/6266/6266 6268/6268/6268 6267/6267/6267
f 6271/6271/6271 6269/6269/6269 6270/6270/6270
f 6270/6270/6270 6272/6272/6272 6271/6271/6271
f 6279/6279/6279 6277/6277/6277 6278/6278/6278
f 6278/6278/6278 6280/6280/6280 6279/6279/6279
f 6311/6311/6311 6309/6309/6309 6310/6310/6310
f 6310/6310/6310 6312/6312/6312 6311/6311/6311
usemtl leaf_young
f 3/3/3 1/1/1 2/2/2
f 2/2/2 4/4/4 3/3/3
f 7/7/7 5/5/5 6/6/6
f 6/6/6 8/8/8 7/7/7
f 15/15/15 13/13/13 14/14/14
f 14/14/14 16/16/16 15/15/15
f 19/19/19 17/17/17 18/18/18
f 18/18/18 20/20/20 19/19/19
f 23/23/23 21/21/21 22/22/22
f 22/22/22 24/24/24 23/23/23
f 27/27/27 25/25/25 26/26/26
f 26/26/26 28/28/28 27/27/27
f 39/39/39 37/37/37 38/38/38
f 38/38/38 40/40/40 39/39/39
f 43/43/43 41/41/41 42/42/42
f 42/42/42 44/44/44 43/43/43
f 47/47/47 45/45/45 46/46/46
f 46/46/46 48/48/48 47/47/47
f 51/51/51 49/49/49 50/50/50
f 50/50/50 52/52/52 51/51/51
f 55/55/55 53/53/53 54/54/54
f 54/54/54 56/56/56 55/55/55
f 59/59/59 57/57/57 58/58/58
f 58/58/58 60/60/60 59/59/59
f 63/63/63 61/61/61 62/62/62
f 62/62/62 64/64/64 63/63/63
f 67/67/67 65/65/65 66/66/66
f 66/66/66 68/68/68 67/67/67
f 71/71/71 69/69/69 70/70/70
f 70/70/70 72/72/72 71/71/71
f 79/79/79 77/77/77 78/78/78
f 78/78/78 80/80/80 79/79/79
f 83/83/83 81/81/81 82/82/82
f 82/82/82 84/84/84 83/83/83
f 87/87/87 85/85/85 86/86/86
f 86/86/86 88/88/88 87/87/87
f 95/95/95 93/93/93 94/94/94
f 94/94/94 96/96/96 95/95/95
f 107/107/107 105/105/105 106/106/106
f 106/106/106 108/108/108 107/107/107
f 111/111/111 109/109/109 110/110/110
f 110/110/110 112/112/112 111/111/111
f 115/115/115 113/113/113 114/114/114
f 114/114/114 116/116/116 115/115/115
f 119/119/119 117/117/117 118/118/118
f 118/118/118 120/120/120 119/119/119
f 123/123/123 121/121/121 122/122/122
f 122/122/122 124/124/124 123/123/123
f 127/127/127 125/125/125 126/126/126
f 126/126/126 128/128/128 127/127/127
f 131/131/131 129/129/129 130/130/130
f 130/130/130 132/132/132 131/131/131
f 135/135/135 133/133/133 134/134/134
f 134/134/134 136/136/136 135/135/135
f 147/147/147 145/145/145 146/146/146
f 146/146/146 148/148/148 147/147/147
f 155/155/155 153/153/153 154/154/154
f 154/154/154 156/156/156 155/155/155
f 159/159/159 157/157/157 158/158/158
f 158/158/158 160/160/160 159/159/159
f 163/163/163 161/161/161 162/162/162
f 162/162/162 164/164/164 163/163/163
f 167/167/167 165/165/165 166/166/166
f 166/166/166 168/168/168 167/167/167
f 171/171/171 169/169/169 170/170/170
f 170/170/170 172/172/172 171/171/171
f 175/175/175 173/173/173 174/174/174
f 174/174/174 176/176/176 175/175/175
f 179/179/179 177/177/177 178/178/178
f 178/178/178 180/180/180 179/179/179
f 183/183/183 181/181/181 182/182/182
f 182/182/182 184/184/184 183/183/183
f 187/187/187 185/185/185 186/186/186
f 186/186/186 188/188/188 187/187/187
f 195/195/195 193/193/193 194/194/194
f 194/194/194 196/196/196 195/195/195
f 207/207/207 205/205/205 206/206/206
f 206/206/206 208/208/208 207/207/207
f 211/211/211 209/209/209 210/210/210
f 210/210/210 212/212/212 211/211/211
f 215/215/215 213/213/213 214/214/214
f 214/214/214 216/216/216 215/215/215
f 223/223/223 221/221/221 222/222/222
f 222/222/222 224/224/224 223/223/223
f 227/227/227 225/225/225 226/226/226
f 226/226/226 228/228/228 227/227/227
f 231/231/231 229/229/229 230/230/230
f 230/230/230 232/232/232 231/231/231
f 235/235/235 233/233/233 234/234/234
f 234/234/234 236/236/236 235/235/235
f 239/239/239 237/237/237 238/238/238
f 238/238/238 240/240/240 239/239/239
f 247/247/247 245/245/245 246/246/246
f 246/246/246 248/248/248 247/247/247
f 251/251/251 249/249/249 250/250/250
f 250/250/250 252/252/252 251/251/251
f 255/255/255 253/253/253 254/254/254
f 254/254/254 256/256/256 255/255/255
f 259/259/259 257/257/257 258/258/258
f 258/258/258 260/260/260 259/259/259
f 267/267/267 265/265/265 266/266/266
f 266/266/266 268/268/268 267/267/267
f 275/275/275 273/273/273 274/274/274
f 274/274/274 276/276/276 275/275/275
f 283/283/283 281/281/281 282/282/282
f 282/282/282 284/284/284 283/283/283
f 287/287/287 285/285/285 286/286/286
f 286/286/286 288/288/288 287/287/287
f 291/291/291 289/289/289 290/290/290
f 290/290/290 292/292/292 291/291/291
f 299/299/299 297/297/297 298/298/298
f 298/298/298 300/300/300 299/299/299
f 307/307/307 305/305/305 306/306/306
f 306/306/306 308/308/308 307/307/307
f 311/311/311 309/309/309 310/310/310
f 310/310/310 312/312/312 311/311/311
f 315/315/315 313/313/313 314/314/314
f 314/314/314 316/316/316 315/315/315
f 319/319/319 317/317/317 318/318/318
f 318/318/318 320/320/320 319/319/319
f 323/323/323 321/321/321 322/322/322
f 322/322/322 324/324/324 323/323/323
f 331/331/331 329/329/329 330/330/330
f 330/330/330 332/332/332 331/331/331
f 339/339/339 337/337/337 338/338/338
f 338/338/338 340/340/340 339/339/339
f 347/347/347 345/345/345 346/346/346
f 346/346/346 348/348/348 347/347/347
f 351/351/351 349/349/349 350/350/350
f 350/350/350 352/352/352 351/351/351
f 355/355/355 353/353/353 354/354/354
f 354/354/354 356/356/356 355/355/355
f 359/359/359 357/357/357 358/358/358
f 358/358/358 360/360/360 359/359/359
f 363/363/363 361/361/361 362/362/362
f 362/362/362 364/364/364 363/363/363
f 367/367/367 365/365/365 366/366/366
f 366/366/366 368/368/368 367/367/367
f 375/375/375 373/373/373 374/374/374
f 374/374/374 376/376/376 375/375/375
f 379/379/379 377/377/377 378/378/378
f 378/378/378 380/380/380 379/379/379
f 383/383/383 381/381/381 382/382/382
f 382/382/382 384/384/384 383/383/383
f 387/387/387 385/385/385 386/386/386
f 386/386/386 388/388/388 387/387/387
f 391/391/391 389/389/389 390/390/390
f 390/390/390 392/392/392 391/391/391
f 399/399/399 397/397/397 398/398/398
f 398/398/398 400/400/400 399/399/399
f 403/403/403 401/401/401 402/402/402
f 402/402/402 404/404/404 403/403/403
f 407/407/407 405/405/405 406/406/406
f 406/406/406 408/408/408 407/407/407
f 415/415/415 413/413/413 414/414/414
f 414/414/414 416/416/416 415/415/415
f 427/427/427 425/425/425 426/426/426
f 426/426/426 428/428/428 427/427/427
f 431/431/431 429/429/429 430/430/430
f 430/430/430 432/432/432 431/431/431
f 435/435/435 433/433/433 434/434/434
f 434/434/434 436/436/436 435/435/435
f 439/439/439 437/437/437 438/438/438
f 438/438/438 440/440/440 439/439/439
f 447/447/447 445/445/445 446/446/446
f 446/446/446 448/448/448 447/447/447
f 451/451/451 449/449/449 450/450/450
f 450/450/450 452/452/452 451/451/451
f 459/459/459 457/457/457 458/458/458
f 458/458/458 460/460/460 459/459/459
f 463/463/463 461/461/461 462/462/462
f 462/462/462 464/464/464 463/463/463
f 467/467/467 465/465/465 466/466/466
f 466/466/466 468/468/468 467/467/467
f 471/471/471 469/469/469 470/470/470
f 470/470/470 472/472/472 471/471/471
f 475/475/475 473/473/473 474/474/474
f 474/474/474 476/476/476 475/475/475
f 479/479/479 477/477/477 478/478/478
f 478/478/478 480/480/480 479/479/479
f 483/483/483 481/481/481 482/482/482
f 482/482/482 484/484/484 483/483/483
f 487/487/487 485/485/485 486/486/486
f 486/486/486 488/488/488 487/487/487
f 491/491/491 489/489/489 490/490/490
f 490/490/490 492/492/492 491/491/491
f 499/499/499 497/497/497 498/498/498
f 498/498/498 500/500/500 499/499/499
f 503/503/503 501/501/501 502/502/502
f 502/502/502 504/504/504 503/503/503
f 511/511/511 509/509/509 510/510/510
f 510/510/510 512/512/512 511/511/511
f 515/515/515 513/513/513 514/514/514
f 514/514/514 516/516/516 515/515/515
f 519/519/519 517/517/517 518/518/518
f 518/518/518 520/520/520 519/519/519
f 523/523/523 521/521/521 522/522/522
f 522/522/522 524/524/524 523/523/523
f 527/527/527 525/525/525 526/526/526
f 526/526/526 528/528/528 527/527/527
f 539/539/539 537/537/537 538/538/538
f 538/538/538 540/540/540 539/539/539
f 543/543/543 541/541/541 542/542/542
f 542/542/542 544/544/544 543/543/543
f 547/547/547 545/545/545 546/546/546
f 546/546/546 548/548/548 547/547/547
f 551/551/551 549/549/549 550/550/550
f 550/550/550 552/552/552 551/551/551
f 555/555/555 553/553/553 554/554/554
f 554/554/554 556/556/556 555/555/555
f 559/559/559 557/557/557 558/558/558
f 558/558/558 560/560/560 559/559/559
f 563/563/563 561/561/561 562/562/562
f 562/562/562 564/564/564 563/563/563
f 567/567/567 565/565/565 566/566/566
f 566/566/566 568/568/568 567/567/567
f 571/571/571 569/569/569 570/570/570
f 570/570/570 572/572/572 571/571/571
f 575/575/575 573/573/573 574/574/574
f 574/574/574 576/576/576 575/575/575
f 579/579/579 577/577/577 578/578/578
f 578/578/578 580/580/580 579/579/579
f 583/583/583 581/581/581 582/582/582
f 582/582/582 584/584/584 583/583/583
f 587/587/587 585/585/585 586/586/586
f 586/586/586 588/588/588 587/587/587
f 591/591/591 589/589/589 590/590/590
f 590/590/590 592/592/592 591/591/591
f 595/595/595 593/593/593 594/594/594
f 594/594/594 596/596/596 595/595/595
f 599/599/599 597/597/597 598/598/598
f 598/598/598 600/600/600 599/599/599
f 607/607/607 605/605/605 606/606/606
f 606/606/606 608/608/608 607/607/607
f 611/611/611 609/609/609 610/610/610
f 610/610/610 612/612/612 611/611/611
f 619/619/619 617/617/617 618/618/618
f 618/618/618 620/620/620 619/619/619
f 623/623/623 621/621/621 622/622/622
f 622/622/622 624/624/624 623/623/623
f 627/627/627 625/625/625 626/626/626
f 626/626/626 628/628/628 627/627/627
f 631/631/631 629/629/629 630/630/630
f 630/630/630 632/632/632 631/631/631
f 635/635/635 633/633/633 634/634/634
f 634/634/634 636/636/636 635/635/635
f 643/643/643 641/641/641 642/642/642
f 642/642/642 644/644/644 643/643/643
f 647/647/647 645/645/645 646/646/646
f 646/646/646 648/648/648 647/647/647
f 651/651/651 649/649/649 650/650/650
f 650/650/650 652/652/652 651/651/651
f 655/655/655 653/653/653 654/654/654
f 654/654/654 656/656/656 655/655/655
f 659/659/659 657/657/657 658/658/658
f 658/658/658 660/660/660 659/659/659
f 663/663/663 661/661/661 662/662/662
f 662/662/662 664/664/664 663/663/663
f 667/667/667 665/665/665 666/666/666
f 666/666/666 668/668/668 667/667/667
f 671/671/671 669/669/669 670/670/670
f 670/670/670 672/672/672 671/671/671
f 675/675/675 673/673/673 674/674/674
f 674/674/674 676/676/676 675/675/675
f 687/687/687 685/685/685 686/686/686
f 686/686/686 688/688/688 687/687/687
f 691/691/691 689/689/689 690/690/690
f 690/690/690 692/692/692 691/691/691
f 695/695/695 693/693/693 694/694/694
f 694/694/694 696/696/696 695/695/695
f 699/699/699 697/697/697 698/698/698
f 698/698/698 700/700/700 699/699/699
f 711/711/711 709/709/709 710/710/710
f 710/710/710 712/712/712 711/711/711
f 719/719/719 717/717/717 718/718/718
f 718/718/718 720/720/720 719/719/719
f 723/723/723 721/721/721 722/722/722
f 722/722/722 724/724/724 723/723/723
f 727/727/727 725/725/725 726/726/726
f 726/726/726 728/728/728 727/727/727
f 739/739/739 737/737/737 738/738/738
f 738/738/738 740/740/740 739/739/739
f 747/747/747 745/745/745 746/746/746
f 746/746/746 748/748/748 747/747/747
f 751/751/751 749/749/749 750/750/750
f 750/750/750 752/752/752 751/751/751
f 755/755/755 753/753/753 754/754/754
f 754/754/754 756/756/756 755/755/755
f 759/759/759 757/757/757 758/758/758
f 758/758/758 760/760/760 759/759/759
f 763/763/763 761/761/761 762/762/762
f 762/762/762 764/764/764 763/763/763
f 767/767/767 765/765/765 766/766/766
f 766/766/766 768/768/768 767/767/767
f 771/771/771 769/769/769 770/770/770
f 770/770/770 772/772/772 771/771/771
f 775/775/775 773/773/773 774/774/774
f 774/774/774 776/776/776 775/775/775
f 779/779/779 777/777/777 778/778/778
f 778/778/778 780/780/780 779/779/779
f 783/783/783 781/781/781 782/782/782
f 782/782/782 784/784/784 783/783/783
f 787/787/787 785/785/785 786/786/786
f 786/786/786 788/788/788 787/787/787
f 791/791/791 789/789/789 790/790/790
f 790/790/790 792/792/792 791/791/791
f 795/795/795 793/793/793 794/794/794
f 794/794/794 796/796/796 795/795/795
f 799/799/799 797/797/797 798/798/798
f 798/798/798 800/800/800 799/799/799
f 807/807/807 805/805/805 806/806/806
f 806/806/806 808/808/808 807/807/807
f 811/811/811 809/809/809 810/810/810
f 810/810/810 812/812/812 811/811/811
f 815/815/815 813/813/813 814/814/814
f 814/814/814 816/816/816 815/815/815
f 819/819/819 817/817/817 818/818/818
f 818/818/818 820/820/820 819/819/819
f 823/823/823 821/821/821 822/822/822
f 822/822/822 824/824/824 823/823/823
f 835/835/835 833/833/833 834/834/834
f 834/834/834 836/836/836 835/835/835
f 839/839/839 837/837/837 838/838/838
f 838/838/838 840/840/840 839/839/839
f 843/843/843 841/841/841 842/842/842
f 842/842/842 844/844/844 843/843/843
f 847/847/847 845/845/845 846/846/846
f 846/846/846 848/848/848 847/847/847
f 851/851/851 849/849/849 850/850/850
f 850/850/850 852/852/852 851/851/851
f 855/855/855 853/853/853 854/854/854
f 854/854/854 856/856/856 855/855/855
f 859/859/859 857/857/857 858/858/858
f 858/858/858 860/860/860 859/859/859
f 863/863/863 861/861/861 862/862/862
f 862/862/862 864/864/864 863/863/863
f 867/867/867 865/865/865 866/866/866
f 866/866/866 868/868/868 867/867/867
f 871/871/871 869/869/869 870/870/870
f 870/870/870 872/872/872 871/871/871
f 879/879/879 877/877/877 878/878/878
f 878/878/878 880/880/880 879/879/879
f 883/883/883 881/881/881 882/882/882
f 882/882/882 884/884/884 883/883/883
f 887/887/887 885/885/885 886/886/886
f 886/886/886 888/888/888 887/887/887
f 891/891/891 889/889/889 890/890/890
f 890/890/890 892/892/892 891/891/891
f 895/895/895 893/893/893 894/894/894
f 894/894/894 896/896/896 895/895/895
f 907/907/907 905/905/905 906/906/906
f 906/906/906 908/908/908 907/907/907
f 911/911/911 909/909/909 910/910/910
f 910/910/910 912/912/912 911/911/911
f 915/915/915 913/913/913 914/914/914
f 914/914/914 916/916/916 915/915/915
f 923/923/923 921/921/921 922/922/922
f 922/922/922 924/924/924 923/923/923
f 927/927/927 925/925/925 926/926/926
f 926/926/926 928/928/928 927/927/927
f 931/931/931 929/929/929 930/930/930
f 930/930/930 932/932/932 931/931/931
f 935/935/935 933/933/933 934/934/934
f 934/934/934 936/936/936 935/935/935
f 939/939/939 937/937/937 938/938/938
f 938/938/938 940/940/940 939/939/939
f 943/943/943 941/941/941 942/942/942
f 942/942/942 944/944/944 943/943/943
f 947/947/947 945/945/945 946/946/946
f 946/946/946 948/948/948 947/947/947
f 951/951/951 949/949/949 950/950/950
f 950/950/950 952/952/952 951/951/951
f 955/955/955 953/953/953 954/954/954
f 954/954/954 956/956/956 955/955/955
f 959/959/959 957/957/957 958/958/958
f 958/958/958 960/960/960 959/959/959
f 963/963/963 961/961/961 962/962/962
f 962/962/962 964/964/964 963/963/963
f 967/967/967 965/965/965 966/966/966
f 966/966/966 968/968/968 967/967/967
f 971/971/971 969/969/969 970/970/970
f 970/970/970 972/972/972 971/971/971
f 975/975/975 973/973/973 974/974/974
f 974/974/974 976/976/976 975/975/975
f 979/979/979 977/977/977 978/978/978
f 978/978/978 980/980/980 979/979/979
f 987/987/987 985/985/985 986/986/986
f 986/986/986 988/988/988 987/987/987
f 991/991/991 989/989/989 990/990/990
f 990/990/990 992/992/992 991/991/991
f 995/995/995 993/993/993 994/994/994
f 994/994/994 996/996/996 995/995/995
f 999/999/999 997/997/997 998/998/998
f 998/998/998 1000/1000/1000 999/999/999
f 1003/1003/1003 1001/1001/1001 1002/1002/1002
f 1002/1002/1002 1004/1004/1004 1003/1003/1003
f 1007/1007/1007 1005/1005/1005 1006/1006/1006
f 1006/1006/1006 1008/1008/1008 1007/1007/1007
f 1015/1015/1015 1013/1013/1013 1014/1014/1014
f 1014/1014/1014 1016/1016/1016 1015/1015/1015
f 1019/1019/1019 1017/1017/1017 1018/1018/1018
f 1018/1018/1018 1020/1020/1020 1019/1019/1019
f 1023/1023/1023 1021/1021/1021 1022/1022/1022
f 1022/1022/1022 1024/1024/1024 1023/1023/1023
f 1027/1027/1027 1025/1025/1025 1026/1026/1026
f 1026/1026/1026 1028/1028/1028 1027/1027/1027
f 1031/1031/1031 1029/1029/1029 1030/1030/1030
f 1030/1030/1030 1032/1032/1032 1031/1031/1031
f 1035/1035/1035 1033/1033/1033 1034/1034/1034
f 1034/1034/1034 1036/1036/1036 1035/1035/1035
f 1039/1039/1039 1037/1037/1037 1038/1038/1038
f 1038/1038/1038 1040/1040/1040 1039/1039/1039
f 1043/1043/1043 1041/1041/1041 1042/1042/1042
f 1042/1042/1042 1044/1044/1044 1043/1043/1043
f 1047/1047/1047 1045/1045/1045 1046/1046/1046
f 1046/1046/1046 1048/1048/1048 1047/1047/1047
f 1051/1051/1051 1049/1049/1049 1050/1050/1050
f 1050/1050/1050 1052/1052/1052 1051/1051/1051
f 1055/1055/1055 1053/1053/1053 1054/1054/1054
f 1054/1054/1054 1056/1056/1056 1055/1055/1055
f 1059/1059/1059 1057/1057/1057 1058/1058/1058
f 1058/1058/1058 1060/1060/1060 1059/1059/1059
f 1063/1063/1063 1061/1061/1061 1062/1062/1062
f 1062/1062/1062 1064/1064/1064 1063/1063/1063
f 1067/1067/1067 1065/1065/1065 1066/1066/1066
f 1066/1066/1066 1068/1068/1068 1067/1067/1067
f 1071/1071/1071 1069/1069/1069 1070/1070/1070
f 1070/1070/1070 1072/1072/1072 1071/1071/1071
f 1075/1075/1075 1073/1073/1073 1074/1074/1074
f 1074/1074/1074 1076/1076/1076 1075/1075/1075
f 1083/1083/1083 1081/1081/1081 1082/1082/1082
f 1082/1082/1082 1084/1084/1084 1083/1083/1083
f 1087/1087/1087 1085/1085/1085 1086/1086/1086
f 1086/1086/1086 1088/1088/1088 1087/1087/1087
f 1091/1091/1091 1089/1089/1089 1090/1090/1090
f 1090/1090/1090 1092/1092/1092 1091/1091/1091
f 1095/1095/1095 1093/1093/1093 1094/1094/1094
f 1094/1094/1094 1096/1096/1096 1095/1095/1095
f 1099/1099/1099 1097/1097/1097 1098/1098/1098
f 1098/1098/1098 1100/1100/1100 1099/1099/1099
f 1103/1103/1103 1101/1101/1101 1102/1102/1102
f 1102/1102/1102 1104/1104/1104 1103/1103/1103
f 1107/1107/1107 1105/1105/1105 1106/1106/1106
f 1106/1106/1106 1108/1108/1108 1107/1107/1107
f 1115/1115/1115 1113/1113/1113 1114/1114/1114
f 1114/1114/1114 1116/1116/1116 1115/1115/1115
f 1119/1119/1119 1117/1117/1117 1118/1118/1118
f 1118/1118/1118 1120/1120/1120 1119/1119/1119
f 1123/1123/1123 1121/1121/1121 1122/1122/1122
f 1122/1122/1122 1124/1124/1124 1123/1123/1123
f 1127/1127/1127 1125/1125/1125 1126/1126/1126
f 1126/1126/1126 1128/1128/1128 1127/1127/1127
f 1131/1131/1131 1129/1129/1129 1130/1130/1130
f 1130/1130/1130 1132/1132/1132 1131/1131/1131
f 1135/1135/1135 1133/1133/1133 1134/1134/1134
f 1134/1134/1134 1136/1136/1136 1135/1135/1135
f 1139/1139/1139 1137/1137/1137 1138/1138/1138
f 1138/1138/1138 1140/1140/1140 1139/1139/1139
f 1147/1147/1147 1145/1145/1145 1146/1146/1146
f 1146/1146/1146 1148/1148/1148 1147/1147/1147
f 1151/1151/1151 1149/1149/1149 1150/1150/1150
f 1150/1150/1150 1152/1152/1152 1151/1151/1151
f 1159/1159/1159 1157/1157/1157 1158/1158/1158
f 1158/1158/1158 1160/1160/1160 1159/1159/1159
f 1163/1163/1163 1161/1161/1161 1162/1162/1162
f 1162/1162/1162 1164/1164/1164 1163/1163/1163
f 1167/1167/1167 1165/1165/1165 1166/1166/1166
f 1166/1166/1166 1168/1168/1168 1167/1167/1167
f 1171/1171/1171 1169/1169/1169 1170/1170/1170
f 1170/1170/1170 1172/1172/1172 1171/1171/1171
f 1179/1179/1179 1177/1177/1177 1178/1178/1178
f 1178/1178/1178 1180/1180/1180 1179/1179/1179
f 1183/1183/1183 1181/1181/1181 1182/1182/1182
f 1182/1182/1182 1184/1184/1184 1183/1183/1183
f 1187/1187/1187 1185/1185/1185 1186/1186/1186
f 1186/1186/1186 1188/1188/1188 1187/1187/1187
f 1191/1191/1191 1189/1189/1189 1190/1190/1190
f 1190/1190/1190 1192/1192/1192 1191/1191/1191
f 1199/1199/1199 1197/1197/1197 1198/1198/1198
f 1198/1198/1198 1200/1200/1200 1199/1199/1199
f 1203/1203/1203 1201/1201/1201 1202/1202/1202
f 1202/1202/1202 1204/1204/1204 1203/1203/1203
f 1207/1207/1207 1205/1205/1205 1206/1206/1206
f 1206/1206/1206 1208/1208/1208 1207/1207/1207
f 1215/1215/1215 1213/1213/1213 1214/1214/1214
f 1214/1214/1214 1216/1216/1216 1215/1215/1215
f 1219/1219/1219 1217/1217/1217 1218/1218/1218
f 1218/1218/1218 1220/1220/1220 1219/1219/1219
f 1223/1223/1223 1221/1221/1221 1222/1222/1222
f 1222/1222/1222 1224/1224/1224 1223/1223/1223
f 1227/1227/1227 1225/1225/1225 1226/1226/1226
f 1226/1226/1226 1228/1228/1228 1227/1227/1227
f 1231/1231/1231 1229/1229/1229 1230/1230/1230
f 1230/1230/1230 1232/1232/1232 1231/1231/1231
f 1243/1243/1243 1241/1241/1241 1242/1242/1242
f 1242/1242/1242 1244/1244/1244 1243/1243/1243
f 1247/1247/1247 1245/1245/1245 1246/1246/1246
f 1246/1246/1246 1248/1248/1248 1247/1247/1247
f 1251/1251/1251 1249/1249/1249 1250/1250/1250
f 1250/1250/1250 1252/1252/1252 1251/1251/1251
f 1259/1259/1259 1257/1257/1257 1258/1258/1258
f 1258/1258/1258 1260/1260/1260 1259/1259/1259
f 1267/1267/1267 1265/1265/1265 1266/1266/1266
f 1266/1266/1266 1268/1268/1268 1267/1267/1267
f 1275/1275/1275 1273/1273/1273 1274/1274/1274
f 1274/1274/1274 1276/1276/1276 1275/1275/1275
f 1279/1279/1279 1277/1277/1277 1278/1278/1278
f 1278/1278/1278 1280/1280/1280 1279/1279/1279
f 1283/1283/1283 1281/1281/1281 1282/1282/1282
f 1282/1282/1282 1284/1284/1284 1283/1283/1283
f 1287/1287/1287 1285/1285/1285 1286/1286/1286
f 1286/1286/1286 1288/1288/1288 1287/1287/1287
f 1291/1291/1291 1289/1289/1289 1290/1290/1290
f 1290/1290/1290 1292/1292/1292 1291/1291/1291
f 1299/1299/1299 1297/1297/1297 1298/1298/1298
f 1298/1298/1298 1300/1300/1300 1299/1299/1299
f 1303/1303/1303 1301/1301/1301 1302/1302/1302
f 1302/1302/1302 1304/1304/1304 1303/1303/1303
f 1307/1307/1307 1305/1305/1305 1306/1306/1306
f 1306/1306/1306 1308/1308/1308 1307/1307/1307
f 1311/1311/1311 1309/1309/1309 1310/1310/1310
f 1310/1310/1310 1312/1312/1312 1311/1311/1311
f 1315/1315/1315 1313/1313/1313 1314/1314/1314
f 1314/1314/1314 1316/1316/1316 1315/1315/1315
f 1319/1319/1319 1317/1317/1317 1318/1318/1318
f 1318/1318/1318 1320/1320/1320 1319/1319/1319
f 1327/1327/1327 1325/1325/1325 1326/1326/1326
f 1326/1326/1326 1328/1328/1328 1327/1327/1327
f 1331/1331/1331 1329/1329/1329 1330/1330/1330
f 1330/1330/1330 1332/1332/1332 1331/1331/1331
f 1343/1343/1343 1341/1341/1341 1342/1342/1342
f 1342/1342/1342 1344/1344/1344 1343/1343/1343
f 1347/1347/1347 1345/1345/1345 1346/1346/1346
f 1346/1346/1346 1348/1348/1348 1347/1347/1347
f 1351/1351/1351 1349/1349/1349 1350/1350/1350
f 1350/1350/1350 1352/1352/1352 1351/1351/1351
f 1355/1355/1355 1353/1353/1353 1354/1354/1354
f 1354/1354/1354 1356/1356/1356 1355/1355/1355
f 1359/1359/1359 1357/1357/1357 1358/1358/1358
f 1358/1358/1358 1360/1360/1360 1359/1359/1359
f 1363/1363/1363 1361/1361/1361 1362/1362/1362
f 1362/1362/1362 1364/1364/1364 1363/1363/1363
f 1367/1367/1367 1365/1365/1365 1366/1366/1366
f 1366/1366/1366 1368/1368/1368 1367/1367/1367
f 1371/1371/1371 1369/1369/1369 1370/1370/1370
f 1370/1370/1370 1372/1372/1372 1371/1371/1371
f 1379/1379/1379 1377/1377/1377 1378/1378/1378
f 1378/1378/1378 1380/1380/1380 1379/1379/1379
f 1383/1383/1383 1381/1381/1381 1382/1382/1382
f 1382/1382/1382 1384/1384/1384 1383/1383/1383
f 1387/1387/1387 1385/1385/1385 1386/1386/1386
f 1386/1386/1386 1388/1388/1388 1387/1387/1387
f 1391/1391/1391 1389/1389/1389 1390/1390/1390
f 1390/1390/1390 1392/1392/1392 1391/1391/1391
f 1395/1395/1395 1393/1393/1393 1394/1394/1394
f 1394/1394/1394 1396/1396/1396 1395/1395/1395
f 1399/1399/1399 1397/1397/1397 1398/1398/1398
f 1398/1398/1398 1400/1400/1400 1399/1399/1399
f 1403/1403/1403 1401/1401/1401 1402/1402/1402
f 1402/1402/1402 1404/1404/1404 1403/1403/1403
f 1419/1419/1419 1417/1417/1417 1418/1418/1418
f 1418/1418/1418 1420/1420/1420 1419/1419/1419
f 1423/1423/1423 1421/1421/1421 1422/1422/1422
f 1422/1422/1422 1424/1424/1424 1423/1423/1423
f 1427/1427/1427 1425/1425/1425 1426/1426/1426
f 1426/1426/1426 1428/1428/1428 1427/1427/1427
f 1431/1431/1431 1429/1429/1429 1430/1430/1430
f 1430/1430/1430 1432/1432/1432 1431/1431/1431
f 1435/1435/1435 1433/1433/1433 1434/1434/1434
f 1434/1434/1434 1436/1436/1436 1435/1435/1435
f 1443/1443/1443 1441/1441/1441 1442/1442/1442
f 1442/1442/1442 1444/1444/1444 1443/1443/1443
f 1447/1447/1447 1445/1445/1445 1446/1446/1446
f 1446/1446/1446 1448/1448/1448 1447/1447/1447
f 1451/1451/1451 1449/1449/1449 1450/1450/1450
f 1450/1450/1450 1452/1452/1452 1451/1451/1451
f 1459/1459/1459 1457/1457/1457 1458/1458/1458
f 1458/1458/1458 1460/1460/1460 1459/1459/1459
f 1467/1467/1467 1465/1465/1465 1466/1466/1466
f 1466/1466/1466 1468/1468/1468 1467/1467/1467
f 1471/1471/1471 1469/1469/1469 1470/1470/1470
f 1470/1470/1470 1472/1472/1472 1471/1471/1471
f 1475/1475/1475 1473/1473/1473 1474/1474/1474
f 1474/1474/1474 1476/1476/1476 1475/1475/1475
f 1479/1479/1479 1477/1477/1477 1478/1478/1478
f 1478/1478/1478 1480/1480/1480 1479/1479/1479
f 1483/1483/1483 1481/1481/1481 1482/1482/1482
f 1482/1482/1482 1484/1484/1484 1483/1483/1483
f 1487/1487/1487 1485/1485/1485 1486/1486/1486
f 1486/1486/1486 1488/1488/1488 1487/1487/1487
f 1491/1491/1491 1489/1489/1489 1490/1490/1490
f 1490/1490/1490 1492/1492/1492 1491/1491/1491
f 1495/1495/1495 1493/1493/1493 1494/1494/1494
f 1494/1494/1494 1496/1496/1496 1495/1495/1495
f 1499/1499/1499 1497/1497/1497 1498/1498/1498
f 1498/1498/1498 1500/1500/1500 1499/1499/1499
f 1503/1503/1503 1501/1501/1501 1502/1502/1502
f 1502/1502/1502 1504/1504/1504 1503/1503/1503
f 1507/1507/1507 1505/1505/1505 1506/1506/1506
f 1506/1506/1506 1508/1508/1508 1507/1507/1507
f 1511/1511/1511 1509/1509/1509 1510/1510/1510
f 1510/1510/1510 1512/1512/1512 1511/1511/1511
f 1515/1515/1515 1513/1513/1513 1514/1514/1514
f 1514/1514/1514 1516/1516/1516 1515/1515/1515
f 1519/1519/1519 1517/1517/1517 1518/1518/1518
f 1518/1518/1518 1520/1520/1520 1519/1519/1519
f 1523/1523/1523 1521/1521/1521 1522/1522/1522
f 1522/1522/1522 1524/1524/1524 1523/1523/1523
f 1527/1527/1527 1525/1525/1525 1526/1526/1526
f 1526/1526/1526 1528/1528/1528 1527/1527/1527
f 1531/1531/1531 1529/1529/1529 1530/1530/1530
f 1530/1530/1530 1532/1532/1532 1531/1531/1531
f 1539/1539/1539 1537/1537/1537 1538/1538/1538
f 1538/1538/1538 1540/1540/1540 1539/1539/1539
f 1543/1543/1543 1541/1541/1541 1542/1542/1542
f 1542/1542/1542 1544/1544/1544 1543/1543/1543
f 1547/1547/1547 1545/1545/1545 1546/1546/1546
f 1546/1546/1546 1548/1548/1548 1547/1547/1547
f 1551/1551/1551 1549/1549/1549 1550/1550/1550
f 1550/1550/1550 1552/1552/1552 1551/1551/1551
f 1555/1555/1555 1553/1553/1553 1554/1554/1554
f 1554/1554/1554 1556/1556/1556 1555/1555/1555
f 1559/1559/1559 1557/1557/1557 1558/1558/1558
f 1558/1558/1558 1560/1560/1560 1559/1559/1559
f 1563/1563/1563 1561/1561/1561 1562/1562/1562
f 1562/1562/1562 1564/1564/1564 1563/1563/1563
f 1571/1571/1571 1569/1569/1569 1570/1570/1570
f 1570/1570/1570 1572/1572/1572 1571/1571/1571
f 1579/1579/1579 1577/1577/1577 1578/1578/1578
f 1578/1578/1578 1580/1580/1580 1579/1579/1579
f 1583/1583/1583 1581/1581/1581 1582/1582/1582
f 1582/1582/1582 1584/1584/1584 1583/1583/1583
f 1587/1587/1587 1585/1585/1585 1586/1586/1586
f 1586/1586/1586 1588/1588/1588 1587/1587/1587
f 1591/1591/1591 1589/1589/1589 1590/1590/1590
f 1590/1590/1590 1592/1592/1592 1591/1591/1591
f 1607/1607/1607 1605/1605/1605 1606/1606/1606
f 1606/1606/1606 1608/1608/1608 1607/1607/1607
f 1611/1611/1611 1609/1609/1609 1610/1610/1610
f 1610/1610/1610 1612/1612/1612 1611/1611/1611
f 1615/1615/1615 1613/1613/1613 1614/1614/1614
f 1614/1614/1614 1616/1616/1616 1615/1615/1615
f 1619/1619/1619 1617/1617/1617 1618/1618/1618
f 1618/1618/1618 1620/1620/1620 1619/1619/1619
f 1623/1623/1623 1621/1621/1621 1622/1622/1622
f 1622/1622/1622 1624/1624/1624 1623/1623/1623
f 1627/1627/1627 1625/1625/1625 1626/1626/1626
f 1626/1626/1626 1628/1628/1628 1627/1627/1627
f 1631/1631/1631 1629/1629/1629 1630/1630/1630
f 1630/1630/1630 1632/1632/1632 1631/1631/1631
f 1639/1639/1639 1637/1637/1637 1638/1638/1638
f 1638/1638/1638 1640/1640/1640 1639/1639/1639
f 1643/1643/1643 1641/1641/1641 1642/1642/1642
f 1642/1642/1642 1644/1644/1644 1643/1643/1643
f 1647/1647/1647 1645/1645/1645 1646/1646/1646
f 1646/1646/1646 1648/1648/1648 1647/1647/1647
f 1651/1651/1651 1649/1649/1649 1650/1650/1650
f 1650/1650/1650 1652/1652/1652 1651/1651/1651
f 1659/1659/1659 1657/1657/1657 1658/1658/1658
f 1658/1658/1658 1660/1660/1660 1659/1659/1659
f 1663/1663/1663 1661/1661/1661 1662/1662/1662
f 1662/1662/1662 1664/1664/1664 1663/1663/1663
f 1667/1667/1667 1665/1665/1665 1666/1666/1666
f 1666/1666/1666 1668/1668/1668 1667/1667/1667
f 1671/1671/1671 1669/1669/1669 1670/1670/1670
f 1670/1670/1670 1672/1672/1672 1671/1671/1671
f 1675/1675/1675 1673/1673/1673 1674/1674/1674
f 1674/1674/1674 1676/1676/1676 1675/1675/1675
f 1679/1679/1679 1677/1677/1677 1678/1678/1678
f 1678/1678/1678 1680/1680/1680 1679/1679/1679
f 1687/1687/1687 1685/1685/1685 1686/1686/1686
f 1686/1686/1686 1688/1688/1688 1687/1687/1687
f 1691/1691/1691 1689/1689/1689 1690/1690/1690
f 1690/1690/1690 1692/1692/1692 1691/1691/1691
f 1695/1695/1695 1693/1693/1693 1694/1694/1694
f 1694/1694/1694 1696/1696/1696 1695/1695/1695
f 1699/1699/1699 1697/1697/1697 1698/1698/1698
f 1698/1698/1698 1700/1700/1700 1699/1699/1699
f 1719/1719/1719 1717/1717/1717 1718/1718/1718
f 1718/1718/1718 1720/1720/1720 1719/1719/1719
f 1723/1723/1723 1721/1721/1721 1722/1722/1722
f 1722/1722/1722 1724/1724/1724 1723/1723/1723
f 1727/1727/1727 1725/1725/1725 1726/1726/1726
f 1726/1726/1726 1728/1728/1728 1727/1727/1727
f 1735/1735/1735 1733/1733/1733 1734/1734/1734
f 1734/1734/1734 1736/1736/1736 1735/1735/1735
f 1739/1739/1739 1737/1737/1737 1738/1738/1738
f 1738/1738/1738 1740/1740/1740 1739/1739/1739
f 1743/1743/1743 1741/1741/1741 1742/1742/1742
f 1742/1742/1742 1744/1744/1744 1743/1743/1743
f 1747/1747/1747 1745/1745/1745 1746/1746/1746
f 1746/1746/1746 1748/1748/1748 1747/1747/1747
f 1755/1755/1755 1753/1753/1753 1754/1754/1754
f 1754/1754/1754 1756/1756/1756 1755/1755/1755
f 1759/1759/1759 1757/1757/1757 1758/1758/1758
f 1758/1758/1758 1760/1760/1760 1759/1759/1759
f 1767/1767/1767 1765/1765/1765 1766/1766/1766
f 1766/1766/1766 1768/1768/1768 1767/1767/1767
f 1771/1771/1771 1769/1769/1769 1770/1770/1770
f 1770/1770/1770 1772/1772/1772 1771/1771/1771
f 1775/1775/1775 1773/1773/1773 1774/1774/1774
f 1774/1774/1774 1776/1776/1776 1775/1775/1775
f 1779/1779/1779 1777/1777/1777 1778/1778/1778
f 1778/1778/1778 1780/1780/1780 1779/1779/1779
f 1783/1783/1783 1781/1781/1781 1782/1782/1782
f 1782/1782/1782 1784/1784/1784 1783/1783/1783
f 1791/1791/1791 1789/1789/1789 1790/1790/1790
f 1790/1790/1790 1792/1792/1792 1791/1791/1791
f 1795/1795/1795 1793/1793/1793 1794/1794/1794
f 1794/1794/1794 1796/1796/1796 1795/1795/1795
f 1799/1799/1799 1797/1797/1797 1798/1798/1798
f 1798/1798/1798 1800/1800/1800 1799/1799/1799
f 1803/1803/1803 1801/1801/1801 1802/1802/1802
f 1802/1802/1802 1804/1804/1804 1803/1803/1803
f 1807/1807/1807 1805/1805/1805 1806/1806/1806
f 1806/1806/1806 1808/1808/1808 1807/1807/1807
f 1815/1815/1815 1813/1813/1813 1814/1814/1814
f 1814/1814/1814 1816/1816/1816 1815/1815/1815
f 1819/1819/1819 1817/1817/1817 1818/1818/1818
f 1818/1818/1818 1820/1820/1820 1819/1819/1819
f 1823/1823/1823 1821/1821/1821 1822/1822/1822
f 1822/1822/1822 1824/1824/1824 1823/1823/1823
f 1827/1827/1827 1825/1825/1825 1826/1826/1826
f 1826/1826/1826 1828/1828/1828 1827/1827/1827
f 1831/1831/1831 1829/1829/1829 1830/1830/1830
f 1830/1830/1830 1832/1832/1832 1831/1831/1831
f 1835/1835/1835 1833/1833/1833 1834/1834/1834
f 1834/1834/1834 1836/1836/1836 1835/1835/1835
f 1843/1843/1843 1841/1841/1841 1842/1842/1842
f 1842/1842/1842 1844/1844/1844 1843/1843/1843
f 1851/1851/1851 1849/1849/1849 1850/1850/1850
f 1850/1850/1850 1852/1852/1852 1851/1851/1851
f 1863/1863/1863 1861/1861/1861 1862/1862/1862
f 1862/1862/1862 1864/1864/1864 1863/1863/1863
f 1871/1871/1871 1869/1869/1869 1870/1870/1870
f 1870/1870/1870 1872/1872/1872 1871/1871/1871
f 1875/1875/1875 1873/1873/1873 1874/1874/1874
f 1874/1874/1874 1876/1876/1876 1875/1875/1875
f 1879/1879/1879 1877/1877/1877 1878/1878/1878
f 1878/1878/1878 1880/1880/1880 1879/1879/1879
f 1883/1883/1883 1881/1881/1881 1882/1882/1882
f 1882/1882/1882 1884/1884/1884 1883/1883/1883
f 1887/1887/1887 1885/1885/1885 1886/1886/1886
f 1886/1886/1886 1888/1888/1888 1887/1887/1887
f 1891/1891/1891 1889/1889/1889 1890/1890/1890
f 1890/1890/1890 1892/1892/1892 1891/1891/1891
f 1895/1895/1895 1893/1893/1893 1894/1894/1894
f 1894/1894/1894 1896/1896/1896 1895/1895/1895
f 1907/1907/1907 1905/1905/1905 1906/1906/1906
f 1906/1906/1906 1908/1908/1908 1907/1907/1907
f 1911/1911/1911 1909/1909/1909 1910/1910/1910
f 1910/1910/1910 1912/1912/1912 1911/1911/1911
f 1915/1915/1915 1913/1913/1913 1914/1914/1914
f 1914/1914/1914 1916/1916/1916 1915/1915/1915
f 1919/1919/1919 1917/1917/1917 1918/1918/1918
f 1918/1918/1918 1920/1920/1920 1919/1919/1919
f 1927/1927/1927 1925/1925/1925 1926/1926/1926
f 1926/1926/1926 1928/1928/1928 1927/1927/1927
f 1931/1931/1931 1929/1929/1929 1930/1930/1930
f 1930/1930/1930 1932/1932/1932 1931/1931/1931
f 1935/1935/1935 1933/1933/1933 1934/1934/1934
f 1934/1934/1934 1936/1936/1936 1935/1935/1935
f 1939/1939/1939 1937/1937/1937 1938/1938/1938
f 1938/1938/1938 1940/1940/1940 1939/1939/1939
f 1943/1943/1943 1941/1941/1941 1942/1942/1942
f 1942/1942/1942 1944/1944/1944 1943/1943/1943
f 1947/1947/1947 1945/1945/1945 1946/1946/1946
f 1946/1946/1946 1948/1948/1948 1947/1947/1947
f 1951/1951/1951 1949/1949/1949 1950/1950/1950
f 1950/1950/1950 1952/1952/1952 1951/1951/1951
f 1955/1955/1955 1953/1953/1953 1954/1954/1954
f 1954/1954/1954 1956/1956/1956 1955/1955/1955
f 1959/1959/1959 1957/1957/1957 1958/1958/1958
f 1958/1958/1958 1960/1960/1960 1959/1959/1959
f 1967/1967/1967 1965/1965/1965 1966/1966/1966
f 1966/1966/1966 1968/1968/1968 1967/1967/1967
f 1971/1971/1971 1969/1969/1969 1970/1970/1970
f 1970/1970/1970 1972/1972/1972 1971/1971/1971
f 1975/1975/1975 1973/1973/1973 1974/1974/1974
f 1974/1974/1974 1976/1976/1976 1975/1975/1975
f 1983/1983/1983 1981/1981/1981 1982/1982/1982
f 1982/1982/1982 1984/1984/1984 1983/1983/1983
f 1987/1987/1987 1985/1985/1985 1986/1986/1986
f 1986/1986/1986 1988/1988/1988 1987/1987/1987
f 1999/1999/1999 1997/1997/1997 1998/1998/1998
f 1998/1998/1998 2000/2000/2000 1999/1999/1999
f 2007/2007/2007 2005/2005/2005 2006/2006/2006
f 2006/2006/2006 2008/2008/2008 2007/2007/2007
f 2015/2015/2015 2013/2013/2013 2014/2014/2014
f 2014/2014/2014 2016/2016/2016 2015/2015/2015
f 2019/2019/2019 2017/2017/2017 2018/2018/2018
f 2018/2018/2018 2020/2020/2020 2019/2019/2019
f 2023/2023/2023 2021/2021/2021 2022/2022/2022
f 2022/2022/2022 2024/2024/2024 2023/2023/2023
f 2027/2027/2027 2025/2025/2025 2026/2026/2026
f 2026/2026/2026 2028/2028/2028 2027/2027/2027
f 2031/2031/2031 2029/2029/2029 2030/2030/2030
f 2030/2030/2030 2032/2032/2032 2031/2031/2031
f 2035/2035/2035 2033/2033/2033 2034/2034/2034
f 2034/2034/2034 2036/2036/2036 2035/2035/2035
f 2039/2039/2039 2037/2037/2037 2038/2038/2038
f 2038/2038/2038 2040/2040/2040 2039/2039/2039
f 2043/2043/2043 2041/2041/2041 2042/2042/2042
f 2042/2042/2042 2044/2044/2044 2043/2043/2043
f 2051/2051/2051 2049/2049/2049 2050/2050/2050
f 2050/2050/2050 2052/2052/2052 2051/2051/2051
f 2055/2055/2055 2053/2053/2053 2054/2054/2054
f 2054/2054/2054 2056/2056/2056 2055/2055/2055
f 2059/2059/2059 2057/2057/2057 2058/2058/2058
f 2058/2058/2058 2060/2060/2060 2059/2059/2059
f 2063/2063/2063 2061/2061/2061 2062/2062/2062
f 2062/2062/2062 2064/2064/2064 2063/2063/2063
f 2071/2071/2071 2069/2069/2069 2070/2070/2070
f 2070/2070/2070 2072/2072/2072 2071/2071/2071
f 2075/2075/2075 2073/2073/2073 2074/2074/2074
f 2074/2074/2074 2076/2076/2076 2075/2075/2075
f 2079/2079/2079 2077/2077/2077 2078/2078/2078
f 2078/2078/2078 2080/2080/2080 2079/2079/2079
f 2083/2083/2083 2081/2081/2081 2082/2082/2082
f 2082/2082/2082 2084/2084/2084 2083/2083/2083
f 2091/2091/2091 2089/2089/2089 2090/2090/2090
f 2090/2090/2090 2092/2092/2092 2091/2091/2091
f 2095/2095/2095 2093/2093/2093 2094/2094/2094
f 2094/2094/2094 2096/2096/2096 2095/2095/2095
f 2099/2099/2099 2097/2097/2097 2098/2098/2098
f 2098/2098/2098 2100/2100/2100 2099/2099/2099
f 2103/2103/2103 2101/2101/2101 2102/2102/2102
f 2102/2102/2102 2104/2104/2104 2103/2103/2103
f 2111/2111/2111 2109/2109/2109 2110/2110/2110
f 2110/2110/2110 2112/2112/2112 2111/2111/2111
f 2119/2119/2119 2117/2117/2117 2118/2118/2118
f 2118/2118/2118 2120/2120/2120 2119/2119/2119
f 2123/2123/2123 2121/2121/2121 2122/2122/2122
f 2122/2122/2122 2124/2124/2124 2123/2123/2123
f 2127/2127/2127 2125/2125/2125 2126/2126/2126
f 2126/2126/2126 2128/2128/2128 2127/2127/2127
f 2135/2135/2135 2133/2133/2133 2134/2134/2134
f 2134/2134/2134 2136/2136/2136 2135/2135/2135
f 2139/2139/2139 2137/2137/2137 2138/2138/2138
f 2138/2138/2138 2140/2140/2140 2139/2139/2139
f 2147/2147/2147 2145/2145/2145 2146/2146/2146
f 2146/2146/2146 2148/2148/2148 2147/2147/2147
f 2151/2151/2151 2149/2149/2149 2150/2150/2150
f 2150/2150/2150 2152/2152/2152 2151/2151/2151
f 2155/2155/2155 2153/2153/2153 2154/2154/2154
f 2154/2154/2154 2156/2156/2156 2155/2155/2155
f 2167/2167/2167 2165/2165/2165 2166/2166/2166
f 2166/2166/2166 2168/2168/2168 2167/2167/2167
f 2171/2171/2171 2169/2169/2169 2170/2170/2170
f 2170/2170/2170 2172/2172/2172 2171/2171/2171
f 2179/2179/2179 2177/2177/2177 2178/2178/2178
f 2178/2178/2178 2180/2180/2180 2179/2179/2179
f 2183/2183/2183 2181/2181/2181 2182/2182/2182
f 2182/2182/2182 2184/2184/2184 2183/2183/2183
f 2187/2187/2187 2185/2185/2185 2186/2186/2186
f 2186/2186/2186 2188/2188/2188 2187/2187/2187
f 2191/2191/2191 2189/2189/2189 2190/2190/2190
f 2190/2190/2190 2192/2192/2192 2191/2191/2191
f 2195/2195/2195 2193/2193/2193 2194/2194/2194
f 2194/2194/2194 2196/2196/2196 2195/2195/2195
f 2199/2199/2199 2197/2197/2197 2198/2198/2198
f 2198/2198/2198 2200/2200/2200 2199/2199/2199
f 2203/2203/2203 2201/2201/2201 2202/2202/2202
f 2202/2202/2202 2204/2204/2204 2203/2203/2203
f 2207/2207/2207 2205/2205/2205 2206/2206/2206
f 2206/2206/2206 2208/2208/2208 2207/2207/2207
f 2211/2211/2211 2209/2209/2209 2210/2210/2210
f 2210/2210/2210 2212/2212/2212 2211/2211/2211
f 2215/2215/2215 2213/2213/2213 2214/2214/2214
f 2214/2214/2214 2216/2216/2216 2215/2215/2215
f 2219/2219/2219 2217/2217/2217 2218/2218/2218
f 2218/2218/2218 2220/2220/2220 2219/2219/2219
f 2223/2223/2223 2221/2221/2221 2222/2222/2222
f 2222/2222/2222 2224/2224/2224 2223/2223/2223
f 2231/2231/2231 2229/2229/2229 2230/2230/2230
f 2230/2230/2230 2232/2232/2232 2231/2231/2231
f 2235/2235/2235 2233/2233/2233 2234/2234/2234
f 2234/2234/2234 2236/2236/2236 2235/2235/2235
f 2239/2239/2239 2237/2237/2237 2238/2238/2238
f 2238/2238/2238 2240/2240/2240 2239/2239/2239
f 2243/2243/2243 2241/2241/2241 2242/2242/2242
f 2242/2242/2242 2244/2244/2244 2243/2243/2243
f 2247/2247/2247 2245/2245/2245 2246/2246/2246
f 2246/2246/2246 2248/2248/2248 2247/2247/2247
f 2251/2251/2251 2249/2249/2249 2250/2250/2250
f 2250/2250/2250 2252/2252/2252 2251/2251/2251
f 2255/2255/2255 2253/2253/2253 2254/2254/2254
f 2254/2254/2254 2256/2256/2256 2255/2255/2255
f 2267/2267/2267 2265/2265/2265 2266/2266/2266
f 2266/2266/2266 2268/2268/2268 2267/2267/2267
f 2271/2271/2271 2269/2269/2269 2270/2270/2270
f 2270/2270/2270 2272/2272/2272 2271/2271/2271
f 2279/2279/2279 2277/2277/2277 2278/2278/2278
f 2278/2278/2278 2280/2280/2280 2279/2279/2279
f 2283/2283/2283 2281/2281/2281 2282/2282/2282
f 2282/2282/2282 2284/2284/2284 2283/2283/2283
f 2287/2287/2287 2285/2285/2285 2286/2286/2286
f 2286/2286/2286 2288/2288/2288 2287/2287/2287
f 2291/2291/2291 2289/2289/2289 2290/2290/2290
f 2290/2290/2290 2292/2292/2292 2291/2291/2291
f 2295/2295/2295 2293/2293/2293 2294/2294/2294
f 2294/2294/2294 2296/2296/2296 2295/2295/2295
f 2299/2299/2299 2297/2297/2297 2298/2298/2298
f 2298/2298/2298 2300/2300/2300 2299/2299/2299
f 2307/2307/2307 2305/2305/2305 2306/2306/2306
f 2306/2306/2306 2308/2308/2308 2307/2307/2307
f 2311/2311/2311 2309/2309/2309 2310/2310/2310
f 2310/2310/2310 2312/2312/2312 2311/2311/2311
f 2315/2315/2315 2313/2313/2313 2314/2314/2314
f 2314/2314/2314 2316/2316/2316 2315/2315/2315
f 2319/2319/2319 2317/2317/2317 2318/2318/2318
f 2318/2318/2318 2320/2320/2320 2319/2319/2319
f 2323/2323/2323 2321/2321/2321 2322/2322/2322
f 2322/2322/2322 2324/2324/2324 2323/2323/2323
f 2327/2327/2327 2325/2325/2325 2326/2326/2326
f 2326/2326/2326 2328/2328/2328 2327/2327/2327
f 2331/2331/2331 2329/2329/2329 2330/2330/2330
f 2330/2330/2330 2332/2332/2332 2331/2331/2331
f 2335/2335/2335 2333/2333/2333 2334/2334/2334
f 2334/2334/2334 2336/2336/2336 2335/2335/2335
f 2351/2351/2351 2349/2349/2349 2350/2350/2350
f 2350/2350/2350 2352/2352/2352 2351/2351/2351
f 2359/2359/2359 2357/2357/2357 2358/2358/2358
f 2358/2358/2358 2360/2360/2360 2359/2359/2359
f 2363/2363/2363 2361/2361/2361 2362/2362/2362
f 2362/2362/2362 2364/2364/2364 2363/2363/2363
f 2367/2367/2367 2365/2365/2365 2366/2366/2366
f 2366/2366/2366 2368/2368/2368 2367/2367/2367
f 2371/2371/2371 2369/2369/2369 2370/2370/2370
f 2370/2370/2370 2372/2372/2372 2371/2371/2371
f 2375/2375/2375 2373/2373/2373 2374/2374/2374
f 2374/2374/2374 2376/2376/2376 2375/2375/2375
f 2379/2379/2379 2377/2377/2377 2378/2378/2378
f 2378/2378/2378 2380/2380/2380 2379/2379/2379
f 2383/2383/2383 2381/2381/2381 2382/2382/2382
f 2382/2382/2382 2384/2384/2384 2383/2383/2383
f 2387/2387/2387 2385/2385/2385 2386/2386/2386
f 2386/2386/2386 2388/2388/2388 2387/2387/2387
f 2395/2395/2395 2393/2393/2393 2394/2394/2394
f 2394/2394/2394 2396/2396/2396 2395/2395/2395
f 2403/2403/2403 2401/2401/2401 2402/2402/2402
f 2402/2402/2402 2404/2404/2404 2403/2403/2403
f 2407/2407/2407 2405/2405/2405 2406/2406/2406
f 2406/2406/2406 2408/2408/2408 2407/2407/2407
f 2427/2427/2427 2425/2425/2425 2426/2426/2426
f 2426/2426/2426 2428/2428/2428 2427/2427/2427
f 2431/2431/2431 2429/2429/2429 2430/2430/2430
f 2430/2430/2430 2432/2432/2432 2431/2431/2431
f 2439/2439/2439 2437/2437/2437 2438/2438/2438
f 2438/2438/2438 2440/2440/2440 2439/2439/2439
f 2451/2451/2451 2449/2449/2449 2450/2450/2450
f 2450/2450/2450 2452/2452/2452 2451/2451/2451
f 2455/2455/2455 2453/2453/2453 2454/2454/2454
f 2454/2454/2454 2456/2456/2456 2455/2455/2455
f 2459/2459/2459 2457/2457/2457 2458/2458/2458
f 2458/2458/2458 2460/2460/2460 2459/2459/2459
f 2463/2463/2463 2461/2461/2461 2462/2462/2462
f 2462/2462/2462 2464/2464/2464 2463/2463/2463
f 2471/2471/2471 2469/2469/2469 2470/2470/2470
f 2470/2470/2470 2472/2472/2472 2471/2471/2471
f 2475/2475/2475 2473/2473/2473 2474/2474/2474
f 2474/2474/2474 2476/2476/2476 2475/2475/2475
f 2479/2479/2479 2477/2477/2477 2478/2478/2478
f 2478/2478/2478 2480/2480/2480 2479/2479/2479
f 2483/2483/2483 2481/2481/2481 2482/2482/2482
f 2482/2482/2482 2484/2484/2484 2483/2483/2483
f 2487/2487/2487 2485/2485/2485 2486/2486/2486
f 2486/2486/2486 2488/2488/2488 2487/2487/2487
f 2495/2495/2495 2493/2493/2493 2494/2494/2494
f 2494/2494/2494 2496/2496/2496 2495/2495/2495
f 2499/2499/2499 2497/2497/2497 2498/2498/2498
f 2498/2498/2498 2500/2500/2500 2499/2499/2499
f 2503/2503/2503 2501/2501/2501 2502/2502/2502
f 2502/2502/2502 2504/2504/2504 2503/2503/2503
f 2511/2511/2511 2509/2509/2509 2510/2510/2510
f 2510/2510/2510 2512/2512/2512 2511/2511/2511
f 2515/2515/2515 2513/2513/2513 2514/2514/2514
f 2514/2514/2514 2516/2516/2516 2515/2515/2515
f 2519/2519/2519 2517/2517/2517 2518/2518/2518
f 2518/2518/2518 2520/2520/2520 2519/2519/2519
f 2523/2523/2523 2521/2521/2521 2522/2522/2522
f 2522/2522/2522 2524/2524/2524 2523/2523/2523
f 2527/2527/2527 2525/2525/2525 2526/2526/2526
f 2526/2526/2526 2528/2528/2528 2527/2527/2527
f 2531/2531/2531 2529/2529/2529 2530/2530/2530
f 2530/2530/2530 2532/2532/2532 2531/2531/2531
f 2535/2535/2535 2533/2533/2533 2534/2534/2534
f 2534/2534/2534 2536/2536/2536 2535/2535/2535
f 2543/2543/2543 2541/2541/2541 2542/2542/2542
f 2542/2542/2542 2544/2544/2544 2543/2543/2543
f 2547/2547/2547 2545/2545/2545 2546/2546/2546
f 2546/2546/2546 2548/2548/2548 2547/2547/2547
f 2551/2551/2551 2549/2549/2549 2550/2550/2550
f 2550/2550/2550 2552/2552/2552 2551/2551/2551
f 2559/2559/2559 2557/2557/2557 2558/2558/2558
f 2558/2558/2558 2560/2560/2560 2559/2559/2559
f 2563/2563/2563 2561/2561/2561 2562/2562/2562
f 2562/2562/2562 2564/2564/2564 2563/2563/2563
f 2567/2567/2567 2565/2565/2565 2566/2566/2566
f 2566/2566/2566 2568/2568/2568 2567/2567/2567
f 2571/2571/2571 2569/2569/2569 2570/2570/2570
f 2570/2570/2570 2572/2572/2572 2571/2571/2571
f 2575/2575/2575 2573/2573/2573 2574/2574/2574
f 2574/2574/2574 2576/2576/2576 2575/2575/2575
f 2579/2579/2579 2577/2577/2577 2578/2578/2578
f 2578/2578/2578 2580/2580/2580 2579/2579/2579
f 2591/2591/2591 2589/2589/2589 2590/2590/2590
f 2590/2590/2590 2592/2592/2592 2591/2591/2591
f 2603/2603/2603 2601/2601/2601 2602/2602/2602
f 2602/2602/2602 2604/2604/2604 2603/2603/2603
f 2607/2607/2607 2605/2605/2605 2606/2606/2606
f 2606/2606/2606 2608/2608/2608 2607/2607/2607
f 2611/2611/2611 2609/2609/2609 2610/2610/2610
f 2610/2610/2610 2612/2612/2612 2611/2611/2611
f 2615/2615/2615 2613/2613/2613 2614/2614/2614
f 2614/2614/2614 2616/2616/2616 2615/2615/2615
f 2619/2619/2619 2617/2617/2617 2618/2618/2618
f 2618/2618/2618 2620/2620/2620 2619/2619/2619
f 2623/2623/2623 2621/2621/2621 2622/2622/2622
f 2622/2622/2622 2624/2624/2624 2623/2623/2623
f 2627/2627/2627 2625/2625/2625 2626/2626/2626
f 2626/2626/2626 2628/2628/2628 2627/2627/2627
f 2631/2631/2631 2629/2629/2629 2630/2630/2630
f 2630/2630/2630 2632/2632/2632 2631/2631/2631
f 2635/2635/2635 2633/2633/2633 2634/2634/2634
f 2634/2634/2634 2636/2636/2636 2635/2635/2635
f 2643/2643/2643 2641/2641/2641 2642/2642/2642
f 2642/2642/2642 2644/2644/2644 2643/2643/2643
f 2651/2651/2651 2649/2649/2649 2650/2650/2650
f 2650/2650/2650 2652/2652/2652 2651/2651/2651
f 2655/2655/2655 2653/2653/2653 2654/2654/2654
f 2654/2654/2654 2656/2656/2656 2655/2655/2655
f 2667/2667/2667 2665/2665/2665 2666/2666/2666
f 2666/2666/2666 2668/2668/2668 2667/2667/2667
f 2671/2671/2671 2669/2669/2669 2670/2670/2670
f 2670/2670/2670 2672/2672/2672 2671/2671/2671
f 2675/2675/2675 2673/2673/2673 2674/2674/2674
f 2674/2674/2674 2676/2676/2676 2675/2675/2675
f 2683/2683/2683 2681/2681/2681 2682/2682/2682
f 2682/2682/2682 2684/2684/2684 2683/2683/2683
f 2687/2687/2687 2685/2685/2685 2686/2686/2686
f 2686/2686/2686 2688/2688/2688 2687/2687/2687
f 2695/2695/2695 2693/2693/2693 2694/2694/2694
f 2694/2694/2694 2696/2696/2696 2695/2695/2695
f 2699/2699/2699 2697/2697/2697 2698/2698/2698
f 2698/2698/2698 2700/2700/2700 2699/2699/2699
f 2707/2707/2707 2705/2705/2705 2706/2706/2706
f 2706/2706/2706 2708/2708/2708 2707/2707/2707
f 2711/2711/2711 2709/2709/2709 2710/2710/2710
f 2710/2710/2710 2712/2712/2712 2711/2711/2711
f 2715/2715/2715 2713/2713/2713 2714/2714/2714
f 2714/2714/2714 2716/2716/2716 2715/2715/2715
f 2719/2719/2719 2717/2717/2717 2718/2718/2718
f 2718/2718/2718 2720/2720/2720 2719/2719/2719
f 2723/2723/2723 2721/2721/2721 2722/2722/2722
f 2722/2722/2722 2724/2724/2724 2723/2723/2723
f 2727/2727/2727 2725/2725/2725 2726/2726/2726
f 2726/2726/2726 2728/2728/2728 2727/2727/2727
f 2731/2731/2731 2729/2729/2729 2730/2730/2730
f 2730/2730/2730 2732/2732/2732 2731/2731/2731
f 2735/2735/2735 2733/2733/2733 2734/2734/2734
f 2734/2734/2734 2736/2736/2736 2735/2735/2735
f 2739/2739/2739 2737/2737/2737 2738/2738/2738
f 2738/2738/2738 2740/2740/2740 2739/2739/2739
f 2743/2743/2743 2741/2741/2741 2742/2742/2742
f 2742/2742/2742 2744/2744/2744 2743/2743/2743
f 2747/2747/2747 2745/2745/2745 2746/2746/2746
f 2746/2746/2746 2748/2748/2748 2747/2747/2747
f 2755/2755/2755 2753/2753/2753 2754/2754/2754
f 2754/2754/2754 2756/2756/2756 2755/2755/2755
f 2763/2763/2763 2761/2761/2761 2762/2762/2762
f 2762/2762/2762 2764/2764/2764 2763/2763/2763
f 2767/2767/2767 2765/2765/2765 2766/2766/2766
f 2766/2766/2766 2768/2768/2768 2767/2767/2767
f 2771/2771/2771 2769/2769/2769 2770/2770/2770
f 2770/2770/2770 2772/2772/2772 2771/2771/2771
f 2779/2779/2779 2777/2777/2777 2778/2778/2778
f 2778/2778/2778 2780/2780/2780 2779/2779/2779
f 2783/2783/2783 2781/2781/2781 2782/2782/2782
f 2782/2782/2782 2784/2784/2784 2783/2783/2783
f 2787/2787/2787 2785/2785/2785 2786/2786/2786
f 2786/2786/2786 2788/2788/2788 2787/2787/2787
f 2791/2791/2791 2789/2789/2789 2790/2790/2790
f 2790/2790/2790 2792/2792/2792 2791/2791/2791
f 2799/2799/2799 2797/2797/2797 2798/2798/2798
f 2798/2798/2798 2800/2800/2800 2799/2799/2799
f 2803/2803/2803 2801/2801/2801 2802/2802/2802
f 2802/2802/2802 2804/2804/2804 2803/2803/2803
f 2807/2807/2807 2805/2805/2805 2806/2806/2806
f 2806/2806/2806 2808/2808/2808 2807/2807/2807
f 2811/2811/2811 2809/2809/2809 2810/2810/2810
f 2810/2810/2810 2812/2812/2812 2811/2811/2811
f 2819/2819/2819 2817/2817/2817 2818/2818/2818
f 2818/2818/2818 2820/2820/2820 2819/2819/2819
f 2823/2823/2823 2821/2821/2821 2822/2822/2822
f 2822/2822/2822 2824/2824/2824 2823/2823/2823
f 2827/2827/2827 2825/2825/2825 2826/2826/2826
f 2826/2826/2826 2828/2828/2828 2827/2827/2827
f 2835/2835/2835 2833/2833/2833 2834/2834/2834
f 2834/2834/2834 2836/2836/2836 2835/2835/2835
f 2839/2839/2839 2837/2837/2837 2838/2838/2838
f 2838/2838/2838 2840/2840/2840 2839/2839/2839
f 2843/2843/2843 2841/2841/2841 2842/2842/2842
f 2842/2842/2842 2844/2844/2844 2843/2843/2843
f 2851/2851/2851 2849/2849/2849 2850/2850/2850
f 2850/2850/2850 2852/2852/2852 2851/2851/2851
f 2855/2855/2855 2853/2853/2853 2854/2854/2854
f 2854/2854/2854 2856/2856/2856 2855/2855/2855
f 2863/2863/2863 2861/2861/2861 2862/2862/2862
f 2862/2862/2862 2864/2864/2864 2863/2863/2863
f 2867/2867/2867 2865/2865/2865 2866/2866/2866
f 2866/2866/2866 2868/2868/2868 2867/2867/2867
f 2871/2871/2871 2869/2869/2869 2870/2870/2870
f 2870/2870/2870 2872/2872/2872 2871/2871/2871
f 2875/2875/2875 2873/2873/2873 2874/2874/2874
f 2874/2874/2874 2876/2876/2876 2875/2875/2875
f 2879/2879/2879 2877/2877/2877 2878/2878/2878
f 2878/2878/2878 2880/2880/2880 2879/2879/2879
f 2891/2891/2891 2889/2889/2889 2890/2890/2890
f 2890/2890/2890 2892/2892/2892 2891/2891/2891
f 2895/2895/2895 2893/2893/2893 2894/2894/2894
f 2894/2894/2894 2896/2896/2896 2895/2895/2895
f 2899/2899/2899 2897/2897/2897 2898/2898/2898
f 2898/2898/2898 2900/2900/2900 2899/2899/2899
f 2903/2903/2903 2901/2901/2901 2902/2902/2902
f 2902/2902/2902 2904/2904/2904 2903/2903/2903
f 2907/2907/2907 2905/2905/2905 2906/2906/2906
f 2906/2906/2906 2908/2908/2908 2907/2907/2907
f 2911/2911/2911 2909/2909/2909 2910/2910/2910
f 2910/2910/2910 2912/2912/2912 2911/2911/2911
f 2919/2919/2919 2917/2917/2917 2918/2918/2918
f 2918/2918/2918 2920/2920/2920 2919/2919/2919
f 2927/2927/2927 2925/2925/2925 2926/2926/2926
f 2926/2926/2926 2928/2928/2928 2927/2927/2927
f 2943/2943/2943 2941/2941/2941 2942/2942/2942
f 2942/2942/2942 2944/2944/2944 2943/2943/2943
f 2951/2951/2951 2949/2949/2949 2950/2950/2950
f 2950/2950/2950 2952/2952/2952 2951/2951/2951
f 2959/2959/2959 2957/2957/2957 2958/2958/2958
f 2958/2958/2958 2960/2960/2960 2959/2959/2959
f 2967/2967/2967 2965/2965/2965 2966/2966/2966
f 2966/2966/2966 2968/2968/2968 2967/2967/2967
f 2971/2971/2971 2969/2969/2969 2970/2970/2970
f 2970/2970/2970 2972/2972/2972 2971/2971/2971
f 2975/2975/2975 2973/2973/2973 2974/2974/2974
f 2974/2974/2974 2976/2976/2976 2975/2975/2975
f 2983/2983/2983 2981/2981/2981 2982/2982/2982
f 2982/2982/2982 2984/2984/2984 2983/2983/2983
f 2987/2987/2987 2985/2985/2985 2986/2986/2986
f 2986/2986/2986 2988/2988/2988 2987/2987/2987
f 2995/2995/2995 2993/2993/2993 2994/2994/2994
f 2994/2994/2994 2996/2996/2996 2995/2995/2995
f 2999/2999/2999 2997/2997/2997 2998/2998/2998
f 2998/2998/2998 3000/3000/3000 2999/2999/2999
f 3007/3007/3007 3005/3005/3005 3006/3006/3006
f 3006/3006/3006 3008/3008/3008 3007/3007/3007
f 3011/3011/3011 3009/3009/3009 3010/3010/3010
f 3010/3010/3010 3012/3012/3012 3011/3011/3011
f 3015/3015/3015 3013/3013/3013 3014/3014/3014
f 3014/3014/3014 3016/3016/3016 3015/3015/3015
f 3019/3019/3019 3017/3017/3017 3018/3018/3018
f 3018/3018/3018 3020/3020/3020 3019/3019/3019
f 3023/3023/3023 3021/3021/3021 3022/3022/3022
f 3022/3022/3022 3024/3024/3024 3023/3023/3023
f 3027/3027/3027 3025/3025/3025 3026/3026/3026
f 3026/3026/3026 3028/3028/3028 3027/3027/3027
f 3031/3031/3031 3029/3029/3029 3030/3030/3030
f 3030/3030/3030 3032/3032/3032 3031/3031/3031
f 3035/3035/3035 3033/3033/3033 3034/3034/3034
f 3034/3034/3034 3036/3036/3036 3035/3035/3035
f 3039/3039/3039 3037/3037/3037 3038/3038/3038
f 3038/3038/3038 3040/3040/3040 3039/3039/3039
f 3043/3043/3043 3041/3041/3041 3042/3042/3042
f 3042/3042/3042 3044/3044/3044 3043/3043/3043
f 3047/3047/3047 3045/3045/3045 3046/3046/3046
f 3046/3046/3046 3048/3048/3048 3047/3047/3047
f 3051/3051/3051 3049/3049/3049 3050/3050/3050
f 3050/3050/3050 3052/3052/3052 3051/3051/3051
f 3055/3055/3055 3053/3053/3053 3054/3054/3054
f 3054/3054/3054 3056/3056/3056 3055/3055/3055
f 3063/3063/3063 3061/3061/3061 3062/3062/3062
f 3062/3062/3062 3064/3064/3064 3063/3063/3063
f 3067/3067/3067 3065/3065/3065 3066/3066/3066
f 3066/3066/3066 3068/3068/3068 3067/3067/3067
f 3071/3071/3071 3069/3069/3069 3070/3070/3070
f 3070/3070/3070 3072/3072/3072 3071/3071/3071
f 3075/3075/3075 3073/3073/3073 3074/3074/3074
f 3074/3074/3074 3076/3076/3076 3075/3075/3075
f 3079/3079/3079 3077/3077/3077 3078/3078/3078
f 3078/3078/3078 3080/3080/3080 3079/3079/3079
f 3083/3083/3083 3081/3081/3081 3082/3082/3082
f 3082/3082/3082 3084/3084/3084 3083/3083/3083
f 3087/3087/3087 3085/3085/3085 3086/3086/3086
f 3086/3086/3086 3088/3088/3088 3087/3087/3087
f 3091/3091/3091 3089/3089/3089 3090/3090/3090
f 3090/3090/3090 3092/3092/3092 3091/3091/3091
f 3095/3095/3095 3093/3093/3093 3094/3094/3094
f 3094/3094/3094 3096/3096/3096 3095/3095/3095
f 3099/3099/3099 3097/3097/3097 3098/3098/3098
f 3098/3098/3098 3100/3100/3100 3099/3099/3099
f 3107/3107/3107 3105/3105/3105 3106/3106/3106
f 3106/3106/3106 3108/3108/3108 3107/3107/3107
f 3111/3111/3111 3109/3109/3109 3110/3110/3110
f 3110/3110/3110 3112/3112/3112 3111/3111/3111
f 3115/3115/3115 3113/3113/3113 3114/3114/3114
f 3114/3114/3114 3116/3116/3116 3115/3115/3115
f 3119/3119/3119 3117/3117/3117 3118/3118/3118
f 3118/3118/3118 3120/3120/3120 3119/3119/3119
f 3123/3123/3123 3121/3121/3121 3122/3122/3122
f 3122/3122/3122 3124/3124/3124 3123/3123/3123
f 3127/3127/3127 3125/3125/3125 3126/3126/3126
f 3126/3126/3126 3128/3128/3128 3127/3127/3127
f 3131/3131/3131 3129/3129/3129 3130/3130/3130
f 3130/3130/3130 3132/3132/3132 3131/3131/3131
f 3135/3135/3135 3133/3133/3133 3134/3134/3134
f 3134/3134/3134 3136/3136/3136 3135/3135/3135
f 3139/3139/3139 3137/3137/3137 3138/3138/3138
f 3138/3138/3138 3140/3140/3140 3139/3139/3139
f 3143/3143/3143 3141/3141/3141 3142/3142/3142
f 3142/3142/3142 3144/3144/3144 3143/3143/3143
f 3159/3159/3159 3157/3157/3157 3158/3158/3158
f 3158/3158/3158 3160/3160/3160 3159/3159/3159
f 3163/3163/3163 3161/3161/3161 3162/3162/3162
f 3162/3162/3162 3164/3164/3164 3163/3163/3163
f 3167/3167/3167 3165/3165/3165 3166/3166/3166
f 3166/3166/3166 3168/3168/3168 3167/3167/3167
f 3171/3171/3171 3169/3169/3169 3170/3170/3170
f 3170/3170/3170 3172/3172/3172 3171/3171/3171
f 3175/3175/3175 3173/3173/3173 3174/3174/3174
f 3174/3174/3174 3176/3176/3176 3175/3175/3175
f 3179/3179/3179 3177/3177/3177 3178/3178/3178
f 3178/3178/3178 3180/3180/3180 3179/3179/3179
f 3183/3183/3183 3181/3181/3181 3182/3182/3182
f 3182/3182/3182 3184/3184/3184 3183/3183/3183
f 3195/3195/3195 3193/3193/3193 3194/3194/3194
f 3194/3194/3194 3196/3196/3196 3195/3195/3195
f 3203/3203/3203 3201/3201/3201 3202/3202/3202
f 3202/3202/3202 3204/3204/3204 3203/3203/3203
f 3211/3211/3211 3209/3209/3209 3210/3210/3210
f 3210/3210/3210 3212/3212/3212 3211/3211/3211
f 3215/3215/3215 3213/3213/3213 3214/3214/3214
f 3214/3214/3214 3216/3216/3216 3215/3215/3215
f 3219/3219/3219 3217/3217/3217 3218/3218/3218
f 3218/3218/3218 3220/3220/3220 3219/3219/3219
f 3223/3223/3223 3221/3221/3221 3222/3222/3222
f 3222/3222/3222 3224/3224/3224 3223/3223/3223
f 3227/3227/3227 3225/3225/3225 3226/3226/3226
f 3226/3226/3226 3228/3228/3228 3227/3227/3227
f 3235/3235/3235 3233/3233/3233 3234/3234/3234
f 3234/3234/3234 3236/3236/3236 3235/3235/3235
f 3239/3239/3239 3237/3237/3237 3238/3238/3238
f 3238/3238/3238 3240/3240/3240 3239/3239/3239
f 3243/3243/3243 3241/3241/3241 3242/3242/3242
f 3242/3242/3242 3244/3244/3244 3243/3243/3243
f 3247/3247/3247 3245/3245/3245 3246/3246/3246
f 3246/3246/3246 3248/3248/3248 3247/3247/3247
f 3251/3251/3251 3249/3249/3249 3250/3250/3250
f 3250/3250/3250 3252/3252/3252 3251/3251/3251
f 3255/3255/3255 3253/3253/3253 3254/3254/3254
f 3254/3254/3254 3256/3256/3256 3255/3255/3255
f 3259/3259/3259 3257/3257/3257 3258/3258/3258
f 3258/3258/3258 3260/3260/3260 3259/3259/3259
f 3263/3263/3263 3261/3261/3261 3262/3262/3262
f 3262/3262/3262 3264/3264/3264 3263/3263/3263
f 3267/3267/3267 3265/3265/3265 3266/3266/3266
f 3266/3266/3266 3268/3268/3268 3267/3267/3267
f 3271/3271/3271 3269/3269/3269 3270/3270/3270
f 3270/3270/3270 3272/3272/3272 3271/3271/3271
f 3283/3283/3283 3281/3281/3281 3282/3282/3282
f 3282/3282/3282 3284/3284/3284 3283/3283/3283
f 3287/3287/3287 3285/3285/3285 3286/3286/3286
f 3286/3286/3286 3288/3288/3288 3287/3287/3287
f 3291/3291/3291 3289/3289/3289 3290/3290/3290
f 3290/3290/3290 3292/3292/3292 3291/3291/3291
f 3295/3295/3295 3293/3293/3293 3294/3294/3294
f 3294/3294/3294 3296/3296/3296 3295/3295/3295
f 3299/3299/3299 3297/3297/3297 3298/3298/3298
f 3298/3298/3298 3300/3300/3300 3299/3299/3299
f 3303/3303/3303 3301/3301/3301 3302/3302/3302
f 3302/3302/3302 3304/3304/3304 3303/3303/3303
f 3307/3307/3307 3305/3305/3305 3306/3306/3306
f 3306/3306/3306 3308/3308/3308 3307/3307/3307
f 3311/3311/3311 3309/3309/3309 3310/3310/3310
f 3310/3310/3310 3312/3312/3312 3311/3311/3311
f 3315/3315/3315 3313/3313/3313 3314/3314/3314
f 3314/3314/3314 3316/3316/3316 3315/3315/3315
f 3319/3319/3319 3317/3317/3317 3318/3318/3318
f 3318/3318/3318 3320/3320/3320 3319/3319/3319
f 3327/3327/3327 3325/3325/3325 3326/3326/3326
f 3326/3326/3326 3328/3328/3328 3327/3327/3327
f 3331/3331/3331 3329/3329/3329 3330/3330/3330
f 3330/3330/3330 3332/3332/3332 3331/3331/3331
f 3335/3335/3335 3333/3333/3333 3334/3334/3334
f 3334/3334/3334 3336/3336/3336 3335/3335/3335
f 3339/3339/3339 3337/3337/3337 3338/3338/3338
f 3338/3338/3338 3340/3340/3340 3339/3339/3339
f 3343/3343/3343 3341/3341/3341 3342/3342/3342
f 3342/3342/3342 3344/3344/3344 3343/3343/3343
f 3347/3347/3347 3345/3345/3345 3346/3346/3346
f 3346/3346/3346 3348/3348/3348 3347/3347/3347
f 3351/3351/3351 3349/3349/3349 3350/3350/3350
f 3350/3350/3350 3352/3352/3352 3351/3351/3351
f 3355/3355/3355 3353/3353/3353 3354/3354/3354
f 3354/3354/3354 3356/3356/3356 3355/3355/3355
f 3359/3359/3359 3357/3357/3357 3358/3358/3358
f 3358/3358/3358 3360/3360/3360 3359/3359/3359
f 3363/3363/3363 3361/3361/3361 3362/3362/3362
f 3362/3362/3362 3364/3364/3364 3363/3363/3363
f 3367/3367/3367 3365/3365/3365 3366/3366/3366
f 3366/3366/3366 3368/3368/3368 3367/3367/3367
f 3371/3371/3371 3369/3369/3369 3370/3370/3370
f 3370/3370/3370 3372/3372/3372 3371/3371/3371
f 3379/3379/3379 3377/3377/3377 3378/3378/3378
f 3378/3378/3378 3380/3380/3380 3379/3379/3379
f 3391/3391/3391 3389/3389/3389 3390/3390/3390
f 3390/3390/3390 3392/3392/3392 3391/3391/3391
f 3399/3399/3399 3397/3397/3397 3398/3398/3398
f 3398/3398/3398 3400/3400/3400 3399/3399/3399
f 3407/3407/3407 3405/3405/3405 3406/3406/3406
f 3406/3406/3406 3408/3408/3408 3407/3407/3407
f 3411/3411/3411 3409/3409/3409 3410/3410/3410
f 3410/3410/3410 3412/3412/3412 3411/3411/3411
f 3415/3415/3415 3413/3413/3413 3414/3414/3414
f 3414/3414/3414 3416/3416/3416 3415/3415/3415
f 3419/3419/3419 3417/3417/3417 3418/3418/3418
f 3418/3418/3418 3420/3420/3420 3419/3419/3419
f 3423/3423/3423 3421/3421/3421 3422/3422/3422
f 3422/3422/3422 3424/3424/3424 3423/3423/3423
f 3431/3431/3431 3429/3429/3429 3430/3430/3430
f 3430/3430/3430 3432/3432/3432 3431/3431/3431
f 3435/3435/3435 3433/3433/3433 3434/3434/3434
f 3434/3434/3434 3436/3436/3436 3435/3435/3435
f 3439/3439/3439 3437/3437/3437 3438/3438/3438
f 3438/3438/3438 3440/3440/3440 3439/3439/3439
f 3447/3447/3447 3445/3445/3445 3446/3446/3446
f 3446/3446/3446 3448/3448/3448 3447/3447/3447
f 3451/3451/3451 3449/3449/3449 3450/3450/3450
f 3450/3450/3450 3452/3452/3452 3451/3451/3451
f 3455/3455/3455 3453/3453/3453 3454/3454/3454
f 3454/3454/3454 3456/3456/3456 3455/3455/3455
f 3459/3459/3459 3457/3457/3457 3458/3458/3458
f 3458/3458/3458 3460/3460/3460 3459/3459/3459
f 3467/3467/3467 3465/3465/3465 3466/3466/3466
f 3466/3466/3466 3468/3468/3468 3467/3467/3467
f 3471/3471/3471 3469/3469/3469 3470/3470/3470
f 3470/3470/3470 3472/3472/3472 3471/3471/3471
f 3479/3479/3479 3477/3477/3477 3478/3478/3478
f 3478/3478/3478 3480/3480/3480 3479/3479/3479
f 3483/3483/3483 3481/3481/3481 3482/3482/3482
f 3482/3482/3482 3484/3484/3484 3483/3483/3483
f 3487/3487/3487 3485/3485/3485 3486/3486/3486
f 3486/3486/3486 3488/3488/3488 3487/3487/3487
f 3491/3491/3491 3489/3489/3489 3490/3490/3490
f 3490/3490/3490 3492/3492/3492 3491/3491/3491
f 3495/3495/3495 3493/3493/3493 3494/3494/3494
f 3494/3494/3494 3496/3496/3496 3495/3495/3495
f 3503/3503/3503 3501/3501/3501 3502/3502/3502
f 3502/3502/3502 3504/3504/3504 3503/3503/3503
f 3507/3507/3507 3505/3505/3505 3506/3506/3506
f 3506/3506/3506 3508/3508/3508 3507/3507/3507
f 3511/3511/3511 3509/3509/3509 3510/3510/3510
f 3510/3510/3510 3512/3512/3512 3511/3511/3511
f 3519/3519/3519 3517/3517/3517 3518/3518/3518
f 3518/3518/3518 3520/3520/3520 3519/3519/3519
f 3523/3523/3523 3521/3521/3521 3522/3522/3522
f 3522/3522/3522 3524/3524/3524 3523/3523/3523
f 3527/3527/3527 3525/3525/3525 3526/3526/3526
f 3526/3526/3526 3528/3528/3528 3527/3527/3527
f 3531/3531/3531 3529/3529/3529 3530/3530/3530
f 3530/3530/3530 3532/3532/3532 3531/3531/3531
f 3535/3535/3535 3533/3533/3533 3534/3534/3534
f 3534/3534/3534 3536/3536/3536 3535/3535/3535
f 3539/3539/3539 3537/3537/3537 3538/3538/3538
f 3538/3538/3538 3540/3540/3540 3539/3539/3539
f 3543/3543/3543 3541/3541/3541 3542/3542/3542
f 3542/3542/3542 3544/3544/3544 3543/3543/3543
f 3547/3547/3547 3545/3545/3545 3546/3546/3546
f 3546/3546/3546 3548/3548/3548 3547/3547/3547
f 3563/3563/3563 3561/3561/3561 3562/3562/3562
f 3562/3562/3562 3564/3564/3564 3563/3563/3563
f 3567/3567/3567 3565/3565/3565 3566/3566/3566
f 3566/3566/3566 3568/3568/3568 3567/3567/3567
f 3571/3571/3571 3569/3569/3569 3570/3570/3570
f 3570/3570/3570 3572/3572/3572 3571/3571/3571
f 3575/3575/3575 3573/3573/3573 3574/3574/3574
f 3574/3574/3574 3576/3576/3576 3575/3575/3575
f 3579/3579/3579 3577/3577/3577 3578/3578/3578
f 3578/3578/3578 3580/3580/3580 3579/3579/3579
f 3583/3583/3583 3581/3581/3581 3582/3582/3582
f 3582/3582/3582 3584/3584/3584 3583/3583/3583
f 3587/3587/3587 3585/3585/3585 3586/3586/3586
f 3586/3586/3586 3588/3588/3588 3587/3587/3587
f 3591/3591/3591 3589/3589/3589 3590/3590/3590
f 3590/3590/3590 3592/3592/3592 3591/3591/3591
f 3595/3595/3595 3593/3593/3593 3594/3594/3594
f 3594/3594/3594 3596/3596/3596 3595/3595/3595
f 3599/3599/3599 3597/3597/3597 3598/3598/3598
f 3598/3598/3598 3600/3600/3600 3599/3599/3599
f 3603/3603/3603 3601/3601/3601 3602/3602/3602
f 3602/3602/3602 3604/3604/3604 3603/3603/3603
f 3607/3607/3607 3605/3605/3605 3606/3606/3606
f 3606/3606/3606 3608/3608/3608 3607/3607/3607
f 3611/3611/3611 3609/3609/3609 3610/3610/3610
f 3610/3610/3610 3612/3612/3612 3611/3611/3611
f 3623/3623/3623 3621/3621/3621 3622/3622/3622
f 3622/3622/3622 3624/3624/3624 3623/3623/3623
f 3627/3627/3627 3625/3625/3625 3626/3626/3626
f 3626/3626/3626 3628/3628/3628 3627/3627/3627
f 3631/3631/3631 3629/3629/3629 3630/3630/3630
f 3630/3630/3630 3632/3632/3632 3631/3631/3631
f 3635/3635/3635 3633/3633/3633 3634/3634/3634
f 3634/3634/3634 3636/3636/3636 3635/3635/3635
f 3639/3639/3639 3637/3637/3637 3638/3638/3638
f 3638/3638/3638 3640/3640/3640 3639/3639/3639
f 3643/3643/3643 3641/3641/3641 3642/3642/3642
f 3642/3642/3642 3644/3644/3644 3643/3643/3643
f 3647/3647/3647 3645/3645/3645 3646/3646/3646
f 3646/3646/3646 3648/3648/3648 3647/3647/3647
f 3651/3651/3651 3649/3649/3649 3650/3650/3650
f 3650/3650/3650 3652/3652/3652 3651/3651/3651
f 3655/3655/3655 3653/3653/3653 3654/3654/3654
f 3654/3654/3654 3656/3656/3656 3655/3655/3655
f 3659/3659/3659 3657/3657/3657 3658/3658/3658
f 3658/3658/3658 3660/3660/3660 3659/3659/3659
f 3663/3663/3663 3661/3661/3661 3662/3662/3662
f 3662/3662/3662 3664/3664/3664 3663/3663/3663
f 3671/3671/3671 3669/3669/3669 3670/3670/3670
f 3670/3670/3670 3672/3672/3672 3671/3671/3671
f 3675/3675/3675 3673/3673/3673 3674/3674/3674
f 3674/3674/3674 3676/3676/3676 3675/3675/3675
f 3683/3683/3683 3681/3681/3681 3682/3682/3682
f 3682/3682/3682 3684/3684/3684 3683/3683/3683
f 3687/3687/3687 3685/3685/3685 3686/3686/3686
f 3686/3686/3686 3688/3688/3688 3687/3687/3687
f 3691/3691/3691 3689/3689/3689 3690/3690/3690
f 3690/3690/3690 3692/3692/3692 3691/3691/3691
f 3695/3695/3695 3693/3693/3693 3694/3694/3694
f 3694/3694/3694 3696/3696/3696 3695/3695/3695
f 3699/3699/3699 3697/3697/3697 3698/3698/3698
f 3698/3698/3698 3700/3700/3700 3699/3699/3699
f 3703/3703/3703 3701/3701/3701 3702/3702/3702
f 3702/3702/3702 3704/3704/3704 3703/3703/3703
f 3707/3707/3707 3705/3705/3705 3706/3706/3706
f 3706/3706/3706 3708/3708/3708 3707/3707/3707
f 3711/3711/3711 3709/3709/3709 3710/3710/3710
f 3710/3710/3710 3712/3712/3712 3711/3711/3711
f 3715/3715/3715 3713/3713/3713 3714/3714/3714
f 3714/3714/3714 3716/3716/3716 3715/3715/3715
f 3719/3719/3719 3717/3717/3717 3718/3718/3718
f 3718/3718/3718 3720/3720/3720 3719/3719/3719
f 3723/3723/3723 3721/3721/3721 3722/3722/3722
f 3722/3722/3722 3724/3724/3724 3723/3723/3723
f 3731/3731/3731 3729/3729/3729 3730/3730/3730
f 3730/3730/3730 3732/3732/3732 3731/3731/3731
f 3735/3735/3735 3733/3733/3733 3734/3734/3734
f 3734/3734/3734 3736/3736/3736 3735/3735/3735
f 3739/3739/3739 3737/3737/3737 3738/3738/3738
f 3738/3738/3738 3740/3740/3740 3739/3739/3739
f 3743/3743/3743 3741/3741/3741 3742/3742/3742
f 3742/3742/3742 3744/3744/3744 3743/3743/3743
f 3747/3747/3747 3745/3745/3745 3746/3746/3746
f 3746/3746/3746 3748/3748/3748 3747/3747/3747
f 3755/3755/3755 3753/3753/3753 3754/3754/3754
f 3754/3754/3754 3756/3756/3756 3755/3755/3755
f 3763/3763/3763 3761/3761/3761 3762/3762/3762
f 3762/3762/3762 3764/3764/3764 3763/3763/3763
f 3767/3767/3767 3765/3765/3765 3766/3766/3766
f 3766/3766/3766 3768/3768/3768 3767/3767/3767
f 3771/3771/3771 3769/3769/3769 3770/3770/3770
f 3770/3770/3770 3772/3772/3772 3771/3771/3771
f 3775/3775/3775 3773/3773/3773 3774/3774/3774
f 3774/3774/3774 3776/3776/3776 3775/3775/3775
f 3779/3779/3779 3777/3777/3777 3778/3778/3778
f 3778/3778/3778 3780/3780/3780 3779/3779/3779
f 3787/3787/3787 3785/3785/3785 3786/3786/3786
f 3786/3786/3786 3788/3788/3788 3787/3787/3787
f 3791/3791/3791 3789/3789/3789 3790/3790/3790
f 3790/3790/3790 3792/3792/3792 3791/3791/3791
f 3795/3795/3795 3793/3793/3793 3794/3794/3794
f 3794/3794/3794 3796/3796/3796 3795/3795/3795
f 3799/3799/3799 3797/3797/3797 3798/3798/3798
f 3798/3798/3798 3800/3800/3800 3799/3799/3799
f 3803/3803/3803 3801/3801/3801 3802/3802/3802
f 3802/3802/3802 3804/3804/3804 3803/3803/3803
f 3807/3807/3807 3805/3805/3805 3806/3806/3806
f 3806/3806/3806 3808/3808/3808 3807/3807/3807
f 3811/3811/3811 3809/3809/3809 3810/3810/3810
f 3810/3810/3810 3812/3812/3812 3811/3811/3811
f 3815/3815/3815 3813/3813/3813 3814/3814/3814
f 3814/3814/3814 3816/3816/3816 3815/3815/3815
f 3819/3819/3819 3817/3817/3817 3818/3818/3818
f 3818/3818/3818 3820/3820/3820 3819/3819/3819
f 3823/3823/3823 3821/3821/3821 3822/3822/3822
f 3822/3822/3822 3824/3824/3824 3823/3823/3823
f 3831/3831/3831 3829/3829/3829 3830/3830/3830
f 3830/3830/3830 3832/3832/3832 3831/3831/3831
f 3839/3839/3839 3837/3837/3837 3838/3838/3838
f 3838/3838/3838 3840/3840/3840 3839/3839/3839
f 3843/3843/3843 3841/3841/3841 3842/3842/3842
f 3842/3842/3842 3844/3844/3844 3843/3843/3843
f 3851/3851/3851 3849/3849/3849 3850/3850/3850
f 3850/3850/3850 3852/3852/3852 3851/3851/3851
f 3855/3855/3855 3853/3853/3853 3854/3854/3854
f 3854/3854/3854 3856/3856/3856 3855/3855/3855
f 3859/3859/3859 3857/3857/3857 3858/3858/3858
f 3858/3858/3858 3860/3860/3860 3859/3859/3859
f 3863/3863/3863 3861/3861/3861 3862/3862/3862
f 3862/3862/3862 3864/3864/3864 3863/3863/3863
f 3867/3867/3867 3865/3865/3865 3866/3866/3866
f 3866/3866/3866 3868/3868/3868 3867/3867/3867
f 3879/3879/3879 3877/3877/3877 3878/3878/3878
f 3878/3878/3878 3880/3880/3880 3879/3879/3879
f 3883/3883/3883 3881/3881/3881 3882/3882/3882
f 3882/3882/3882 3884/3884/3884 3883/3883/3883
f 3887/3887/3887 3885/3885/3885 3886/3886/3886
f 3886/3886/3886 3888/3888/3888 3887/3887/3887
f 3899/3899/3899 3897/3897/3897 3898/3898/3898
f 3898/3898/3898 3900/3900/3900 3899/3899/3899
f 3903/3903/3903 3901/3901/3901 3902/3902/3902
f 3902/3902/3902 3904/3904/3904 3903/3903/3903
f 3907/3907/3907 3905/3905/3905 3906/3906/3906
f 3906/3906/3906 3908/3908/3908 3907/3907/3907
f 3911/3911/3911 3909/3909/3909 3910/3910/3910
f 3910/3910/3910 3912/3912/3912 3911/3911/3911
f 3915/3915/3915 3913/3913/3913 3914/3914/3914
f 3914/3914/3914 3916/3916/3916 3915/3915/3915
f 3923/3923/3923 3921/3921/3921 3922/3922/3922
f 3922/3922/3922 3924/3924/3924 3923/3923/3923
f 3927/3927/3927 3925/3925/3925 3926/3926/3926
f 3926/3926/3926 3928/3928/3928 3927/3927/3927
f 3931/3931/3931 3929/3929/3929 3930/3930/3930
f 3930/3930/3930 3932/3932/3932 3931/3931/3931
f 3935/3935/3935 3933/3933/3933 3934/3934/3934
f 3934/3934/3934 3936/3936/3936 3935/3935/3935
f 3939/3939/3939 3937/3937/3937 3938/3938/3938
f 3938/3938/3938 3940/3940/3940 3939/3939/3939
f 3947/3947/3947 3945/3945/3945 3946/3946/3946
f 3946/3946/3946 3948/3948/3948 3947/3947/3947
f 3951/3951/3951 3949/3949/3949 3950/3950/3950
f 3950/3950/3950 3952/3952/3952 3951/3951/3951
f 3955/3955/3955 3953/3953/3953 3954/3954/3954
f 3954/3954/3954 3956/3956/3956 3955/3955/3955
f 3959/3959/3959 3957/3957/3957 3958/3958/3958
f 3958/3958/3958 3960/3960/3960 3959/3959/3959
f 3963/3963/3963 3961/3961/3961 3962/3962/3962
f 3962/3962/3962 3964/3964/3964 3963/3963/3963
f 3971/3971/3971 3969/3969/3969 3970/3970/3970
f 3970/3970/3970 3972/3972/3972 3971/3971/3971
f 3975/3975/3975 3973/3973/3973 3974/3974/3974
f 3974/3974/3974 3976/3976/3976 3975/3975/3975
f 3983/3983/3983 3981/3981/3981 3982/3982/3982
f 3982/3982/3982 3984/3984/3984 3983/3983/3983
f 3987/3987/3987 3985/3985/3985 3986/3986/3986
f 3986/3986/3986 3988/3988/3988 3987/3987/3987
f 3991/3991/3991 3989/3989/3989 3990/3990/3990
f 3990/3990/3990 3992/3992/3992 3991/3991/3991
f 3995/3995/3995 3993/3993/3993 3994/3994/3994
f 3994/3994/3994 3996/3996/3996 3995/3995/3995
f 4003/4003/4003 4001/4001/4001 4002/4002/4002
f 4002/4002/4002 4004/4004/4004 4003/4003/4003
f 4007/4007/4007 4005/4005/4005 4006/4006/4006
f 4006/4006/4006 4008/4008/4008 4007/4007/4007
f 4011/4011/4011 4009/4009/4009 4010/4010/4010
f 4010/4010/4010 4012/4012/4012 4011/4011/4011
f 4015/4015/4015 4013/4013/4013 4014/4014/4014
f 4014/4014/4014 4016/4016/4016 4015/4015/4015
f 4023/4023/4023 4021/4021/4021 4022/4022/4022
f 4022/4022/4022 4024/4024/4024 4023/4023/4023
f 4027/4027/4027 4025/4025/4025 4026/4026/4026
f 4026/4026/4026 4028/4028/4028 4027/4027/4027
f 4031/4031/4031 4029/4029/4029 4030/4030/4030
f 4030/4030/4030 4032/4032/4032 4031/4031/4031
f 4035/4035/4035 4033/4033/4033 4034/4034/4034
f 4034/4034/4034 4036/4036/4036 4035/4035/4035
f 4043/4043/4043 4041/4041/4041 4042/4042/4042
f 4042/4042/4042 4044/4044/4044 4043/4043/4043
f 4063/4063/4063 4061/4061/4061 4062/4062/4062
f 4062/4062/4062 4064/4064/4064 4063/4063/4063
f 4067/4067/4067 4065/4065/4065 4066/4066/4066
f 4066/4066/4066 4068/4068/4068 4067/4067/4067
f 4071/4071/4071 4069/4069/4069 4070/4070/4070
f 4070/4070/4070 4072/4072/4072 4071/4071/4071
f 4075/4075/4075 4073/4073/4073 4074/4074/4074
f 4074/4074/4074 4076/4076/4076 4075/4075/4075
f 4079/4079/4079 4077/4077/4077 4078/4078/4078
f 4078/4078/4078 4080/4080/4080 4079/4079/4079
f 4091/4091/4091 4089/4089/4089 4090/4090/4090
f 4090/4090/4090 4092/4092/4092 4091/4091/4091
f 4099/4099/4099 4097/4097/4097 4098/4098/4098
f 4098/4098/4098 4100/4100/4100 4099/4099/4099
f 4103/4103/4103 4101/4101/4101 4102/4102/4102
f 4102/4102/4102 4104/4104/4104 4103/4103/4103
f 4107/4107/4107 4105/4105/4105 4106/4106/4106
f 4106/4106/4106 4108/4108/4108 4107/4107/4107
f 4111/4111/4111 4109/4109/4109 4110/4110/4110
f 4110/4110/4110 4112/4112/4112 4111/4111/4111
f 4119/4119/4119 4117/4117/4117 4118/4118/4118
f 4118/4118/4118 4120/4120/4120 4119/4119/4119
f 4123/4123/4123 4121/4121/4121 4122/4122/4122
f 4122/4122/4122 4124/4124/4124 4123/4123/4123
f 4127/4127/4127 4125/4125/4125 4126/4126/4126
f 4126/4126/4126 4128/4128/4128 4127/4127/4127
f 4131/4131/4131 4129/4129/4129 4130/4130/4130
f 4130/4130/4130 4132/4132/4132 4131/4131/4131
f 4135/4135/4135 4133/4133/4133 4134/4134/4134
f 4134/4134/4134 4136/4136/4136 4135/4135/4135
f 4139/4139/4139 4137/4137/4137 4138/4138/4138
f 4138/4138/4138 4140/4140/4140 4139/4139/4139
f 4147/4147/4147 4145/4145/4145 4146/4146/4146
f 4146/4146/4146 4148/4148/4148 4147/4147/4147
f 4151/4151/4151 4149/4149/4149 4150/4150/4150
f 4150/4150/4150 4152/4152/4152 4151/4151/4151
f 4155/4155/4155 4153/4153/4153 4154/4154/4154
f 4154/4154/4154 4156/4156/4156 4155/4155/4155
f 4159/4159/4159 4157/4157/4157 4158/4158/4158
f 4158/4158/4158 4160/4160/4160 4159/4159/4159
f 4163/4163/4163 4161/4161/4161 4162/4162/4162
f 4162/4162/4162 4164/4164/4164 4163/4163/4163
f 4167/4167/4167 4165/4165/4165 4166/4166/4166
f 4166/4166/4166 4168/4168/4168 4167/4167/4167
f 4179/4179/4179 4177/4177/4177 4178/4178/4178
f 4178/4178/4178 4180/4180/4180 4179/4179/4179
f 4183/4183/4183 4181/4181/4181 4182/4182/4182
f 4182/4182/4182 4184/4184/4184 4183/4183/4183
f 4187/4187/4187 4185/4185/4185 4186/4186/4186
f 4186/4186/4186 4188/4188/4188 4187/4187/4187
f 4191/4191/4191 4189/4189/4189 4190/4190/4190
f 4190/4190/4190 4192/4192/4192 4191/4191/4191
f 4195/4195/4195 4193/4193/4193 4194/4194/4194
f 4194/4194/4194 4196/4196/4196 4195/4195/4195
f 4203/4203/4203 4201/4201/4201 4202/4202/4202
f 4202/4202/4202 4204/4204/4204 4203/4203/4203
f 4207/4207/4207 4205/4205/4205 4206/4206/4206
f 4206/4206/4206 4208/4208/4208 4207/4207/4207
f 4215/4215/4215 4213/4213/4213 4214/4214/4214
f 4214/4214/4214 4216/4216/4216 4215/4215/4215
f 4223/4223/4223 4221/4221/4221 4222/4222/4222
f 4222/4222/4222 4224/4224/4224 4223/4223/4223
f 4227/4227/4227 4225/4225/4225 4226/4226/4226
f 4226/4226/4226 4228/4228/4228 4227/4227/4227
f 4231/4231/4231 4229/4229/4229 4230/4230/4230
f 4230/4230/4230 4232/4232/4232 4231/4231/4231
f 4235/4235/4235 4233/4233/4233 4234/4234/4234
f 4234/4234/4234 4236/4236/4236 4235/4235/4235
f 4239/4239/4239 4237/4237/4237 4238/4238/4238
f 4238/4238/4238 4240/4240/4240 4239/4239/4239
f 4247/4247/4247 4245/4245/4245 4246/4246/4246
f 4246/4246/4246 4248/4248/4248 4247/4247/4247
f 4251/4251/4251 4249/4249/4249 4250/4250/4250
f 4250/4250/4250 4252/4252/4252 4251/4251/4251
f 4255/4255/4255 4253/4253/4253 4254/4254/4254
f 4254/4254/4254 4256/4256/4256 4255/4255/4255
f 4259/4259/4259 4257/4257/4257 4258/4258/4258
f 4258/4258/4258 4260/4260/4260 4259/4259/4259
f 4263/4263/4263 4261/4261/4261 4262/4262/4262
f 4262/4262/4262 4264/4264/4264 4263/4263/4263
f 4267/4267/4267 4265/4265/4265 4266/4266/4266
f 4266/4266/4266 4268/4268/4268 4267/4267/4267
f 4271/4271/4271 4269/4269/4269 4270/4270/4270
f 4270/4270/4270 4272/4272/4272 4271/4271/4271
f 4275/4275/4275 4273/4273/4273 4274/4274/4274
f 4274/4274/4274 4276/4276/4276 4275/4275/4275
f 4279/4279/4279 4277/4277/4277 4278/4278/4278
f 4278/4278/4278 4280/4280/4280 4279/4279/4279
f 4283/4283/4283 4281/4281/4281 4282/4282/4282
f 4282/4282/4282 4284/4284/4284 4283/4283/4283
f 4287/4287/4287 4285/4285/4285 4286/4286/4286
f 4286/4286/4286 4288/4288/4288 4287/4287/4287
f 4291/4291/4291 4289/4289/4289 4290/4290/4290
f 4290/4290/4290 4292/4292/4292 4291/4291/4291
f 4295/4295/4295 4293/4293/4293 4294/4294/4294
f 4294/4294/4294 4296/4296/4296 4295/4295/4295
f 4299/4299/4299 4297/4297/4297 4298/4298/4298
f 4298/4298/4298 4300/4300/4300 4299/4299/4299
f 4303/4303/4303 4301/4301/4301 4302/4302/4302
f 4302/4302/4302 4304/4304/4304 4303/4303/4303
f 4311/4311/4311 4309/4309/4309 4310/4310/4310
f 4310/4310/4310 4312/4312/4312 4311/4311/4311
f 4315/4315/4315 4313/4313/4313 4314/4314/4314
f 4314/4314/4314 4316/4316/4316 4315/4315/4315
f 4323/4323/4323 4321/4321/4321 4322/4322/4322
f 4322/4322/4322 4324/4324/4324 4323/4323/4323
f 4327/4327/4327 4325/4325/4325 4326/4326/4326
f 4326/4326/4326 4328/4328/4328 4327/4327/4327
f 4331/4331/4331 4329/4329/4329 4330/4330/4330
f 4330/4330/4330 4332/4332/4332 4331/4331/4331
f 4335/4335/4335 4333/4333/4333 4334/4334/4334
f 4334/4334/4334 4336/4336/4336 4335/4335/4335
f 4343/4343/4343 4341/4341/4341 4342/4342/4342
f 4342/4342/4342 4344/4344/4344 4343/4343/4343
f 4347/4347/4347 4345/4345/4345 4346/4346/4346
f 4346/4346/4346 4348/4348/4348 4347/4347/4347
f 4351/4351/4351 4349/4349/4349 4350/4350/4350
f 4350/4350/4350 4352/4352/4352 4351/4351/4351
f 4355/4355/4355 4353/4353/4353 4354/4354/4354
f 4354/4354/4354 4356/4356/4356 4355/4355/4355
f 4363/4363/4363 4361/4361/4361 4362/4362/4362
f 4362/4362/4362 4364/4364/4364 4363/4363/4363
f 4367/4367/4367 4365/4365/4365 4366/4366/4366
f 4366/4366/4366 4368/4368/4368 4367/4367/4367
f 4371/4371/4371 4369/4369/4369 4370/4370/4370
f 4370/4370/4370 4372/4372/4372 4371/4371/4371
f 4375/4375/4375 4373/4373/4373 4374/4374/4374
f 4374/4374/4374 4376/4376/4376 4375/4375/4375
f 4383/4383/4383 4381/4381/4381 4382/4382/4382
f 4382/4382/4382 4384/4384/4384 4383/4383/4383
f 4387/4387/4387 4385/4385/4385 4386/4386/4386
f 4386/4386/4386 4388/4388/4388 4387/4387/4387
f 4391/4391/4391 4389/4389/4389 4390/4390/4390
f 4390/4390/4390 4392/4392/4392 4391/4391/4391
f 4399/4399/4399 4397/4397/4397 4398/4398/4398
f 4398/4398/4398 4400/4400/4400 4399/4399/4399
f 4403/4403/4403 4401/4401/4401 4402/4402/4402
f 4402/4402/4402 4404/4404/4404 4403/4403/4403
f 4407/4407/4407 4405/4405/4405 4406/4406/4406
f 4406/4406/4406 4408/4408/4408 4407/4407/4407
f 4411/4411/4411 4409/4409/4409 4410/4410/4410
f 4410/4410/4410 4412/4412/4412 4411/4411/4411
f 4419/4419/4419 4417/4417/4417 4418/4418/4418
f 4418/4418/4418 4420/4420/4420 4419/4419/4419
f 4427/4427/4427 4425/4425/4425 4426/4426/4426
f 4426/4426/4426 4428/4428/4428 4427/4427/4427
f 4431/4431/4431 4429/4429/4429 4430/4430/4430
f 4430/4430/4430 4432/4432/4432 4431/4431/4431
f 4435/4435/4435 4433/4433/4433 4434/4434/4434
f 4434/4434/4434 4436/4436/4436 4435/4435/4435
f 4439/4439/4439 4437/4437/4437 4438/4438/4438
f 4438/4438/4438 4440/4440/4440 4439/4439/4439
f 4443/4443/4443 4441/4441/4441 4442/4442/4442
f 4442/4442/4442 4444/4444/4444 4443/4443/4443
f 4451/4451/4451 4449/4449/4449 4450/4450/4450
f 4450/4450/4450 4452/4452/4452 4451/4451/4451
f 4455/4455/4455 4453/4453/4453 4454/4454/4454
f 4454/4454/4454 4456/4456/4456 4455/4455/4455
f 4459/4459/4459 4457/4457/4457 4458/4458/4458
f 4458/4458/4458 4460/4460/4460 4459/4459/4459
f 4471/4471/4471 4469/4469/4469 4470/4470/4470
f 4470/4470/4470 4472/4472/4472 4471/4471/4471
f 4475/4475/4475 4473/4473/4473 4474/4474/4474
f 4474/4474/4474 4476/4476/4476 4475/4475/4475
f 4483/4483/4483 4481/4481/4481 4482/4482/4482
f 4482/4482/4482 4484/4484/4484 4483/4483/4483
f 4487/4487/4487 4485/4485/4485 4486/4486/4486
f 4486/4486/4486 4488/4488/4488 4487/4487/4487
f 4491/4491/4491 4489/4489/4489 4490/4490/4490
f 4490/4490/4490 4492/4492/4492 4491/4491/4491
f 4495/4495/4495 4493/4493/4493 4494/4494/4494
f 4494/4494/4494 4496/4496/4496 4495/4495/4495
f 4499/4499/4499 4497/4497/4497 4498/4498/4498
f 4498/4498/4498 4500/4500/4500 4499/4499/4499
f 4503/4503/4503 4501/4501/4501 4502/4502/4502
f 4502/4502/4502 4504/4504/4504 4503/4503/4503
f 4507/4507/4507 4505/4505/4505 4506/4506/4506
f 4506/4506/4506 4508/4508/4508 4507/4507/4507
f 4511/4511/4511 4509/4509/4509 4510/4510/4510
f 4510/4510/4510 4512/4512/4512 4511/4511/4511
f 4515/4515/4515 4513/4513/4513 4514/4514/4514
f 4514/4514/4514 4516/4516/4516 4515/4515/4515
f 4519/4519/4519 4517/4517/4517 4518/4518/4518
f 4518/4518/4518 4520/4520/4520 4519/4519/4519
f 4523/4523/4523 4521/4521/4521 4522/4522/4522
f 4522/4522/4522 4524/4524/4524 4523/4523/4523
f 4527/4527/4527 4525/4525/4525 4526/4526/4526
f 4526/4526/4526 4528/4528/4528 4527/4527/4527
f 4535/4535/4535 4533/4533/4533 4534/4534/4534
f 4534/4534/4534 4536/4536/4536 4535/4535/4535
f 4543/4543/4543 4541/4541/4541 4542/4542/4542
f 4542/4542/4542 4544/4544/4544 4543/4543/4543
f 4547/4547/4547 4545/4545/4545 4546/4546/4546
f 4546/4546/4546 4548/4548/4548 4547/4547/4547
f 4551/4551/4551 4549/4549/4549 4550/4550/4550
f 4550/4550/4550 4552/4552/4552 4551/4551/4551
f 4555/4555/4555 4553/4553/4553 4554/4554/4554
f 4554/4554/4554 4556/4556/4556 4555/4555/4555
f 4559/4559/4559 4557/4557/4557 4558/4558/4558
f 4558/4558/4558 4560/4560/4560 4559/4559/4559
f 4563/4563/4563 4561/4561/4561 4562/4562/4562
f 4562/4562/4562 4564/4564/4564 4563/4563/4563
f 4567/4567/4567 4565/4565/4565 4566/4566/4566
f 4566/4566/4566 4568/4568/4568 4567/4567/4567
f 4571/4571/4571 4569/4569/4569 4570/4570/4570
f 4570/4570/4570 4572/4572/4572 4571/4571/4571
f 4575/4575/4575 4573/4573/4573 4574/4574/4574
f 4574/4574/4574 4576/4576/4576 4575/4575/4575
f 4579/4579/4579 4577/4577/4577 4578/4578/4578
f 4578/4578/4578 4580/4580/4580 4579/4579/4579
f 4583/4583/4583 4581/4581/4581 4582/4582/4582
f 4582/4582/4582 4584/4584/4584 4583/4583/4583
f 4587/4587/4587 4585/4585/4585 4586/4586/4586
f 4586/4586/4586 4588/4588/4588 4587/4587/4587
f 4591/4591/4591 4589/4589/4589 4590/4590/4590
f 4590/4590/4590 4592/4592/4592 4591/4591/4591
f 4595/4595/4595 4593/4593/4593 4594/4594/4594
f 4594/4594/4594 4596/4596/4596 4595/4595/4595
f 4599/4599/4599 4597/4597/4597 4598/4598/4598
f 4598/4598/4598 4600/4600/4600 4599/4599/4599
f 4603/4603/4603 4601/4601/4601 4602/4602/4602
f 4602/4602/4602 4604/4604/4604 4603/4603/4603
f 4611/4611/4611 4609/4609/4609 4610/4610/4610
f 4610/4610/4610 4612/4612/4612 4611/4611/4611
f 4619/4619/4619 4617/4617/4617 4618/4618/4618
f 4618/4618/4618 4620/4620/4620 4619/4619/4619
f 4623/4623/4623 4621/4621/4621 4622/4622/4622
f 4622/4622/4622 4624/4624/4624 4623/4623/4623
f 4627/4627/4627 4625/4625/4625 4626/4626/4626
f 4626/4626/4626 4628/4628/4628 4627/4627/4627
f 4631/4631/4631 4629/4629/4629 4630/4630/4630
f 4630/4630/4630 4632/4632/4632 4631/4631/4631
f 4635/4635/4635 4633/4633/4633 4634/4634/4634
f 4634/4634/4634 4636/4636/4636 4635/4635/4635
f 4639/4639/4639 4637/4637/4637 4638/4638/4638
f 4638/4638/4638 4640/4640/4640 4639/4639/4639
f 4643/4643/4643 4641/4641/4641 4642/4642/4642
f 4642/4642/4642 4644/4644/4644 4643/4643/4643
f 4647/4647/4647 4645/4645/4645 4646/4646/4646
f 4646/4646/4646 4648/4648/4648 4647/4647/4647
f 4655/4655/4655 4653/4653/4653 4654/4654/4654
f 4654/4654/4654 4656/4656/4656 4655/4655/4655
f 4659/4659/4659 4657/4657/4657 4658/4658/4658
f 4658/4658/4658 4660/4660/4660 4659/4659/4659
f 4663/4663/4663 4661/4661/4661 4662/4662/4662
f 4662/4662/4662 4664/4664/4664 4663/4663/4663
f 4671/4671/4671 4669/4669/4669 4670/4670/4670
f 4670/4670/4670 4672/4672/4672 4671/4671/4671
f 4675/4675/4675 4673/4673/4673 4674/4674/4674
f 4674/4674/4674 4676/4676/4676 4675/4675/4675
f 4679/4679/4679 4677/4677/4677 4678/4678/4678
f 4678/4678/4678 4680/4680/4680 4679/4679/4679
f 4683/4683/4683 4681/4681/4681 4682/4682/4682
f 4682/4682/4682 4684/4684/4684 4683/4683/4683
f 4687/4687/4687 4685/4685/4685 4686/4686/4686
f 4686/4686/4686 4688/4688/4688 4687/4687/4687
f 4691/4691/4691 4689/4689/4689 4690/4690/4690
f 4690/4690/4690 4692/4692/4692 4691/4691/4691
f 4695/4695/4695 4693/4693/4693 4694/4694/4694
f 4694/4694/4694 4696/4696/4696 4695/4695/4695
f 4699/4699/4699 4697/4697/4697 4698/4698/4698
f 4698/4698/4698 4700/4700/4700 4699/4699/4699
f 4703/4703/4703 4701/4701/4701 4702/4702/4702
f 4702/4702/4702 4704/4704/4704 4703/4703/4703
f 4711/4711/4711 4709/4709/4709 4710/4710/4710
f 4710/4710/4710 4712/4712/4712 4711/4711/4711
f 4715/4715/4715 4713/4713/4713 4714/4714/4714
f 4714/4714/4714 4716/4716/4716 4715/4715/4715
f 4723/4723/4723 4721/4721/4721 4722/4722/4722
f 4722/4722/4722 4724/4724/4724 4723/4723/4723
f 4727/4727/4727 4725/4725/4725 4726/4726/4726
f 4726/4726/4726 4728/4728/4728 4727/4727/4727
f 4731/4731/4731 4729/4729/4729 4730/4730/4730
f 4730/4730/4730 4732/4732/4732 4731/4731/4731
f 4735/4735/4735 4733/4733/4733 4734/4734/4734
f 4734/4734/4734 4736/4736/4736 4735/4735/4735
f 4743/4743/4743 4741/4741/4741 4742/4742/4742
f 4742/4742/4742 4744/4744/4744 4743/4743/4743
f 4747/4747/4747 4745/4745/4745 4746/4746/4746
f 4746/4746/4746 4748/4748/4748 4747/4747/4747
f 4751/4751/4751 4749/4749/4749 4750/4750/4750
f 4750/4750/4750 4752/4752/4752 4751/4751/4751
f 4755/4755/4755 4753/4753/4753 4754/4754/4754
f 4754/4754/4754 4756/4756/4756 4755/4755/4755
f 4759/4759/4759 4757/4757/4757 4758/4758/4758
f 4758/4758/4758 4760/4760/4760 4759/4759/4759
f 4767/4767/4767 4765/4765/4765 4766/4766/4766
f 4766/4766/4766 4768/4768/4768 4767/4767/4767
f 4771/4771/4771 4769/4769/4769 4770/4770/4770
f 4770/4770/4770 4772/4772/4772 4771/4771/4771
f 4775/4775/4775 4773/4773/4773 4774/4774/4774
f 4774/4774/4774 4776/4776/4776 4775/4775/4775
f 4783/4783/4783 4781/4781/4781 4782/4782/4782
f 4782/4782/4782 4784/4784/4784 4783/4783/4783
f 4787/4787/4787 4785/4785/4785 4786/4786/4786
f 4786/4786/4786 4788/4788/4788 4787/4787/4787
f 4795/4795/4795 4793/4793/4793 4794/4794/4794
f 4794/4794/4794 4796/4796/4796 4795/4795/4795
f 4803/4803/4803 4801/4801/4801 4802/4802/4802
f 4802/4802/4802 4804/4804/4804 4803/4803/4803
f 4807/4807/4807 4805/4805/4805 4806/4806/4806
f 4806/4806/4806 4808/4808/4808 4807/4807/4807
f 4811/4811/4811 4809/4809/4809 4810/4810/4810
f 4810/4810/4810 4812/4812/4812 4811/4811/4811
f 4815/4815/4815 4813/4813/4813 4814/4814/4814
f 4814/4814/4814 4816/4816/4816 4815/4815/4815
f 4819/4819/4819 4817/4817/4817 4818/4818/4818
f 4818/4818/4818 4820/4820/4820 4819/4819/4819
f 4827/4827/4827 4825/4825/4825 4826/4826/4826
f 4826/4826/4826 4828/4828/4828 4827/4827/4827
f 4831/4831/4831 4829/4829/4829 4830/4830/4830
f 4830/4830/4830 4832/4832/4832 4831/4831/4831
f 4835/4835/4835 4833/4833/4833 4834/4834/4834
f 4834/4834/4834 4836/4836/4836 4835/4835/4835
f 4843/4843/4843 4841/4841/4841 4842/4842/4842
f 4842/4842/4842 4844/4844/4844 4843/4843/4843
f 4847/4847/4847 4845/4845/4845 4846/4846/4846
f 4846/4846/4846 4848/4848/4848 4847/4847/4847
f 4851/4851/4851 4849/4849/4849 4850/4850/4850
f 4850/4850/4850 4852/4852/4852 4851/4851/4851
f 4855/4855/4855 4853/4853/4853 4854/4854/4854
f 4854/4854/4854 4856/4856/4856 4855/4855/4855
f 4859/4859/4859 4857/4857/4857 4858/4858/4858
f 4858/4858/4858 4860/4860/4860 4859/4859/4859
f 4863/4863/4863 4861/4861/4861 4862/4862/4862
f 4862/4862/4862 4864/4864/4864 4863/4863/4863
f 4871/4871/4871 4869/4869/4869 4870/4870/4870
f 4870/4870/4870 4872/4872/4872 4871/4871/4871
f 4875/4875/4875 4873/4873/4873 4874/4874/4874
f 4874/4874/4874 4876/4876/4876 4875/4875/4875
f 4883/4883/4883 4881/4881/4881 4882/4882/4882
f 4882/4882/4882 4884/4884/4884 4883/4883/4883
f 4891/4891/4891 4889/4889/4889 4890/4890/4890
f 4890/4890/4890 4892/4892/4892 4891/4891/4891
f 4903/4903/4903 4901/4901/4901 4902/4902/4902
f 4902/4902/4902 4904/4904/4904 4903/4903/4903
f 4915/4915/4915 4913/4913/4913 4914/4914/4914
f 4914/4914/4914 4916/4916/4916 4915/4915/4915
f 4919/4919/4919 4917/4917/4917 4918/4918/4918
f 4918/4918/4918 4920/4920/4920 4919/4919/4919
f 4923/4923/4923 4921/4921/4921 4922/4922/4922
f 4922/4922/4922 4924/4924/4924 4923/4923/4923
f 4927/4927/4927 4925/4925/4925 4926/4926/4926
f 4926/4926/4926 4928/4928/4928 4927/4927/4927
f 4939/4939/4939 4937/4937/4937 4938/4938/4938
f 4938/4938/4938 4940/4940/4940 4939/4939/4939
f 4943/4943/4943 4941/4941/4941 4942/4942/4942
f 4942/4942/4942 4944/4944/4944 4943/4943/4943
f 4951/4951/4951 4949/4949/4949 4950/4950/4950
f 4950/4950/4950 4952/4952/4952 4951/4951/4951
f 4955/4955/4955 4953/4953/4953 4954/4954/4954
f 4954/4954/4954 4956/4956/4956 4955/4955/4955
f 4963/4963/4963 4961/4961/4961 4962/4962/4962
f 4962/4962/4962 4964/4964/4964 4963/4963/4963
f 4967/4967/4967 4965/4965/4965 4966/4966/4966
f 4966/4966/4966 4968/4968/4968 4967/4967/4967
f 4971/4971/4971 4969/4969/4969 4970/4970/4970
f 4970/4970/4970 4972/4972/4972 4971/4971/4971
f 4975/4975/4975 4973/4973/4973 4974/4974/4974
f 4974/4974/4974 4976/4976/4976 4975/4975/4975
f 4983/4983/4983 4981/4981/4981 4982/4982/4982
f 4982/4982/4982 4984/4984/4984 4983/4983/4983
f 4991/4991/4991 4989/4989/4989 4990/4990/4990
f 4990/4990/4990 4992/4992/4992 4991/4991/4991
f 4995/4995/4995 4993/4993/4993 4994/4994/4994
f 4994/4994/4994 4996/4996/4996 4995/4995/4995
f 4999/4999/4999 4997/4997/4997 4998/4998/4998
f 4998/4998/4998 5000/5000/5000 4999/4999/4999
f 5003/5003/5003 5001/5001/5001 5002/5002/5002
f 5002/5002/5002 5004/5004/5004 5003/5003/5003
f 5007/5007/5007 5005/5005/5005 5006/5006/5006
f 5006/5006/5006 5008/5008/5008 5007/5007/5007
f 5011/5011/5011 5009/5009/5009 5010/5010/5010
f 5010/5010/5010 5012/5012/5012 5011/5011/5011
f 5015/5015/5015 5013/5013/5013 5014/5014/5014
f 5014/5014/5014 5016/5016/5016 5015/5015/5015
f 5019/5019/5019 5017/5017/5017 5018/5018/5018
f 5018/5018/5018 5020/5020/5020 5019/5019/5019
f 5023/5023/5023 5021/5021/5021 5022/5022/5022
f 5022/5022/5022 5024/5024/5024 5023/5023/5023
f 5027/5027/5027 5025/5025/5025 5026/5026/5026
f 5026/5026/5026 5028/5028/5028 5027/5027/5027
f 5039/5039/5039 5037/5037/5037 5038/5038/5038
f 5038/5038/5038 5040/5040/5040 5039/5039/5039
f 5043/5043/5043 5041/5041/5041 5042/5042/5042
f 5042/5042/5042 5044/5044/5044 5043/5043/5043
f 5047/5047/5047 5045/5045/5045 5046/5046/5046
f 5046/5046/5046 5048/5048/5048 5047/5047/5047
f 5051/5051/5051 5049/5049/5049 5050/5050/5050
f 5050/5050/5050 5052/5052/5052 5051/5051/5051
f 5055/5055/5055 5053/5053/5053 5054/5054/5054
f 5054/5054/5054 5056/5056/5056 5055/5055/5055
f 5059/5059/5059 5057/5057/5057 5058/5058/5058
f 5058/5058/5058 5060/5060/5060 5059/5059/5059
f 5063/5063/5063 5061/5061/5061 5062/5062/5062
f 5062/5062/5062 5064/5064/5064 5063/5063/5063
f 5067/5067/5067 5065/5065/5065 5066/5066/5066
f 5066/5066/5066 5068/5068/5068 5067/5067/5067
f 5071/5071/5071 5069/5069/5069 5070/5070/5070
f 5070/5070/5070 5072/5072/5072 5071/5071/5071
f 5075/5075/5075 5073/5073/5073 5074/5074/5074
f 5074/5074/5074 5076/5076/5076 5075/5075/5075
f 5079/5079/5079 5077/5077/5077 5078/5078/5078
f 5078/5078/5078 5080/5080/5080 5079/5079/5079
f 5087/5087/5087 5085/5085/5085 5086/5086/5086
f 5086/5086/5086 5088/5088/5088 5087/5087/5087
f 5095/5095/5095 5093/5093/5093 5094/5094/5094
f 5094/5094/5094 5096/5096/5096 5095/5095/5095
f 5099/5099/5099 5097/5097/5097 5098/5098/5098
f 5098/5098/5098 5100/5100/5100 5099/5099/5099
f 5103/5103/5103 5101/5101/5101 5102/5102/5102
f 5102/5102/5102 5104/5104/5104 5103/5103/5103
f 5107/5107/5107 5105/5105/5105 5106/5106/5106
f 5106/5106/5106 5108/5108/5108 5107/5107/5107
f 5111/5111/5111 5109/5109/5109 5110/5110/5110
f 5110/5110/5110 5112/5112/5112 5111/5111/5111
f 5115/5115/5115 5113/5113/5113 5114/5114/5114
f 5114/5114/5114 5116/5116/5116 5115/5115/5115
f 5119/5119/5119 5117/5117/5117 5118/5118/5118
f 5118/5118/5118 5120/5120/5120 5119/5119/5119
f 5123/5123/5123 5121/5121/5121 5122/5122/5122
f 5122/5122/5122 5124/5124/5124 5123/5123/5123
f 5127/5127/5127 5125/5125/5125 5126/5126/5126
f 5126/5126/5126 5128/5128/5128 5127/5127/5127
f 5131/5131/5131 5129/5129/5129 5130/5130/5130
f 5130/5130/5130 5132/5132/5132 5131/5131/5131
f 5135/5135/5135 5133/5133/5133 5134/5134/5134
f 5134/5134/5134 5136/5136/5136 5135/5135/5135
f 5139/5139/5139 5137/5137/5137 5138/5138/5138
f 5138/5138/5138 5140/5140/5140 5139/5139/5139
f 5147/5147/5147 5145/5145/5145 5146/5146/5146
f 5146/5146/5146 5148/5148/5148 5147/5147/5147
f 5155/5155/5155 5153/5153/5153 5154/5154/5154
f 5154/5154/5154 5156/5156/5156 5155/5155/5155
f 5167/5167/5167 5165/5165/5165 5166/5166/5166
f 5166/5166/5166 5168/5168/5168 5167/5167/5167
f 5175/5175/5175 5173/5173/5173 5174/5174/5174
f 5174/5174/5174 5176/5176/5176 5175/5175/5175
f 5179/5179/5179 5177/5177/5177 5178/5178/5178
f 5178/5178/5178 5180/5180/5180 5179/5179/5179
f 5183/5183/5183 5181/5181/5181 5182/5182/5182
f 5182/5182/5182 5184/5184/5184 5183/5183/5183
f 5187/5187/5187 5185/5185/5185 5186/5186/5186
f 5186/5186/5186 5188/5188/5188 5187/5187/5187
f 5191/5191/5191 5189/5189/5189 5190/5190/5190
f 5190/5190/5190 5192/5192/5192 5191/5191/5191
f 5199/5199/5199 5197/5197/5197 5198/5198/5198
f 5198/5198/5198 5200/5200/5200 5199/5199/5199
f 5203/5203/5203 5201/5201/5201 5202/5202/5202
f 5202/5202/5202 5204/5204/5204 5203/5203/5203
f 5211/5211/5211 5209/5209/5209 5210/5210/5210
f 5210/5210/5210 5212/5212/5212 5211/5211/5211
f 5215/5215/5215 5213/5213/5213 5214/5214/5214
f 5214/5214/5214 5216/5216/5216 5215/5215/5215
f 5219/5219/5219 5217/5217/5217 5218/5218/5218
f 5218/5218/5218 5220/5220/5220 5219/5219/5219
f 5223/5223/5223 5221/5221/5221 5222/5222/5222
f 5222/5222/5222 5224/5224/5224 5223/5223/5223
f 5235/5235/5235 5233/5233/5233 5234/5234/5234
f 5234/5234/5234 5236/5236/5236 5235/5235/5235
f 5239/5239/5239 5237/5237/5237 5238/5238/5238
f 5238/5238/5238 5240/5240/5240 5239/5239/5239
f 5243/5243/5243 5241/5241/5241 5242/5242/5242
f 5242/5242/5242 5244/5244/5244 5243/5243/5243
f 5251/5251/5251 5249/5249/5249 5250/5250/5250
f 5250/5250/5250 5252/5252/5252 5251/5251/5251
f 5255/5255/5255 5253/5253/5253 5254/5254/5254
f 5254/5254/5254 5256/5256/5256 5255/5255/5255
f 5259/5259/5259 5257/5257/5257 5258/5258/5258
f 5258/5258/5258 5260/5260/5260 5259/5259/5259
f 5263/5263/5263 5261/5261/5261 5262/5262/5262
f 5262/5262/5262 5264/5264/5264 5263/5263/5263
f 5267/5267/5267 5265/5265/5265 5266/5266/5266
f 5266/5266/5266 5268/5268/5268 5267/5267/5267
f 5271/5271/5271 5269/5269/5269 5270/5270/5270
f 5270/5270/5270 5272/5272/5272 5271/5271/5271
f 5275/5275/5275 5273/5273/5273 5274/5274/5274
f 5274/5274/5274 5276/5276/5276 5275/5275/5275
f 5279/5279/5279 5277/5277/5277 5278/5278/5278
f 5278/5278/5278 5280/5280/5280 5279/5279/5279
f 5283/5283/5283 5281/5281/5281 5282/5282/5282
f 5282/5282/5282 5284/5284/5284 5283/5283/5283
f 5287/5287/5287 5285/5285/5285 5286/5286/5286
f 5286/5286/5286 5288/5288/5288 5287/5287/5287
f 5291/5291/5291 5289/5289/5289 5290/5290/5290
f 5290/5290/5290 5292/5292/5292 5291/5291/5291
f 5295/5295/5295 5293/5293/5293 5294/5294/5294
f 5294/5294/5294 5296/5296/5296 5295/5295/5295
f 5299/5299/5299 5297/5297/5297 5298/5298/5298
f 5298/5298/5298 5300/5300/5300 5299/5299/5299
f 5307/5307/5307 5305/5305/5305 5306/5306/5306
f 5306/5306/5306 5308/5308/5308 5307/5307/5307
f 5311/5311/5311 5309/5309/5309 5310/5310/5310
f 5310/5310/5310 5312/5312/5312 5311/5311/5311
f 5315/5315/5315 5313/5313/5313 5314/5314/5314
f 5314/5314/5314 5316/5316/5316 5315/5315/5315
f 5319/5319/5319 5317/5317/5317 5318/5318/5318
f 5318/5318/5318 5320/5320/5320 5319/5319/5319
f 5323/5323/5323 5321/5321/5321 5322/5322/5322
f 5322/5322/5322 5324/5324/5324 5323/5323/5323
f 5331/5331/5331 5329/5329/5329 5330/5330/5330
f 5330/5330/5330 5332/5332/5332 5331/5331/5331
f 5335/5335/5335 5333/5333/5333 5334/5334/5334
f 5334/5334/5334 5336/5336/5336 5335/5335/5335
f 5339/5339/5339 5337/5337/5337 5338/5338/5338
f 5338/5338/5338 5340/5340/5340 5339/5339/5339
f 5351/5351/5351 5349/5349/5349 5350/5350/5350
f 5350/5350/5350 5352/5352/5352 5351/5351/5351
f 5355/5355/5355 5353/5353/5353 5354/5354/5354
f 5354/5354/5354 5356/5356/5356 5355/5355/5355
f 5363/5363/5363 5361/5361/5361 5362/5362/5362
f 5362/5362/5362 5364/5364/5364 5363/5363/5363
f 5367/5367/5367 5365/5365/5365 5366/5366/5366
f 5366/5366/5366 5368/5368/5368 5367/5367/5367
f 5375/5375/5375 5373/5373/5373 5374/5374/5374
f 5374/5374/5374 5376/5376/5376 5375/5375/5375
f 5387/5387/5387 5385/5385/5385 5386/5386/5386
f 5386/5386/5386 5388/5388/5388 5387/5387/5387
f 5391/5391/5391 5389/5389/5389 5390/5390/5390
f 5390/5390/5390 5392/5392/5392 5391/5391/5391
f 5395/5395/5395 5393/5393/5393 5394/5394/5394
f 5394/5394/5394 5396/5396/5396 5395/5395/5395
f 5399/5399/5399 5397/5397/5397 5398/5398/5398
f 5398/5398/5398 5400/5400/5400 5399/5399/5399
f 5403/5403/5403 5401/5401/5401 5402/5402/5402
f 5402/5402/5402 5404/5404/5404 5403/5403/5403
f 5407/5407/5407 5405/5405/5405 5406/5406/5406
f 5406/5406/5406 5408/5408/5408 5407/5407/5407
f 5411/5411/5411 5409/5409/5409 5410/5410/5410
f 5410/5410/5410 5412/5412/5412 5411/5411/5411
f 5415/5415/5415 5413/5413/5413 5414/5414/5414
f 5414/5414/5414 5416/5416/5416 5415/5415/5415
f 5419/5419/5419 5417/5417/5417 5418/5418/5418
f 5418/5418/5418 5420/5420/5420 5419/5419/5419
f 5427/5427/5427 5425/5425/5425 5426/5426/5426
f 5426/5426/5426 5428/5428/5428 5427/5427/5427
f 5431/5431/5431 5429/5429/5429 5430/5430/5430
f 5430/5430/5430 5432/5432/5432 5431/5431/5431
f 5435/5435/5435 5433/5433/5433 5434/5434/5434
f 5434/5434/5434 5436/5436/5436 5435/5435/5435
f 5439/5439/5439 5437/5437/5437 5438/5438/5438
f 5438/5438/5438 5440/5440/5440 5439/5439/5439
f 5443/5443/5443 5441/5441/5441 5442/5442/5442
f 5442/5442/5442 5444/5444/5444 5443/5443/5443
f 5447/5447/5447 5445/5445/5445 5446/5446/5446
f 5446/5446/5446 5448/5448/5448 5447/5447/5447
f 5451/5451/5451 5449/5449/5449 5450/5450/5450
f 5450/5450/5450 5452/5452/5452 5451/5451/5451
f 5455/5455/5455 5453/5453/5453 5454/5454/5454
f 5454/5454/5454 5456/5456/5456 5455/5455/5455
f 5467/5467/5467 5465/5465/5465 5466/5466/5466
f 5466/5466/5466 5468/5468/5468 5467/5467/5467
f 5471/5471/5471 5469/5469/5469 5470/5470/5470
f 5470/5470/5470 5472/5472/5472 5471/5471/5471
f 5475/5475/5475 5473/5473/5473 5474/5474/5474
f 5474/5474/5474 5476/5476/5476 5475/5475/5475
f 5479/5479/5479 5477/5477/5477 5478/5478/5478
f 5478/5478/5478 5480/5480/5480 5479/5479/5479
f 5483/5483/5483 5481/5481/5481 5482/5482/5482
f 5482/5482/5482 5484/5484/5484 5483/5483/5483
f 5487/5487/5487 5485/5485/5485 5486/5486/5486
f 5486/5486/5486 5488/5488/5488 5487/5487/5487
f 5491/5491/5491 5489/5489/5489 5490/5490/5490
f 5490/5490/5490 5492/5492/5492 5491/5491/5491
f 5503/5503/5503 5501/5501/5501 5502/5502/5502
f 5502/5502/5502 5504/5504/5504 5503/5503/5503
f 5507/5507/5507 5505/5505/5505 5506/5506/5506
f 5506/5506/5506 5508/5508/5508 5507/5507/5507
f 5511/5511/5511 5509/5509/5509 5510/5510/5510
f 5510/5510/5510 5512/5512/5512 5511/5511/5511
f 5515/5515/5515 5513/5513/5513 5514/5514/5514
f 5514/5514/5514 5516/5516/5516 5515/5515/5515
f 5519/5519/5519 5517/5517/5517 5518/5518/5518
f 5518/5518/5518 5520/5520/5520 5519/5519/5519
f 5523/5523/5523 5521/5521/5521 5522/5522/5522
f 5522/5522/5522 5524/5524/5524 5523/5523/5523
f 5527/5527/5527 5525/5525/5525 5526/5526/5526
f 5526/5526/5526 5528/5528/5528 5527/5527/5527
f 5531/5531/5531 5529/5529/5529 5530/5530/5530
f 5530/5530/5530 5532/5532/5532 5531/5531/5531
f 5539/5539/5539 5537/5537/5537 5538/5538/5538
f 5538/5538/5538 5540/5540/5540 5539/5539/5539
f 5543/5543/5543 5541/5541/5541 5542/5542/5542
f 5542/5542/5542 5544/5544/5544 5543/5543/5543
f 5559/5559/5559 5557/5557/5557 5558/5558/5558
f 5558/5558/5558 5560/5560/5560 5559/5559/5559
f 5563/5563/5563 5561/5561/5561 5562/5562/5562
f 5562/5562/5562 5564/5564/5564 5563/5563/5563
f 5567/5567/5567 5565/5565/5565 5566/5566/5566
f 5566/5566/5566 5568/5568/5568 5567/5567/5567
f 5575/5575/5575 5573/5573/5573 5574/5574/5574
f 5574/5574/5574 5576/5576/5576 5575/5575/5575
f 5579/5579/5579 5577/5577/5577 5578/5578/5578
f 5578/5578/5578 5580/5580/5580 5579/5579/5579
f 5583/5583/5583 5581/5581/5581 5582/5582/5582
f 5582/5582/5582 5584/5584/5584 5583/5583/5583
f 5587/5587/5587 5585/5585/5585 5586/5586/5586
f 5586/5586/5586 5588/5588/5588 5587/5587/5587
f 5591/5591/5591 5589/5589/5589 5590/5590/5590
f 5590/5590/5590 5592/5592/5592 5591/5591/5591
f 5599/5599/5599 5597/5597/5597 5598/5598/5598
f 5598/5598/5598 5600/5600/5600 5599/5599/5599
f 5603/5603/5603 5601/5601/5601 5602/5602/5602
f 5602/5602/5602 5604/5604/5604 5603/5603/5603
f 5607/5607/5607 5605/5605/5605 5606/5606/5606
f 5606/5606/5606 5608/5608/5608 5607/5607/5607
f 5611/5611/5611 5609/5609/5609 5610/5610/5610
f 5610/5610/5610 5612/5612/5612 5611/5611/5611
f 5627/5627/5627 5625/5625/5625 5626/5626/5626
f 5626/5626/5626 5628/5628/5628 5627/5627/5627
f 5631/5631/5631 5629/5629/5629 5630/5630/5630
f 5630/5630/5630 5632/5632/5632 5631/5631/5631
f 5635/5635/5635 5633/5633/5633 5634/5634/5634
f 5634/5634/5634 5636/5636/5636 5635/5635/5635
f 5643/5643/5643 5641/5641/5641 5642/5642/5642
f 5642/5642/5642 5644/5644/5644 5643/5643/5643
f 5647/5647/5647 5645/5645/5645 5646/5646/5646
f 5646/5646/5646 5648/5648/5648 5647/5647/5647
f 5651/5651/5651 5649/5649/5649 5650/5650/5650
f 5650/5650/5650 5652/5652/5652 5651/5651/5651
f 5655/5655/5655 5653/5653/5653 5654/5654/5654
f 5654/5654/5654 5656/5656/5656 5655/5655/5655
f 5659/5659/5659 5657/5657/5657 5658/5658/5658
f 5658/5658/5658 5660/5660/5660 5659/5659/5659
f 5663/5663/5663 5661/5661/5661 5662/5662/5662
f 5662/5662/5662 5664/5664/5664 5663/5663/5663
f 5667/5667/5667 5665/5665/5665 5666/5666/5666
f 5666/5666/5666 5668/5668/5668 5667/5667/5667
f 5675/5675/5675 5673/5673/5673 5674/5674/5674
f 5674/5674/5674 5676/5676/5676 5675/5675/5675
f 5679/5679/5679 5677/5677/5677 5678/5678/5678
f 5678/5678/5678 5680/5680/5680 5679/5679/5679
f 5687/5687/5687 5685/5685/5685 5686/5686/5686
f 5686/5686/5686 5688/5688/5688 5687/5687/5687
f 5691/5691/5691 5689/5689/5689 5690/5690/5690
f 5690/5690/5690 5692/5692/5692 5691/5691/5691
f 5695/5695/5695 5693/5693/5693 5694/5694/5694
f 5694/5694/5694 5696/5696/5696 5695/5695/5695
f 5699/5699/5699 5697/5697/5697 5698/5698/5698
f 5698/5698/5698 5700/5700/5700 5699/5699/5699
f 5703/5703/5703 5701/5701/5701 5702/5702/5702
f 5702/5702/5702 5704/5704/5704 5703/5703/5703
f 5707/5707/5707 5705/5705/5705 5706/5706/5706
f 5706/5706/5706 5708/5708/5708 5707/5707/5707
f 5719/5719/5719 5717/5717/5717 5718/5718/5718
f 5718/5718/5718 5720/5720/5720 5719/5719/5719
f 5723/5723/5723 5721/5721/5721 5722/5722/5722
f 5722/5722/5722 5724/5724/5724 5723/5723/5723
f 5727/5727/5727 5725/5725/5725 5726/5726/5726
f 5726/5726/5726 5728/5728/5728 5727/5727/5727
f 5735/5735/5735 5733/5733/5733 5734/5734/5734
f 5734/5734/5734 5736/5736/5736 5735/5735/5735
f 5743/5743/5743 5741/5741/5741 5742/5742/5742
f 5742/5742/5742 5744/5744/5744 5743/5743/5743
f 5747/5747/5747 5745/5745/5745 5746/5746/5746
f 5746/5746/5746 5748/5748/5748 5747/5747/5747
f 5751/5751/5751 5749/5749/5749 5750/5750/5750
f 5750/5750/5750 5752/5752/5752 5751/5751/5751
f 5755/5755/5755 5753/5753/5753 5754/5754/5754
f 5754/5754/5754 5756/5756/5756 5755/5755/5755
f 5763/5763/5763 5761/5761/5761 5762/5762/5762
f 5762/5762/5762 5764/5764/5764 5763/5763/5763
f 5767/5767/5767 5765/5765/5765 5766/5766/5766
f 5766/5766/5766 5768/5768/5768 5767/5767/5767
f 5771/5771/5771 5769/5769/5769 5770/5770/5770
f 5770/5770/5770 5772/5772/5772 5771/5771/5771
f 5775/5775/5775 5773/5773/5773 5774/5774/5774
f 5774/5774/5774 5776/5776/5776 5775/5775/5775
f 5779/5779/5779 5777/5777/5777 5778/5778/5778
f 5778/5778/5778 5780/5780/5780 5779/5779/5779
f 5787/5787/5787 5785/5785/5785 5786/5786/5786
f 5786/5786/5786 5788/5788/5788 5787/5787/5787
f 5791/5791/5791 5789/5789/5789 5790/5790/5790
f 5790/5790/5790 5792/5792/5792 5791/5791/5791
f 5795/5795/5795 5793/5793/5793 5794/5794/5794
f 5794/5794/5794 5796/5796/5796 5795/5795/5795
f 5799/5799/5799 5797/5797/5797 5798/5798/5798
f 5798/5798/5798 5800/5800/5800 5799/5799/5799
f 5803/5803/5803 5801/5801/5801 5802/5802/5802
f 5802/5802/5802 5804/5804/5804 5803/5803/5803
f 5807/5807/5807 5805/5805/5805 5806/5806/5806
f 5806/5806/5806 5808/5808/5808 5807/5807/5807
f 5811/5811/5811 5809/5809/5809 5810/5810/5810
f 5810/5810/5810 5812/5812/5812 5811/5811/5811
f 5815/5815/5815 5813/5813/5813 5814/5814/5814
f 5814/5814/5814 5816/5816/5816 5815/5815/5815
f 5819/5819/5819 5817/5817/5817 5818/5818/5818
f 5818/5818/5818 5820/5820/5820 5819/5819/5819
f 5823/5823/5823 5821/5821/5821 5822/5822/5822
f 5822/5822/5822 5824/5824/5824 5823/5823/5823
f 5831/5831/5831 5829/5829/5829 5830/5830/5830
f 5830/5830/5830 5832/5832/5832 5831/5831/5831
f 5835/5835/5835 5833/5833/5833 5834/5834/5834
f 5834/5834/5834 5836/5836/5836 5835/5835/5835
f 5851/5851/5851 5849/5849/5849 5850/5850/5850
f 5850/5850/5850 5852/5852/5852 5851/5851/5851
f 5855/5855/5855 5853/5853/5853 5854/5854/5854
f 5854/5854/5854 5856/5856/5856 5855/5855/5855
f 5859/5859/5859 5857/5857/5857 5858/5858/5858
f 5858/5858/5858 5860/5860/5860 5859/5859/5859
f 5867/5867/5867 5865/5865/5865 5866/5866/5866
f 5866/5866/5866 5868/5868/5868 5867/5867/5867
f 5879/5879/5879 5877/5877/5877 5878/5878/5878
f 5878/5878/5878 5880/5880/5880 5879/5879/5879
f 5883/5883/5883 5881/5881/5881 5882/5882/5882
f 5882/5882/5882 5884/5884/5884 5883/5883/5883
f 5887/5887/5887 5885/5885/5885 5886/5886/5886
f 5886/5886/5886 5888/5888/5888 5887/5887/5887
f 5891/5891/5891 5889/5889/5889 5890/5890/5890
f 5890/5890/5890 5892/5892/5892 5891/5891/5891
f 5895/5895/5895 5893/5893/5893 5894/5894/5894
f 5894/5894/5894 5896/5896/5896 5895/5895/5895
f 5903/5903/5903 5901/5901/5901 5902/5902/5902
f 5902/5902/5902 5904/5904/5904 5903/5903/5903
f 5907/5907/5907 5905/5905/5905 5906/5906/5906
f 5906/5906/5906 5908/5908/5908 5907/5907/5907
f 5911/5911/5911 5909/5909/5909 5910/5910/5910
f 5910/5910/5910 5912/5912/5912 5911/5911/5911
f 5919/5919/5919 5917/5917/5917 5918/5918/5918
f 5918/5918/5918 5920/5920/5920 5919/5919/5919
f 5923/5923/5923 5921/5921/5921 5922/5922/5922
f 5922/5922/5922 5924/5924/5924 5923/5923/5923
f 5927/5927/5927 5925/5925/5925 5926/5926/5926
f 5926/5926/5926 5928/5928/5928 5927/5927/5927
f 5939/5939/5939 5937/5937/5937 5938/5938/5938
f 5938/5938/5938 5940/5940/5940 5939/5939/5939
f 5943/5943/5943 5941/5941/5941 5942/5942/5942
f 5942/5942/5942 5944/5944/5944 5943/5943/5943
f 5947/5947/5947 5945/5945/5945 5946/5946/5946
f 5946/5946/5946 5948/5948/5948 5947/5947/5947
f 5951/5951/5951 5949/5949/5949 5950/5950/5950
f 5950/5950/5950 5952/5952/5952 5951/5951/5951
f 5955/5955/5955 5953/5953/5953 5954/5954/5954
f 5954/5954/5954 5956/5956/5956 5955/5955/5955
f 5959/5959/5959 5957/5957/5957 5958/5958/5958
f 5958/5958/5958 5960/5960/5960 5959/5959/5959
f 5963/5963/5963 5961/5961/5961 5962/5962/5962
f 5962/5962/5962 5964/5964/5964 5963/5963/5963
f 5967/5967/5967 5965/5965/5965 5966/5966/5966
f 5966/5966/5966 5968/5968/5968 5967/5967/5967
f 5971/5971/5971 5969/5969/5969 5970/5970/5970
f 5970/5970/5970 5972/5972/5972 5971/5971/5971
f 5991/5991/5991 5989/5989/5989 5990/5990/5990
f 5990/5990/5990 5992/5992/5992 5991/5991/5991
f 5995/5995/5995 5993/5993/5993 5994/5994/5994
f 5994/5994/5994 5996/5996/5996 5995/5995/5995
f 6003/6003/6003 6001/6001/6001 6002/6002/6002
f 6002/6002/6002 6004/6004/6004 6003/6003/6003
f 6007/6007/6007 6005/6005/6005 6006/6006/6006
f 6006/6006/6006 6008/6008/6008 6007/6007/6007
f 6011/6011/6011 6009/6009/6009 6010/6010/6010
f 6010/6010/6010 6012/6012/6012 6011/6011/6011
f 6015/6015/6015 6013/6013/6013 6014/6014/6014
f 6014/6014/6014 6016/6016/6016 6015/6015/6015
f 6019/6019/6019 6017/6017/6017 6018/6018/6018
f 6018/6018/6018 6020/6020/6020 6019/6019/6019
f 6027/6027/6027 6025/6025/6025 6026/6026/6026
f 6026/6026/6026 6028/6028/6028 6027/6027/6027
f 6031/6031/6031 6029/6029/6029 6030/6030/6030
f 6030/6030/6030 6032/6032/6032 6031/6031/6031
f 6035/6035/6035 6033/6033/6033 6034/6034/6034
f 6034/6034/6034 6036/6036/6036 6035/6035/6035
f 6039/6039/6039 6037/6037/6037 6038/6038/6038
f 6038/6038/6038 6040/6040/6040 6039/6039/6039
f 6043/6043/6043 6041/6041/6041 6042/6042/6042
f 6042/6042/6042 6044/6044/6044 6043/6043/6043
f 6047/6047/6047 6045/6045/6045 6046/6046/6046
f 6046/6046/6046 6048/6048/6048 6047/6047/6047
f 6051/6051/6051 6049/6049/6049 6050/6050/6050
f 6050/6050/6050 6052/6052/6052 6051/6051/6051
f 6055/6055/6055 6053/6053/6053 6054/6054/6054
f 6054/6054/6054 6056/6056/6056 6055/6055/6055
f 6059/6059/6059 6057/6057/6057 6058/6058/6058
f 6058/6058/6058 6060/6060/6060 6059/6059/6059
f 6067/6067/6067 6065/6065/6065 6066/6066/6066
f 6066/6066/6066 6068/6068/6068 6067/6067/6067
f 6071/6071/6071 6069/6069/6069 6070/6070/6070
f 6070/6070/6070 6072/6072/6072 6071/6071/6071
f 6079/6079/6079 6077/6077/6077 6078/6078/6078
f 6078/6078/6078 6080/6080/6080 6079/6079/6079
f 6083/6083/6083 6081/6081/6081 6082/6082/6082
f 6082/6082/6082 6084/6084/6084 6083/6083/6083
f 6087/6087/6087 6085/6085/6085 6086/6086/6086
f 6086/6086/6086 6088/6088/6088 6087/6087/6087
f 6091/6091/6091 6089/6089/6089 6090/6090/6090
f 6090/6090/6090 6092/6092/6092 6091/6091/6091
f 6095/6095/6095 6093/6093/6093 6094/6094/6094
f 6094/6094/6094 6096/6096/6096 6095/6095/6095
f 6099/6099/6099 6097/6097/6097 6098/6098/6098
f 6098/6098/6098 6100/6100/6100 6099/6099/6099
f 6107/6107/6107 6105/6105/6105 6106/6106/6106
f 6106/6106/6106 6108/6108/6108 6107/6107/6107
f 6111/6111/6111 6109/6109/6109 6110/6110/6110
f 6110/6110/6110 6112/6112/6112 6111/6111/6111
f 6123/6123/6123 6121/6121/6121 6122/6122/6122
f 6122/6122/6122 6124/6124/6124 6123/6123/6123
f 6127/6127/6127 6125/6125/6125 6126/6126/6126
f 6126/6126/6126 6128/6128/6128 6127/6127/6127
f 6131/6131/6131 6129/6129/6129 6130/6130/6130
f 6130/6130/6130 6132/6132/6132 6131/6131/6131
f 6135/6135/6135 6133/6133/6133 6134/6134/6134
f 6134/6134/6134 6136/6136/6136 6135/6135/6135
f 6143/6143/6143 6141/6141/6141 6142/6142/6142
f 6142/6142/6142 6144/6144/6144 6143/6143/6143
f 6147/6147/6147 6145/6145/6145 6146/6146/6146
f 6146/6146/6146 6148/6148/6148 6147/6147/6147
f 6151/6151/6151 6149/6149/6149 6150/6150/6150
f 6150/6150/6150 6152/6152/6152 6151/6151/6151
f 6155/6155/6155 6153/6153/6153 6154/6154/6154
f 6154/6154/6154 6156/6156/6156 6155/6155/6155
f 6159/6159/6159 6157/6157/6157 6158/6158/6158
f 6158/6158/6158 6160/6160/6160 6159/6159/6159
f 6163/6163/6163 6161/6161/6161 6162/6162/6162
f 6162/6162/6162 6164/6164/6164 6163/6163/6163
f 6167/6167/6167 6165/6165/6165 6166/6166/6166
f 6166/6166/6166 6168/6168/6168 6167/6167/6167
f 6171/6171/6171 6169/6169/6169 6170/6170/6170
f 6170/6170/6170 6172/6172/6172 6171/6171/6171
f 6175/6175/6175 6173/6173/6173 6174/6174/6174
f 6174/6174/6174 6176/6176/6176 6175/6175/6175
f 6183/6183/6183 6181/6181/6181 6182/6182/6182
f 6182/6182/6182 6184/6184/6184 6183/6183/6183
f 6187/6187/6187 6185/6185/6185 6186/6186/6186
f 6186/6186/6186 6188/6188/6188 6187/6187/6187
f 6191/6191/6191 6189/6189/6189 6190/6190/6190
f 6190/6190/6190 6192/6192/6192 6191/6191/6191
f 6195/6195/6195 6193/6193/6193 6194/6194/6194
f 6194/6194/6194 6196/6196/6196 6195/6195/6195
f 6199/6199/6199 6197/6197/6197 6198/6198/6198
f 6198/6198/6198 6200/6200/6200 6199/6199/6199
f 6203/6203/6203 6201/6201/6201 6202/6202/6202
f 6202/6202/6202 6204/6204/6204 6203/6203/6203
f 6207/6207/6207 6205/6205/6205 6206/6206/6206
f 6206/6206/6206 6208/6208/6208 6207/6207/6207
f 6211/6211/6211 6209/6209/6209 6210/6210/6210
f 6210/6210/6210 6212/6212/6212 6211/6211/6211
f 6223/6223/6223 6221/6221/6221 6222/6222/6222
f 6222/6222/6222 6224/6224/6224 6223/6223/6223
f 6227/6227/6227 6225/6225/6225 6226/6226/6226
f 6226/6226/6226 6228/6228/6228 6227/6227/6227
f 6231/6231/6231 6229/6229/6229 6230/6230/6230
f 6230/6230/6230 6232/6232/6232 6231/6231/6231
f 6235/6235/6235 6233/6233/6233 6234/6234/6234
f 6234/6234/6234 6236/6236/6236 6235/6235/6235
f 6239/6239/6239 6237/6237/6237 6238/6238/6238
f 6238/6238/6238 6240/6240/6240 6239/6239/6239
f 6251/6251/6251 6249/6249/6249 6250/6250/6250
f 6250/6250/6250 6252/6252/6252 6251/6251/6251
f 6255/6255/6255 6253/6253/6253 6254/6254/6254
f 6254/6254/6254 6256/6256/6256 6255/6255/6255
f 6259/6259/6259 6257/6257/6257 6258/6258/6258
f 6258/6258/6258 6260/6260/6260 6259/6259/6259
f 6263/6263/6263 6261/6261/6261 6262/6262/6262
f 6262/6262/6262 6264/6264/6264 6263/6263/6263
f 6275/6275/6275 6273/6273/6273 6274/6274/6274
f 6274/6274/6274 6276/6276/6276 6275/6275/6275
f 6283/6283/6283 6281/6281/6281 6282/6282/6282
f 6282/6282/6282 6284/6284/6284 6283/6283/6283
f 6287/6287/6287 6285/6285/6285 6286/6286/6286
f 6286/6286/6286 6288/6288/6288 6287/6287/6287
f 6291/6291/6291 6289/6289/6289 6290/6290/6290
f 6290/6290/6290 6292/6292/6292 6291/6291/6291
f 6295/6295/6295 6293/6293/6293 6294/6294/6294
f 6294/6294/6294 6296/6296/6296 6295/6295/6295
f 6299/6299/6299 6297/6297/6297 6298/6298/6298
f 6298/6298/6298 6300/6300/6300 6299/6299/6299
f 6303/6303/6303 6301/6301/6301 6302/6302/6302
f 6302/6302/6302 6304/6304/6304 6303/6303/6303
f 6307/6307/6307 6305/6305/6305 6306/6306/6306
f 6306/6306/6306 6308/6308/6308 6307/6307/6307
f 6315/6315/6315 6313/6313/6313 6314/6314/6314
f 6314/6314/6314 6316/6316/6316 6315/6315/6315
f 6319/6319/6319 6317/6317/6317 6318/6318/6318
f 6318/6318/6318 6320/6320/6320 6319/6319/6319
f 6323/6323/6323 6321/6321/6321 6322/6322/6322
f 6322/6322/6322 6324/6324/6324 6323/6323/6323
f 6327/6327/6327 6325/6325/6325 6326/6326/6326
f 6326/6326/6326 6328/6328/6328 6327/6327/6327
f 6331/6331/6331 6329/6329/6329 6330/6330/6330
f 6330/6330/6330 6332/6332/6332 6331/6331/6331
f 6335/6335/6335 6333/6333/6333 6334/6334/6334
f 6334/6334/6334 6336/6336/6336 6335/6335/6335
usemtl branch
f 6339/6339/6339 6342/6342/6342 6338/6338/6338
f 6338/6338/6338 6342/6342/6342 6341/6341/6341
f 6338/6338/6338 6341/6341/6341 6337/6337/6337
f 6337/6337/6337 6341/6341/6341 6340/6340/6340
f 6337/6337/6337 6340/6340/6340 6342/6342/6342
f 6337/6337/6337 6342/6342/6342 6339/6339/6339
f 6342/6342/6342 6345/6345/6345 6341/6341/6341
f 6341/6341/6341 6345/6345/6345 6344/6344/6344
f 6341/6341/6341 6344/6344/6344 6340/6340/6340
f 6340/6340/6340 6344/6344/6344 6343/6343/6343
f 6340/6340/6340 6343/6343/6343 6345/6345/6345
f 6340/6340/6340 6345/6345/6345 6342/6342/6342
f 6345/6345/6345 6348/6348/6348 6344/6344/6344
f 6344/6344/6344 6348/6348/6348 6347/6347/6347
f 6344/6344/6344 6347/6347/6347 6343/6343/6343
f 6343/6343/6343 6347/6347/6347 6346/6346/6346
f 6343/6343/6343 6346/6346/6346 6348/6348/6348
f 6343/6343/6343 6348/6348/6348 6345/6345/6345
f 6348/6348/6348 6351/6351/6351 6347/6347/6347
f 6347/6347/6347 6351/6351/6351 6350/6350/6350
f 6347/6347/6347 6350/6350/6350 6346/6346/6346
f 6346/6346/6346 6350/6350/6350 6349/6349/6349
f 6346/6346/6346 6349/6349/6349 6351/6351/6351
f 6346/6346/6346 6351/6351/6351 6348/6348/6348
f 6351/6351/6351 6354/6354/6354 6350/6350/6350
f 6350/6350/6350 6354/6354/6354 6353/6353/6353
f 6350/6350/6350 6353/6353/6353 6349/6349/6349
f 6349/6349/6349 6353/6353/6353 6352/6352/6352
f 6349/6349/6349 6352/6352/6352 6354/6354/6354
f 6349/6349/6349 6354/6354/6354 6351/6351/6351
f 6354/6354/6354 6357/6357/6357 6353/6353/6353
f 6353/6353/6353 6357/6357/6357 6356/6356/6356
f 6353/6353/6353 6356/6356/6356 6352/6352/6352
f 6352/6352/6352 6356/6356/6356 6355/6355/6355
f 6352/6352/6352 6355/6355/6355 6357/6357/6357
f 6352/6352/6352 6357/6357/6357 6354/6354/6354
f 6357/6357/6357 6360/6360/6360 6356/6356/6356
f 6356/6356/6356 6360/6360/6360 6359/6359/6359
f 6356/6356/6356 6359/6359/6359 6355/6355/6355
f 6355/6355/6355 6359/6359/6359 6358/6358/6358
f 6355/6355/6355 6358/6358/6358 6360/6360/6360
f 6355/6355/6355 6360/6360/6360 6357/6357/6357
f 6360/6360/6360 6363/6363/6363 6359/6359/6359
f 6359/6359/6359 6363/6363/6363 6362/6362/6362
f 6359/6359/6359 6362/6362/6362 6358/6358/6358
f 6358/6358/6358 6362/6362/6362 6361/6361/6361
f 6358/6358/6358 6361/6361/6361 6363/6363/6363
f 6358/6358/6358 6363/6363/6363 6360/6360/6360
f 6363/6363/6363 6366/6366/6366 6362/6362/6362
f 6362/6362/6362 6366/6366/6366 6365/6365/6365
f 6362/6362/6362 6365/6365/6365 6361/6361/6361
f 6361/6361/6361 6365/6365/6365 6364/6364/6364
f 6361/6361/6361 6364/6364/6364 6366/6366/6366
f 6361/6361/6361 6366/6366/6366 6363/6363/6363
f 6366/6366/6366 6369/6369/6369 6365/6365/6365
f 6365/6365/6365 6369/6369/6369 6368/6368/6368
f 6365/6365/6365 6368/6368/6368 6364/6364/6364
f 6364/6364/6364 6368/6368/6368 6367/6367/6367
f 6364/6364/6364 6367/6367/6367 6369/6369/6369
f 6364/6364/6364 6369/6369/6369 6366/6366/6366
f 6369/6369/6369 6372/6372/6372 6368/6368/6368
f 6368/6368/6368 6372/6372/6372 6371/6371/6371
f 6368/6368/6368 6371/6371/6371 6367/6367/6367
f 6367/6367/6367 6371/6371/6371 6370/6370/6370
f 6367/6367/6367 6370/6370/6370 6372/6372/6372
f 6367/6367/6367 6372/6372/6372 6369/6369/6369
f 6372/6372/6372 6375/6375/6375 6371/6371/6371
f 6371/6371/6371 6375/6375/6375 6374/6374/6374
f 6371/6371/6371 6374/6374/6374 6370/6370/6370
f 6370/6370/6370 6374/6374/6374 6373/6373/6373
f 6370/6370/6370 6373/6373/6373 6375/6375/6375
f 6370/6370/6370 6375/6375/6375 6372/6372/6372
f 6375/6375/6375 6378/6378/6378 6374/6374/6374
f 6374/6374/6374 6378/6378/6378 6377/6377/6377
f 6374/6374/6374 6377/6377/6377 6373/6373/6373
f 6373/6373/6373 6377/6377/6377 6376/6376/6376
f 6373/6373/6373 6376/6376/6376 6378/6378/6378
f 6373/6373/6373 6378/6378/6378 6375/6375/6375
f 6378/6378/6378 6381/6381/6381 6377/6377/6377
f 6377/6377/6377 6381/6381/6381 6380/6380/6380
f 6377/6377/6377 6380/6380/6380 6376/6376/6376
f 6376/6376/6376 6380/6380/6380 6379/6379/6379
f 6376/6376/6376 6379/6379/6379 6381/6381/6381
f 6376/6376/6376 6381/6381/6381 6378/6378/6378
f 6381/6381/6381 6384/6384/6384 6380/6380/6380
f 6380/6380/6380 6384/6384/6384 6383/6383/6383
f 6380/6380/6380 6383/6383/6383 6379/6379/6379
f 6379/6379/6379 6383/6383/6383 6382/6382/6382
f 6379/6379/6379 6382/6382/6382 6384/6384/6384
f 6379/6379/6379 6384/6384/6384 6381/6381/6381
f 6384/6384/6384 6387/6387/6387 6383/6383/6383
f 6383/6383/6383 6387/6387/6387 6386/6386/6386
f 6383/6383/6383 6386/6386/6386 6382/6382/6382
f 6382/6382/6382 6386/6386/6386 6385/6385/6385
f 6382/6382/6382 6385/6385/6385 6387/6387/6387
f 6382/6382/6382 6387/6387/6387 6384/6384/6384
f 6387/6387/6387 6390/6390/6390 6386/6386/6386
f 6386/6386/6386 6390/6390/6390 6389/6389/6389
f 6386/6386/6386 6389/6389/6389 6385/6385/6385
f 6385/6385/6385 6389/6389/6389 6388/6388/6388
f 6385/6385/6385 6388/6388/6388 6390/6390/6390
f 6385/6385/6385 6390/6390/6390 6387/6387/6387
f 6390/6390/6390 6393/6393/6393 6389/6389/6389
f 6389/6389/6389 6393/6393/6393 6392/6392/6392
f 6389/6389/6389 6392/6392/6392 6388/6388/6388
f 6388/6388/6388 6392/6392/6392 6391/6391/6391
f 6388/6388/6388 6391/6391/6391 6393/6393/6393
f 6388/6388/6388 6393/6393/6393 6390/6390/6390
f 6393/6393/6393 6396/6396/6396 6392/6392/6392
f 6392/6392/6392 6396/6396/6396 6395/6395/6395
f 6392/6392/6392 6395/6395/6395 6391/6391/6391
f 6391/6391/6391 6395/6395/6395 6394/6394/6394
f 6391/6391/6391 6394/6394/6394 6396/6396/6396
f 6391/6391/6391 6396/6396/6396 6393/6393/6393
f 6396/6396/6396 6399/6399/6399 6395/6395/6395
f 6395/6395/6395 6399/6399/6399 6398/6398/6398
f 6395/6395/6395 6398/6398/6398 6394/6394/6394
f 6394/6394/6394 6398/6398/6398 6397/6397/6397
f 6394/6394/6394 6397/6397/6397 6399/6399/6399
f 6394/6394/6394 6399/6399/6399 6396/6396/6396
f 6399/6399/6399 6402/6402/6402 6398/6398/6398
f 6398/6398/6398 6402/6402/6402 6401/6401/6401
f 6398/6398/6398 6401/6401/6401 6397/6397/6397
f 6397/6397/6397 6401/6401/6401 6400/6400/6400
f 6397/6397/6397 6400/6400/6400 6402/6402/6402
f 6397/6397/6397 6402/6402/6402 6399/6399/6399
f 6402/6402/6402 6405/6405/6405 6401/6401/6401
f 6401/6401/6401 6405/6405/6405 6404/6404/6404
f 6401/6401/6401 6404/6404/6404 6400/6400/6400
f 6400/6400/6400 6404/6404/6404 6403/6403/6403
f 6400/6400/6400 6403/6403/6403 6405/6405/6405
f 6400/6400/6400 6405/6405/6405 6402/6402/6402
f 6405/6405/6405 6408/6408/6408 6404/6404/6404
f 6404/6404/6404 6408/6408/6408 6407/6407/6407
f 6404/6404/6404 6407/6407/6407 6403/6403/6403
f 6403/6403/6403 6407/6407/6407 6406/6406/6406
f 6403/6403/6403 6406/6406/6406 6408/6408/6408
f 6403/6403/6403 6408/6408/6408 6405/6405/6405
f 6408/6408/6408 6411/6411/6411 6407/6407/6407
f 6407/6407/6407 6411/6411/6411 6410/6410/6410
f 6407/6407/6407 6410/6410/6410 6406/6406/6406
f 6406/6406/6406 6410/6410/6410 6409/6409/6409
f 6406/6406/6406 6409/6409/6409 6411/6411/6411
f 6406/6406/6406 6411/6411/6411 6408/6408/6408
f 6411/6411/6411 6414/6414/6414 6410/6410/6410
f 6410/6410/6410 6414/6414/6414 6413/6413/6413
f 6410/6410/6410 6413/6413/6413 6409/6409/6409
f 6409/6409/6409 6413/6413/6413 6412/6412/6412
f 6409/6409/6409 6412/6412/6412 6414/6414/6414
f 6409/6409/6409 6414/6414/6414 6411/6411/6411
f 6414/6414/6414 6417/6417/6417 6413/6413/6413
f 6413/6413/6413 6417/6417/6417 6416/6416/6416
f 6413/6413/6413 6416/6416/6416 6412/6412/6412
f 6412/6412/6412 6416/6416/6416 6415/6415/6415
f 6412/6412/6412 6415/6415/6415 6417/6417/6417
f 6412/6412/6412 6417/6417/6417 6414/6414/6414
f 6420/6420/6420 6423/6423/6423 6419/6419/6419
f 6419/6419/6419 6423/6423/6423 6422/6422/6422
f 6419/6419/6419 6422/6422/6422 6418/6418/6418
f 6418/6418/6418 6422/6422/6422 6421/6421/6421
f 6418/6418/6418 6421/6421/6421 6423/6423/6423
f 6418/6418/6418 6423/6423/6423 6420/6420/6420
f 6423/6423/6423 6426/6426/6426 6422/6422/6422
f 6422/6422/6422 6426/6426/6426 6425/6425/6425
f 6422/6422/6422 6425/6425/6425 6421/6421/6421
f 6421/6421/6421 6425/6425/6425 6424/6424/6424
f 6421/6421/6421 6424/6424/6424 6426/6426/6426
f 6421/6421/6421 6426/6426/6426 6423/6423/6423
f 6426/6426/6426 6429/6429/6429 6425/6425/6425
f 6425/6425/6425 6429/6429/6429 6428/6428/6428
f 6425/6425/6425 6428/6428/6428 6424/6424/6424
f 6424/6424/6424 6428/6428/6428 6427/6427/6427
f 6424/6424/6424 6427/6427/6427 6429/6429/6429
f 6424/6424/6424 6429/6429/6429 6426/6426/6426
f 6429/6429/6429 6432/6432/6432 6428/6428/6428
f 6428/6428/6428 6432/6432/6432 6431/6431/6431
f 6428/6428/6428 6431/6431/6431 6427/6427/6427
f 6427/6427/6427 6431/6431/6431 6430/6430/6430
f 6427/6427/6427 6430/6430/6430 6432/6432/6432
f 6427/6427/6427 6432/6432/6432 6429/6429/6429
f 6432/6432/6432 6435/6435/6435 6431/6431/6431
f 6431/6431/6431 6435/6435/6435 6434/6434/6434
f 6431/6431/6431 6434/6434/6434 6430/6430/6430
f 6430/6430/6430 6434/6434/6434 6433/6433/6433
f 6430/6430/6430 6433/6433/6433 6435/6435/6435
f 6430/6430/6430 6435/6435/6435 6432/6432/6432
f 6435/6435/6435 6438/6438/6438 6434/6434/6434
f 6434/6434/6434 6438/6438/6438 6437/6437/6437
f 6434/6434/6434 6437/6437/6437 6433/6433/6433
f 6433/6433/6433 6437/6437/6437 6436/6436/6436
f 6433/6433/6433 6436/6436/6436 6438/6438/6438
f 6433/6433/6433 6438/6438/6438 6435/6435/6435
f 6438/6438/6438 6441/6441/6441 6437/6437/6437
f 6437/6437/6437 6441/6441/6441 6440/6440/6440
f 6437/6437/6437 6440/6440/6440 6436/6436/6436
f 6436/6436/6436 6440/6440/6440 6439/6439/6439
f 6436/6436/6436 6439/6439/6439 6441/6441/6441
f 6436/6436/6436 6441/6441/6441 6438/6438/6438
f 6441/6441/6441 6444/6444/6444 6440/6440/6440
f 6440/6440/6440 6444/6444/6444 6443/6443/6443
f 6440/6440/6440 6443/6443/6443 6439/6439/6439
f 6439/6439/6439 6443/6443/6443 6442/6442/6442
f 6439/6439/6439 6442/6442/6442 6444/6444/6444
f 6439/6439/6439 6444/6444/6444 6441/6441/6441
f 6444/6444/6444 6447/6447/6447 6443/6443/6443
f 6443/6443/6443 6447/6447/6447 6446/6446/6446
f 6443/6443/6443 6446/6446/6446 6442/6442/6442
f 6442/6442/6442 6446/6446/6446 6445/6445/6445
f 6442/6442/6442 6445/6445/6445 6447/6447/6447
f 6442/6442/6442 6447/6447/6447 6444/6444/6444
f 6447/6447/6447 6450/6450/6450 6446/6446/6446
f 6446/6446/6446 6450/6450/6450 6449/6449/6449
f 6446/6446/6446 6449/6449/6449 6445/6445/6445
f 6445/6445/6445 6449/6449/6449 6448/6448/6448
f 6445/6445/6445 6448/6448/6448 6450/6450/6450
f 6445/6445/6445 6450/6450/6450 6447/6447/6447
f 6450/6450/6450 6453/6453/6453 6449/6449/6449
f 6449/6449/6449 6453/6453/6453 6452/6452/6452
f 6449/6449/6449 6452/6452/6452 6448/6448/6448
f 6448/6448/6448 6452/6452/6452 6451/6451/6451
f 6448/6448/6448 6451/6451/6451 6453/6453/6453
f 6448/6448/6448 6453/6453/6453 6450/6450/6450
f 6453/6453/6453 6456/6456/6456 6452/6452/6452
f 6452/6452/6452 6456/6456/6456 6455/6455/6455
f 6452/6452/6452 6455/6455/6455 6451/6451/6451
f 6451/6451/6451 6455/6455/6455 6454/6454/6454
f 6451/6451/6451 6454/6454/6454 6456/6456/6456
f 6451/6451/6451 6456/6456/6456 6453/6453/6453
f 6456/6456/6456 6459/6459/6459 6455/6455/6455
f 6455/6455/6455 6459/6459/6459 6458/6458/6458
f 6455/6455/6455 6458/6458/6458 6454/6454/6454
f 6454/6454/6454 6458/6458/6458 6457/6457/6457
f 6454/6454/6454 6457/6457/6457 6459/6459/6459
f 6454/6454/6454 6459/6459/6459 6456/6456/6456
f 6459/6459/6459 6462/6462/6462 6458/6458/6458
f 6458/6458/6458 6462/6462/6462 6461/6461/6461
f 6458/6458/6458 6461/6461/6461 6457/6457/6457
f 6457/6457/6457 6461/6461/6461 6460/6460/6460
f 6457/6457/6457 6460/6460/6460 6462/6462/6462
f 6457/6457/6457 6462/6462/6462 6459/6459/6459
f 6462/6462/6462 6465/6465/6465 6461/6461/6461
f 6461/6461/6461 6465/6465/6465 6464/6464/6464
f 6461/6461/6461 6464/6464/6464 6460/6460/6460
f 6460/6460/6460 6464/6464/6464 6463/6463/6463
f 6460/6460/6460 6463/6463/6463 6465/6465/6465
f 6460/6460/6460 6465/6465/6465 6462/6462/6462
f 6465/6465/6465 6468/6468/6468 6464/6464/6464
f 6464/6464/6464 6468/6468/6468 6467/6467/6467
f 6464/6464/6464 6467/6467/6467 6463/6463/6463
f 6463/6463/6463 6467/6467/6467 6466/6466/6466
f 6463/6463/6463 6466/6466/6466 6468/6468/6468
f 6463/6463/6463 6468/6468/6468 6465/6465/6465
f 6468/6468/6468 6471/6471/6471 6467/6467/6467
f 6467/6467/6467 6471/6471/6471 6470/6470/6470
f 6467/6467/6467 6470/6470/6470 6466/6466/6466
f 6466/6466/6466 6470/6470/6470 6469/6469/6469
f 6466/6466/6466 6469/6469/6469 6471/6471/6471
f 6466/6466/6466 6471/6471/6471 6468/6468/6468
f 6471/6471/6471 6474/6474/6474 6470/6470/6470
f 6470/6470/6470 6474/6474/6474 6473/6473/6473
f 6470/6470/6470 6473/6473/6473 6469/6469/6469
f 6469/6469/6469 6473/6473/6473 6472/6472/6472
f 6469/6469/6469 6472/6472/6472 6474/6474/6474
f 6469/6469/6469 6474/6474/6474 6471/6471/6471
f 6477/6477/6477 6480/6480/6480 6476/6476/6476
f 6476/6476/6476 6480/6480/6480 6479/6479/6479
f 6476/6476/6476 6479/6479/6479 6475/6475/6475
f 6475/6475/6475 6479/6479/6479 6478/6478/6478
f 6475/6475/6475 6478/6478/6478 6480/6480/6480
f 6475/6475/6475 6480/6480/6480 6477/6477/6477
f 6480/6480/6480 6483/6483/6483 6479/6479/6479
f 6479/6479/6479 6483/6483/6483 6482/6482/6482
f 6479/6479/6479 6482/6482/6482 6478/6478/6478
f 6478/6478/6478 6482/6482/6482 6481/6481/6481
f 6478/6478/6478 6481/6481/6481 6483/6483/6483
f 6478/6478/6478 6483/6483/6483 6480/6480/6480
f 6483/6483/6483 6486/6486/6486 6482/6482/6482
f 6482/6482/6482 6486/6486/6486 6485/6485/6485
f 6482/6482/6482 6485/6485/6485 6481/6481/6481
f 6481/6481/6481 6485/6485/6485 6484/6484/6484
f 6481/6481/6481 6484/6484/6484 6486/6486/6486
f 6481/6481/6481 6486/6486/6486 6483/6483/6483
f 6486/6486/6486 6489/6489/6489 6485/6485/6485
f 6485/6485/6485 6489/6489/6489 6488/6488/6488
f 6485/6485/6485 6488/6488/6488 6484/6484/6484
f 6484/6484/6484 6488/6488/6488 6487/6487/6487
f 6484/6484/6484 6487/6487/6487 6489/6489/6489
f 6484/6484/6484 6489/6489/6489 6486/6486/6486
f 6489/6489/6489 6492/6492/6492 6488/6488/6488
f 6488/6488/6488 6492/6492/6492 6491/6491/6491
f 6488/6488/6488 6491/6491/6491 6487/6487/6487
f 6487/6487/6487 6491/6491/6491 6490/6490/6490
f 6487/6487/6487 6490/6490/6490 6492/6492/6492
f 6487/6487/6487 6492/6492/6492 6489/6489/6489
f 6492/6492/6492 6495/6495/6495 6491/6491/6491
f 6491/6491/6491 6495/6495/6495 6494/6494/6494
f 6491/6491/6491 6494/6494/6494 6490/6490/6490
f 6490/6490/6490 6494/6494/6494 6493/6493/6493
f 6490/6490/6490 6493/6493/6493 6495/6495/6495
f 6490/6490/6490 6495/6495/6495 6492/6492/6492
f 6495/6495/6495 6498/6498/6498 6494/6494/6494
f 6494/6494/6494 6498/6498/6498 6497/6497/6497
f 6494/6494/6494 6497/6497/6497 6493/6493/6493
f 6493/6493/6493 6497/6497/6497 6496/6496/6496
f 6493/6493/6493 6496/6496/6496 6498/6498/6498
f 6493/6493/6493 6498/6498/6498 6495/6495/6495
f 6498/6498/6498 6501/6501/6501 6497/6497/6497
f 6497/6497/6497 6501/6501/6501 6500/6500/6500
f 6497/6497/6497 6500/6500/6500 6496/6496/6496
f 6496/6496/6496 6500/6500/6500 6499/6499/6499
f 6496/6496/6496 6499/6499/6499 6501/6501/6501
f 6496/6496/6496 6501/6501/6501 6498/6498/6498
f 6501/6501/6501 6504/6504/6504 6500/6500/6500
f 6500/6500/6500 6504/6504/6504 6503/6503/6503
f 6500/6500/6500 6503/6503/6503 6499/6499/6499
f 6499/6499/6499 6503/6503/6503 6502/6502/6502
f 6499/6499/6499 6502/6502/6502 6504/6504/6504
f 6499/6499/6499 6504/6504/6504 6501/6501/6501
f 6504/6504/6504 6507/6507/6507 6503/6503/6503
f 6503/6503/6503 6507/6507/6507 6506/6506/6506
f 6503/6503/6503 6506/6506/6506 6502/6502/6502
f 6502/6502/6502 6506/6506/6506 6505/6505/6505
f 6502/6502/6502 6505/6505/6505 6507/6507/6507
f 6502/6502/6502 6507/6507/6507 6504/6504/6504
f 6507/6507/6507 6510/6510/6510 6506/6506/6506
f 6506/6506/6506 6510/6510/6510 6509/6509/6509
f 6506/6506/6506 6509/6509/6509 6505/6505/6505
f 6505/6505/6505 6509/6509/6509 6508/6508/6508
f 6505/6505/6505 6508/6508/6508 6510/6510/6510
f 6505/6505/6505 6510/6510/6510 6507/6507/6507
f 6510/6510/6510 6513/6513/6513 6509/6509/6509
f 6509/6509/6509 6513/6513/6513 6512/6512/6512
f 6509/6509/6509 6512/6512/6512 6508/6508/6508
f 6508/6508/6508 6512/6512/6512 6511/6511/6511
f 6508/6508/6508 6511/6511/6511 6513/6513/6513
f 6508/6508/6508 6513/6513/6513 6510/6510/6510
f 6513/6513/6513 6516/6516/6516 6512/6512/6512
f 6512/6512/6512 6516/6516/6516 6515/6515/6515
f 6512/6512/6512 6515/6515/6515 6511/6511/6511
f 6511/6511/6511 6515/6515/6515 6514/6514/6514
f 6511/6511/6511 6514/6514/6514 6516/6516/6516
f 6511/6511/6511 6516/6516/6516 6513/6513/6513
f 6516/6516/6516 6519/6519/6519 6515/6515/6515
f 6515/6515/6515 6519/6519/6519 6518/6518/6518
f 6515/6515/6515 6518/6518/6518 6514/6514/6514
f 6514/6514/6514 6518/6518/6518 6517/6517/6517
f 6514/6514/6514 6517/6517/6517 6519/6519/6519
f 6514/6514/6514 6519/6519/6519 6516/6516/6516
f 6519/6519/6519 6522/6522/6522 6518/6518/6518
f 6518/6518/6518 6522/6522/6522 6521/6521/6521
f 6518/6518/6518 6521/6521/6521 6517/6517/6517
f 6517/6517/6517 6521/6521/6521 6520/6520/6520
f 6517/6517/6517 6520/6520/6520 6522/6522/6522
f 6517/6517/6517 6522/6522/6522 6519/6519/6519
f 6522/6522/6522 6525/6525/6525 6521/6521/6521
f 6521/6521/6521 6525/6525/6525 6524/6524/6524
f 6521/6521/6521 6524/6524/6524 6520/6520/6520
f 6520/6520/6520 6524/6524/6524 6523/6523/6523
f 6520/6520/6520 6523/6523/6523 6525/6525/6525
f 6520/6520/6520 6525/6525/6525 6522/6522/6522
f 6528/6528/6528 6531/6531/6531 6527/6527/6527
f 6527/6527/6527 6531/6531/6531 6530/6530/6530
f 6527/6527/6527 6530/6530/6530 6526/6526/6526
f 6526/6526/6526 6530/6530/6530 6529/6529/6529
f 6526/6526/6526 6529/6529/6529 6531/6531/6531
f 6526/6526/6526 6531/6531/6531 6528/6528/6528
f 6531/6531/6531 6534/6534/6534 6530/6530/6530
f 6530/6530/6530 6534/6534/6534 6533/6533/6533
f 6530/6530/6530 6533/6533/6533 6529/6529/6529
f 6529/6529/6529 6533/6533/6533 6532/6532/6532
f 6529/6529/6529 6532/6532/6532 6534/6534/6534
f 6529/6529/6529 6534/6534/6534 6531/6531/6531
f 6534/6534/6534 6537/6537/6537 6533/6533/6533
f 6533/6533/6533 6537/6537/6537 6536/6536/6536
f 6533/6533/6533 6536/6536/6536 6532/6532/6532
f 6532/6532/6532 6536/6536/6536 6535/6535/6535
f 6532/6532/6532 6535/6535/6535 6537/6537/6537
f 6532/6532/6532 6537/6537/6537 6534/6534/6534
f 6537/6537/6537 6540/6540/6540 6536/6536/6536
f 6536/6536/6536 6540/6540/6540 6539/6539/6539
f 6536/6536/6536 6539/6539/6539 6535/6535/6535
f 6535/6535/6535 6539/6539/6539 6538/6538/6538
f 6535/6535/6535 6538/6538/6538 6540/6540/6540
f 6535/6535/6535 6540/6540/6540 6537/6537/6537
f 6540/6540/6540 6543/6543/6543 6539/6539/6539
f 6539/6539/6539 6543/6543/6543 6542/6542/6542
f 6539/6539/6539 6542/6542/6542 6538/6538/6538
f 6538/6538/6538 6542/6542/6542 6541/6541/6541
f 6538/6538/6538 6541/6541/6541 6543/6543/6543
f 6538/6538/6538 6543/6543/6543 6540/6540/6540
f 6543/6543/6543 6546/6546/6546 6542/6542/6542
f 6542/6542/6542 6546/6546/6546 6545/6545/6545
f 6542/6542/6542 6545/6545/6545 6541/6541/6541
f 6541/6541/6541 6545/6545/6545 6544/6544/6544
f 6541/6541/6541 6544/6544/6544 6546/6546/6546
f 6541/6541/6541 6546/6546/6546 6543/6543/6543
f 6546/6546/6546 6549/6549/6549 6545/6545/6545
f 6545/6545/6545 6549/6549/6549 6548/6548/6548
f 6545/6545/6545 6548/6548/6548 6544/6544/6544
f 6544/6544/6544 6548/6548/6548 6547/6547/6547
f 6544/6544/6544 6547/6547/6547 6549/6549/6549
f 6544/6544/6544 6549/6549/6549 6546/6546/6546
f 6549/6549/6549 6552/6552/6552 6548/6548/6548
f 6548/6548/6548 6552/6552/6552 6551/6551/6551
f 6548/6548/6548 6551/6551/6551 6547/6547/6547
f 6547/6547/6547 6551/6551/6551 6550/6550/6550
f 6547/6547/6547 6550/6550/6550 6552/6552/6552
f 6547/6547/6547 6552/6552/6552 6549/6549/6549
f 6552/6552/6552 6555/6555/6555 6551/6551/6551
f 6551/6551/6551 6555/6555/6555 6554/6554/6554
f 6551/6551/6551 6554/6554/6554 6550/6550/6550
f 6550/6550/6550 6554/6554/6554 6553/6553/6553
f 6550/6550/6550 6553/6553/6553 6555/6555/6555
f 6550/6550/6550 6555/6555/6555 6552/6552/6552
f 6555/6555/6555 6558/6558/6558 6554/6554/6554
f 6554/6554/6554 6558/6558/6558 6557/6557/6557
f 6554/6554/6554 6557/6557/6557 6553/6553/6553
f 6553/6553/6553 6557/6557/6557 6556/6556/6556
f 6553/6553/6553 6556/6556/6556 6558/6558/6558
f 6553/6553/6553 6558/6558/6558 6555/6555/6555
f 6558/6558/6558 6561/6561/6561 6557/6557/6557
f 6557/6557/6557 6561/6561/6561 6560/6560/6560
f 6557/6557/6557 6560/6560/6560 6556/6556/6556
f 6556/6556/6556 6560/6560/6560 6559/6559/6559
f 6556/6556/6556 6559/6559/6559 6561/6561/6561
f 6556/6556/6556 6561/6561/6561 6558/6558/6558
f 6561/6561/6561 6564/6564/6564 6560/6560/6560
f 6560/6560/6560 6564/6564/6564 6563/6563/6563
f 6560/6560/6560 6563/6563/6563 6559/6559/6559
f 6559/6559/6559 6563/6563/6563 6562/6562/6562
f 6559/6559/6559 6562/6562/6562 6564/6564/6564
f 6559/6559/6559 6564/6564/6564 6561/6561/6561
f 6564/6564/6564 6567/6567/6567 6563/6563/6563
f 6563/6563/6563 6567/6567/6567 6566/6566/6566
f 6563/6563/6563 6566/6566/6566 6562/6562/6562
f 6562/6562/6562 6566/6566/6566 6565/6565/6565
f 6562/6562/6562 6565/6565/6565 6567/6567/6567
f 6562/6562/6562 6567/6567/6567 6564/6564/6564
f 6567/6567/6567 6570/6570/6570 6566/6566/6566
f 6566/6566/6566 6570/6570/6570 6569/6569/6569
f 6566/6566/6566 6569/6569/6569 6565/6565/6565
f 6565/6565/6565 6569/6569/6569 6568/6568/6568
f 6565/6565/6565 6568/6568/6568 6570/6570/6570
f 6565/6565/6565 6570/6570/6570 6567/6567/6567
f 6570/6570/6570 6573/6573/6573 6569/6569/6569
f 6569/6569/6569 6573/6573/6573 6572/6572/6572
f 6569/6569/6569 6572/6572/6572 6568/6568/6568
f 6568/6568/6568 6572/6572/6572 6571/6571/6571
f 6568/6568/6568 6571/6571/6571 6573/6573/6573
f 6568/6568/6568 6573/6573/6573 6570/6570/6570
f 6576/6576/6576 6579/6579/6579 6575/6575/6575
f 6575/6575/6575 6579/6579/6579 6578/6578/6578
f 6575/6575/6575 6578/6578/6578 6574/6574/6574
f 6574/6574/6574 6578/6578/6578 6577/6577/6577
f 6574/6574/6574 6577/6577/6577 6579/6579/6579
f 6574/6574/6574 6579/6579/6579 6576/6576/6576
f 6579/6579/6579 6582/6582/6582 6578/6578/6578
f 6578/6578/6578 6582/6582/6582 6581/6581/6581
f 6578/6578/6578 6581/6581/6581 6577/6577/6577
f 6577/6577/6577 6581/6581/6581 6580/6580/6580
f 6577/6577/6577 6580/6580/6580 6582/6582/6582
f 6577/6577/6577 6582/6582/6582 6579/6579/6579
f 6582/6582/6582 6585/6585/6585 6581/6581/6581
f 6581/6581/6581 6585/6585/6585 6584/6584/6584
f 6581/6581/6581 6584/6584/6584 6580/6580/6580
f 6580/6580/6580 6584/6584/6584 6583/6583/6583
f 6580/6580/6580 6583/6583/6583 6585/6585/6585
f 6580/6580/6580 6585/6585/6585 6582/6582/6582
f 6585/6585/6585 6588/6588/6588 6584/6584/6584
f 6584/6584/6584 6588/6588/6588 6587/6587/6587
f 6584/6584/6584 6587/6587/6587 6583/6583/6583
f 6583/6583/6583 6587/6587/6587 6586/6586/6586
f 6583/6583/6583 6586/6586/6586 6588/6588/6588
f 6583/6583/6583 6588/6588/6588 6585/6585/6585
f 6588/6588/6588 6591/6591/6591 6587/6587/6587
f 6587/6587/6587 6591/6591/6591 6590/6590/6590
f 6587/6587/6587 6590/6590/6590 6586/6586/6586
f 6586/6586/6586 6590/6590/6590 6589/6589/6589
f 6586/6586/6586 6589/6589/6589 6591/6591/6591
f 6586/6586/6586 6591/6591/6591 6588/6588/6588
f 6591/6591/6591 6594/6594/6594 6590/6590/6590
f 6590/6590/6590 6594/6594/6594 6593/6593/6593
f 6590/6590/6590 6593/6593/6593 6589/6589/6589
f 6589/6589/6589 6593/6593/6593 6592/6592/6592
f 6589/6589/6589 6592/6592/6592 6594/6594/6594
f 6589/6589/6589 6594/6594/6594 6591/6591/6591
f 6594/6594/6594 6597/6597/6597 6593/6593/6593
f 6593/6593/6593 6597/6597/6597 6596/6596/6596
f 6593/6593/6593 6596/6596/6596 6592/6592/6592
f 6592/6592/6592 6596/6596/6596 6595/6595/6595
f 6592/6592/6592 6595/6595/6595 6597/6597/6597
f 6592/6592/6592 6597/6597/6597 6594/6594/6594
f 6597/6597/6597 6600/6600/6600 6596/6596/6596
f 6596/6596/6596 6600/6600/6600 6599/6599/6599
f 6596/6596/6596 6599/6599/6599 6595/6595/6595
f 6595/6595/6595 6599/6599/6599 6598/6598/6598
f 6595/6595/6595 6598/6598/6598 6600/6600/6600
f 6595/6595/6595 6600/6600/6600 6597/6597/6597
f 6600/6600/6600 6603/6603/6603 6599/6599/6599
f 6599/6599/6599 6603/6603/6603 6602/6602/6602
f 6599/6599/6599 6602/6602/6602 6598/6598/6598
f 6598/6598/6598 6602/6602/6602 6601/6601/6601
f 6598/6598/6598 6601/6601/6601 6603/6603/6603
f 6598/6598/6598 6603/6603/6603 6600/6600/6600
f 6603/6603/6603 6606/6606/6606 6602/6602/6602
f 6602/6602/6602 6606/6606/6606 6605/6605/6605
f 6602/6602/6602 6605/6605/6605 6601/6601/6601
f 6601/6601/6601 6605/6605/6605 6604/6604/6604
f 6601/6601/6601 6604/6604/6604 6606/6606/6606
f 6601/6601/6601 6606/6606/6606 6603/6603/6603
f 6606/6606/6606 6609/6609/6609 6605/6605/6605
f 6605/6605/6605 6609/6609/6609 6608/6608/6608
f 6605/6605/6605 6608/6608/6608 6604/6604/6604
f 6604/6604/6604 6608/6608/6608 6607/6607/6607
f 6604/6604/6604 6607/6607/6607 6609/6609/6609
f 6604/6604/6604 6609/6609/6609 6606/6606/6606
f 6609/6609/6609 6612/6612/6612 6608/6608/6608
f 6608/6608/6608 6612/6612/6612 6611/6611/6611
f 6608/6608/6608 6611/6611/6611 6607/6607/6607
f 6607/6607/6607 6611/6611/6611 6610/6610/6610
f 6607/6607/6607 6610/6610/6610 6612/6612/6612
f 6607/6607/6607 6612/6612/6612 6609/6609/6609
f 6612/6612/6612 6615/6615/6615 6611/6611/6611
f 6611/6611/6611 6615/6615/6615 6614/6614/6614
f 6611/6611/6611 6614/6614/6614 6610/6610/6610
f 6610/6610/6610 6614/6614/6614 6613/6613/6613
f 6610/6610/6610 6613/6613/6613 6615/6615/6615
f 6610/6610/6610 6615/6615/6615 6612/6612/6612
f 6615/6615/6615 6618/6618/6618 6614/6614/6614
f 6614/6614/6614 6618/6618/6618 6617/6617/6617
f 6614/6614/6614 6617/6617/6617 6613/6613/6613
f 6613/6613/6613 6617/6617/6617 6616/6616/6616
f 6613/6613/6613 6616/6616/6616 6618/6618/6618
f 6613/6613/6613 6618/6618/6618 6615/6615/6615
f 6621/6621/6621 6624/6624/6624 6620/6620/6620
f 6620/6620/6620 6624/6624/6624 6623/6623/6623
f 6620/6620/6620 6623/6623/6623 6619/6619/6619
f 6619/6619/6619 6623/6623/6623 6622/6622/6622
f 6619/6619/6619 6622/6622/6622 6624/6624/6624
f 6619/6619/6619 6624/6624/6624 6621/6621/6621
f 6624/6624/6624 6627/6627/6627 6623/6623/6623
f 6623/6623/6623 6627/6627/6627 6626/6626/6626
f 6623/6623/6623 6626/6626/6626 6622/6622/6622
f 6622/6622/6622 6626/6626/6626 6625/6625/6625
f 6622/6622/6622 6625/6625/6625 6627/6627/6627
f 6622/6622/6622 6627/6627/6627 6624/6624/6624
f 6627/6627/6627 6630/6630/6630 6626/6626/6626
f 6626/6626/6626 6630/6630/6630 6629/6629/6629
f 6626/6626/6626 6629/6629/6629 6625/6625/6625
f 6625/6625/6625 6629/6629/6629 6628/6628/6628
f 6625/6625/6625 6628/6628/6628 6630/6630/6630
f 6625/6625/6625 6630/6630/6630 6627/6627/6627
f 6630/6630/6630 6633/6633/6633 6629/6629/6629
f 6629/6629/6629 6633/6633/6633 6632/6632/6632
f 6629/6629/6629 6632/6632/6632 6628/6628/6628
f 6628/6628/6628 6632/6632/6632 6631/6631/6631
f 6628/6628/6628 6631/6631/6631 6633/6633/6633
f 6628/6628/6628 6633/6633/6633 6630/6630/6630
f 6633/6633/6633 6636/6636/6636 6632/6632/6632
f 6632/6632/6632 6636/6636/6636 6635/6635/6635
f 6632/6632/6632 6635/6635/6635 6631/6631/6631
f 6631/6631/6631 6635/6635/6635 6634/6634/6634
f 6631/6631/6631 6634/6634/6634 6636/6636/6636
f 6631/6631/6631 6636/6636/6636 6633/6633/6633
f 6636/6636/6636 6639/6639/6639 6635/6635/6635
f 6635/6635/6635 6639/6639/6639 6638/6638/6638
f 6635/6635/6635 6638/6638/6638 6634/6634/6634
f 6634/6634/6634 6638/6638/6638 6637/6637/6637
f 6634/6634/6634 6637/6637/6637 6639/6639/6639
f 6634/6634/6634 6639/6639/6639 6636/6636/6636
f 6639/6639/6639 6642/6642/6642 6638/6638/6638
f 6638/6638/6638 6642/6642/6642 6641/6641/6641
f 6638/6638/6638 6641/6641/6641 6637/6637/6637
f 6637/6637/6637 6641/6641/6641 6640/6640/6640
f 6637/6637/6637 6640/6640/6640 6642/6642/6642
f 6637/6637/6637 6642/6642/6642 6639/6639/6639
f 6642/6642/6642 6645/6645/6645 6641/6641/6641
f 6641/6641/6641 6645/6645/6645 6644/6644/6644
f 6641/6641/6641 6644/6644/6644 6640/6640/6640
f 6640/6640/6640 6644/6644/6644 6643/6643/6643
f 6640/6640/6640 6643/6643/6643 6645/6645/6645
f 6640/6640/6640 6645/6645/6645 6642/6642/6642
f 6645/6645/6645 6648/6648/6648 6644/6644/6644
f 6644/6644/6644 6648/6648/6648 6647/6647/6647
f 6644/6644/6644 6647/6647/6647 6643/6643/6643
f 6643/6643/6643 6647/6647/6647 6646/6646/6646
f 6643/6643/6643 6646/6646/6646 6648/6648/6648
f 6643/6643/6643 6648/6648/6648 6645/6645/6645
f 6648/6648/6648 6651/6651/6651 6647/6647/6647
f 6647/6647/6647 6651/6651/6651 6650/6650/6650
f 6647/6647/6647 6650/6650/6650 6646/6646/6646
f 6646/6646/6646 6650/6650/6650 6649/6649/6649
f 6646/6646/6646 6649/6649/6649 6651/6651/6651
f 6646/6646/6646 6651/6651/6651 6648/6648/6648
f 6651/6651/6651 6654/6654/6654 6650/6650/6650
f 6650/6650/6650 6654/6654/6654 6653/6653/6653
f 6650/6650/6650 6653/6653/6653 6649/6649/6649
f 6649/6649/6649 6653/6653/6653 6652/6652/6652
f 6649/6649/6649 6652/6652/6652 6654/6654/6654
f 6649/6649/6649 6654/6654/6654 6651/6651/6651
f 6654/6654/6654 6657/6657/6657 6653/6653/6653
f 6653/6653/6653 6657/6657/6657 6656/6656/6656
f 6653/6653/6653 6656/6656/6656 6652/6652/6652
f 6652/6652/6652 6656/6656/6656 6655/6655/6655
f 6652/6652/6652 6655/6655/6655 6657/6657/6657
f 6652/6652/6652 6657/6657/6657 6654/6654/6654
f 6657/6657/6657 6660/6660/6660 6656/6656/6656
f 6656/6656/6656 6660/6660/6660 6659/6659/6659
f 6656/6656/6656 6659/6659/6659 6655/6655/6655
f 6655/6655/6655 6659/6659/6659 6658/6658/6658
f 6655/6655/6655 6658/6658/6658 6660/6660/6660
f 6655/6655/6655 6660/6660/6660 6657/6657/6657
f 6663/6663/6663 6666/6666/6666 6662/6662/6662
f 6662/6662/6662 6666/6666/6666 6665/6665/6665
f 6662/6662/6662 6665/6665/6665 6661/6661/6661
f 6661/6661/6661 6665/6665/6665 6664/6664/6664
f 6661/6661/6661 6664/6664/6664 6666/6666/6666
f 6661/6661/6661 6666/6666/6666 6663/6663/6663
f 6666/6666/6666 6669/6669/6669 6665/6665/6665
f 6665/6665/6665 6669/6669/6669 6668/6668/6668
f 6665/6665/6665 6668/6668/6668 6664/6664/6664
f 6664/6664/6664 6668/6668/6668 6667/6667/6667
f 6664/6664/6664 6667/6667/6667 6669/6669/6669
f 6664/6664/6664 6669/6669/6669 6666/6666/6666
f 6669/6669/6669 6672/6672/6672 6668/6668/6668
f 6668/6668/6668 6672/6672/6672 6671/6671/6671
f 6668/6668/6668 6671/6671/6671 6667/6667/6667
f 6667/6667/6667 6671/6671/6671 6670/6670/6670
f 6667/6667/6667 6670/6670/6670 6672/6672/6672
f 6667/6667/6667 6672/6672/6672 6669/6669/6669
f 6672/6672/6672 6675/6675/6675 6671/6671/6671
f 6671/6671/6671 6675/6675/6675 6674/6674/6674
f 6671/6671/6671 6674/6674/6674 6670/6670/6670
f 6670/6670/6670 6674/6674/6674 6673/6673/6673
f 6670/6670/6670 6673/6673/6673 6675/6675/6675
f 6670/6670/6670 6675/6675/6675 6672/6672/6672
f 6675/6675/6675 6678/6678/6678 6674/6674/6674
f 6674/6674/6674 6678/6678/6678 6677/6677/6677
f 6674/6674/6674 6677/6677/6677 6673/6673/6673
f 6673/6673/6673 6677/6677/6677 6676/6676/6676
f 6673/6673/6673 6676/6676/6676 6678/6678/6678
f 6673/6673/6673 6678/6678/6678 6675/6675/6675
f 6678/6678/6678 6681/6681/6681 6677/6677/6677
f 6677/6677/6677 6681/6681/6681 6680/6680/6680
f 6677/6677/6677 6680/6680/6680 6676/6676/6676
f 6676/6676/6676 6680/6680/6680 6679/6679/6679
f 6676/6676/6676 6679/6679/6679 6681/6681/6681
f 6676/6676/6676 6681/6681/6681 6678/6678/6678
f 6681/6681/6681 6684/6684/6684 6680/6680/6680
f 6680/6680/6680 6684/6684/6684 6683/6683/6683
f 6680/6680/6680 6683/6683/6683 6679/6679/6679
f 6679/6679/6679 6683/6683/6683 6682/6682/6682
f 6679/6679/6679 6682/6682/6682 6684/6684/6684
f 6679/6679/6679 6684/6684/6684 6681/6681/6681
f 6684/6684/6684 6687/6687/6687 6683/6683/6683
f 6683/6683/6683 6687/6687/6687 6686/6686/6686
f 6683/6683/6683 6686/6686/6686 6682/6682/6682
f 6682/6682/6682 6686/6686/6686 6685/6685/6685
f 6682/6682/6682 6685/6685/6685 6687/6687/6687
f 6682/6682/6682 6687/6687/6687 6684/6684/6684
f 6687/6687/6687 6690/6690/6690 6686/6686/6686
f 6686/6686/6686 6690/6690/6690 6689/6689/6689
f 6686/6686/6686 6689/6689/6689 6685/6685/6685
f 6685/6685/6685 6689/6689/6689 6688/6688/6688
f 6685/6685/6685 6688/6688/6688 6690/6690/6690
f 6685/6685/6685 6690/6690/6690 6687/6687/6687
f 6690/6690/6690 6693/6693/6693 6689/6689/6689
f 6689/6689/6689 6693/6693/6693 6692/6692/6692
f 6689/6689/6689 6692/6692/6692 6688/6688/6688
f 6688/6688/6688 6692/6692/6692 6691/6691/6691
f 6688/6688/6688 6691/6691/6691 6693/6693/6693
f 6688/6688/6688 6693/6693/6693 6690/6690/6690
f 6693/6693/6693 6696/6696/6696 6692/6692/6692
f 6692/6692/6692 6696/6696/6696 6695/6695/6695
f 6692/6692/6692 6695/6695/6695 6691/6691/6691
f 6691/6691/6691 6695/6695/6695 6694/6694/6694
f 6691/6691/6691 6694/6694/6694 6696/6696/6696
f 6691/6691/6691 6696/6696/6696 6693/6693/6693
f 6699/6699/6699 6702/6702/6702 6698/6698/6698
f 6698/6698/6698 6702/6702/6702 6701/6701/6701
f 6698/6698/6698 6701/6701/6701 6697/6697/6697
f 6697/6697/6697 6701/6701/6701 6700/6700/6700
f 6697/6697/6697 6700/6700/6700 6702/6702/6702
f 6697/6697/6697 6702/6702/6702 6699/6699/6699
f 6702/6702/6702 6705/6705/6705 6701/6701/6701
f 6701/6701/6701 6705/6705/6705 6704/6704/6704
f 6701/6701/6701 6704/6704/6704 6700/6700/6700
f 6700/6700/6700 6704/6704/6704 6703/6703/6703
f 6700/6700/6700 6703/6703/6703 6705/6705/6705
f 6700/6700/6700 6705/6705/6705 6702/6702/6702
f 6705/6705/6705 6708/6708/6708 6704/6704/6704
f 6704/6704/6704 6708/6708/6708 6707/6707/6707
f 6704/6704/6704 6707/6707/6707 6703/6703/6703
f 6703/6703/6703 6707/6707/6707 6706/6706/6706
f 6703/6703/6703 6706/6706/6706 6708/6708/6708
f 6703/6703/6703 6708/6708/6708 6705/6705/6705
f 6708/6708/6708 6711/6711/6711 6707/6707/6707
f 6707/6707/6707 6711/6711/6711 6710/6710/6710
f 6707/6707/6707 6710/6710/6710 6706/6706/6706
f 6706/6706/6706 6710/6710/6710 6709/6709/6709
f 6706/6706/6706 6709/6709/6709 6711/6711/6711
f 6706/6706/6706 6711/6711/6711 6708/6708/6708
f 6711/6711/6711 6714/6714/6714 6710/6710/6710
f 6710/6710/6710 6714/6714/6714 6713/6713/6713
f 6710/6710/6710 6713/6713/6713 6709/6709/6709
f 6709/6709/6709 6713/6713/6713 6712/6712/6712
f 6709/6709/6709 6712/6712/6712 6714/6714/6714
f 6709/6709/6709 6714/6714/6714 6711/6711/6711
f 6714/6714/6714 6717/6717/6717 6713/6713/6713
f 6713/6713/6713 6717/6717/6717 6716/6716/6716
f 6713/6713/6713 6716/6716/6716 6712/6712/6712
f 6712/6712/6712 6716/6716/6716 6715/6715/6715
f 6712/6712/6712 6715/6715/6715 6717/6717/6717
f 6712/6712/6712 6717/6717/6717 6714/6714/6714
f 6717/6717/6717 6720/6720/6720 6716/6716/6716
f 6716/6716/6716 6720/6720/6720 6719/6719/6719
f 6716/6716/6716 6719/6719/6719 6715/6715/6715
f 6715/6715/6715 6719/6719/6719 6718/6718/6718
f 6715/6715/6715 6718/6718/6718 6720/6720/6720
f 6715/6715/6715 6720/6720/6720 6717/6717/6717
f 6720/6720/6720 6723/6723/6723 6719/6719/6719
f 6719/6719/6719 6723/6723/6723 6722/6722/6722
f 6719/6719/6719 6722/6722/6722 6718/6718/6718
f 6718/6718/6718 6722/6722/6722 6721/6721/6721
f 6718/6718/6718 6721/6721/6721 6723/6723/6723
f 6718/6718/6718 6723/6723/6723 6720/6720/6720
f 6723/6723/6723 6726/6726/6726 6722/6722/6722
f 6722/6722/6722 6726/6726/6726 6725/6725/6725
f 6722/6722/6722 6725/6725/6725 6721/6721/6721
f 6721/6721/6721 6725/6725/6725 6724/6724/6724
f 6721/6721/6721 6724/6724/6724 6726/6726/6726
f 6721/6721/6721 6726/6726/6726 6723/6723/6723
f 6726/6726/6726 6729/6729/6729 6725/6725/6725
f 6725/6725/6725 6729/6729/6729 6728/6728/6728
f 6725/6725/6725 6728/6728/6728 6724/6724/6724
f 6724/6724/6724 6728/6728/6728 6727/6727/6727
f 6724/6724/6724 6727/6727/6727 6729/6729/6729
f 6724/6724/6724 6729/6729/6729 6726/6726/6726
f 6732/6732/6732 6735/6735/6735 6731/6731/6731
f 6731/6731/6731 6735/6735/6735 6734/6734/6734
f 6731/6731/6731 6734/6734/6734 6730/6730/6730
f 6730/6730/6730 6734/6734/6734 6733/6733/6733
f 6730/6730/6730 6733/6733/6733 6735/6735/6735
f 6730/6730/6730 6735/6735/6735 6732/6732/6732
f 6735/6735/6735 6738/6738/6738 6734/6734/6734
f 6734/6734/6734 6738/6738/6738 6737/6737/6737
f 6734/6734/6734 6737/6737/6737 6733/6733/6733
f 6733/6733/6733 6737/6737/6737 6736/6736/6736
f 6733/6733/6733 6736/6736/6736 6738/6738/6738
f 6733/6733/6733 6738/6738/6738 6735/6735/6735
f 6738/6738/6738 6741/6741/6741 6737/6737/6737
f 6737/6737/6737 6741/6741/6741 6740/6740/6740
f 6737/6737/6737 6740/6740/6740 6736/6736/6736
f 6736/6736/6736 6740/6740/6740 6739/6739/6739
f 6736/6736/6736 6739/6739/6739 6741/6741/6741
f 6736/6736/6736 6741/6741/6741 6738/6738/6738
f 6741/6741/6741 6744/6744/6744 6740/6740/6740
f 6740/6740/6740 6744/6744/6744 6743/6743/6743
f 6740/6740/6740 6743/6743/6743 6739/6739/6739
f 6739/6739/6739 6743/6743/6743 6742/6742/6742
f 6739/6739/6739 6742/6742/6742 6744/6744/6744
f 6739/6739/6739 6744/6744/6744 6741/6741/6741
f 6744/6744/6744 6747/6747/6747 6743/6743/6743
f 6743/6743/6743 6747/6747/6747 6746/6746/6746
f 6743/6743/6743 6746/6746/6746 6742/6742/6742
f 6742/6742/6742 6746/6746/6746 6745/6745/6745
f 6742/6742/6742 6745/6745/6745 6747/6747/6747
f 6742/6742/6742 6747/6747/6747 6744/6744/6744
f 6747/6747/6747 6750/6750/6750 6746/6746/6746
f 6746/6746/6746 6750/6750/6750 6749/6749/6749
f 6746/6746/6746 6749/6749/6749 6745/6745/6745
f 6745/6745/6745 6749/6749/6749 6748/6748/6748
f 6745/6745/6745 6748/6748/6748 6750/6750/6750
f 6745/6745/6745 6750/6750/6750 6747/6747/6747
f 6750/6750/6750 6753/6753/6753 6749/6749/6749
f 6749/6749/6749 6753/6753/6753 6752/6752/6752
f 6749/6749/6749 6752/6752/6752 6748/6748/6748
f 6748/6748/6748 6752/6752/6752 6751/6751/6751
f 6748/6748/6748 6751/6751/6751 6753/6753/6753
f 6748/6748/6748 6753/6753/6753 6750/6750/6750
f 6753/6753/6753 6756/6756/6756 6752/6752/6752
f 6752/6752/6752 6756/6756/6756 6755/6755/6755
f 6752/6752/6752 6755/6755/6755 6751/6751/6751
f 6751/6751/6751 6755/6755/6755 6754/6754/6754
f 6751/6751/6751 6754/6754/6754 6756/6756/6756
f 6751/6751/6751 6756/6756/6756 6753/6753/6753
f 6756/6756/6756 6759/6759/6759 6755/6755/6755
f 6755/6755/6755 6759/6759/6759 6758/6758/6758
f 6755/6755/6755 6758/6758/6758 6754/6754/6754
f 6754/6754/6754 6758/6758/6758 6757/6757/6757
f 6754/6754/6754 6757/6757/6757 6759/6759/6759
f 6754/6754/6754 6759/6759/6759 6756/6756/6756
f 6762/6762/6762 6765/6765/6765 6761/6761/6761
f 6761/6761/6761 6765/6765/6765 6764/6764/6764
f 6761/6761/6761 6764/6764/6764 6760/6760/6760
f 6760/6760/6760 6764/6764/6764 6763/6763/6763
f 6760/6760/6760 6763/6763/6763 6765/6765/6765
f 6760/6760/6760 6765/6765/6765 6762/6762/6762
f 6765/6765/6765 6768/6768/6768 6764/6764/6764
f 6764/6764/6764 6768/6768/6768 6767/6767/6767
f 6764/6764/6764 6767/6767/6767 6763/6763/6763
f 6763/6763/6763 6767/6767/6767 6766/6766/6766
f 6763/6763/6763 6766/6766/6766 6768/6768/6768
f 6763/6763/6763 6768/6768/6768 6765/6765/6765
f 6768/6768/6768 6771/6771/6771 6767/6767/6767
f 6767/6767/6767 6771/6771/6771 6770/6770/6770
f 6767/6767/6767 6770/6770/6770 6766/6766/6766
f 6766/6766/6766 6770/6770/6770 6769/6769/6769
f 6766/6766/6766 6769/6769/6769 6771/6771/6771
f 6766/6766/6766 6771/6771/6771 6768/6768/6768
f 6771/6771/6771 6774/6774/6774 6770/6770/6770
f 6770/6770/6770 6774/6774/6774 6773/6773/6773
f 6770/6770/6770 6773/6773/6773 6769/6769/6769
f 6769/6769/6769 6773/6773/6773 6772/6772/6772
f 6769/6769/6769 6772/6772/6772 6774/6774/6774
f 6769/6769/6769 6774/6774/6774 6771/6771/6771
f 6774/6774/6774 6777/6777/6777 6773/6773/6773
f 6773/6773/6773 6777/6777/6777 6776/6776/6776
f 6773/6773/6773 6776/6776/6776 6772/6772/6772
f 6772/6772/6772 6776/6776/6776 6775/6775/6775
f 6772/6772/6772 6775/6775/6775 6777/6777/6777
f 6772/6772/6772 6777/6777/6777 6774/6774/6774
f 6777/6777/6777 6780/6780/6780 6776/6776/6776
f 6776/6776/6776 6780/6780/6780 6779/6779/6779
f 6776/6776/6776 6779/6779/6779 6775/6775/6775
f 6775/6775/6775 6779/6779/6779 6778/6778/6778
f 6775/6775/6775 6778/6778/6778 6780/6780/6780
f 6775/6775/6775 6780/6780/6780 6777/6777/6777
f 6780/6780/6780 6783/6783/6783 6779/6779/6779
f 6779/6779/6779 6783/6783/6783 6782/6782/6782
f 6779/6779/6779 6782/6782/6782 6778/6778/6778
f 6778/6778/6778 6782/6782/6782 6781/6781/6781
f 6778/6778/6778 6781/6781/6781 6783/6783/6783
f 6778/6778/6778 6783/6783/6783 6780/6780/6780
f 6783/6783/6783 6786/6786/6786 6782/6782/6782
f 6782/6782/6782 6786/6786/6786 6785/6785/6785
f 6782/6782/6782 6785/6785/6785 6781/6781/6781
f 6781/6781/6781 6785/6785/6785 6784/6784/6784
f 6781/6781/6781 6784/6784/6784 6786/6786/6786
f 6781/6781/6781 6786/6786/6786 6783/6783/6783
f 6789/6789/6789 6792/6792/6792 6788/6788/6788
f 6788/6788/6788 6792/6792/6792 6791/6791/6791
f 6788/6788/6788 6791/6791/6791 6787/6787/6787
f 6787/6787/6787 6791/6791/6791 6790/6790/6790
f 6787/6787/6787 6790/6790/6790 6792/6792/6792
f 6787/6787/6787 6792/6792/6792 6789/6789/6789
f 6792/6792/6792 6795/6795/6795 6791/6791/6791
f 6791/6791/6791 6795/6795/6795 6794/6794/6794
f 6791/6791/6791 6794/6794/6794 6790/6790/6790
f 6790/6790/6790 6794/6794/6794 6793/6793/6793
f 6790/6790/6790 6793/6793/6793 6795/6795/6795
f 6790/6790/6790 6795/6795/6795 6792/6792/6792
f 6795/6795/6795 6798/6798/6798 6794/6794/6794
f 6794/6794/6794 6798/6798/6798 6797/6797/6797
f 6794/6794/6794 6797/6797/6797 6793/6793/6793
f 6793/6793/6793 6797/6797/6797 6796/6796/6796
f 6793/6793/6793 6796/6796/6796 6798/6798/6798
f 6793/6793/6793 6798/6798/6798 6795/6795/6795
f 6798/6798/6798 6801/6801/6801 6797/6797/6797
f 6797/6797/6797 6801/6801/6801 6800/6800/6800
f 6797/6797/6797 6800/6800/6800 6796/6796/6796
f 6796/6796/6796 6800/6800/6800 6799/6799/6799
f 6796/6796/6796 6799/6799/6799 6801/6801/6801
f 6796/6796/6796 6801/6801/6801 6798/6798/6798
f 6801/6801/6801 6804/6804/6804 6800/6800/6800
f 6800/6800/6800 6804/6804/6804 6803/6803/6803
f 6800/6800/6800 6803/6803/6803 6799/6799/6799
f 6799/6799/6799 6803/6803/6803 6802/6802/6802
f 6799/6799/6799 6802/6802/6802 6804/6804/6804
f 6799/6799/6799 6804/6804/6804 6801/6801/6801
f 6804/6804/6804 6807/6807/6807 6803/6803/6803
f 6803/6803/6803 6807/6807/6807 6806/6806/6806
f 6803/6803/6803 6806/6806/6806 6802/6802/6802
f 6802/6802/6802 6806/6806/6806 6805/6805/6805
f 6802/6802/6802 6805/6805/6805 6807/6807/6807
f 6802/6802/6802 6807/6807/6807 6804/6804/6804
f 6807/6807/6807 6810/6810/6810 6806/6806/6806
f 6806/6806/6806 6810/6810/6810 6809/6809/6809
f 6806/6806/6806 6809/6809/6809 6805/6805/6805
f 6805/6805/6805 6809/6809/6809 6808/6808/6808
f 6805/6805/6805 6808/6808/6808 6810/6810/6810
f 6805/6805/6805 6810/6810/6810 6807/6807/6807
f 6813/6813/6813 6816/6816/6816 6812/6812/6812
f 6812/6812/6812 6816/6816/6816 6815/6815/6815
f 6812/6812/6812 6815/6815/6815 6811/6811/6811
f 6811/6811/6811 6815/6815/6815 6814/6814/6814
f 6811/6811/6811 6814/6814/6814 6816/6816/6816
f 6811/6811/6811 6816/6816/6816 6813/6813/6813
f 6816/6816/6816 6819/6819/6819 6815/6815/6815
f 6815/6815/6815 6819/6819/6819 6818/6818/6818
f 6815/6815/6815 6818/6818/6818 6814/6814/6814
f 6814/6814/6814 6818/6818/6818 6817/6817/6817
f 6814/6814/6814 6817/6817/6817 6819/6819/6819
f 6814/6814/6814 6819/6819/6819 6816/6816/6816
f 6819/6819/6819 6822/6822/6822 6818/6818/6818
f 6818/6818/6818 6822/6822/6822 6821/6821/6821
f 6818/6818/6818 6821/6821/6821 6817/6817/6817
f 6817/6817/6817 6821/6821/6821 6820/6820/6820
f 6817/6817/6817 6820/6820/6820 6822/6822/6822
f 6817/6817/6817 6822/6822/6822 6819/6819/6819
f 6822/6822/6822 6825/6825/6825 6821/6821/6821
f 6821/6821/6821 6825/6825/6825 6824/6824/6824
f 6821/6821/6821 6824/6824/6824 6820/6820/6820
f 6820/6820/6820 6824/6824/6824 6823/6823/6823
f 6820/6820/6820 6823/6823/6823 6825/6825/6825
f 6820/6820/6820 6825/6825/6825 6822/6822/6822
f 6825/6825/6825 6828/6828/6828 6824/6824/6824
f 6824/6824/6824 6828/6828/6828 6827/6827/6827
f 6824/6824/6824 6827/6827/6827 6823/6823/6823
f 6823/6823/6823 6827/6827/6827 6826/6826/6826
f 6823/6823/6823 6826/6826/6826 6828/6828/6828
f 6823/6823/6823 6828/6828/6828 6825/6825/6825
f 6828/6828/6828 6831/6831/6831 6827/6827/6827
f 6827/6827/6827 6831/6831/6831 6830/6830/6830
f 6827/6827/6827 6830/6830/6830 6826/6826/6826
f 6826/6826/6826 6830/6830/6830 6829/6829/6829
f 6826/6826/6826 6829/6829/6829 6831/6831/6831
f 6826/6826/6826 6831/6831/6831 6828/6828/6828
f 6834/6834/6834 6837/6837/6837 6833/6833/6833
f 6833/6833/6833 6837/6837/6837 6836/6836/6836
f 6833/6833/6833 6836/6836/6836 6832/6832/6832
f 6832/6832/6832 6836/6836/6836 6835/6835/6835
f 6832/6832/6832 6835/6835/6835 6837/6837/6837
f 6832/6832/6832 6837/6837/6837 6834/6834/6834
f 6837/6837/6837 6840/6840/6840 6836/6836/6836
f 6836/6836/6836 6840/6840/6840 6839/6839/6839
f 6836/6836/6836 6839/6839/6839 6835/6835/6835
f 6835/6835/6835 6839/6839/6839 6838/6838/6838
f 6835/6835/6835 6838/6838/6838 6840/6840/6840
f 6835/6835/6835 6840/6840/6840 6837/6837/6837
f 6840/6840/6840 6843/6843/6843 6839/6839/6839
f 6839/6839/6839 6843/6843/6843 6842/6842/6842
f 6839/6839/6839 6842/6842/6842 6838/6838/6838
f 6838/6838/6838 6842/6842/6842 6841/6841/6841
f 6838/6838/6838 6841/6841/6841 6843/6843/6843
f 6838/6838/6838 6843/6843/6843 6840/6840/6840
f 6843/6843/6843 6846/6846/6846 6842/6842/6842
f 6842/6842/6842 6846/6846/6846 6845/6845/6845
f 6842/6842/6842 6845/6845/6845 6841/6841/6841
f 6841/6841/6841 6845/6845/6845 6844/6844/6844
f 6841/6841/6841 6844/6844/6844 6846/6846/6846
f 6841/6841/6841 6846/6846/6846 6843/6843/6843
f 6846/6846/6846 6849/6849/6849 6845/6845/6845
f 6845/6845/6845 6849/6849/6849 6848/6848/6848
f 6845/6845/6845 6848/6848/6848 6844/6844/6844
f 6844/6844/6844 6848/6848/6848 6847/6847/6847
f 6844/6844/6844 6847/6847/6847 6849/6849/6849
f 6844/6844/6844 6849/6849/6849 6846/6846/6846
f 6852/6852/6852 6855/6855/6855 6851/6851/6851
f 6851/6851/6851 6855/6855/6855 6854/6854/6854
f 6851/6851/6851 6854/6854/6854 6850/6850/6850
f 6850/6850/6850 6854/6854/6854 6853/6853/6853
f 6850/6850/6850 6853/6853/6853 6855/6855/6855
f 6850/6850/6850 6855/6855/6855 6852/6852/6852
f 6855/6855/6855 6858/6858/6858 6854/6854/6854
f 6854/6854/6854 6858/6858/6858 6857/6857/6857
f 6854/6854/6854 6857/6857/6857 6853/6853/6853
f 6853/6853/6853 6857/6857/6857 6856/6856/6856
f 6853/6853/6853 6856/6856/6856 6858/6858/6858
f 6853/6853/6853 6858/6858/6858 6855/6855/6855
f 6858/6858/6858 6861/6861/6861 6857/6857/6857
f 6857/6857/6857 6861/6861/6861 6860/6860/6860
f 6857/6857/6857 6860/6860/6860 6856/6856/6856
f 6856/6856/6856 6860/6860/6860 6859/6859/6859
f 6856/6856/6856 6859/6859/6859 6861/6861/6861
f 6856/6856/6856 6861/6861/6861 6858/6858/6858
f 6861/6861/6861 6864/6864/6864 6860/6860/6860
f 6860/6860/6860 6864/6864/6864 6863/6863/6863
f 6860/6860/6860 6863/6863/6863 6859/6859/6859
f 6859/6859/6859 6863/6863/6863 6862/6862/6862
f 6859/6859/6859 6862/6862/6862 6864/6864/6864
f 6859/6859/6859 6864/6864/6864 6861/6861/6861
f 6867/6867/6867 6870/6870/6870 6866/6866/6866
f 6866/6866/6866 6870/6870/6870 6869/6869/6869
f 6866/6866/6866 6869/6869/6869 6865/6865/6865
f 6865/6865/6865 6869/6869/6869 6868/6868/6868
f 6865/6865/6865 6868/6868/6868 6870/6870/6870
f 6865/6865/6865 6870/6870/6870 6867/6867/6867
f 6870/6870/6870 6873/6873/6873 6869/6869/6869
f 6869/6869/6869 6873/6873/6873 6872/6872/6872
f 6869/6869/6869 6872/6872/6872 6868/6868/6868
f 6868/6868/6868 6872/6872/6872 6871/6871/6871
f 6868/6868/6868 6871/6871/6871 6873/6873/6873
f 6868/6868/6868 6873/6873/6873 6870/6870/6870
f 6873/6873/6873 6876/6876/6876 6872/6872/6872
f 6872/6872/6872 6876/6876/6876 6875/6875/6875
f 6872/6872/6872 6875/6875/6875 6871/6871/6871
f 6871/6871/6871 6875/6875/6875 6874/6874/6874
f 6871/6871/6871 6874/6874/6874 6876/6876/6876
f 6871/6871/6871 6876/6876/6876 6873/6873/6873
f 6879/6879/6879 6882/6882/6882 6878/6878/6878
f 6878/6878/6878 6882/6882/6882 6881/6881/6881
f 6878/6878/6878 6881/6881/6881 6877/6877/6877
f 6877/6877/6877 6881/6881/6881 6880/6880/6880
f 6877/6877/6877 6880/6880/6880 6882/6882/6882
f 6877/6877/6877 6882/6882/6882 6879/6879/6879
f 6882/6882/6882 6885/6885/6885 6881/6881/6881
f 6881/6881/6881 6885/6885/6885 6884/6884/6884
f 6881/6881/6881 6884/6884/6884 6880/6880/6880
f 6880/6880/6880 6884/6884/6884 6883/6883/6883
f 6880/6880/6880 6883/6883/6883 6885/6885/6885
f 6880/6880/6880 6885/6885/6885 6882/6882/6882
f 6888/6888/6888 6891/6891/6891 6887/6887/6887
f 6887/6887/6887 6891/6891/6891 6890/6890/6890
f 6887/6887/6887 6890/6890/6890 6886/6886/6886
f 6886/6886/6886 6890/6890/6890 6889/6889/6889
f 6886/6886/6886 6889/6889/6889 6891/6891/6891
f 6886/6886/6886 6891/6891/6891 6888/6888/6888
