mtllib roots.mtl
v -0.540331 1.00429 0.255452
v -0.540331 1.00429 0.255452
v -0.540331 1.00429 0.255452
v -0.540331 1.00429 0.255452
v -0.555306 1.00604 0.21501
v -0.555306 1.00604 0.21501
v -0.555306 1.00604 0.21501
v -0.555306 1.00604 0.21501
v -0.55212 1.00542 0.21647
v -0.55212 1.00542 0.21647
v -0.55212 1.00542 0.21647
v -0.55212 1.00542 0.21647
v -0.555306 1.00604 0.21501
v -0.555306 1.00604 0.21501
v -0.555306 1.00604 0.21501
v -0.555306 1.00604 0.21501
v -0.55212 1.00542 0.21647
v -0.55212 1.00542 0.21647
v -0.55212 1.00542 0.21647
v -0.55212 1.00542 0.21647
v -0.552203 1.00456 0.219639
v -0.552203 1.00456 0.219639
v -0.552203 1.00456 0.219639
v -0.552203 1.00456 0.219639
v -0.554053 1.00168 0.216439
v -0.554053 1.00168 0.216439
v -0.554053 1.00168 0.216439
v -0.554053 1.00168 0.216439
v -0.549592 1.01196 0.208355
v -0.549592 1.01196 0.208355
v -0.549592 1.01196 0.208355
v -0.549592 1.01196 0.208355
v -0.53396 1 0.262497
v -0.538983 0.997487 0.26361
v -0.537705 1.00249 0.266074
v -0.535171 1.00098 0.260413
v -0.540109 0.998749 0.262163
v -0.537875 1.00319 0.264936
v -0.5369 1.00404 0.259403
v -0.54176 1.00123 0.259457
v -0.541781 1.00684 0.259796
v -0.537221 1.00429 0.254664
v -0.542432 1.00267 0.253646
v -0.541358 1.0059 0.258032
v -0.537934 1.00664 0.252328
v -0.541829 1.00396 0.255147
v -0.542478 1.0093 0.254003
v -0.540412 1.00558 0.247935
v -0.542359 1.00428 0.25284
v -0.54554 1.00687 0.249277
v -0.541012 1.00189 0.248139
v -0.545687 0.999252 0.248149
v -0.545594 1.00451 0.249229
v -0.541601 1.00285 0.243565
v -0.546059 1.00035 0.244944
v -0.546283 1.00533 0.243163
v -0.542111 1.0012 0.239284
v -0.546629 0.998603 0.239069
v -0.546651 1.00378 0.23968
v -0.542293 1.00181 0.233755
v -0.546572 0.999365 0.235195
v -0.546837 1.00424 0.233602
v -0.543194 1.00006 0.228122
v -0.548027 0.998933 0.227207
v -0.546759 1.00119 0.231542
v -0.544241 1.00426 0.225299
v -0.547561 1.00179 0.228056
v -0.547979 1.00672 0.227519
v -0.54674 1.00367 0.225109
v -0.550161 1.00121 0.222599
v -0.550258 1.00612 0.22268
v -0.54525 1.00373 0.220658
v -0.549711 1.00179 0.220943
v -0.548574 1.00565 0.223687
v -0.54666 1.00551 0.217783
v -0.548642 1.00383 0.221849
v -0.55096 1.00718 0.219262
v -0.547695 1.00312 0.218849
v -0.552377 1.00258 0.219602
v -0.550789 1.00365 0.21523
v -0.548823 1.00077 0.214961
v -0.551492 0.998561 0.218185
v -0.549979 1.00297 0.219014
v -0.549726 1.00181 0.216377
v -0.553926 1.00049 0.218
v -0.553646 1.00311 0.214118
v -0.550184 1.00049 0.216877
v -0.552121 0.999759 0.212696
v -0.554768 1.00122 0.216249
v -0.550384 1.00281 0.216863
v -0.551069 1.00153 0.212471
v -0.554257 1.00409 0.214639
v -0.548135 1.005 0.213212
v -0.551712 1.00302 0.215289
v -0.552293 1.00696 0.213023
v -0.548625 1.00365 0.211495
v -0.552509 1.00154 0.212554
v -0.552622 1.00574 0.210825
v -0.548985 1.00147 0.206879
v -0.552677 0.999267 0.205718
v -0.552861 1.00366 0.206455
v -0.548648 1.00178 0.203964
v -0.55234 0.999566 0.204976
v -0.552419 1.00399 0.204776
v -0.549899 1.0016 0.199517
v -0.55373 0.999756 0.200503
v -0.55251 1.00343 0.202521
v -0.551723 1.00414 0.196894
v -0.555686 1.00261 0.196308
v -0.554997 1.00566 0.199241
v -0.554064 1.00694 0.19706
v -0.55532 1.00482 0.193624
v -0.555037 1.00904 0.193504
v -0.551449 1.00683 0.195696
v -0.554925 1.00491 0.194316
v -0.553943 1.00874 0.192875
v -0.549026 1.00513 0.19205
v -0.552919 1.00374 0.192281
v -0.551892 1.0065 0.189375
v -0.547789 1.00136 0.187827
v -0.551278 0.999326 0.188213
v -0.551311 1.00338 0.188156
v -0.548514 1.00129 0.184308
v -0.551459 0.999341 0.182467
v -0.551846 1.00323 0.18324
v -0.546315 1.00247 0.177646
v -0.549268 1.00054 0.179312
v -0.549573 1.00438 0.17867
v -0.548506 1.0017 0.176361
v -0.551194 0.999866 0.174339
v -0.550381 1.00352 0.173539
v -0.547088 1.00122 0.17494
v -0.549839 0.99931 0.173131
v -0.549765 1.00311 0.17298
v -0.544114 1.00099 0.170573
v -0.546588 0.999136 0.168497
v -0.546898 1.00282 0.168889
v -0.542398 1.00168 0.167207
v -0.542147 1.00016 0.163907
v -0.544123 1.00319 0.164359
v -0.540953 1.00347 0.166503
v -0.538844 1.00211 0.163934
v -0.541075 1.00482 0.163163
v -0.538742 1.00503 0.167151
v -0.538108 1.0033 0.164116
v -0.538937 1.00675 0.164034
v -0.533669 1.00617 0.167435
v -0.532555 1.00518 0.164295
v -0.535402 1.00716 0.164571
v -0.532193 1.00839 0.167255
v -0.531379 1.00703 0.164206
v -0.533503 1.00973 0.164363
v -0.530141 1.01094 0.166673
v -0.528197 1.00933 0.164442
v -0.529071 1.01254 0.163892
v -0.5241 1.01212 0.167005
v -0.52698 1.01051 0.167213
v -0.526952 1.01372 0.166436
v -0.524042 1.01177 0.165744
v -0.526994 1.01042 0.166244
v -0.526724 1.01311 0.164372
v -0.525338 1.00984 0.164595
v -0.525529 1.00821 0.161807
v -0.525613 1.01144 0.161793
v -0.521566 1.0099 0.161654
v -0.524239 1.00838 0.162525
v -0.523758 1.0114 0.163446
v -0.523675 1.01037 0.163153
v -0.524282 1.00882 0.160456
v -0.523598 1.01191 0.160369
v -0.519361 1.00967 0.1622
v -0.52181 1.00823 0.160911
v -0.521036 1.01111 0.159973
v -0.516364 1.00788 0.158502
v -0.518759 1.00636 0.157399
v -0.518837 1.0094 0.157529
v -0.515471 1.00803 0.15615
v -0.517406 1.00653 0.154419
v -0.517535 1.00953 0.154543
v -0.51432 1.00825 0.153951
v -0.515731 1.00735 0.151529
v -0.513403 1.00914 0.151288
v -0.509861 1.00429 0.152324
v -0.512555 1.00365 0.153052
v -0.51203 1.00493 0.150549
v -0.510793 1.0008 0.151842
v -0.511004 0.999415 0.149413
v -0.511519 1.00217 0.149496
v -0.50541 1.00159 0.149335
v -0.507735 1.00032 0.150011
v -0.507823 1.00285 0.148988
v -0.506419 1.00079 0.14886
v -0.506852 0.999625 0.146461
v -0.508096 1.00194 0.14707
v -0.503783 1.00228 0.147399
v -0.505056 1.00107 0.145403
v -0.505853 1.00347 0.146218
v -0.501435 1.00465 0.144199
v -0.501516 1.00337 0.141979
v -0.501421 1.00593 0.141961
v -0.496455 1.00451 0.143418
v -0.498097 1.00332 0.141947
v -0.498522 1.0057 0.142607
v -0.494497 1.00563 0.139736
v -0.496608 1.00448 0.140221
v -0.496643 1.00677 0.139345
v -0.494602 1.00437 0.136557
v -0.496636 1.00328 0.135915
v -0.496719 1.00545 0.136913
v -0.495108 1.00544 0.132976
v -0.495747 1.00438 0.134977
v -0.496622 1.0065 0.134453
v -0.496523 1.00444 0.133845
v -0.497916 1.00333 0.132361
v -0.498342 1.00555 0.1329
v -0.495907 1.00507 0.132663
v -0.497422 1.00432 0.131125
v -0.49581 1.00581 0.130495
v -0.493204 1.00274 0.130741
v -0.495155 1.00191 0.131462
v -0.495136 1.00355 0.129941
v -0.493614 1.00101 0.1298
v -0.494985 0.999916 0.128477
v -0.494772 1.00209 0.128269
v -0.490129 1.00044 0.126146
v -0.491953 0.999571 0.125474
v -0.492004 1.00131 0.126702
v -0.490296 1.00191 0.124706
v -0.491754 1.00087 0.123636
v -0.491845 1.00295 0.123746
v -0.487677 1.00227 0.120629
v -0.488501 1.0013 0.119074
v -0.488957 1.00323 0.119404
v -0.485509 1.00341 0.118436
v -0.485907 1.00284 0.116623
v -0.484372 1.00398 0.116956
v -0.482578 1.00113 0.117963
v -0.484169 1.00018 0.117553
v -0.484193 1.00208 0.117598
v -0.482438 1.0012 0.116294
v -0.483204 1.0003 0.114849
v -0.483657 1.00208 0.115187
v -0.478784 1.00287 0.113219
v -0.478459 1.00219 0.111615
v -0.479579 1.00355 0.111777
v -0.475569 1.00498 0.11232
v -0.476678 1.00419 0.11127
v -0.477032 1.00577 0.111846
v -0.474841 1.00662 0.109377
v -0.474005 1.00585 0.108176
v -0.474541 1.00739 0.107935
v -0.472208 1.00744 0.11024
v -0.472188 1.00677 0.108768
v -0.473052 1.00811 0.109023
v -0.469886 1.0097 0.108993
v -0.469323 1.00913 0.10766
v -0.468558 1.01027 0.108397
v -0.467734 1.00759 0.110803
v -0.467271 1.00691 0.109542
v -0.467922 1.00826 0.109463
v -0.465903 1.00874 0.110745
v -0.464707 1.00811 0.110187
v -0.465184 1.00937 0.109628
v -0.464543 1.01007 0.11215
v -0.463298 1.00939 0.112007
v -0.463425 1.01074 0.111566
v -0.463717 1.01103 0.11466
v -0.462523 1.01035 0.114689
v -0.462526 1.01171 0.114491
v -0.548764 1.00312 0.215924
v -0.552235 1.00158 0.217937
v -0.549861 1.00464 0.219806
v -0.551101 1.00542 0.214248
v -0.552965 1.00333 0.217417
v -0.5523 1.00749 0.217752
v -0.55303 1.00604 0.21424
v -0.555977 1.00453 0.21675
v -0.556918 1.00755 0.214052
v -0.553845 1.00368 0.211957
v -0.557455 1.00178 0.212238
v -0.557027 1.00556 0.213738
v -0.557074 1.00467 0.208035
v -0.555727 1.00288 0.211391
v -0.557603 1.00644 0.211637
v -0.559142 1.00333 0.208349
v -0.560712 1.00184 0.211687
v -0.55807 1.00481 0.211901
v -0.561124 1.00416 0.208478
v -0.5601 1.0022 0.21176
v -0.55944 1.00609 0.211505
v -0.561988 1.00473 0.209898
v -0.564902 1.00336 0.212079
v -0.562531 1.00609 0.213517
v -0.564635 1.00603 0.208989
v -0.563427 1.0042 0.212154
v -0.564632 1.00785 0.212401
v -0.569958 1.00472 0.210799
v -0.566387 1.00356 0.211123
v -0.567846 1.00587 0.213718
v -0.568648 1.00127 0.212212
v -0.568703 0.999815 0.215594
v -0.570838 1.00271 0.214815
v -0.569684 1.00032 0.211845
v -0.572451 0.99949 0.214076
v -0.569479 1.00114 0.215409
v -0.574213 1.00439 0.211938
v -0.572289 1.0035 0.214794
v -0.570758 1.00528 0.21212
v -0.574559 1.00778 0.216276
v -0.572979 1.00605 0.213705
v -0.572591 1.0095 0.213958
v -0.57403 1.00757 0.21603
v -0.571409 1.00639 0.214125
v -0.570821 1.00873 0.216589
v -0.573152 1.00566 0.218617
v -0.571511 1.00416 0.216053
v -0.570419 1.00714 0.217232
v -0.5704 1.00323 0.219854
v -0.567259 1.00225 0.219847
v -0.568356 1.0042 0.22226
v -0.57151 1.00002 0.222543
v -0.568861 0.998584 0.223652
v -0.568638 1.00144 0.222209
v -0.571879 1.00264 0.228847
v -0.570116 1.00136 0.226647
v -0.569139 1.0039 0.228113
v -0.570439 1.00051 0.230291
v -0.567889 0.999087 0.231065
v -0.56777 1.00191 0.23001
v -0.570194 1.00245 0.236947
v -0.568962 1.00103 0.234727
v -0.568393 1.00385 0.235131
v -0.568021 1.00161 0.238179
v -0.565522 1.0003 0.237897
v -0.56586 1.00291 0.23686
v -0.566857 1.00286 0.239631
v -0.564199 1.00211 0.239896
v -0.56542 1.00359 0.241897
v -0.567716 1.00089 0.241374
v -0.565419 0.999619 0.242098
v -0.565305 1.00216 0.241117
v -0.568139 1.00297 0.246499
v -0.566085 1.0018 0.247607
v -0.56579 1.00413 0.246459
v -0.569134 1.00522 0.25087
v -0.566952 1.00399 0.251014
v -0.567032 1.00644 0.251529
v -0.570066 1.00405 0.256212
v -0.568031 1.00285 0.256625
v -0.568077 1.00524 0.256861
v -0.571082 1.00349 0.262843
v -0.570403 1.00301 0.260715
v -0.568936 1.00396 0.262187
v -0.570371 1.00043 0.263339
v -0.568453 0.999372 0.263013
v -0.568658 1.00149 0.262389
v -0.569894 1.00091 0.264158
v -0.568136 1.00001 0.265085
v -0.567914 1.00181 0.263871
v -0.569998 1.00358 0.267221
v -0.569226 1.00259 0.268887
v -0.56868 1.00457 0.268519
v -0.572564 1.00447 0.270256
v -0.570921 1.00346 0.269621
v -0.57101 1.00548 0.269399
v -0.571028 1.00489 0.273452
v -0.569534 1.00391 0.272647
v -0.569484 1.00587 0.272718
v -0.568321 1.00468 0.278211
v -0.568362 1.00433 0.276381
v -0.566817 1.00503 0.277154
v -0.567844 1.00182 0.277746
v -0.566289 1.00092 0.277864
v -0.566273 1.00272 0.277713
v -0.567743 1.00217 0.282491
v -0.56635 1.00136 0.281905
v -0.566655 1.00298 0.281426
v -0.564991 1.00391 0.286502
v -0.563701 1.00311 0.28596
v -0.56381 1.00471 0.285733
v -0.562407 1.00475 0.291221
v -0.561308 1.00399 0.290523
v -0.561366 1.00549 0.290424
v -0.559552 1.00514 0.294922
v -0.558342 1.00444 0.294967
v -0.558333 1.00584 0.29496
v -0.559535 1.00516 0.298629
v -0.558598 1.0045 0.299282
v -0.558511 1.00581 0.299152
v -0.560488 1.00536 0.300334
v -0.559428 1.00473 0.30068
v -0.559372 1.00599 0.300461
v -0.560903 1.00615 0.304107
v -0.560246 1.00566 0.304978
v -0.560915 1.00663 0.305204
v -0.563419 1.00423 0.304968
v -0.56307 1.00367 0.305879
v -0.56302 1.00479 0.305867
v -0.567301 1.0044 0.306929
v -0.566399 1.00388 0.307042
v -0.566406 1.00493 0.307128
v -0.554245 1.00049 0.216893
v -0.550424 0.998981 0.215648
v -0.552391 1.00199 0.213303
v -0.552641 1.0032 0.215944
v -0.550141 1.0013 0.218745
v -0.549092 1.00509 0.217244
v -0.554592 1.00456 0.219508
v -0.551076 1.00278 0.220773
v -0.550933 1.00633 0.218643
v -0.553735 1.00687 0.225388
v -0.55099 1.00507 0.223039
v -0.552498 1.00866 0.221968
v -0.551832 1.00824 0.223332
v -0.549262 1.00626 0.225621
v -0.549577 1.0102 0.225966
v -0.553997 1.00792 0.228204
v -0.550256 1.00696 0.227603
v -0.552241 1.00886 0.224827
v -0.553761 1.00967 0.227127
v -0.55083 1.00822 0.22918
v -0.550187 1.01111 0.226706
v -0.55418 1.01198 0.229218
v -0.550432 1.01149 0.229057
v -0.552058 1.01247 0.23233
v -0.55472 1.00895 0.230637
v -0.551343 1.00777 0.229649
v -0.551709 1.01013 0.232492
v -0.55515 1.00414 0.235305
v -0.55232 1.00256 0.233799
v -0.551927 1.0057 0.235457
v -0.553395 1.00177 0.240699
v -0.550676 1.00047 0.239001
v -0.552489 1.00307 0.237605
v -0.551771 1.00334 0.241869
v -0.549417 1.00195 0.239835
v -0.551118 1.00472 0.238808
v -0.549544 1.00578 0.242778
v -0.546502 1.00452 0.242418
v -0.54748 1.00703 0.240491
v -0.547968 1.00886 0.245601
v -0.545635 1.00772 0.243725
v -0.54497 1.01 0.245875
v -0.547102 1.00652 0.248211
v -0.545036 1.00509 0.246339
v -0.54439 1.00793 0.247492
v -0.544423 1.00394 0.252994
v -0.542249 1.00247 0.251551
v -0.541939 1.00539 0.252132
v -0.54213 1.00273 0.257311
v -0.53983 1.00159 0.256032
v -0.53952 1.00386 0.257756
v -0.541871 1.0018 0.258669
v -0.539465 1.00039 0.25817
v -0.539542 1.0032 0.25783
v -0.540662 1.00231 0.262736
v -0.538314 1.00097 0.262304
v -0.538481 1.00365 0.261722
v -0.539672 1.00307 0.265522
v -0.537399 1.00181 0.264959
v -0.537333 1.00433 0.265821
v -0.538824 1.00139 0.269222
v -0.537456 1.00011 0.270948
v -0.537297 1.00265 0.270832
v -0.539865 1.00161 0.273627
v -0.5393 1.00064 0.271412
v -0.540865 1.00256 0.271557
v -0.540547 1.0023 0.271776
v -0.538429 1.00109 0.272055
v -0.538524 1.0035 0.27251
v -0.540785 1.00194 0.274726
v -0.539381 1.00089 0.273067
v -0.538695 1.00297 0.27408
v -0.538853 1.00005 0.275734
v -0.537785 0.999063 0.277552
v -0.536932 1.00102 0.276635
v -0.540178 1.00116 0.278568
v -0.538754 1.00019 0.277073
v -0.538146 1.00212 0.278132
v -0.539024 1.00009 0.280402
v -0.537458 0.999057 0.279185
v -0.538125 1.00111 0.278619
v -0.537056 1.00139 0.281634
v -0.535189 1.00032 0.281401
v -0.535276 1.00244 0.280983
v -0.535383 1.00238 0.287068
v -0.53407 1.0014 0.285836
v -0.534584 1.00335 0.285441
v -0.532891 1.0035 0.288779
v -0.531692 1.00257 0.28753
v -0.531312 1.00443 0.288041
v -0.529943 1.00169 0.292234
v -0.528288 1.00091 0.29203
v -0.528451 1.00247 0.293001
v -0.529457 1.00102 0.294458
v -0.528623 1.00016 0.293098
v -0.529176 1.00187 0.292876
v -0.527768 1.00179 0.294931
v -0.526571 1.00091 0.29399
v -0.526652 1.00267 0.293879
v -0.524657 1.00215 0.298445
v -0.523836 1.00137 0.297241
v -0.523438 1.00293 0.297627
v -0.521451 1.00044 0.301388
v -0.520059 0.999803 0.301542
v -0.520229 1.00107 0.300685
v -0.519637 1.00304 0.305714
v -0.519215 1.00281 0.304363
v -0.520547 1.00328 0.304622
v -0.519209 1.00425 0.30561
v -0.519443 1.00354 0.304416
v -0.519544 1.00494 0.30443
v -0.51721 1.00445 0.304653
v -0.515908 1.00425 0.304397
v -0.516726 1.00465 0.303413
v -0.51593 1.00693 0.30403
v -0.516784 1.00668 0.304954
v -0.51564 1.00717 0.30526
v -0.517681 1.00906 0.304585
v -0.516581 1.00866 0.304964
v -0.516651 1.00945 0.30403
v -0.516386 1.01163 0.307249
v -0.517174 1.0111 0.306593
v -0.516805 1.01216 0.306305
v -0.515805 1.01075 0.305696
v -0.514978 1.01029 0.305121
v -0.514792 1.0112 0.305725
v -0.515247 1.00946 0.307478
v -0.514255 1.00912 0.307579
v -0.514498 1.0098 0.306812
v -0.547896 1.00077 0.216232
v -0.551982 0.999469 0.216438
v -0.55042 1.00207 0.219477
v -0.553434 1.00333 0.215822
v -0.549861 1.00155 0.214437
v -0.549686 1.00509 0.216727
v -0.550696 1.0022 0.214988
v -0.550039 1.00033 0.218668
v -0.551916 1.00406 0.218548
v -0.551574 1.00111 0.215349
v -0.55444 0.999216 0.217641
v -0.553136 1.00299 0.218697
v -0.555683 1.00168 0.214719
v -0.553883 0.999819 0.217898
v -0.552592 1.00353 0.216712
v -0.557766 1.00329 0.216819
v -0.555653 1.0013 0.219597
v -0.556168 1.00527 0.219952
v -0.561914 1.00262 0.219634
v -0.558883 1.00075 0.221283
v -0.559617 1.00448 0.222241
v -0.564233 1.00103 0.222948
v -0.562914 0.999122 0.225981
v -0.562542 1.00292 0.225819
v -0.569275 1.0016 0.22562
v -0.567808 0.999807 0.228504
v -0.567031 1.00339 0.227983
v -0.573788 1.00302 0.228907
v -0.572034 1.00125 0.231474
v -0.571599 1.00479 0.231148
v -0.577436 1.00383 0.232045
v -0.575419 1.00225 0.234381
v -0.576703 1.00539 0.235065
v -0.581964 1.0014 0.234448
v -0.58113 0.999763 0.23724
v -0.580476 1.00303 0.236978
v -0.587239 1.00253 0.236934
v -0.584416 1.00153 0.238141
v -0.586279 1.00352 0.239867
v -0.587946 1.00214 0.237849
v -0.584829 1.00141 0.237512
v -0.585848 1.00286 0.240198
v -0.587758 1.00081 0.237848
v -0.586246 0.999332 0.240235
v -0.585357 1.00227 0.239374
v -0.591637 1.00285 0.242337
v -0.589013 1.00131 0.242776
v -0.588971 1.00438 0.242617
v -0.592065 1.00306 0.247122
v -0.589678 1.00158 0.246103
v -0.589514 1.00453 0.24655
v -0.59094 1.00247 0.250427
v -0.588471 1.00101 0.24995
v -0.58845 1.00391 0.249958
v -0.589918 1.00244 0.25542
v -0.58762 1.00104 0.254644
v -0.587558 1.00384 0.254785
v -0.587587 1.00217 0.261193
v -0.587037 1.00092 0.258866
v -0.586076 1.0034 0.259319
v -0.586678 1.00133 0.260837
v -0.584367 1.00004 0.260854
v -0.584421 1.00262 0.260266
v -0.585391 1.00206 0.26518
v -0.584094 1.00083 0.26332
v -0.584822 1.00328 0.262968
v -0.58324 1.0028 0.266127
v -0.582119 1.0016 0.264208
v -0.582849 1.004 0.263923
v -0.580635 1.00386 0.266929
v -0.580002 1.0032 0.264649
v -0.578439 1.00451 0.266019
v -0.578108 1.00001 0.268825
v -0.576906 0.999214 0.266958
v -0.578623 1.0008 0.266654
v -0.576955 1.00249 0.268068
v -0.575156 1.00186 0.266808
v -0.574836 1.00313 0.268684
v -0.576507 1.00133 0.269483
v -0.575109 1.0002 0.268115
v -0.574956 1.00245 0.268267
v -0.573037 1.00079 0.273084
v -0.571362 1.00002 0.272005
v -0.571069 1.00156 0.273459
v -0.572812 1.00024 0.272858
v -0.571148 0.999182 0.27363
v -0.571188 1.0013 0.273741
v -0.573692 1.00011 0.276402
v -0.571881 0.999376 0.275726
v -0.572866 1.00084 0.274642
v -0.572434 1.00215 0.277668
v -0.571163 1.00125 0.276405
v -0.570702 1.00304 0.277165
v -0.570428 1.00028 0.280977
v -0.568994 0.999321 0.280137
v -0.569115 1.00122 0.279938
v -0.567678 1.00087 0.284879
v -0.566224 0.999978 0.284272
v -0.56638 1.00176 0.283965
v -0.565479 1.00173 0.288738
v -0.564193 1.00087 0.287997
v -0.564191 1.00258 0.287978
v -0.562429 1.00177 0.29352
v -0.56206 1.00101 0.292159
v -0.561607 1.00253 0.292361
v -0.557786 1.0003 0.295467
v -0.557833 0.999578 0.294152
v -0.558234 1.00103 0.294219
v -0.555779 1.00073 0.294837
v -0.556637 1.00004 0.293863
v -0.556958 1.00142 0.294272
v -0.555716 1.00126 0.294022
v -0.555657 1.00055 0.292776
v -0.555447 1.00197 0.292794
v -0.552174 1.00078 0.294405
v -0.552199 1.00013 0.293202
v -0.552639 1.00142 0.293286
v -0.546819 1.00253 0.293033
v -0.547918 1.00205 0.29268
v -0.547432 1.00301 0.292046
v -0.545649 1.00019 0.291033
v -0.545528 0.999608 0.29002
v -0.545737 1.00076 0.290009
v -0.541285 1.00103 0.290964
v -0.540828 1.0005 0.290156
v -0.540794 1.00157 0.290168
v -0.551185 1.005 0.211401
v -0.552541 1.00453 0.215449
v -0.54842 1.00546 0.214676
v -0.549437 1.00952 0.214901
v -0.552753 1.00742 0.213443
v -0.552897 1.0116 0.213737
v -0.548631 1.0097 0.21273
v -0.551631 1.00792 0.210518
v -0.552375 1.01146 0.212501
v -0.548013 1.01196 0.210064
v -0.550295 1.00994 0.207433
v -0.550473 1.01396 0.207561
v -0.544931 1.01219 0.207137
v -0.548179 1.01066 0.205552
v -0.546415 1.0137 0.203818
v -0.543592 1.0092 0.20514
v -0.54556 1.00813 0.202057
v -0.542425 1.01026 0.201655
v -0.539755 1.0051 0.204274
v -0.543207 1.00492 0.202973
v -0.540378 1.00527 0.200623
v -0.539209 1.00159 0.203697
v -0.540976 1.00018 0.200886
v -0.542381 1.00299 0.202651
v -0.536764 1.00524 0.200354
v -0.538552 1.00351 0.197937
v -0.538853 1.00696 0.19816
v -0.532102 1.00585 0.196228
v -0.534764 1.00425 0.195024
v -0.534267 1.00745 0.194236
v -0.529603 1.00427 0.192111
v -0.531726 1.00278 0.190238
v -0.530769 1.00574 0.189509
v -0.529116 1.00389 0.191707
v -0.529768 1.00245 0.188957
v -0.530971 1.00533 0.189548
v -0.525039 1.00554 0.188642
v -0.527769 1.00421 0.189169
v -0.527635 1.00685 0.187595
v -0.52611 1.00358 0.186899
v -0.527572 1.00239 0.184578
v -0.5258 1.00477 0.184157
v -0.521623 1.00106 0.184688
v -0.52395 1.00043 0.183088
v -0.524281 1.00168 0.185676
v -0.524044 1.00252 0.18521
v -0.522632 1.0011 0.183178
v -0.522917 1.00393 0.182986
v -0.522083 1.00272 0.186238
v -0.521449 1.00132 0.183882
v -0.521793 1.00411 0.183797
v -0.517036 1.00339 0.187127
v -0.516278 1.00205 0.184928
v -0.516476 1.00473 0.184851
v -0.510893 1.00382 0.188495
v -0.511243 1.00268 0.18623
v -0.512331 1.00495 0.186691
v -0.50912 1.00441 0.187309
v -0.510841 1.00329 0.185838
v -0.511358 1.00553 0.18688
v -0.50808 1.00553 0.184772
v -0.510212 1.0043 0.184603
v -0.510235 1.00676 0.184817
v -0.508167 1.0058 0.182219
v -0.509636 1.00505 0.180482
v -0.510453 1.00655 0.182165
v -0.508165 1.00805 0.178742
v -0.508081 1.00726 0.180929
v -0.509686 1.00884 0.180332
v -0.510338 1.00633 0.178139
v -0.510162 1.0052 0.180102
v -0.509864 1.00746 0.180067
v -0.513402 1.0067 0.178751
v -0.512955 1.0057 0.180667
v -0.512099 1.00769 0.180242
v -0.513788 1.00787 0.181296
v -0.515657 1.00684 0.181143
v -0.515532 1.0089 0.180571
v -0.515111 1.00737 0.178185
v -0.513823 1.00646 0.179569
v -0.514767 1.00827 0.180057
v -0.516748 1.00586 0.179252
v -0.51691 1.00484 0.180997
v -0.516941 1.00687 0.181008
v -0.521095 1.0058 0.178906
v -0.520372 1.00494 0.180477
v -0.521264 1.00664 0.180638
v -0.525896 1.00332 0.179804
v -0.524868 1.00255 0.18107
v -0.525745 1.00408 0.181439
v -0.525665 1.00261 0.181701
v -0.527435 1.00254 0.181717
v -0.526575 1.00269 0.180175
v -0.527247 1.00148 0.1818
v -0.525569 1.00123 0.181387
v -0.526703 1.00172 0.180153
v -0.524985 1.00571 0.182659
v -0.525646 1.00509 0.181294
v -0.526391 1.00633 0.182068
v -0.524833 1.0077 0.179809
v -0.52398 1.00703 0.180938
v -0.523492 1.00836 0.180287
v -0.525127 1.00886 0.181013
v -0.52587 1.00839 0.182246
v -0.52469 1.00932 0.182392
v -0.527766 1.01171 0.180858
v -0.52719 1.01101 0.181958
v -0.527427 1.01241 0.182062
v -0.530983 1.01111 0.182213
v -0.530053 1.0105 0.182975
v -0.530518 1.01171 0.18333
v -0.534521 1.00912 0.185117
v -0.533389 1.00863 0.185003
v -0.533566 1.00961 0.185747
v -0.53504 1.00642 0.188099
v -0.53427 1.0059 0.188753
v -0.534657 1.00693 0.189041
v -0.551454 1.0016 0.20326
v -0.550797 1.00014 0.199276
v -0.553866 1.00305 0.199995
v -0.547431 1.00452 0.198855
v -0.550195 1.00247 0.201185
v -0.550633 1.00656 0.200591
v -0.548268 1.00427 0.197678
v -0.551083 1.00221 0.199851
v -0.551198 1.00632 0.199741
v -0.550673 1.00413 0.194548
v -0.554035 1.00242 0.195808
v -0.552811 1.00582 0.197461
v -0.552844 1.00637 0.191859
v -0.556576 1.00554 0.192051
v -0.55484 1.00719 0.195038
v -0.553766 1.00834 0.190572
v -0.554774 1.00735 0.194046
v -0.557142 1.00933 0.191917
v -0.554333 1.00578 0.190719
v -0.55751 1.004 0.190887
v -0.55739 1.00756 0.191681
v -0.554813 1.00626 0.188406
v -0.557971 1.0046 0.188675
v -0.557575 1.0079 0.190005
v -0.556425 1.00768 0.184369
v -0.557893 1.00615 0.187094
v -0.559091 1.00919 0.18598
v -0.559337 1.00532 0.183767
v -0.562391 1.00421 0.183344
v -0.561171 1.00643 0.181269
v -0.560064 1.00338 0.179409
v -0.558464 1.00304 0.182145
v -0.561577 1.00372 0.182208
v -0.55853 1.00205 0.18147
v -0.561286 1.00055 0.181634
v -0.561191 1.00354 0.180665
v -0.559878 1.00176 0.182125
v -0.559473 1.00052 0.179304
v -0.561324 1.00299 0.179649
v -0.556764 1.00368 0.178445
v -0.559359 1.00304 0.179807
v -0.557138 1.00432 0.181364
v -0.557729 1.0065 0.180361
v -0.558973 1.00516 0.178116
v -0.559835 1.00782 0.178862
v -0.555527 1.00795 0.175465
v -0.557636 1.00705 0.177015
v -0.555812 1.00884 0.178081
v -0.55678 1.00974 0.174805
v -0.558222 1.0084 0.176637
v -0.557903 1.01106 0.176868
v -0.558807 1.01021 0.174428
v -0.561023 1.00893 0.174137
v -0.561058 1.01148 0.174486
v -0.560088 1.01071 0.16926
v -0.55916 1.00994 0.171388
v -0.561056 1.01149 0.171383
v -0.561072 1.00873 0.16946
v -0.56138 1.00782 0.171619
v -0.562726 1.00962 0.1709
v -0.564934 1.0052 0.167485
v -0.564981 1.00433 0.169475
v -0.566208 1.00607 0.16903
v -0.569569 1.00113 0.166062
v -0.570829 1.00016 0.167175
v -0.570951 1.0021 0.167042
v -0.571846 1.00078 0.163452
v -0.573407 0.999888 0.163664
v -0.573322 1.00166 0.164034
v -0.573083 1.00169 0.15916
v -0.574309 1.00086 0.159911
v -0.57441 1.00251 0.159741
v -0.575793 1.00118 0.154963
v -0.576199 1.00046 0.156229
v -0.575716 1.00189 0.1563
v -0.577842 1.00212 0.15526
v -0.579059 1.00143 0.155446
v -0.578977 1.0028 0.15576
v -0.578984 1.00302 0.152005
v -0.580003 1.00241 0.151538
v -0.580109 1.00363 0.151907
v -0.578621 1.00381 0.149917
v -0.579564 1.00334 0.149366
v -0.578999 1.00427 0.148886
v -0.576982 1.00229 0.148028
v -0.577936 1.00175 0.14814
v -0.577891 1.00283 0.14836
v -0.568393 1.00264 0.228834
v -0.57077 1.00129 0.22617
v -0.571976 1.00397 0.228599
v -0.570637 1.00538 0.223979
v -0.569704 1.00505 0.227371
v -0.567236 1.00571 0.224931
v -0.570448 1.00899 0.224188
v -0.570643 1.00828 0.227367
v -0.567951 1.0097 0.226187
v -0.56975 1.01235 0.225573
v -0.572625 1.01165 0.225989
v -0.571116 1.01306 0.228151
v -0.571488 1.01562 0.223734
v -0.573079 1.01441 0.225578
v -0.571949 1.01681 0.226142
v -0.573635 1.01729 0.223612
v -0.575815 1.01624 0.223201
v -0.575691 1.01833 0.224481
v -0.575213 1.01896 0.219784
v -0.574525 1.01828 0.221782
v -0.576276 1.01964 0.221622
v -0.576626 1.01655 0.219874
v -0.577643 1.01556 0.221281
v -0.577325 1.01752 0.221477
v -0.581399 1.01733 0.218095
v -0.579988 1.01675 0.218818
v -0.580921 1.01791 0.219615
v -0.58337 1.01489 0.220272
v -0.582083 1.01455 0.219713
v -0.582159 1.01522 0.220992
v -0.582919 1.01352 0.221724
v -0.582146 1.01293 0.22082
v -0.582688 1.01411 0.220548
v -0.581859 1.01384 0.220578
v -0.581559 1.01356 0.22179
v -0.58268 1.01412 0.221526
v -0.58298 1.01059 0.22088
v -0.583831 1.01019 0.221263
v -0.583886 1.01098 0.220634
v -0.547168 1.00247 0.180706
v -0.547879 1.00073 0.176846
v -0.550098 1.0042 0.178058
v -0.544558 1.00444 0.179055
v -0.545878 1.00273 0.17561
v -0.54763 1.00614 0.176971
v -0.541606 1.00674 0.173595
v -0.544485 1.00494 0.175262
v -0.54371 1.00852 0.176202
v -0.542516 1.00741 0.173998
v -0.545269 1.00615 0.171981
v -0.545905 1.00866 0.174534
v -0.542564 1.01016 0.172334
v -0.54408 1.00866 0.169711
v -0.54521 1.01165 0.170819
v -0.540052 1.01183 0.169401
v -0.542932 1.01058 0.169288
v -0.54223 1.01306 0.167488
v -0.538907 1.00928 0.165332
v -0.541285 1.00785 0.166018
v -0.541367 1.01069 0.165746
v -0.539944 1.0089 0.162529
v -0.542297 1.0078 0.162418
v -0.541832 1.00999 0.161096
v -0.538723 1.00576 0.158252
v -0.540674 1.00499 0.157571
v -0.539621 1.00652 0.156379
v -0.536013 1.00113 0.154854
v -0.536982 1.00024 0.153669
v -0.537107 1.002 0.153767
v -0.532399 1.00155 0.150724
v -0.533523 1.00093 0.151382
v -0.533709 1.00218 0.150679
v -0.533088 1.0005 0.149664
v -0.533735 0.999912 0.148696
v -0.534132 1.00107 0.149131
v -0.53899 1.00273 0.258649
v -0.541003 1.00084 0.256012
v -0.541496 1.0046 0.256437
v -0.538086 1.00319 0.253225
v -0.540213 1.00225 0.255862
v -0.537317 1.00412 0.25654
v -0.538215 1.00475 0.256411
v -0.539417 1.0034 0.25364
v -0.540857 1.0061 0.254909
v -0.539533 1.00632 0.253999
v -0.53663 1.00588 0.254663
v -0.537411 1.00676 0.251892
v -0.536316 1.00804 0.253192
v -0.538275 1.00665 0.254658
v -0.538557 1.00942 0.254218
v -0.540241 1.00753 0.250818
v -0.537774 1.00724 0.251167
v -0.539247 1.00782 0.253113
v -0.540131 1.00429 0.251214
v -0.538606 1.00353 0.252504
v -0.53993 1.00505 0.253212
v -0.543042 1.00063 0.253148
v -0.542612 0.999861 0.254436
v -0.542885 1.0014 0.254507
v -0.545743 1.00006 0.254031
v -0.546121 0.999462 0.255013
v -0.545876 1.00064 0.255083
v -0.545128 1.00168 0.164083
v -0.54264 1.00082 0.167478
v -0.540904 1.00253 0.163939
v -0.542094 1.00613 0.167805
v -0.543862 1.00528 0.165234
v -0.545224 1.00697 0.167629
v -0.541888 1.00904 0.164264
v -0.543717 1.0079 0.165509
v -0.54296 1.01016 0.166216
v -0.543973 1.01031 0.162986
v -0.545338 1.0094 0.163772
v -0.545414 1.01121 0.163652
v -0.541508 1.00168 0.167222
v -0.542223 1.00027 0.163229
v -0.544937 1.00308 0.165016
v -0.539187 1.00477 0.164648
v -0.541766 1.00337 0.16373
v -0.541078 1.00616 0.162643
v -0.538718 1.00385 0.163104
v -0.539591 1.00276 0.161131
v -0.540428 1.00493 0.161765
vn 0 0 0
vn 0 0 0
vn 0 0 0
vn 0 0 0
vn 0 0 0
vn 0 0 0
vn 0 0 0
vn 0 0 0
vn 0 0 0
vn 0 0 0
vn 0 0 0
vn 0 0 0
vn 0 0 0
vn 0 0 0
vn 0 0 0
vn 0 0 0
vn 0 0 0
vn 0 0 0
vn 0 0 0
vn 0 0 0
vn 0 0 0
vn 0 0 0
vn 0 0 0
vn 0 0 0
vn 0 0 0
vn 0 0 0
vn 0 0 0
vn 0 0 0
vn 0 0 0
vn 0 0 0
vn 0 0 0
vn 0 0 0
vn 0.875164 -0.0444827 -0.481778
vn -0.945696 -0.316338 0.0747682
vn -0.265604 0.803654 0.532537
vn 0.835883 0.0782034 -0.543309
vn -0.66539 -0.743537 -0.0663991
vn -0.181812 0.782291 0.59579
vn 0.933009 0.0829997 -0.35015
vn -0.685076 -0.541436 -0.487358
vn -0.435479 0.742137 0.5095
vn 0.759237 0.616788 -0.207684
vn -0.269713 -0.652291 -0.708358
vn -0.501838 0.860555 0.087197
vn 0.804981 -0.0345947 -0.592291
vn -0.142378 -0.73751 -0.660157
vn 0.227035 0.921717 0.314471
vn 0.561362 -0.329342 -0.759214
vn -0.137434 -0.925561 0.352773
vn -0.871518 0.423627 -0.246975
vn 0.973103 0.0555689 -0.223566
vn -0.560679 -0.555896 0.613693
vn -0.943058 0.286084 -0.169696
vn 0.988595 -0.0172197 -0.14961
vn -0.525468 -0.850621 -0.0181
vn -0.526774 0.849081 0.0396329
vn 0.996375 -0.000963681 -0.0850634
vn -0.493452 -0.859404 0.133903
vn -0.539366 0.82639 -0.161755
vn 0.896703 -0.153923 -0.415007
vn -0.518201 -0.85372 -0.0512767
vn -0.606193 0.764582 -0.218961
vn 0.808922 0.423826 -0.407451
vn -0.184356 -0.838472 -0.512814
vn -0.658277 0.75223 -0.028659
vn 0.550657 0.0871486 -0.83017
vn -0.266603 -0.5908 -0.761497
vn 0.319488 0.846978 0.424919
vn 0.909184 -0.356586 -0.215014
vn -0.212292 -0.31024 -0.926652
vn -0.905138 0.380935 -0.188718
vn 0.757659 0.58181 -0.295718
vn -0.226291 -0.608071 -0.760948
vn -0.268589 0.928929 0.254853
vn 0.892963 -0.2089 -0.39872
vn -0.29298 -0.385011 -0.875174
vn -0.0217602 0.989787 -0.140881
vn 0.74494 -0.565442 0.354035
vn 0.186829 -0.663388 0.724577
vn -0.232964 -0.669192 -0.705628
vn -0.107222 0.120166 -0.986947
vn -0.0215173 -0.562539 0.826491
vn -0.327373 0.101068 -0.939474
vn -0.459559 -0.720189 -0.519743
vn -0.933429 -0.260433 -0.246751
vn -0.381518 0.615097 0.69
vn 0.566151 0.0816809 0.820245
vn -0.569282 -0.684428 -0.455496
vn -0.808749 -0.428299 -0.403095
vn 0.572937 0.552612 0.605279
vn 0.670675 0.211048 -0.711093
vn -0.931473 0.351395 0.0942338
vn 0.992155 -0.10515 -0.067611
vn 0.515361 -0.84443 0.146084
vn -0.0640461 0.983904 0.166826
vn 0.988928 -0.0700203 -0.130838
vn -0.455957 -0.778081 0.43208
vn -0.555237 0.752206 -0.354821
vn 0.99529 -0.0283945 0.0926872
vn -0.484864 -0.873814 -0.0368192
vn -0.535919 0.81158 -0.232655
vn 0.982096 -0.0158459 -0.187712
vn -0.47152 -0.870748 -0.139523
vn -0.495811 0.855775 -0.147717
vn 0.900612 0.0677603 -0.429309
vn -0.524683 -0.843308 0.116354
vn -0.421162 0.88417 0.202155
vn 0.79403 0.028458 -0.607212
vn -0.620224 -0.612009 -0.49068
vn -0.309712 0.732682 0.606016
vn -0.0220803 0.412766 0.910569
vn -0.214735 -0.37452 -0.902011
vn -0.890414 0.442964 -0.104621
vn 0.738427 0.0523968 0.672294
vn -0.411226 -0.910287 0.0476468
vn 0.320279 0.83439 -0.44857
vn 0.958624 -0.000385574 0.284674
vn -0.589703 -0.781801 0.202575
vn -0.236657 0.583615 -0.77678
vn 0.995354 0.0619769 -0.0736826
vn -0.569628 -0.723714 0.389567
vn -0.430835 0.653093 -0.622777
vn 0.984109 -0.00464311 0.177504
vn -0.329229 -0.878194 -0.346963
vn -0.523297 0.85114 -0.0414961
vn 0.897791 -0.0287507 -0.439482
vn -0.397189 -0.916647 -0.0447166
vn -0.491872 0.858167 -0.147011
vn 0.996981 -0.0244608 -0.0736921
vn -0.559835 -0.457073 -0.691136
vn -0.478905 0.700225 -0.529467
vn 0.793636 0.0139219 0.608234
vn -0.506965 -0.844586 -0.172225
vn -0.214963 0.831099 -0.512899
vn 0.83772 0.123043 0.532058
vn -0.332311 -0.898842 -0.28575
vn -0.414834 0.86147 -0.292886
vn 0.435807 0.26871 0.858992
vn 0.255362 -0.825725 -0.50296
vn -0.503217 0.788333 -0.353982
vn -0.126755 0.173104 0.976713
vn 0.766979 -0.532829 -0.357543
vn -0.496176 0.643027 -0.583375
vn -0.0594231 -0.0293871 0.9978
vn 0.56841 -0.687577 -0.451827
vn -0.263281 0.767395 -0.584627
vn 0.0692142 0.00837353 0.997567
vn 0.359773 -0.725259 -0.586995
vn -0.333656 0.798798 -0.500595
vn -3.11598e-005 0.124622 0.992204
vn 0.634894 -0.57037 -0.521141
vn -0.673807 0.582519 -0.454593
vn -0.333306 0.196602 0.922093
vn 0.795945 -0.596607 -0.102627
vn -0.341505 0.700194 -0.626979
vn 0.678118 0.175114 0.713786
vn -0.454745 -0.729859 0.510404
vn 0.251801 0.963642 -0.0893845
vn 0.977632 0.128122 -0.166797
vn -0.516746 -0.852946 0.0738624
vn -0.455523 0.810988 -0.367148
vn 0.372868 -0.202694 0.905475
vn -0.173505 -0.516399 -0.838587
vn -0.129043 0.567487 -0.813208
vn 0.89695 -0.339929 0.282718
vn -0.388618 -0.918201 0.0767061
vn 0.467559 0.878395 -0.0990494
vn -0.237734 0.248139 0.939101
vn -0.420696 -0.377991 -0.824705
vn -0.752365 0.556426 -0.352614
vn 0.623274 0.0774982 0.778154
vn -0.483607 -0.862774 -0.147461
vn 0.139683 0.775391 -0.615839
vn 0.89094 0.0324744 0.452959
vn -0.565663 -0.822895 -0.0535694
vn -0.275368 0.829112 -0.486566
vn 0.907532 -0.0913787 0.409921
vn -0.280144 -0.848724 -0.44854
vn -0.40587 0.873045 -0.2703
vn 0.708702 0.0485826 0.703833
vn -0.482529 -0.80725 -0.339871
vn 0.205566 0.940089 -0.271984
vn 0.939996 0.317223 0.125607
vn -0.738053 -0.551218 0.389149
vn 0.146057 0.283631 -0.947745
vn 0.306623 0.159378 0.938393
vn -0.56814 -0.720972 -0.396757
vn -0.27108 0.353593 -0.895259
vn 0.900937 0.395755 0.17802
vn -0.172302 -0.956577 0.235103
vn -0.113691 0.892915 -0.435635
vn 0.807543 0.294518 0.511012
vn -0.496246 -0.441536 -0.74752
vn -0.65554 0.365418 -0.660861
vn 0.639573 0.0830595 0.76423
vn -0.0429757 -0.771356 -0.634951
vn -0.58637 0.792774 -0.166371
vn 0.251064 0.0831702 0.964391
vn 0.340364 -0.676957 -0.652597
vn -0.43778 0.853892 -0.281454
vn 0.670767 -0.0427993 0.740432
vn -0.287571 -0.87294 -0.394055
vn -0.0938851 0.953276 -0.287141
vn 0.995267 -0.0542125 0.0806564
vn -0.337521 -0.928081 -0.157309
vn -0.512156 0.811137 -0.282405
vn 0.996485 -0.0234807 -0.0804112
vn -0.322471 -0.921475 -0.216557
vn -0.570705 0.808672 -0.142636
vn 0.545089 0.0579502 -0.836373
vn -0.0508514 -0.993999 -0.0968513
vn -0.420772 0.903305 -0.0836191
vn 0.717788 0.483601 -0.50091
vn -0.989792 -0.0851034 -0.114319
vn -0.9164 0.387791 -0.0991421
vn 0.679373 0.224023 0.69876
vn -0.387238 -0.830951 -0.399458
vn -0.250445 0.958776 -0.134264
vn 0.928054 0.155653 0.338361
vn -0.677048 -0.620003 0.396488
vn 0.000463404 0.450511 -0.892771
vn 0.722944 -0.1095 0.682174
vn -0.796195 -0.604413 0.027533
vn -0.284784 0.628318 -0.723958
vn 0.93865 0.0851636 0.334189
vn -0.580293 -0.791227 -0.192927
vn -0.245235 0.954537 -0.169465
vn 0.879799 0.111515 0.46208
vn -0.305384 -0.695619 -0.650273
vn -0.62531 0.74309 0.238337
vn 0.785117 0.0728062 0.615054
vn -0.153882 -0.86958 -0.469202
vn -0.41644 0.859036 -0.297717
vn 0.215272 0.209372 0.953846
vn 0.320552 -0.721298 -0.613984
vn -0.129053 0.949144 -0.287178
vn 0.922983 0.214806 0.319312
vn -0.723042 -0.690797 -0.00320216
vn 0.578354 0.592642 -0.560609
vn 0.814412 0.133313 0.564766
vn -0.0973269 -0.876541 -0.471385
vn -0.49394 0.840973 -0.220878
vn 0.423618 -0.0338346 0.905209
vn 0.333884 -0.727742 -0.599093
vn -0.556495 0.744326 -0.369177
vn 0.595161 0.254835 0.76213
vn -0.0191261 -0.814804 -0.57942
vn -0.590575 0.792352 -0.15297
vn -0.0976501 0.309997 0.945709
vn 0.670967 -0.487247 -0.558922
vn -0.584784 0.74352 -0.324354
vn 0.277941 -0.433116 0.857414
vn 0.196472 -0.807273 -0.556515
vn -0.240014 0.878706 -0.412636
vn -0.364862 -0.581088 0.72747
vn 0.823824 -0.466672 -0.321762
vn -0.23532 0.753722 -0.613618
vn -0.238887 0.240213 0.940867
vn 0.00510647 -0.767834 -0.640629
vn 0.632194 0.760805 -0.146652
vn -0.60762 0.236136 0.758312
vn 0.705217 -0.70877 -0.0177078
vn -0.121187 0.733561 -0.668732
vn -0.913534 0.097559 0.394889
vn 0.635754 -0.739236 0.222143
vn 0.254813 0.759619 -0.598372
vn -0.955444 0.075539 0.285342
vn 0.0639769 -0.938712 0.338714
vn 0.426911 0.807757 -0.406541
vn 0.48535 0.0898517 -0.869691
vn -0.875496 -0.206924 0.43668
vn 0.138687 0.654091 0.743594
vn 0.0653097 -0.359534 -0.930844
vn -0.839396 -0.532624 0.108283
vn 0.0124108 0.772433 0.634975
vn 0.234607 -0.608341 -0.758209
vn -0.700821 -0.696951 0.152017
vn -0.709083 0.67564 -0.201772
vn 0.922461 -0.00431216 -0.386066
vn -0.313158 -0.9439 0.104812
vn -0.780927 0.585199 -0.218395
vn 0.110101 -0.289513 -0.950821
vn 0.367574 -0.924964 -0.0965939
vn -0.436883 0.89906 -0.028696
vn 0.0126186 0.626956 -0.778952
vn 0.204303 -0.880778 0.427188
vn -0.238003 0.609697 0.756058
vn -0.366417 0.394008 -0.842909
vn -0.303398 -0.951794 0.0451506
vn 0.469785 0.846109 -0.251798
vn -0.0517489 0.819238 -0.571115
vn -0.981765 0.0357037 -0.186714
vn 0.182553 0.753112 0.632058
vn -0.15604 0.0735074 -0.985012
vn -0.0805239 -0.941472 -0.327332
vn 0.203302 0.977299 -0.0596168
vn -0.567914 0.146401 -0.809964
vn 0.389911 -0.920829 -0.00665633
vn -0.261642 0.53693 0.802028
vn -0.265459 -0.91402 -0.306756
vn 0.963182 -0.268547 0.0127702
vn -0.868676 0.00419218 0.495362
vn -0.270992 -0.191072 -0.943427
vn 0.0527824 -0.681867 0.72957
vn -0.555237 0.73181 0.395179
vn -0.888592 -0.257541 -0.379575
vn -0.577229 -0.242099 0.779868
vn 0.885224 0.446677 -0.129836
vn -0.361205 -0.616482 0.699629
vn -0.389163 -0.5697 0.723874
vn -0.149805 0.975207 -0.162879
vn -0.661629 -0.508283 0.551267
vn 0.438665 -0.744419 -0.503402
vn 0.694243 0.668972 0.265524
vn -0.874234 -0.290971 0.388652
vn 0.205459 -0.686478 -0.69752
vn 0.752477 0.549526 0.363042
vn -0.80048 -0.591542 -0.0964854
vn 0.697811 -0.642467 -0.316695
vn 0.389178 0.495218 0.776724
vn -0.999802 0.0161479 -0.0116145
vn 0.512796 -0.852826 0.0986271
vn 0.416043 0.563729 0.713525
vn -0.894954 -0.183446 0.4067
vn 0.200941 -0.974695 0.0979413
vn 0.583278 0.804002 0.115614
vn -0.993614 -0.109476 0.0273278
vn 0.46888 -0.860035 -0.201226
vn 0.737297 0.667426 0.104569
vn -0.781049 -0.099844 0.616436
vn 0.208872 -0.970748 -0.11841
vn 0.494342 0.860748 -0.121407
vn -0.338118 -0.386743 0.857966
vn 0.218807 -0.964476 -0.148017
vn 0.536267 0.82287 -0.18789
vn -0.326599 -0.945065 -0.0135914
vn 0.373051 -0.609656 0.699394
vn 0.840197 0.542094 -0.0142362
vn -0.98984 0.0571978 -0.130175
vn 0.709724 -0.690069 -0.141762
vn 0.35021 0.396247 0.848729
vn -0.987963 0.0383806 -0.14985
vn 0.397172 -0.780465 0.482833
vn 0.561067 0.794007 -0.234001
vn -0.982554 -0.00665308 -0.18586
vn 0.466503 -0.81677 0.339503
vn 0.569351 0.820106 -0.057147
vn -0.979199 0.153467 -0.132732
vn 0.263957 -0.963372 -0.0473446
vn 0.455843 0.845029 0.279524
vn -0.91847 0.0570126 0.39136
vn -0.146221 -0.841562 -0.519993
vn 0.765962 0.507772 0.394297
vn -0.911669 0.195624 0.361372
vn 0.312684 -0.660136 -0.682971
vn 0.917553 0.397589 -0.00447418
vn -0.959203 0.274266 -0.0686203
vn 0.394008 -0.748019 0.534065
vn 0.520549 0.7702 -0.368539
vn -0.751048 0.0103865 -0.660166
vn -0.0898878 -0.590848 0.80176
vn 0.674789 0.729228 -0.113518
vn -0.993091 -0.116177 -0.0165325
vn 0.305079 -0.950747 -0.0548305
vn 0.286142 0.953399 0.0956707
vn -0.854856 0.0266565 0.518179
vn 0.258461 -0.965571 -0.02951
vn 0.44895 0.859913 -0.242884
vn -0.445029 -0.0314527 0.894964
vn -0.0854039 -0.933731 -0.347639
vn 0.837469 0.544073 -0.0512909
vn -0.999595 -0.0254139 0.012812
vn 0.566682 -0.463513 -0.681195
vn 0.923995 0.381854 0.0204981
vn -0.922953 -0.0173251 0.384521
vn 0.505165 -0.850291 -0.147692
vn 0.385566 0.902335 -0.192693
vn -0.862649 0.00940502 0.505716
vn 0.565738 -0.824408 -0.0170687
vn 0.31616 0.830123 -0.45928
vn -0.830184 0.0159355 0.557262
vn 0.476387 -0.861787 -0.174295
vn 0.384976 0.859413 -0.336457
vn -0.974643 0.028616 0.221928
vn 0.497505 -0.861306 0.103154
vn 0.42981 0.881171 -0.196981
vn -0.943671 -0.00108616 -0.330884
vn 0.381088 -0.866335 0.322856
vn 0.495128 0.863591 0.0951756
vn -0.969949 -0.107632 -0.218209
vn 0.489853 -0.830955 0.263738
vn 0.469454 0.872672 0.134376
vn -0.769481 -0.132378 -0.6248
vn 0.23489 -0.744037 0.625488
vn 0.0200931 0.975854 0.217499
vn -0.394521 0.0109537 -0.918822
vn 0.472079 -0.792856 0.385385
vn -0.165386 0.760249 0.628227
vn -0.450626 0.00796985 -0.892677
vn -0.136914 -0.987877 -0.0731728
vn 0.142663 0.880547 0.451978
vn -0.721937 -0.0721623 0.688186
vn 0.845091 -0.534067 0.0243754
vn 0.101349 0.739362 -0.665637
vn -0.868531 -0.103213 -0.484768
vn 0.416237 -0.296025 0.859719
vn 0.831296 0.297123 -0.46975
vn -0.982989 -0.176559 -0.0505827
vn 0.478543 -0.697462 0.533426
vn 0.517081 0.838372 -0.172511
vn -0.575273 -0.235693 0.783269
vn 0.655341 -0.755186 -0.0148969
vn 0.235434 0.878962 -0.414726
vn -0.892519 -0.382666 -0.238697
vn 0.284784 -0.0635023 0.956486
vn 0.660302 0.673971 -0.331308
vn -0.946065 -0.317485 -0.0645256
vn 0.588319 -0.807116 0.0494387
vn -0.28587 0.930168 -0.23036
vn -0.439866 0.706881 0.553929
vn 0.0334379 0.00777011 0.999411
vn 0.713873 0.418893 -0.561172
vn -0.944134 -0.170467 -0.282051
vn 0.28561 -0.609525 0.739531
vn 0.231163 0.972576 -0.0256793
vn -0.995514 0.060743 -0.0725343
vn 0.635292 -0.400115 -0.66054
vn 0.286563 0.276427 0.917317
vn -0.947373 0.0176876 0.319642
vn 0.499693 -0.648434 -0.574317
vn 0.531912 0.471579 0.703337
vn -0.664945 0.027689 0.746379
vn 0.482896 -0.702142 -0.523266
vn 0.457794 0.880115 0.125789
vn -0.583552 0.114355 0.803984
vn 0.689324 -0.7195 -0.0845702
vn -0.163691 0.687582 -0.707415
vn -0.629918 0.354476 0.69105
vn 0.331376 -0.646722 0.686979
vn 0.0695828 0.689182 -0.721239
vn -0.932215 0.0120879 0.361703
vn 0.250959 -0.906695 0.339004
vn -0.0929314 0.951053 -0.294722
vn -0.890804 0.0203308 0.453932
vn 0.237258 -0.68982 -0.684001
vn 0.688909 0.650762 0.319238
vn -0.879724 -0.0418246 0.473641
vn 0.343069 -0.803191 -0.487019
vn 0.601227 0.796861 0.0594939
vn -0.861089 -0.254682 0.440071
vn 0.468477 -0.818241 -0.333184
vn 0.651563 0.692312 0.310112
vn -0.96438 0.011826 0.264258
vn 0.462843 -0.791643 -0.398845
vn 0.700766 0.609076 0.37142
vn -0.940988 0.0214979 0.337758
vn 0.537889 -0.843015 -0.000662698
vn 0.453435 0.858564 -0.239302
vn -0.983723 -0.113052 0.139674
vn 0.548172 -0.834816 0.050892
vn 0.471131 0.87085 -0.140201
vn -0.885332 -0.349706 -0.30642
vn 0.0740273 -0.918608 0.388174
vn 0.319194 0.837879 0.442801
vn -0.667822 -0.695741 0.264495
vn -0.0651629 -0.768827 -0.636128
vn -0.291893 0.75196 0.591061
vn -0.784231 0.325516 -0.528225
vn 0.911491 -0.409384 -0.0398514
vn 0.573818 0.564684 -0.593182
vn -0.705904 0.388628 0.592172
vn 0.140803 -0.927241 -0.346985
vn 0.521991 0.753115 0.400428
vn -0.896931 0.442053 -0.0102174
vn 0.0742181 -0.834368 0.546189
vn 0.823166 0.497053 0.274475
vn -0.907442 -0.186227 0.376655
vn -0.251352 -0.965125 0.0731841
vn 0.282812 0.842183 0.45907
vn -0.697195 0.145115 0.702041
vn 0.321087 -0.801778 -0.504038
vn 0.665062 0.7464 0.0240817
vn -0.894465 0.0567272 0.443525
vn 0.665822 -0.716657 0.207566
vn 0.25373 0.812653 -0.52461
vn -0.74042 -0.0225214 0.671767
vn 0.470748 -0.839856 -0.270255
vn 0.289676 0.896942 -0.334041
vn -0.769154 -0.13967 0.623614
vn 0.611373 -0.764541 -0.204208
vn 0.263651 0.867335 -0.422159
vn -0.958795 -0.127755 0.253752
vn 0.220494 -0.969529 0.10675
vn 0.207844 0.713467 0.669153
vn -0.653609 0.116362 0.747834
vn 0.208807 -0.776738 -0.594203
vn -0.0121111 0.780927 0.624505
vn -0.618038 0.0714853 0.782891
vn 0.580814 -0.796964 -0.165839
vn 0.0875731 0.839671 -0.535989
vn -0.700454 -0.0464983 0.712181
vn 0.275548 -0.899664 -0.338641
vn 0.44318 0.8464 -0.295295
vn -0.644409 -0.456754 0.613281
vn 0.201617 -0.932814 -0.298677
vn 0.574244 0.778887 -0.252149
vn 0.0627539 -0.215738 0.974433
vn 0.869018 -0.329763 0.368868
vn -0.510183 0.728578 -0.457042
vn 0.258918 0.597407 0.758991
vn 0.761994 -0.640337 0.0966113
vn -0.654773 0.717176 0.238601
vn -0.158061 0.902857 0.399832
vn 0.508807 -0.483067 0.712574
vn 0.00493619 0.691465 -0.722393
vn -0.279634 -0.286249 -0.916442
vn -0.530514 0.0527912 0.846031
vn 0.85562 0.312775 0.412414
vn -0.985436 -0.00946902 -0.169783
vn 0.587121 -0.604143 0.538796
vn 0.728844 0.440602 -0.524077
vn 0.276181 0.763386 0.583923
vn -0.0216515 -0.562309 -0.826644
vn 0.384339 0.87372 -0.298157
vn -0.515083 -0.13303 0.846754
vn 0.688267 -0.0607296 -0.722911
vn 0.608891 0.748114 -0.263775
vn -0.953116 0.00595738 0.302545
vn 0.0843193 -0.841588 -0.533498
vn 0.736609 0.587448 0.33513
vn 0.790183 0.280581 -0.544872
vn -0.855015 -0.0378321 -0.517222
vn -0.114988 0.683695 0.720652
vn -0.131521 0.873699 -0.468351
vn 0.783856 -0.282791 -0.55281
vn -0.286997 0.951715 -0.108953
vn -0.244498 -0.693551 -0.677648
vn 0.493426 -0.246473 0.834136
vn 0.197026 0.397777 0.896077
vn 0.291337 0.430596 -0.85423
vn 0.000570806 -0.987822 0.155588
vn -0.627244 0.632633 0.454246
vn -0.42834 -0.068128 -0.901046
vn 0.481236 -0.872745 0.082027
vn 0.627079 0.641552 -0.441795
vn -0.590848 0.0436531 -0.805601
vn 0.0964953 -0.804311 0.586321
vn 0.486466 0.830126 0.272474
vn -0.727569 -0.0228976 -0.685652
vn 0.459958 -0.866336 0.194684
vn 0.163665 0.822943 0.54404
vn -0.585867 -0.0435655 -0.809235
vn 0.332837 -0.874412 0.35302
vn 0.214646 0.826926 0.519731
vn -0.551114 -0.00557878 -0.834411
vn 0.167755 -0.853222 0.493833
vn 0.349884 0.861191 0.368688
vn -0.651873 0.00759407 -0.75829
vn 0.151634 -0.832113 0.533474
vn 0.427837 0.849411 0.30896
vn -0.55609 -0.0186806 -0.830912
vn 0.257577 -0.835177 0.485935
vn 0.240249 0.868648 0.43328
vn -0.540285 0.0204434 -0.841234
vn 0.107241 -0.952759 0.284165
vn 0.017023 0.806626 0.590817
vn -0.74987 0.300228 -0.589541
vn -0.0339732 -0.993105 0.112202
vn 0.0191916 0.710268 0.703669
vn -0.46747 -0.868737 -0.163608
vn 0.624811 -0.5351 -0.568577
vn -0.270891 0.132249 0.953482
vn -0.776121 -0.0605292 -0.627672
vn 0.81795 -0.53523 0.21092
vn 0.634402 0.209937 0.743949
vn -0.954952 -0.0482542 -0.292812
vn 0.351312 -0.881879 0.314436
vn 0.509998 0.854643 0.0974031
vn -0.982951 -0.00225485 0.183856
vn 0.443593 -0.886236 -0.133458
vn 0.515396 0.855535 0.0492668
vn -0.970713 -0.00212534 0.240232
vn 0.467435 -0.867337 -0.170971
vn 0.5168 0.8556 -0.0294414
vn -0.955131 0.0505847 0.291833
vn 0.418863 -0.900299 -0.118388
vn 0.501381 0.861646 -0.0786311
vn -0.423318 0.37231 0.825946
vn 0.094905 -0.91677 -0.387976
vn 0.572093 0.812781 -0.109987
vn -0.874132 0.182597 0.450058
vn 0.851426 -0.362287 -0.379239
vn 0.794216 0.593671 -0.129519
vn -0.668018 -0.0881426 0.738907
vn 0.370343 -0.870044 -0.325375
vn 0.22075 0.934011 -0.280879
vn -0.176701 0.0913693 0.980015
vn 0.434272 -0.896505 -0.0876744
vn 0.022725 0.845427 -0.533607
vn -0.393868 -0.473883 0.787593
vn 0.467425 -0.718754 0.514691
vn 0.101077 0.978953 -0.177297
vn 0.796794 -0.176635 0.577858
vn -0.886101 -0.246479 -0.392522
vn 0.717857 0.693628 0.0596834
vn -0.366631 -0.840291 0.399366
vn 0.930394 -0.301497 0.208487
vn 0.193298 0.407048 -0.892719
vn -0.782479 -0.00186247 0.622674
vn 0.276101 -0.624008 -0.731015
vn 0.851178 0.338905 0.400798
vn -0.739749 -0.0635673 0.669873
vn 0.482136 -0.862401 -0.154305
vn 0.451248 0.885061 0.114204
vn -0.951112 -0.179487 -0.251339
vn 0.962933 -0.266578 -0.0411747
vn 0.551916 0.334347 0.763938
vn -0.942191 -0.021508 0.334385
vn 0.29281 -0.826975 -0.479974
vn 0.0104958 0.999178 -0.0391463
vn -0.831582 0.00798009 0.555345
vn 0.651309 -0.747546 -0.130277
vn -0.0526141 0.796807 -0.601939
vn -0.828415 0.0138167 0.559944
vn 0.323269 -0.824909 -0.463705
vn 0.579886 0.812193 -0.0638346
vn -0.852102 0.00900528 0.523298
vn 0.502774 -0.856309 -0.118125
vn 0.369902 0.85323 -0.367655
vn -0.85667 0.01979 0.515485
vn 0.465732 -0.876242 -0.123666
vn 0.39361 0.856087 -0.334942
vn -0.565982 0.0473635 0.823056
vn 0.154468 -0.88473 -0.439765
vn 0.501212 0.825027 -0.260993
vn 0.0547358 -0.0323636 0.997976
vn -0.107963 -0.77859 -0.618176
vn 0.272708 0.885023 -0.377312
vn 0.739512 -0.412087 0.532265
vn -0.197302 -0.825422 -0.528914
vn -0.329474 0.898515 -0.29003
vn 0.23425 -0.446516 0.863569
vn 0.351023 -0.569462 -0.7433
vn -0.558343 0.426045 -0.711856
vn 0.146145 -0.0112271 0.9892
vn 0.0480868 -0.911544 -0.408382
vn 0.0322577 0.880599 -0.472762
vn 0.573443 -0.164482 0.802564
vn -0.170623 -0.964172 -0.203127
vn -0.164617 0.749671 -0.641011
vn 0.0613171 -0.0589539 0.996376
vn -0.449923 -0.802426 -0.392022
vn -0.017698 0.704412 -0.709571
vn 0.000731186 0.0779368 0.996958
vn 0.20137 -0.977133 0.0682756
vn -0.125985 0.852827 -0.506769
vn -0.602212 0.250638 -0.757971
vn -0.932133 -0.0503696 0.358597
vn 0.7434 0.590408 0.314285
vn 0.927662 0.167585 0.333705
vn -0.871843 -0.15045 -0.466105
vn -0.636099 0.594136 0.492321
vn 0.930296 0.0915851 0.355192
vn -0.393341 -0.82905 -0.397441
vn -0.522346 0.84876 -0.0822303
vn 0.817202 0.0952762 0.568422
vn -0.11042 -0.709816 -0.695678
vn -0.61327 0.789873 -0.000284781
vn 0.598199 -0.176599 0.781646
vn -0.30546 -0.837553 -0.452988
vn -0.216875 0.803809 -0.553946
vn 0.337561 -0.103767 0.935567
vn -0.797068 -0.568939 -0.202464
vn 0.45724 0.625284 -0.632417
vn 0.273759 -0.637532 0.720146
vn -0.621873 -0.67711 0.393441
vn 0.383044 -0.131372 -0.914341
vn 0.791136 0.0978873 0.603756
vn -0.671294 -0.733159 0.10882
vn 0.369049 0.238193 -0.898369
vn 0.694531 0.0350214 0.71861
vn -0.0264843 -0.72674 -0.686402
vn -0.655397 0.751525 -0.0752666
vn 0.785648 -0.0425087 0.617211
vn -0.382344 -0.874229 -0.299225
vn -0.341355 0.841745 -0.41826
vn 0.774647 -0.518258 0.362395
vn -0.513242 -0.8178 0.260358
vn -0.180694 0.881336 -0.436574
vn 0.605924 -0.0283579 0.795017
vn 0.000673539 -0.926165 -0.377119
vn -0.210682 0.810171 -0.547024
vn 0.755073 -0.247656 0.607068
vn 0.123772 -0.960954 -0.247483
vn -0.143546 0.853726 -0.500546
vn 0.124882 -0.761 0.636619
vn -0.825999 -0.552717 -0.110589
vn 0.367815 0.502194 -0.782632
vn 0.349611 -0.440069 -0.82711
vn -0.275858 -0.822904 -0.496721
vn 0.194995 0.83049 -0.521788
vn -0.76482 0.163927 0.623039
vn 0.557975 -0.246377 -0.79244
vn -0.351845 0.510404 -0.784661
vn -0.276182 -0.00190214 0.961103
vn 0.209813 -0.867158 -0.451681
vn 0.131221 0.872409 -0.470832
vn -0.218088 -0.0364611 0.975248
vn 0.299609 -0.833423 -0.46437
vn 0.0566656 0.862483 -0.502903
vn 0.280201 -0.0957549 0.955154
vn 0.128757 -0.739264 -0.660993
vn -0.0795245 0.928301 -0.363227
vn 0.846594 -0.0802083 0.52616
vn -0.242639 -0.772935 -0.586258
vn -0.557776 0.829433 -0.0304505
vn 0.998921 0.00813465 0.045717
vn -0.371756 -0.867534 -0.330428
vn -0.551656 0.83194 0.0595896
vn 0.769163 0.496314 0.402567
vn 0.0894151 -0.747847 -0.657822
vn -0.672169 0.734537 0.0929757
vn -0.07082 0.33479 -0.939628
vn -0.0387747 -0.977677 0.206504
vn -0.54803 0.836316 -0.0154559
vn -0.108021 0.0345684 -0.993547
vn 0.354034 -0.70114 0.61892
vn -0.657563 0.626456 0.418527
vn -0.549167 -0.0536118 -0.833991
vn -0.0832088 -0.779762 0.620522
vn 0.222312 0.886494 0.40584
vn 0.746703 0.597816 -0.291635
vn -0.803484 -0.447533 -0.39259
vn -0.0447098 0.853389 0.519353
vn 0.270429 0.282793 -0.92027
vn 0.723728 -0.608125 0.326192
vn -0.0904702 0.78153 -0.617273
vn -0.062534 -0.0792355 -0.994893
vn 0.265712 -0.856897 0.441729
vn -0.216857 0.768025 0.602586
vn -0.113812 0.039828 -0.992704
vn 0.204518 -0.877998 0.432773
vn -0.188855 0.810852 0.553943
vn -0.327176 0.0047397 -0.944952
vn 0.124596 -0.986692 0.104472
vn -0.597283 0.549231 0.584464
vn 0.893615 -0.393288 -0.21628
vn -0.908049 0.0757424 0.41196
vn -0.616823 0.431046 -0.658581
vn 0.182952 -0.836118 0.517141
vn -0.589985 -0.793243 -0.150609
vn -0.0780153 -0.594673 -0.800173
vn 0.741172 -0.128398 0.658922
vn 0.423272 -0.626729 -0.654256
vn -0.811696 0.50333 -0.296324
vn -0.349429 0.562675 -0.749198
vn 0.624882 -0.651403 0.430344
vn 0.605388 0.215952 -0.766075
vn -0.10823 0.343456 -0.932912
vn -0.736297 -0.4673 0.489385
vn 0.764496 0.533548 0.361763
vn -0.341997 -0.0206899 -0.939473
vn -0.406644 -0.748836 0.52334
vn 0.312506 0.744224 0.590315
vn -0.586622 0.125245 -0.800118
vn 0.44743 -0.873793 0.190505
vn 0.016204 0.802494 0.59644
vn -0.872794 -0.0191393 -0.487714
vn 0.616242 -0.752822 -0.231313
vn 0.176439 0.680599 0.711094
vn -0.807375 -0.360491 -0.46711
vn 0.366448 -0.753109 -0.54639
vn 0.189295 0.708948 0.679382
vn 0.619212 -0.211921 0.756086
vn 0.854899 -0.107393 -0.507557
vn -0.663452 0.668873 -0.335321
vn 0.977328 -0.165546 -0.132001
vn 0.471559 -0.801158 0.36848
vn 0.187272 0.977573 0.0963359
vn 0.766363 0.000522455 -0.642407
vn -0.362425 -0.862236 0.353831
vn -0.515069 0.844538 0.146492
vn 0.765529 0.0572706 -0.640848
vn -0.513017 -0.84227 0.165512
vn -0.393303 0.847629 0.356143
vn 0.392006 0.861121 -0.323733
vn -0.486037 -0.362227 -0.795336
vn -0.231873 0.725135 0.648394
vn -0.164472 -0.532522 -0.830282
vn -0.849702 -0.510322 -0.132583
vn -0.0732529 0.961522 0.264781
vn 0.975813 0.0307459 -0.216433
vn -0.516366 -0.561482 0.64661
vn -0.936772 0.342048 -0.0738976
vn 0.916114 0.0282179 -0.399925
vn -0.427564 -0.834292 -0.348059
vn -0.436661 0.846765 0.303835
vn 0.877465 -0.348107 -0.329965
vn -0.425667 -0.847642 -0.316717
vn -0.581536 0.812972 -0.0298796
vn 0.990496 -0.0915872 -0.102616
vn -0.405448 -0.676022 0.61531
vn -0.498453 0.231767 -0.835361
vn 0.14693 0.87104 -0.468723
vn 0.243275 -0.858476 0.451482
vn -0.557066 -0.273787 -0.78404
vn -0.206689 -0.568838 -0.796055
vn -0.711066 -0.458327 0.533218
vn -0.982246 0.139289 0.125665
vn 0.58358 -0.772578 -0.250115
vn 0.18711 -0.566815 -0.802316
vn -0.626837 0.188766 -0.755939
vn 0.46401 -0.683972 -0.562918
vn -0.607405 -0.792302 0.0575899
vn 0.110113 0.486015 0.866986
vn 0.779439 -0.571806 0.255956
vn -0.303471 0.0297693 -0.952376
vn -0.8487 0.445855 0.284467
vn 0.705371 -0.426941 -0.565839
vn -0.582999 -0.682178 0.441299
vn 0.0441989 0.881961 0.469245
vn 0.403349 0.133826 -0.905208
vn -0.77463 -0.620387 0.122756
vn 0.0955553 0.7046 0.703141
vn 0.716761 0.478472 -0.507266
vn -0.412072 -0.817199 -0.402967
vn -0.465565 0.871717 0.152837
vn 0.580389 0.400985 -0.708773
vn 0.553926 -0.743595 0.374475
vn -0.598862 0.797219 -0.0762007
vn 0.4096 -0.0673971 -0.909772
vn 0.404752 -0.566543 0.717778
vn -0.768997 0.571231 0.286948
vn 0.406221 -0.0677719 -0.911258
vn 0.291027 -0.689338 0.663413
vn -0.72895 0.644085 0.231919
vn 0.688835 -0.0821365 -0.72025
vn -0.0892715 -0.820261 0.564979
vn -0.622997 0.750533 0.220395
vn 0.906706 -0.00591187 -0.421723
vn -0.467463 -0.881223 0.0701734
vn -0.470417 0.849084 0.24034
vn 0.896983 -0.0189167 -0.44166
vn -0.524593 -0.847637 0.0794576
vn -0.484411 0.85192 0.198945
vn 0.409414 0.226047 -0.883902
vn -0.15845 -0.854917 0.493974
vn -0.258185 0.945399 0.1989
vn 0.697163 0.327101 -0.637941
vn -0.711316 -0.688343 -0.142173
vn -0.10323 0.861982 0.496317
vn 0.991813 0.125887 -0.0214185
vn -0.467521 -0.779275 -0.417318
vn -0.500608 0.842167 0.200367
vn 0.846019 0.151592 0.511148
vn -0.363982 -0.721344 -0.58922
vn -0.323544 0.935831 -0.139781
vn 0.828305 0.358935 0.430205
vn -0.146 -0.8368 0.527684
vn 0.063712 0.59711 -0.799625
vn 0.473224 -0.668509 -0.57372
vn 0.725351 -0.055204 -0.686162
vn -0.369166 0.928655 -0.0362837
vn -0.636411 -0.374187 -0.67451
vn 0.285294 -0.431559 0.855783
vn 0.985841 0.0748373 -0.150059
vn -0.154556 0.11755 -0.980966
vn -0.714651 -0.250232 0.653191
vn 0.942229 0.329811 0.0585632
vn 0.718221 0.0404448 -0.694639
vn -0.994435 -0.105242 -0.00486144
vn 0.328686 0.205895 0.921723
vn 0.573512 0.241035 -0.782934
vn -0.757779 -0.651677 0.0330036
vn 0.154592 0.605344 0.780807
vn 0.728547 0.581043 -0.36278
vn -0.419086 -0.637929 -0.646075
vn -0.203185 0.678414 0.706024
vn -0.146461 -0.105031 -0.983625
vn -0.0787161 -0.993868 0.0776543
vn -0.526779 0.848449 0.0513651
vn 0.390332 0.119713 -0.912858
vn 0.121015 -0.877007 0.464989
vn -0.658088 0.5675 0.494836
vn -0.39472 0.265652 -0.879559
vn 0.385517 -0.889932 -0.243717
vn -0.346756 0.741635 0.574228
vn -0.997862 -0.0460438 -0.0463772
vn 0.535418 -0.748544 -0.391164
vn 0.142075 0.029135 0.989427
vn -0.236665 0.309635 0.920932
vn 0.743497 -0.450239 -0.494466
vn 0.49368 0.421166 0.760854
vn 0.92708 0.363981 -0.0896684
vn 0.142815 0.340436 0.929358
vn 0.160992 0.971418 0.174436
vn 0.937022 -0.332944 -0.105534
vn 0.411133 -0.12966 0.902307
vn -0.939243 0.334257 -0.0780654
vn 0.539324 -0.00755306 0.842064
vn -0.142653 -0.332902 -0.932109
vn -0.659406 0.722963 -0.206173
vn 0.767589 -0.204669 0.607386
vn 0.258478 -0.509472 -0.820748
vn -0.616442 0.770612 -0.161727
vn 0.95798 -0.267279 -0.104101
vn -0.237408 -0.962188 -0.133535
vn -0.291846 0.953543 0.074706
vn 0.902277 0.200898 0.381493
vn -0.535121 -0.440225 -0.721005
vn -0.727052 0.198169 0.657362
vn 0.86156 0.22096 0.457047
vn 0.404309 -0.565864 -0.718562
vn -0.749993 0.63516 0.184611
vn 0.951345 0.0165091 0.307686
vn 0.13177 -0.940612 -0.312865
vn -0.0104801 0.875582 -0.482957
vn 0.985029 -0.0114066 -0.172009
vn -0.571368 -0.716904 0.399485
vn -0.413859 0.710411 -0.569243
vn 0.979331 -0.160448 0.123156
vn -0.587642 -0.805474 -0.0767399
vn -0.371741 0.885588 -0.278465
vn 0.820921 -0.139369 0.553773
vn -0.696758 -0.715565 0.0499398
vn -0.0887703 0.692453 -0.715981
vn 0.725669 0.0578733 0.685606
vn -0.531434 -0.838348 -0.121452
vn -0.0935021 0.682522 -0.724859
vn 0.941548 0.26259 0.21103
vn -0.206983 -0.949994 0.233815
vn -0.41774 0.796999 -0.436218
vn -0.560062 0.739365 -0.373724
vn -0.583017 -0.615533 0.530293
vn -0.644116 0.478063 -0.597135
vn 0.816976 -0.558019 0.145481
vn 0.737378 -0.0898662 -0.669476
vn 0.113607 0.910983 -0.396489
vn 0.395948 -0.790112 -0.467918
vn -0.312292 -0.91728 0.247127
vn 0.33032 0.748882 0.574512
vn 0.0608201 0.413372 0.908529
vn -0.162337 -0.523051 -0.836698
vn -0.894984 0.437222 0.0885448
vn -0.641721 0.193212 0.742202
vn 0.715742 -0.162791 0.679127
vn 0.0838311 0.0712803 -0.993927
vn 0.23243 0.968828 -0.0857222
vn -0.493744 -0.381963 0.78123
vn -0.18637 0.816355 0.546655
vn -0.407785 0.616976 -0.673091
vn 0.808392 -0.573505 -0.132643
vn -0.871031 0.446682 0.204401
vn -0.47332 -0.114559 -0.87341
vn 0.929419 -0.362146 0.0709268
vn -0.309653 0.26156 0.914167
vn -0.325209 -0.0694964 -0.943085
vn 0.518931 -0.770285 0.370637
vn -0.296016 0.669284 0.681494
vn -0.300223 -0.051505 -0.952478
vn 0.10998 -0.993587 -0.0262535
vn -0.142472 0.824182 0.54811
vn -0.973299 -0.121209 0.194928
vn -0.7123 0.0249119 0.701433
vn 0.577035 0.775009 -0.257666
vn 0.950422 -0.286418 0.121088
vn -0.919793 -0.122504 -0.372791
vn -0.808844 0.411422 0.420124
vn 0.731645 -0.0769686 -0.677327
vn -0.595054 -0.786131 0.16706
vn -0.216076 0.652199 0.7266
vn 0.590748 0.178282 -0.786913
vn -0.392714 -0.823906 -0.4086
vn -0.177787 0.807471 0.562478
vn 0.762929 0.361493 0.535969
vn 0.85788 -0.166561 -0.486107
vn -0.673554 0.722147 -0.157572
vn 0.925464 -0.190284 0.32758
vn 0.463427 -0.777296 -0.425494
vn 0.0101092 0.995687 -0.0922268
vn 0.894854 -0.207123 0.395393
vn -0.272231 -0.947081 0.170084
vn -0.0958263 0.56594 -0.818859
vt 0 1
vt 1 1
vt 0 0
vt 1 0
vt 0 1
vt 1 1
vt 0 0
vt 1 0
vt 0 1
vt 1 1
vt 0 0
vt 1 0
vt 0 1
vt 1 1
vt 0 0
vt 1 0
vt 0 1
vt 1 1
vt 0 0
vt 1 0
vt 0 1
vt 1 1
vt 0 0
vt 1 0
vt 0 1
vt 1 1
vt 0 0
vt 1 0
vt 0 1
vt 1 1
vt 0 0
vt 1 0
vt 0 1
vt 0.3 1
vt 0.6 1
vt 0 0
vt 0.3 0
vt 0.6 0
vt 0 1
vt 0.3 1
vt 0.6 1
vt 0 0
vt 0.3 0
vt 0.6 0
vt 0 1
vt 0.3 1
vt 0.6 1
vt 0 0
vt 0.3 0
vt 0.6 0
vt 0 1
vt 0.3 1
vt 0.6 1
vt 0 0
vt 0.3 0
vt 0.6 0
vt 0 1
vt 0.3 1
vt 0.6 1
vt 0 0
vt 0.3 0
vt 0.6 0
vt 0 1
vt 0.3 1
vt 0.6 1
vt 0 0
vt 0.3 0
vt 0.6 0
vt 0 1
vt 0.3 1
vt 0.6 1
vt 0 0
vt 0.3 0
vt 0.6 0
vt 0 1
vt 0.3 1
vt 0.6 1
vt 0 0
vt 0.3 0
vt 0.6 0
vt 0 1
vt 0.3 1
vt 0.6 1
vt 0 0
vt 0.3 0
vt 0.6 0
vt 0 1
vt 0.3 1
vt 0.6 1
vt 0 0
vt 0.3 0
vt 0.6 0
vt 0 1
vt 0.3 1
vt 0.6 1
vt 0 0
vt 0.3 0
vt 0.6 0
vt 0 1
vt 0.3 1
vt 0.6 1
vt 0 0
vt 0.3 0
vt 0.6 0
vt 0 1
vt 0.3 1
vt 0.6 1
vt 0 0
vt 0.3 0
vt 0.6 0
vt 0 1
vt 0.3 1
vt 0.6 1
vt 0 0
vt 0.3 0
vt 0.6 0
vt 0 1
vt 0.3 1
vt 0.6 1
vt 0 0
vt 0.3 0
vt 0.6 0
vt 0 1
vt 0.3 1
vt 0.6 1
vt 0 0
vt 0.3 0
vt 0.6 0
vt 0 1
vt 0.3 1
vt 0.6 1
vt 0 0
vt 0.3 0
vt 0.6 0
vt 0 1
vt 0.3 1
vt 0.6 1
vt 0 0
vt 0.3 0
vt 0.6 0
vt 0 1
vt 0.3 1
vt 0.6 1
vt 0 0
vt 0.3 0
vt 0.6 0
vt 0 1
vt 0.3 1
vt 0.6 1
vt 0 0
vt 0.3 0
vt 0.6 0
vt 0 1
vt 0.3 1
vt 0.6 1
vt 0 0
vt 0.3 0
vt 0.6 0
vt 0 1
vt 0.3 1
vt 0.6 1
vt 0 0
vt 0.3 0
vt 0.6 0
vt 0 1
vt 0.3 1
vt 0.6 1
vt 0 0
vt 0.3 0
vt 0.6 0
vt 0 1
vt 0.3 1
vt 0.6 1
vt 0 0
vt 0.3 0
vt 0.6 0
vt 0 1
vt 0.3 1
vt 0.6 1
vt 0 0
vt 0.3 0
vt 0.6 0
vt 0 1
vt 0.3 1
vt 0.6 1
vt 0 0
vt 0.3 0
vt 0.6 0
vt 0 1
vt 0.3 1
vt 0.6 1
vt 0 0
vt 0.3 0
vt 0.6 0
vt 0 1
vt 0.3 1
vt 0.6 1
vt 0 0
vt 0.3 0
vt 0.6 0
vt 0 1
vt 0.3 1
vt 0.6 1
vt 0 0
vt 0.3 0
vt 0.6 0
vt 0 1
vt 0.3 1
vt 0.6 1
vt 0 0
vt 0.3 0
vt 0.6 0
vt 0 1
vt 0.3 1
vt 0.6 1
vt 0 0
vt 0.3 0
vt 0.6 0
vt 0 1
vt 0.3 1
vt 0.6 1
vt 0 0
vt 0.3 0
vt 0.6 0
vt 0 1
vt 0.3 1
vt 0.6 1
vt 0 0
vt 0.3 0
vt 0.6 0
vt 0 1
vt 0.3 1
vt 0.6 1
vt 0 0
vt 0.3 0
vt 0.6 0
vt 0 1
vt 0.3 1
vt 0.6 1
vt 0 0
vt 0.3 0
vt 0.6 0
vt 0 1
vt 0.3 1
vt 0.6 1
vt 0 0
vt 0.3 0
vt 0.6 0
vt 0 1
vt 0.3 1
vt 0.6 1
vt 0 0
vt 0.3 0
vt 0.6 0
vt 0 1
vt 0.3 1
vt 0.6 1
vt 0 0
vt 0.3 0
vt 0.6 0
vt 0 1
vt 0.3 1
vt 0.6 1
vt 0 0
vt 0.3 0
vt 0.6 0
vt 0 1
vt 0.3 1
vt 0.6 1
vt 0 1
vt 0.3 1
vt 0.6 1
vt 0 0
vt 0.3 0
vt 0.6 0
vt 0 1
vt 0.3 1
vt 0.6 1
vt 0 0
vt 0.3 0
vt 0.6 0
vt 0 1
vt 0.3 1
vt 0.6 1
vt 0 0
vt 0.3 0
vt 0.6 0
vt 0 1
vt 0.3 1
vt 0.6 1
vt 0 0
vt 0.3 0
vt 0.6 0
vt 0 1
vt 0.3 1
vt 0.6 1
vt 0 0
vt 0.3 0
vt 0.6 0
vt 0 1
vt 0.3 1
vt 0.6 1
vt 0 0
vt 0.3 0
vt 0.6 0
vt 0 1
vt 0.3 1
vt 0.6 1
vt 0 0
vt 0.3 0
vt 0.6 0
vt 0 1
vt 0.3 1
vt 0.6 1
vt 0 0
vt 0.3 0
vt 0.6 0
vt 0 1
vt 0.3 1
vt 0.6 1
vt 0 0
vt 0.3 0
vt 0.6 0
vt 0 1
vt 0.3 1
vt 0.6 1
vt 0 0
vt 0.3 0
vt 0.6 0
vt 0 1
vt 0.3 1
vt 0.6 1
vt 0 0
vt 0.3 0
vt 0.6 0
vt 0 1
vt 0.3 1
vt 0.6 1
vt 0 0
vt 0.3 0
vt 0.6 0
vt 0 1
vt 0.3 1
vt 0.6 1
vt 0 0
vt 0.3 0
vt 0.6 0
vt 0 1
vt 0.3 1
vt 0.6 1
vt 0 0
vt 0.3 0
vt 0.6 0
vt 0 1
vt 0.3 1
vt 0.6 1
vt 0 0
vt 0.3 0
vt 0.6 0
vt 0 1
vt 0.3 1
vt 0.6 1
vt 0 0
vt 0.3 0
vt 0.6 0
vt 0 1
vt 0.3 1
vt 0.6 1
vt 0 0
vt 0.3 0
vt 0.6 0
vt 0 1
vt 0.3 1
vt 0.6 1
vt 0 0
vt 0.3 0
vt 0.6 0
vt 0 1
vt 0.3 1
vt 0.6 1
vt 0 0
vt 0.3 0
vt 0.6 0
vt 0 1
vt 0.3 1
vt 0.6 1
vt 0 0
vt 0.3 0
vt 0.6 0
vt 0 1
vt 0.3 1
vt 0.6 1
vt 0 0
vt 0.3 0
vt 0.6 0
vt 0 1
vt 0.3 1
vt 0.6 1
vt 0 0
vt 0.3 0
vt 0.6 0
vt 0 1
vt 0.3 1
vt 0.6 1
vt 0 0
vt 0.3 0
vt 0.6 0
vt 0 1
vt 0.3 1
vt 0.6 1
vt 0 0
vt 0.3 0
vt 0.6 0
vt 0 1
vt 0.3 1
vt 0.6 1
vt 0 0
vt 0.3 0
vt 0.6 0
vt 0 1
vt 0.3 1
vt 0.6 1
vt 0 0
vt 0.3 0
vt 0.6 0
vt 0 1
vt 0.3 1
vt 0.6 1
vt 0 0
vt 0.3 0
vt 0.6 0
vt 0 1
vt 0.3 1
vt 0.6 1
vt 0 0
vt 0.3 0
vt 0.6 0
vt 0 1
vt 0.3 1
vt 0.6 1
vt 0 0
vt 0.3 0
vt 0.6 0
vt 0 1
vt 0.3 1
vt 0.6 1
vt 0 0
vt 0.3 0
vt 0.6 0
vt 0 1
vt 0.3 1
vt 0.6 1
vt 0 0
vt 0.3 0
vt 0.6 0
vt 0 1
vt 0.3 1
vt 0.6 1
vt 0 0
vt 0.3 0
vt 0.6 0
vt 0 1
vt 0.3 1
vt 0.6 1
vt 0 0
vt 0.3 0
vt 0.6 0
vt 0 1
vt 0.3 1
vt 0.6 1
vt 0 0
vt 0.3 0
vt 0.6 0
vt 0 1
vt 0.3 1
vt 0.6 1
vt 0 0
vt 0.3 0
vt 0.6 0
vt 0 1
vt 0.3 1
vt 0.6 1
vt 0 0
vt 0.3 0
vt 0.6 0
vt 0 1
vt 0.3 1
vt 0.6 1
vt 0 0
vt 0.3 0
vt 0.6 0
vt 0 1
vt 0.3 1
vt 0.6 1
vt 0 0
vt 0.3 0
vt 0.6 0
vt 0 1
vt 0.3 1
vt 0.6 1
vt 0 0
vt 0.3 0
vt 0.6 0
vt 0 1
vt 0.3 1
vt 0.6 1
vt 0 0
vt 0.3 0
vt 0.6 0
vt 0 1
vt 0.3 1
vt 0.6 1
vt 0 0
vt 0.3 0
vt 0.6 0
vt 0 1
vt 0.3 1
vt 0.6 1
vt 0 0
vt 0.3 0
vt 0.6 0
vt 0 1
vt 0.3 1
vt 0.6 1
vt 0 0
vt 0.3 0
vt 0.6 0
vt 0 1
vt 0.3 1
vt 0.6 1
vt 0 1
vt 0.3 1
vt 0.6 1
vt 0 0
vt 0.3 0
vt 0.6 0
vt 0 1
vt 0.3 1
vt 0.6 1
vt 0 0
vt 0.3 0
vt 0.6 0
vt 0 1
vt 0.3 1
vt 0.6 1
vt 0 0
vt 0.3 0
vt 0.6 0
vt 0 1
vt 0.3 1
vt 0.6 1
vt 0 0
vt 0.3 0
vt 0.6 0
vt 0 1
vt 0.3 1
vt 0.6 1
vt 0 0
vt 0.3 0
vt 0.6 0
vt 0 1
vt 0.3 1
vt 0.6 1
vt 0 0
vt 0.3 0
vt 0.6 0
vt 0 1
vt 0.3 1
vt 0.6 1
vt 0 0
vt 0.3 0
vt 0.6 0
vt 0 1
vt 0.3 1
vt 0.6 1
vt 0 0
vt 0.3 0
vt 0.6 0
vt 0 1
vt 0.3 1
vt 0.6 1
vt 0 0
vt 0.3 0
vt 0.6 0
vt 0 1
vt 0.3 1
vt 0.6 1
vt 0 0
vt 0.3 0
vt 0.6 0
vt 0 1
vt 0.3 1
vt 0.6 1
vt 0 0
vt 0.3 0
vt 0.6 0
vt 0 1
vt 0.3 1
vt 0.6 1
vt 0 0
vt 0.3 0
vt 0.6 0
vt 0 1
vt 0.3 1
vt 0.6 1
vt 0 0
vt 0.3 0
vt 0.6 0
vt 0 1
vt 0.3 1
vt 0.6 1
vt 0 0
vt 0.3 0
vt 0.6 0
vt 0 1
vt 0.3 1
vt 0.6 1
vt 0 0
vt 0.3 0
vt 0.6 0
vt 0 1
vt 0.3 1
vt 0.6 1
vt 0 0
vt 0.3 0
vt 0.6 0
vt 0 1
vt 0.3 1
vt 0.6 1
vt 0 0
vt 0.3 0
vt 0.6 0
vt 0 1
vt 0.3 1
vt 0.6 1
vt 0 0
vt 0.3 0
vt 0.6 0
vt 0 1
vt 0.3 1
vt 0.6 1
vt 0 0
vt 0.3 0
vt 0.6 0
vt 0 1
vt 0.3 1
vt 0.6 1
vt 0 0
vt 0.3 0
vt 0.6 0
vt 0 1
vt 0.3 1
vt 0.6 1
vt 0 0
vt 0.3 0
vt 0.6 0
vt 0 1
vt 0.3 1
vt 0.6 1
vt 0 0
vt 0.3 0
vt 0.6 0
vt 0 1
vt 0.3 1
vt 0.6 1
vt 0 0
vt 0.3 0
vt 0.6 0
vt 0 1
vt 0.3 1
vt 0.6 1
vt 0 0
vt 0.3 0
vt 0.6 0
vt 0 1
vt 0.3 1
vt 0.6 1
vt 0 0
vt 0.3 0
vt 0.6 0
vt 0 1
vt 0.3 1
vt 0.6 1
vt 0 0
vt 0.3 0
vt 0.6 0
vt 0 1
vt 0.3 1
vt 0.6 1
vt 0 0
vt 0.3 0
vt 0.6 0
vt 0 1
vt 0.3 1
vt 0.6 1
vt 0 0
vt 0.3 0
vt 0.6 0
vt 0 1
vt 0.3 1
vt 0.6 1
vt 0 0
vt 0.3 0
vt 0.6 0
vt 0 1
vt 0.3 1
vt 0.6 1
vt 0 0
vt 0.3 0
vt 0.6 0
vt 0 1
vt 0.3 1
vt 0.6 1
vt 0 0
vt 0.3 0
vt 0.6 0
vt 0 1
vt 0.3 1
vt 0.6 1
vt 0 0
vt 0.3 0
vt 0.6 0
vt 0 1
vt 0.3 1
vt 0.6 1
vt 0 0
vt 0.3 0
vt 0.6 0
vt 0 1
vt 0.3 1
vt 0.6 1
vt 0 0
vt 0.3 0
vt 0.6 0
vt 0 1
vt 0.3 1
vt 0.6 1
vt 0 0
vt 0.3 0
vt 0.6 0
vt 0 1
vt 0.3 1
vt 0.6 1
vt 0 0
vt 0.3 0
vt 0.6 0
vt 0 1
vt 0.3 1
vt 0.6 1
vt 0 0
vt 0.3 0
vt 0.6 0
vt 0 1
vt 0.3 1
vt 0.6 1
vt 0 0
vt 0.3 0
vt 0.6 0
vt 0 1
vt 0.3 1
vt 0.6 1
vt 0 0
vt 0.3 0
vt 0.6 0
vt 0 1
vt 0.3 1
vt 0.6 1
vt 0 0
vt 0.3 0
vt 0.6 0
vt 0 1
vt 0.3 1
vt 0.6 1
vt 0 1
vt 0.3 1
vt 0.6 1
vt 0 0
vt 0.3 0
vt 0.6 0
vt 0 1
vt 0.3 1
vt 0.6 1
vt 0 0
vt 0.3 0
vt 0.6 0
vt 0 1
vt 0.3 1
vt 0.6 1
vt 0 0
vt 0.3 0
vt 0.6 0
vt 0 1
vt 0.3 1
vt 0.6 1
vt 0 0
vt 0.3 0
vt 0.6 0
vt 0 1
vt 0.3 1
vt 0.6 1
vt 0 0
vt 0.3 0
vt 0.6 0
vt 0 1
vt 0.3 1
vt 0.6 1
vt 0 0
vt 0.3 0
vt 0.6 0
vt 0 1
vt 0.3 1
vt 0.6 1
vt 0 0
vt 0.3 0
vt 0.6 0
vt 0 1
vt 0.3 1
vt 0.6 1
vt 0 0
vt 0.3 0
vt 0.6 0
vt 0 1
vt 0.3 1
vt 0.6 1
vt 0 0
vt 0.3 0
vt 0.6 0
vt 0 1
vt 0.3 1
vt 0.6 1
vt 0 0
vt 0.3 0
vt 0.6 0
vt 0 1
vt 0.3 1
vt 0.6 1
vt 0 0
vt 0.3 0
vt 0.6 0
vt 0 1
vt 0.3 1
vt 0.6 1
vt 0 0
vt 0.3 0
vt 0.6 0
vt 0 1
vt 0.3 1
vt 0.6 1
vt 0 0
vt 0.3 0
vt 0.6 0
vt 0 1
vt 0.3 1
vt 0.6 1
vt 0 0
vt 0.3 0
vt 0.6 0
vt 0 1
vt 0.3 1
vt 0.6 1
vt 0 1
vt 0.3 1
vt 0.6 1
vt 0 0
vt 0.3 0
vt 0.6 0
vt 0 1
vt 0.3 1
vt 0.6 1
vt 0 0
vt 0.3 0
vt 0.6 0
vt 0 1
vt 0.3 1
vt 0.6 1
vt 0 0
vt 0.3 0
vt 0.6 0
vt 0 1
vt 0.3 1
vt 0.6 1
vt 0 0
vt 0.3 0
vt 0.6 0
vt 0 1
vt 0.3 1
vt 0.6 1
vt 0 0
vt 0.3 0
vt 0.6 0
vt 0 1
vt 0.3 1
vt 0.6 1
vt 0 0
vt 0.3 0
vt 0.6 0
vt 0 1
vt 0.3 1
vt 0.6 1
vt 0 1
vt 0.3 1
vt 0.6 1
vt 0 0
vt 0.3 0
vt 0.6 0
vt 0 1
vt 0.3 1
vt 0.6 1
vt 0 0
vt 0.3 0
vt 0.6 0
vt 0 1
vt 0.3 1
vt 0.6 1
vt 0 0
vt 0.3 0
vt 0.6 0
vt 0 1
vt 0.3 1
vt 0.6 1
vt 0 0
vt 0.3 0
vt 0.6 0
vt 0 1
vt 0.3 1
vt 0.6 1
vt 0 0
vt 0.3 0
vt 0.6 0
vt 0 1
vt 0.3 1
vt 0.6 1
vt 0 0
vt 0.3 0
vt 0.6 0
vt 0 1
vt 0.3 1
vt 0.6 1
vt 0 0
vt 0.3 0
vt 0.6 0
vt 0 1
vt 0.3 1
vt 0.6 1
vt 0 0
vt 0.3 0
vt 0.6 0
vt 0 1
vt 0.3 1
vt 0.6 1
vt 0 0
vt 0.3 0
vt 0.6 0
vt 0 1
vt 0.3 1
vt 0.6 1
vt 0 0
vt 0.3 0
vt 0.6 0
vt 0 1
vt 0.3 1
vt 0.6 1
vt 0 1
vt 0.3 1
vt 0.6 1
vt 0 0
vt 0.3 0
vt 0.6 0
vt 0 1
vt 0.3 1
vt 0.6 1
vt 0 0
vt 0.3 0
vt 0.6 0
vt 0 1
vt 0.3 1
vt 0.6 1
vt 0 0
vt 0.3 0
vt 0.6 0
vt 0 1
vt 0.3 1
vt 0.6 1
usemtl leaf_adult
f 3/3/3 1/1/1 2/2/2
f 2/2/2 4/4/4 3/3/3
f 7/7/7 5/5/5 6/6/6
f 6/6/6 8/8/8 7/7/7
f 11/11/11 9/9/9 10/10/10
f 10/10/10 12/12/12 11/11/11
f 15/15/15 13/13/13 14/14/14
f 14/14/14 16/16/16 15/15/15
f 19/19/19 17/17/17 18/18/18
f 18/18/18 20/20/20 19/19/19
f 23/23/23 21/21/21 22/22/22
f 22/22/22 24/24/24 23/23/23
f 27/27/27 25/25/25 26/26/26
f 26/26/26 28/28/28 27/27/27
f 31/31/31 29/29/29 30/30/30
f 30/30/30 32/32/32 31/31/31
usemtl leaf_young
usemtl branch
f 35/35/35 38/38/38 34/34/34
f 34/34/34 38/38/38 37/37/37
f 34/34/34 37/37/37 33/33/33
f 33/33/33 37/37/37 36/36/36
f 33/33/33 36/36/36 38/38/38
f 33/33/33 38/38/38 35/35/35
f 38/38/38 41/41/41 37/37/37
f 37/37/37 41/41/41 40/40/40
f 37/37/37 40/40/40 36/36/36
f 36/36/36 40/40/40 39/39/39
f 36/36/36 39/39/39 41/41/41
f 36/36/36 41/41/41 38/38/38
f 41/41/41 44/44/44 40/40/40
f 40/40/40 44/44/44 43/43/43
f 40/40/40 43/43/43 39/39/39
f 39/39/39 43/43/43 42/42/42
f 39/39/39 42/42/42 44/44/44
f 39/39/39 44/44/44 41/41/41
f 44/44/44 47/47/47 43/43/43
f 43/43/43 47/47/47 46/46/46
f 43/43/43 46/46/46 42/42/42
f 42/42/42 46/46/46 45/45/45
f 42/42/42 45/45/45 47/47/47
f 42/42/42 47/47/47 44/44/44
f 47/47/47 50/50/50 46/46/46
f 46/46/46 50/50/50 49/49/49
f 46/46/46 49/49/49 45/45/45
f 45/45/45 49/49/49 48/48/48
f 45/45/45 48/48/48 50/50/50
f 45/45/45 50/50/50 47/47/47
f 50/50/50 53/53/53 49/49/49
f 49/49/49 53/53/53 52/52/52
f 49/49/49 52/52/52 48/48/48
f 48/48/48 52/52/52 51/51/51
f 48/48/48 51/51/51 53/53/53
f 48/48/48 53/53/53 50/50/50
f 53/53/53 56/56/56 52/52/52
f 52/52/52 56/56/56 55/55/55
f 52/52/52 55/55/55 51/51/51
f 51/51/51 55/55/55 54/54/54
f 51/51/51 54/54/54 56/56/56
f 51/51/51 56/56/56 53/53/53
f 56/56/56 59/59/59 55/55/55
f 55/55/55 59/59/59 58/58/58
f 55/55/55 58/58/58 54/54/54
f 54/54/54 58/58/58 57/57/57
f 54/54/54 57/57/57 59/59/59
f 54/54/54 59/59/59 56/56/56
f 59/59/59 62/62/62 58/58/58
f 58/58/58 62/62/62 61/61/61
f 58/58/58 61/61/61 57/57/57
f 57/57/57 61/61/61 60/60/60
f 57/57/57 60/60/60 62/62/62
f 57/57/57 62/62/62 59/59/59
f 62/62/62 65/65/65 61/61/61
f 61/61/61 65/65/65 64/64/64
f 61/61/61 64/64/64 60/60/60
f 60/60/60 64/64/64 63/63/63
f 60/60/60 63/63/63 65/65/65
f 60/60/60 65/65/65 62/62/62
f 65/65/65 68/68/68 64/64/64
f 64/64/64 68/68/68 67/67/67
f 64/64/64 67/67/67 63/63/63
f 63/63/63 67/67/67 66/66/66
f 63/63/63 66/66/66 68/68/68
f 63/63/63 68/68/68 65/65/65
f 68/68/68 71/71/71 67/67/67
f 67/67/67 71/71/71 70/70/70
f 67/67/67 70/70/70 66/66/66
f 66/66/66 70/70/70 69/69/69
f 66/66/66 69/69/69 71/71/71
f 66/66/66 71/71/71 68/68/68
f 71/71/71 74/74/74 70/70/70
f 70/70/70 74/74/74 73/73/73
f 70/70/70 73/73/73 69/69/69
f 69/69/69 73/73/73 72/72/72
f 69/69/69 72/72/72 74/74/74
f 69/69/69 74/74/74 71/71/71
f 74/74/74 77/77/77 73/73/73
f 73/73/73 77/77/77 76/76/76
f 73/73/73 76/76/76 72/72/72
f 72/72/72 76/76/76 75/75/75
f 72/72/72 75/75/75 77/77/77
f 72/72/72 77/77/77 74/74/74
f 77/77/77 80/80/80 76/76/76
f 76/76/76 80/80/80 79/79/79
f 76/76/76 79/79/79 75/75/75
f 75/75/75 79/79/79 78/78/78
f 75/75/75 78/78/78 80/80/80
f 75/75/75 80/80/80 77/77/77
f 80/80/80 83/83/83 79/79/79
f 79/79/79 83/83/83 82/82/82
f 79/79/79 82/82/82 78/78/78
f 78/78/78 82/82/82 81/81/81
f 78/78/78 81/81/81 83/83/83
f 78/78/78 83/83/83 80/80/80
f 83/83/83 86/86/86 82/82/82
f 82/82/82 86/86/86 85/85/85
f 82/82/82 85/85/85 81/81/81
f 81/81/81 85/85/85 84/84/84
f 81/81/81 84/84/84 86/86/86
f 81/81/81 86/86/86 83/83/83
f 86/86/86 89/89/89 85/85/85
f 85/85/85 89/89/89 88/88/88
f 85/85/85 88/88/88 84/84/84
f 84/84/84 88/88/88 87/87/87
f 84/84/84 87/87/87 89/89/89
f 84/84/84 89/89/89 86/86/86
f 89/89/89 92/92/92 88/88/88
f 88/88/88 92/92/92 91/91/91
f 88/88/88 91/91/91 87/87/87
f 87/87/87 91/91/91 90/90/90
f 87/87/87 90/90/90 92/92/92
f 87/87/87 92/92/92 89/89/89
f 92/92/92 95/95/95 91/91/91
f 91/91/91 95/95/95 94/94/94
f 91/91/91 94/94/94 90/90/90
f 90/90/90 94/94/94 93/93/93
f 90/90/90 93/93/93 95/95/95
f 90/90/90 95/95/95 92/92/92
f 95/95/95 98/98/98 94/94/94
f 94/94/94 98/98/98 97/97/97
f 94/94/94 97/97/97 93/93/93
f 93/93/93 97/97/97 96/96/96
f 93/93/93 96/96/96 98/98/98
f 93/93/93 98/98/98 95/95/95
f 98/98/98 101/101/101 97/97/97
f 97/97/97 101/101/101 100/100/100
f 97/97/97 100/100/100 96/96/96
f 96/96/96 100/100/100 99/99/99
f 96/96/96 99/99/99 101/101/101
f 96/96/96 101/101/101 98/98/98
f 101/101/101 104/104/104 100/100/100
f 100/100/100 104/104/104 103/103/103
f 100/100/100 103/103/103 99/99/99
f 99/99/99 103/103/103 102/102/102
f 99/99/99 102/102/102 104/104/104
f 99/99/99 104/104/104 101/101/101
f 104/104/104 107/107/107 103/103/103
f 103/103/103 107/107/107 106/106/106
f 103/103/103 106/106/106 102/102/102
f 102/102/102 106/106/106 105/105/105
f 102/102/102 105/105/105 107/107/107
f 102/102/102 107/107/107 104/104/104
f 107/107/107 110/110/110 106/106/106
f 106/106/106 110/110/110 109/109/109
f 106/106/106 109/109/109 105/105/105
f 105/105/105 109/109/109 108/108/108
f 105/105/105 108/108/108 110/110/110
f 105/105/105 110/110/110 107/107/107
f 110/110/110 113/113/113 109/109/109
f 109/109/109 113/113/113 112/112/112
f 109/109/109 112/112/112 108/108/108
f 108/108/108 112/112/112 111/111/111
f 108/108/108 111/111/111 113/113/113
f 108/108/108 113/113/113 110/110/110
f 113/113/113 116/116/116 112/112/112
f 112/112/112 116/116/116 115/115/115
f 112/112/112 115/115/115 111/111/111
f 111/111/111 115/115/115 114/114/114
f 111/111/111 114/114/114 116/116/116
f 111/111/111 116/116/116 113/113/113
f 116/116/116 119/119/119 115/115/115
f 115/115/115 119/119/119 118/118/118
f 115/115/115 118/118/118 114/114/114
f 114/114/114 118/118/118 117/117/117
f 114/114/114 117/117/117 119/119/119
f 114/114/114 119/119/119 116/116/116
f 119/119/119 122/122/122 118/118/118
f 118/118/118 122/122/122 121/121/121
f 118/118/118 121/121/121 117/117/117
f 117/117/117 121/121/121 120/120/120
f 117/117/117 120/120/120 122/122/122
f 117/117/117 122/122/122 119/119/119
f 122/122/122 125/125/125 121/121/121
f 121/121/121 125/125/125 124/124/124
f 121/121/121 124/124/124 120/120/120
f 120/120/120 124/124/124 123/123/123
f 120/120/120 123/123/123 125/125/125
f 120/120/120 125/125/125 122/122/122
f 125/125/125 128/128/128 124/124/124
f 124/124/124 128/128/128 127/127/127
f 124/124/124 127/127/127 123/123/123
f 123/123/123 127/127/127 126/126/126
f 123/123/123 126/126/126 128/128/128
f 123/123/123 128/128/128 125/125/125
f 128/128/128 131/131/131 127/127/127
f 127/127/127 131/131/131 130/130/130
f 127/127/127 130/130/130 126/126/126
f 126/126/126 130/130/130 129/129/129
f 126/126/126 129/129/129 131/131/131
f 126/126/126 131/131/131 128/128/128
f 131/131/131 134/134/134 130/130/130
f 130/130/130 134/134/134 133/133/133
f 130/130/130 133/133/133 129/129/129
f 129/129/129 133/133/133 132/132/132
f 129/129/129 132/132/132 134/134/134
f 129/129/129 134/134/134 131/131/131
f 134/134/134 137/137/137 133/133/133
f 133/133/133 137/137/137 136/136/136
f 133/133/133 136/136/136 132/132/132
f 132/132/132 136/136/136 135/135/135
f 132/132/132 135/135/135 137/137/137
f 132/132/132 137/137/137 134/134/134
f 137/137/137 140/140/140 136/136/136
f 136/136/136 140/140/140 139/139/139
f 136/136/136 139/139/139 135/135/135
f 135/135/135 139/139/139 138/138/138
f 135/135/135 138/138/138 140/140/140
f 135/135/135 140/140/140 137/137/137
f 140/140/140 143/143/143 139/139/139
f 139/139/139 143/143/143 142/142/142
f 139/139/139 142/142/142 138/138/138
f 138/138/138 142/142/142 141/141/141
f 138/138/138 141/141/141 143/143/143
f 138/138/138 143/143/143 140/140/140
f 143/143/143 146/146/146 142/142/142
f 142/142/142 146/146/146 145/145/145
f 142/142/142 145/145/145 141/141/141
f 141/141/141 145/145/145 144/144/144
f 141/141/141 144/144/144 146/146/146
f 141/141/141 146/146/146 143/143/143
f 146/146/146 149/149/149 145/145/145
f 145/145/145 149/149/149 148/148/148
f 145/145/145 148/148/148 144/144/144
f 144/144/144 148/148/148 147/147/147
f 144/144/144 147/147/147 149/149/149
f 144/144/144 149/149/149 146/146/146
f 149/149/149 152/152/152 148/148/148
f 148/148/148 152/152/152 151/151/151
f 148/148/148 151/151/151 147/147/147
f 147/147/147 151/151/151 150/150/150
f 147/147/147 150/150/150 152/152/152
f 147/147/147 152/152/152 149/149/149
f 152/152/152 155/155/155 151/151/151
f 151/151/151 155/155/155 154/154/154
f 151/151/151 154/154/154 150/150/150
f 150/150/150 154/154/154 153/153/153
f 150/150/150 153/153/153 155/155/155
f 150/150/150 155/155/155 152/152/152
f 155/155/155 158/158/158 154/154/154
f 154/154/154 158/158/158 157/157/157
f 154/154/154 157/157/157 153/153/153
f 153/153/153 157/157/157 156/156/156
f 153/153/153 156/156/156 158/158/158
f 153/153/153 158/158/158 155/155/155
f 158/158/158 161/161/161 157/157/157
f 157/157/157 161/161/161 160/160/160
f 157/157/157 160/160/160 156/156/156
f 156/156/156 160/160/160 159/159/159
f 156/156/156 159/159/159 161/161/161
f 156/156/156 161/161/161 158/158/158
f 161/161/161 164/164/164 160/160/160
f 160/160/160 164/164/164 163/163/163
f 160/160/160 163/163/163 159/159/159
f 159/159/159 163/163/163 162/162/162
f 159/159/159 162/162/162 164/164/164
f 159/159/159 164/164/164 161/161/161
f 164/164/164 167/167/167 163/163/163
f 163/163/163 167/167/167 166/166/166
f 163/163/163 166/166/166 162/162/162
f 162/162/162 166/166/166 165/165/165
f 162/162/162 165/165/165 167/167/167
f 162/162/162 167/167/167 164/164/164
f 167/167/167 170/170/170 166/166/166
f 166/166/166 170/170/170 169/169/169
f 166/166/166 169/169/169 165/165/165
f 165/165/165 169/169/169 168/168/168
f 165/165/165 168/168/168 170/170/170
f 165/165/165 170/170/170 167/167/167
f 170/170/170 173/173/173 169/169/169
f 169/169/169 173/173/173 172/172/172
f 169/169/169 172/172/172 168/168/168
f 168/168/168 172/172/172 171/171/171
f 168/168/168 171/171/171 173/173/173
f 168/168/168 173/173/173 170/170/170
f 173/173/173 176/176/176 172/172/172
f 172/172/172 176/176/176 175/175/175
f 172/172/172 175/175/175 171/171/171
f 171/171/171 175/175/175 174/174/174
f 171/171/171 174/174/174 176/176/176
f 171/171/171 176/176/176 173/173/173
f 176/176/176 179/179/179 175/175/175
f 175/175/175 179/179/179 178/178/178
f 175/175/175 178/178/178 174/174/174
f 174/174/174 178/178/178 177/177/177
f 174/174/174 177/177/177 179/179/179
f 174/174/174 179/179/179 176/176/176
f 179/179/179 182/182/182 178/178/178
f 178/178/178 182/182/182 181/181/181
f 178/178/178 181/181/181 177/177/177
f 177/177/177 181/181/181 180/180/180
f 177/177/177 180/180/180 182/182/182
f 177/177/177 182/182/182 179/179/179
f 182/182/182 185/185/185 181/181/181
f 181/181/181 185/185/185 184/184/184
f 181/181/181 184/184/184 180/180/180
f 180/180/180 184/184/184 183/183/183
f 180/180/180 183/183/183 185/185/185
f 180/180/180 185/185/185 182/182/182
f 185/185/185 188/188/188 184/184/184
f 184/184/184 188/188/188 187/187/187
f 184/184/184 187/187/187 183/183/183
f 183/183/183 187/187/187 186/186/186
f 183/183/183 186/186/186 188/188/188
f 183/183/183 188/188/188 185/185/185
f 188/188/188 191/191/191 187/187/187
f 187/187/187 191/191/191 190/190/190
f 187/187/187 190/190/190 186/186/186
f 186/186/186 190/190/190 189/189/189
f 186/186/186 189/189/189 191/191/191
f 186/186/186 191/191/191 188/188/188
f 191/191/191 194/194/194 190/190/190
f 190/190/190 194/194/194 193/193/193
f 190/190/190 193/193/193 189/189/189
f 189/189/189 193/193/193 192/192/192
f 189/189/189 192/192/192 194/194/194
f 189/189/189 194/194/194 191/191/191
f 194/194/194 197/197/197 193/193/193
f 193/193/193 197/197/197 196/196/196
f 193/193/193 196/196/196 192/192/192
f 192/192/192 196/196/196 195/195/195
f 192/192/192 195/195/195 197/197/197
f 192/192/192 197/197/197 194/194/194
f 197/197/197 200/200/200 196/196/196
f 196/196/196 200/200/200 199/199/199
f 196/196/196 199/199/199 195/195/195
f 195/195/195 199/199/199 198/198/198
f 195/195/195 198/198/198 200/200/200
f 195/195/195 200/200/200 197/197/197
f 200/200/200 203/203/203 199/199/199
f 199/199/199 203/203/203 202/202/202
f 199/199/199 202/202/202 198/198/198
f 198/198/198 202/202/202 201/201/201
f 198/198/198 201/201/201 203/203/203
f 198/198/198 203/203/203 200/200/200
f 203/203/203 206/206/206 202/202/202
f 202/202/202 206/206/206 205/205/205
f 202/202/202 205/205/205 201/201/201
f 201/201/201 205/205/205 204/204/204
f 201/201/201 204/204/204 206/206/206
f 201/201/201 206/206/206 203/203/203
f 206/206/206 209/209/209 205/205/205
f 205/205/205 209/209/209 208/208/208
f 205/205/205 208/208/208 204/204/204
f 204/204/204 208/208/208 207/207/207
f 204/204/204 207/207/207 209/209/209
f 204/204/204 209/209/209 206/206/206
f 209/209/209 212/212/212 208/208/208
f 208/208/208 212/212/212 211/211/211
f 208/208/208 211/211/211 207/207/207
f 207/207/207 211/211/211 210/210/210
f 207/207/207 210/210/210 212/212/212
f 207/207/207 212/212/212 209/209/209
f 212/212/212 215/215/215 211/211/211
f 211/211/211 215/215/215 214/214/214
f 211/211/211 214/214/214 210/210/210
f 210/210/210 214/214/214 213/213/213
f 210/210/210 213/213/213 215/215/215
f 210/210/210 215/215/215 212/212/212
f 215/215/215 218/218/218 214/214/214
f 214/214/214 218/218/218 217/217/217
f 214/214/214 217/217/217 213/213/213
f 213/213/213 217/217/217 216/216/216
f 213/213/213 216/216/216 218/218/218
f 213/213/213 218/218/218 215/215/215
f 218/218/218 221/221/221 217/217/217
f 217/217/217 221/221/221 220/220/220
f 217/217/217 220/220/220 216/216/216
f 216/216/216 220/220/220 219/219/219
f 216/216/216 219/219/219 221/221/221
f 216/216/216 221/221/221 218/218/218
f 221/221/221 224/224/224 220/220/220
f 220/220/220 224/224/224 223/223/223
f 220/220/220 223/223/223 219/219/219
f 219/219/219 223/223/223 222/222/222
f 219/219/219 222/222/222 224/224/224
f 219/219/219 224/224/224 221/221/221
f 224/224/224 227/227/227 223/223/223
f 223/223/223 227/227/227 226/226/226
f 223/223/223 226/226/226 222/222/222
f 222/222/222 226/226/226 225/225/225
f 222/222/222 225/225/225 227/227/227
f 222/222/222 227/227/227 224/224/224
f 227/227/227 230/230/230 226/226/226
f 226/226/226 230/230/230 229/229/229
f 226/226/226 229/229/229 225/225/225
f 225/225/225 229/229/229 228/228/228
f 225/225/225 228/228/228 230/230/230
f 225/225/225 230/230/230 227/227/227
f 230/230/230 233/233/233 229/229/229
f 229/229/229 233/233/233 232/232/232
f 229/229/229 232/232/232 228/228/228
f 228/228/228 232/232/232 231/231/231
f 228/228/228 231/231/231 233/233/233
f 228/228/228 233/233/233 230/230/230
f 233/233/233 236/236/236 232/232/232
f 232/232/232 236/236/236 235/235/235
f 232/232/232 235/235/235 231/231/231
f 231/231/231 235/235/235 234/234/234
f 231/231/231 234/234/234 236/236/236
f 231/231/231 236/236/236 233/233/233
f 236/236/236 239/239/239 235/235/235
f 235/235/235 239/239/239 238/238/238
f 235/235/235 238/238/238 234/234/234
f 234/234/234 238/238/238 237/237/237
f 234/234/234 237/237/237 239/239/239
f 234/234/234 239/239/239 236/236/236
f 239/239/239 242/242/242 238/238/238
f 238/238/238 242/242/242 241/241/241
f 238/238/238 241/241/241 237/237/237
f 237/237/237 241/241/241 240/240/240
f 237/237/237 240/240/240 242/242/242
f 237/237/237 242/242/242 239/239/239
f 242/242/242 245/245/245 241/241/241
f 241/241/241 245/245/245 244/244/244
f 241/241/241 244/244/244 240/240/240
f 240/240/240 244/244/244 243/243/243
f 240/240/240 243/243/243 245/245/245
f 240/240/240 245/245/245 242/242/242
f 245/245/245 248/248/248 244/244/244
f 244/244/244 248/248/248 247/247/247
f 244/244/244 247/247/247 243/243/243
f 243/243/243 247/247/247 246/246/246
f 243/243/243 246/246/246 248/248/248
f 243/243/243 248/248/248 245/245/245
f 248/248/248 251/251/251 247/247/247
f 247/247/247 251/251/251 250/250/250
f 247/247/247 250/250/250 246/246/246
f 246/246/246 250/250/250 249/249/249
f 246/246/246 249/249/249 251/251/251
f 246/246/246 251/251/251 248/248/248
f 251/251/251 254/254/254 250/250/250
f 250/250/250 254/254/254 253/253/253
f 250/250/250 253/253/253 249/249/249
f 249/249/249 253/253/253 252/252/252
f 249/249/249 252/252/252 254/254/254
f 249/249/249 254/254/254 251/251/251
f 254/254/254 257/257/257 253/253/253
f 253/253/253 257/257/257 256/256/256
f 253/253/253 256/256/256 252/252/252
f 252/252/252 256/256/256 255/255/255
f 252/252/252 255/255/255 257/257/257
f 252/252/252 257/257/257 254/254/254
f 257/257/257 260/260/260 256/256/256
f 256/256/256 260/260/260 259/259/259
f 256/256/256 259/259/259 255/255/255
f 255/255/255 259/259/259 258/258/258
f 255/255/255 258/258/258 260/260/260
f 255/255/255 260/260/260 257/257/257
f 260/260/260 263/263/263 259/259/259
f 259/259/259 263/263/263 262/262/262
f 259/259/259 262/262/262 258/258/258
f 258/258/258 262/262/262 261/261/261
f 258/258/258 261/261/261 263/263/263
f 258/258/258 263/263/263 260/260/260
f 263/263/263 266/266/266 262/262/262
f 262/262/262 266/266/266 265/265/265
f 262/262/262 265/265/265 261/261/261
f 261/261/261 265/265/265 264/264/264
f 261/261/261 264/264/264 266/266/266
f 261/261/261 266/266/266 263/263/263
f 266/266/266 269/269/269 265/265/265
f 265/265/265 269/269/269 268/268/268
f 265/265/265 268/268/268 264/264/264
f 264/264/264 268/268/268 267/267/267
f 264/264/264 267/267/267 269/269/269
f 264/264/264 269/269/269 266/266/266
f 272/272/272 275/275/275 271/271/271
f 271/271/271 275/275/275 274/274/274
f 271/271/271 274/274/274 270/270/270
f 270/270/270 274/274/274 273/273/273
f 270/270/270 273/273/273 275/275/275
f 270/270/270 275/275/275 272/272/272
f 275/275/275 278/278/278 274/274/274
f 274/274/274 278/278/278 277/277/277
f 274/274/274 277/277/277 273/273/273
f 273/273/273 277/277/277 276/276/276
f 273/273/273 276/276/276 278/278/278
f 273/273/273 278/278/278 275/275/275
f 278/278/278 281/281/281 277/277/277
f 277/277/277 281/281/281 280/280/280
f 277/277/277 280/280/280 276/276/276
f 276/276/276 280/280/280 279/279/279
f 276/276/276 279/279/279 281/281/281
f 276/276/276 281/281/281 278/278/278
f 281/281/281 284/284/284 280/280/280
f 280/280/280 284/284/284 283/283/283
f 280/280/280 283/283/283 279/279/279
f 279/279/279 283/283/283 282/282/282
f 279/279/279 282/282/282 284/284/284
f 279/279/279 284/284/284 281/281/281
f 284/284/284 287/287/287 283/283/283
f 283/283/283 287/287/287 286/286/286
f 283/283/283 286/286/286 282/282/282
f 282/282/282 286/286/286 285/285/285
f 282/282/282 285/285/285 287/287/287
f 282/282/282 287/287/287 284/284/284
f 287/287/287 290/290/290 286/286/286
f 286/286/286 290/290/290 289/289/289
f 286/286/286 289/289/289 285/285/285
f 285/285/285 289/289/289 288/288/288
f 285/285/285 288/288/288 290/290/290
f 285/285/285 290/290/290 287/287/287
f 290/290/290 293/293/293 289/289/289
f 289/289/289 293/293/293 292/292/292
f 289/289/289 292/292/292 288/288/288
f 288/288/288 292/292/292 291/291/291
f 288/288/288 291/291/291 293/293/293
f 288/288/288 293/293/293 290/290/290
f 293/293/293 296/296/296 292/292/292
f 292/292/292 296/296/296 295/295/295
f 292/292/292 295/295/295 291/291/291
f 291/291/291 295/295/295 294/294/294
f 291/291/291 294/294/294 296/296/296
f 291/291/291 296/296/296 293/293/293
f 296/296/296 299/299/299 295/295/295
f 295/295/295 299/299/299 298/298/298
f 295/295/295 298/298/298 294/294/294
f 294/294/294 298/298/298 297/297/297
f 294/294/294 297/297/297 299/299/299
f 294/294/294 299/299/299 296/296/296
f 299/299/299 302/302/302 298/298/298
f 298/298/298 302/302/302 301/301/301
f 298/298/298 301/301/301 297/297/297
f 297/297/297 301/301/301 300/300/300
f 297/297/297 300/300/300 302/302/302
f 297/297/297 302/302/302 299/299/299
f 302/302/302 305/305/305 301/301/301
f 301/301/301 305/305/305 304/304/304
f 301/301/301 304/304/304 300/300/300
f 300/300/300 304/304/304 303/303/303
f 300/300/300 303/303/303 305/305/305
f 300/300/300 305/305/305 302/302/302
f 305/305/305 308/308/308 304/304/304
f 304/304/304 308/308/308 307/307/307
f 304/304/304 307/307/307 303/303/303
f 303/303/303 307/307/307 306/306/306
f 303/303/303 306/306/306 308/308/308
f 303/303/303 308/308/308 305/305/305
f 308/308/308 311/311/311 307/307/307
f 307/307/307 311/311/311 310/310/310
f 307/307/307 310/310/310 306/306/306
f 306/306/306 310/310/310 309/309/309
f 306/306/306 309/309/309 311/311/311
f 306/306/306 311/311/311 308/308/308
f 311/311/311 314/314/314 310/310/310
f 310/310/310 314/314/314 313/313/313
f 310/310/310 313/313/313 309/309/309
f 309/309/309 313/313/313 312/312/312
f 309/309/309 312/312/312 314/314/314
f 309/309/309 314/314/314 311/311/311
f 314/314/314 317/317/317 313/313/313
f 313/313/313 317/317/317 316/316/316
f 313/313/313 316/316/316 312/312/312
f 312/312/312 316/316/316 315/315/315
f 312/312/312 315/315/315 317/317/317
f 312/312/312 317/317/317 314/314/314
f 317/317/317 320/320/320 316/316/316
f 316/316/316 320/320/320 319/319/319
f 316/316/316 319/319/319 315/315/315
f 315/315/315 319/319/319 318/318/318
f 315/315/315 318/318/318 320/320/320
f 315/315/315 320/320/320 317/317/317
f 320/320/320 323/323/323 319/319/319
f 319/319/319 323/323/323 322/322/322
f 319/319/319 322/322/322 318/318/318
f 318/318/318 322/322/322 321/321/321
f 318/318/318 321/321/321 323/323/323
f 318/318/318 323/323/323 320/320/320
f 323/323/323 326/326/326 322/322/322
f 322/322/322 326/326/326 325/325/325
f 322/322/322 325/325/325 321/321/321
f 321/321/321 325/325/325 324/324/324
f 321/321/321 324/324/324 326/326/326
f 321/321/321 326/326/326 323/323/323
f 326/326/326 329/329/329 325/325/325
f 325/325/325 329/329/329 328/328/328
f 325/325/325 328/328/328 324/324/324
f 324/324/324 328/328/328 327/327/327
f 324/324/324 327/327/327 329/329/329
f 324/324/324 329/329/329 326/326/326
f 329/329/329 332/332/332 328/328/328
f 328/328/328 332/332/332 331/331/331
f 328/328/328 331/331/331 327/327/327
f 327/327/327 331/331/331 330/330/330
f 327/327/327 330/330/330 332/332/332
f 327/327/327 332/332/332 329/329/329
f 332/332/332 335/335/335 331/331/331
f 331/331/331 335/335/335 334/334/334
f 331/331/331 334/334/334 330/330/330
f 330/330/330 334/334/334 333/333/333
f 330/330/330 333/333/333 335/335/335
f 330/330/330 335/335/335 332/332/332
f 335/335/335 338/338/338 334/334/334
f 334/334/334 338/338/338 337/337/337
f 334/334/334 337/337/337 333/333/333
f 333/333/333 337/337/337 336/336/336
f 333/333/333 336/336/336 338/338/338
f 333/333/333 338/338/338 335/335/335
f 338/338/338 341/341/341 337/337/337
f 337/337/337 341/341/341 340/340/340
f 337/337/337 340/340/340 336/336/336
f 336/336/336 340/340/340 339/339/339
f 336/336/336 339/339/339 341/341/341
f 336/336/336 341/341/341 338/338/338
f 341/341/341 344/344/344 340/340/340
f 340/340/340 344/344/344 343/343/343
f 340/340/340 343/343/343 339/339/339
f 339/339/339 343/343/343 342/342/342
f 339/339/339 342/342/342 344/344/344
f 339/339/339 344/344/344 341/341/341
f 344/344/344 347/347/347 343/343/343
f 343/343/343 347/347/347 346/346/346
f 343/343/343 346/346/346 342/342/342
f 342/342/342 346/346/346 345/345/345
f 342/342/342 345/345/345 347/347/347
f 342/342/342 347/347/347 344/344/344
f 347/347/347 350/350/350 346/346/346
f 346/346/346 350/350/350 349/349/349
f 346/346/346 349/349/349 345/345/345
f 345/345/345 349/349/349 348/348/348
f 345/345/345 348/348/348 350/350/350
f 345/345/345 350/350/350 347/347/347
f 350/350/350 353/353/353 349/349/349
f 349/349/349 353/353/353 352/352/352
f 349/349/349 352/352/352 348/348/348
f 348/348/348 352/352/352 351/351/351
f 348/348/348 351/351/351 353/353/353
f 348/348/348 353/353/353 350/350/350
f 353/353/353 356/356/356 352/352/352
f 352/352/352 356/356/356 355/355/355
f 352/352/352 355/355/355 351/351/351
f 351/351/351 355/355/355 354/354/354
f 351/351/351 354/354/354 356/356/356
f 351/351/351 356/356/356 353/353/353
f 356/356/356 359/359/359 355/355/355
f 355/355/355 359/359/359 358/358/358
f 355/355/355 358/358/358 354/354/354
f 354/354/354 358/358/358 357/357/357
f 354/354/354 357/357/357 359/359/359
f 354/354/354 359/359/359 356/356/356
f 359/359/359 362/362/362 358/358/358
f 358/358/358 362/362/362 361/361/361
f 358/358/358 361/361/361 357/357/357
f 357/357/357 361/361/361 360/360/360
f 357/357/357 360/360/360 362/362/362
f 357/357/357 362/362/362 359/359/359
f 362/362/362 365/365/365 361/361/361
f 361/361/361 365/365/365 364/364/364
f 361/361/361 364/364/364 360/360/360
f 360/360/360 364/364/364 363/363/363
f 360/360/360 363/363/363 365/365/365
f 360/360/360 365/365/365 362/362/362
f 365/365/365 368/368/368 364/364/364
f 364/364/364 368/368/368 367/367/367
f 364/364/364 367/367/367 363/363/363
f 363/363/363 367/367/367 366/366/366
f 363/363/363 366/366/366 368/368/368
f 363/363/363 368/368/368 365/365/365
f 368/368/368 371/371/371 367/367/367
f 367/367/367 371/371/371 370/370/370
f 367/367/367 370/370/370 366/366/366
f 366/366/366 370/370/370 369/369/369
f 366/366/366 369/369/369 371/371/371
f 366/366/366 371/371/371 368/368/368
f 371/371/371 374/374/374 370/370/370
f 370/370/370 374/374/374 373/373/373
f 370/370/370 373/373/373 369/369/369
f 369/369/369 373/373/373 372/372/372
f 369/369/369 372/372/372 374/374/374
f 369/369/369 374/374/374 371/371/371
f 374/374/374 377/377/377 373/373/373
f 373/373/373 377/377/377 376/376/376
f 373/373/373 376/376/376 372/372/372
f 372/372/372 376/376/376 375/375/375
f 372/372/372 375/375/375 377/377/377
f 372/372/372 377/377/377 374/374/374
f 377/377/377 380/380/380 376/376/376
f 376/376/376 380/380/380 379/379/379
f 376/376/376 379/379/379 375/375/375
f 375/375/375 379/379/379 378/378/378
f 375/375/375 378/378/378 380/380/380
f 375/375/375 380/380/380 377/377/377
f 380/380/380 383/383/383 379/379/379
f 379/379/379 383/383/383 382/382/382
f 379/379/379 382/382/382 378/378/378
f 378/378/378 382/382/382 381/381/381
f 378/378/378 381/381/381 383/383/383
f 378/378/378 383/383/383 380/380/380
f 383/383/383 386/386/386 382/382/382
f 382/382/382 386/386/386 385/385/385
f 382/382/382 385/385/385 381/381/381
f 381/381/381 385/385/385 384/384/384
f 381/381/381 384/384/384 386/386/386
f 381/381/381 386/386/386 383/383/383
f 386/386/386 389/389/389 385/385/385
f 385/385/385 389/389/389 388/388/388
f 385/385/385 388/388/388 384/384/384
f 384/384/384 388/388/388 387/387/387
f 384/384/384 387/387/387 389/389/389
f 384/384/384 389/389/389 386/386/386
f 389/389/389 392/392/392 388/388/388
f 388/388/388 392/392/392 391/391/391
f 388/388/388 391/391/391 387/387/387
f 387/387/387 391/391/391 390/390/390
f 387/387/387 390/390/390 392/392/392
f 387/387/387 392/392/392 389/389/389
f 392/392/392 395/395/395 391/391/391
f 391/391/391 395/395/395 394/394/394
f 391/391/391 394/394/394 390/390/390
f 390/390/390 394/394/394 393/393/393
f 390/390/390 393/393/393 395/395/395
f 390/390/390 395/395/395 392/392/392
f 395/395/395 398/398/398 394/394/394
f 394/394/394 398/398/398 397/397/397
f 394/394/394 397/397/397 393/393/393
f 393/393/393 397/397/397 396/396/396
f 393/393/393 396/396/396 398/398/398
f 393/393/393 398/398/398 395/395/395
f 398/398/398 401/401/401 397/397/397
f 397/397/397 401/401/401 400/400/400
f 397/397/397 400/400/400 396/396/396
f 396/396/396 400/400/400 399/399/399
f 396/396/396 399/399/399 401/401/401
f 396/396/396 401/401/401 398/398/398
f 404/404/404 407/407/407 403/403/403
f 403/403/403 407/407/407 406/406/406
f 403/403/403 406/406/406 402/402/402
f 402/402/402 406/406/406 405/405/405
f 402/402/402 405/405/405 407/407/407
f 402/402/402 407/407/407 404/404/404
f 407/407/407 410/410/410 406/406/406
f 406/406/406 410/410/410 409/409/409
f 406/406/406 409/409/409 405/405/405
f 405/405/405 409/409/409 408/408/408
f 405/405/405 408/408/408 410/410/410
f 405/405/405 410/410/410 407/407/407
f 410/410/410 413/413/413 409/409/409
f 409/409/409 413/413/413 412/412/412
f 409/409/409 412/412/412 408/408/408
f 408/408/408 412/412/412 411/411/411
f 408/408/408 411/411/411 413/413/413
f 408/408/408 413/413/413 410/410/410
f 413/413/413 416/416/416 412/412/412
f 412/412/412 416/416/416 415/415/415
f 412/412/412 415/415/415 411/411/411
f 411/411/411 415/415/415 414/414/414
f 411/411/411 414/414/414 416/416/416
f 411/411/411 416/416/416 413/413/413
f 416/416/416 419/419/419 415/415/415
f 415/415/415 419/419/419 418/418/418
f 415/415/415 418/418/418 414/414/414
f 414/414/414 418/418/418 417/417/417
f 414/414/414 417/417/417 419/419/419
f 414/414/414 419/419/419 416/416/416
f 419/419/419 422/422/422 418/418/418
f 418/418/418 422/422/422 421/421/421
f 418/418/418 421/421/421 417/417/417
f 417/417/417 421/421/421 420/420/420
f 417/417/417 420/420/420 422/422/422
f 417/417/417 422/422/422 419/419/419
f 422/422/422 425/425/425 421/421/421
f 421/421/421 425/425/425 424/424/424
f 421/421/421 424/424/424 420/420/420
f 420/420/420 424/424/424 423/423/423
f 420/420/420 423/423/423 425/425/425
f 420/420/420 425/425/425 422/422/422
f 425/425/425 428/428/428 424/424/424
f 424/424/424 428/428/428 427/427/427
f 424/424/424 427/427/427 423/423/423
f 423/423/423 427/427/427 426/426/426
f 423/423/423 426/426/426 428/428/428
f 423/423/423 428/428/428 425/425/425
f 428/428/428 431/431/431 427/427/427
f 427/427/427 431/431/431 430/430/430
f 427/427/427 430/430/430 426/426/426
f 426/426/426 430/430/430 429/429/429
f 426/426/426 429/429/429 431/431/431
f 426/426/426 431/431/431 428/428/428
f 431/431/431 434/434/434 430/430/430
f 430/430/430 434/434/434 433/433/433
f 430/430/430 433/433/433 429/429/429
f 429/429/429 433/433/433 432/432/432
f 429/429/429 432/432/432 434/434/434
f 429/429/429 434/434/434 431/431/431
f 434/434/434 437/437/437 433/433/433
f 433/433/433 437/437/437 436/436/436
f 433/433/433 436/436/436 432/432/432
f 432/432/432 436/436/436 435/435/435
f 432/432/432 435/435/435 437/437/437
f 432/432/432 437/437/437 434/434/434
f 437/437/437 440/440/440 436/436/436
f 436/436/436 440/440/440 439/439/439
f 436/436/436 439/439/439 435/435/435
f 435/435/435 439/439/439 438/438/438
f 435/435/435 438/438/438 440/440/440
f 435/435/435 440/440/440 437/437/437
f 440/440/440 443/443/443 439/439/439
f 439/439/439 443/443/443 442/442/442
f 439/439/439 442/442/442 438/438/438
f 438/438/438 442/442/442 441/441/441
f 438/438/438 441/441/441 443/443/443
f 438/438/438 443/443/443 440/440/440
f 443/443/443 446/446/446 442/442/442
f 442/442/442 446/446/446 445/445/445
f 442/442/442 445/445/445 441/441/441
f 441/441/441 445/445/445 444/444/444
f 441/441/441 444/444/444 446/446/446
f 441/441/441 446/446/446 443/443/443
f 446/446/446 449/449/449 445/445/445
f 445/445/445 449/449/449 448/448/448
f 445/445/445 448/448/448 444/444/444
f 444/444/444 448/448/448 447/447/447
f 444/444/444 447/447/447 449/449/449
f 444/444/444 449/449/449 446/446/446
f 449/449/449 452/452/452 448/448/448
f 448/448/448 452/452/452 451/451/451
f 448/448/448 451/451/451 447/447/447
f 447/447/447 451/451/451 450/450/450
f 447/447/447 450/450/450 452/452/452
f 447/447/447 452/452/452 449/449/449
f 452/452/452 455/455/455 451/451/451
f 451/451/451 455/455/455 454/454/454
f 451/451/451 454/454/454 450/450/450
f 450/450/450 454/454/454 453/453/453
f 450/450/450 453/453/453 455/455/455
f 450/450/450 455/455/455 452/452/452
f 455/455/455 458/458/458 454/454/454
f 454/454/454 458/458/458 457/457/457
f 454/454/454 457/457/457 453/453/453
f 453/453/453 457/457/457 456/456/456
f 453/453/453 456/456/456 458/458/458
f 453/453/453 458/458/458 455/455/455
f 458/458/458 461/461/461 457/457/457
f 457/457/457 461/461/461 460/460/460
f 457/457/457 460/460/460 456/456/456
f 456/456/456 460/460/460 459/459/459
f 456/456/456 459/459/459 461/461/461
f 456/456/456 461/461/461 458/458/458
f 461/461/461 464/464/464 460/460/460
f 460/460/460 464/464/464 463/463/463
f 460/460/460 463/463/463 459/459/459
f 459/459/459 463/463/463 462/462/462
f 459/459/459 462/462/462 464/464/464
f 459/459/459 464/464/464 461/461/461
f 464/464/464 467/467/467 463/463/463
f 463/463/463 467/467/467 466/466/466
f 463/463/463 466/466/466 462/462/462
f 462/462/462 466/466/466 465/465/465
f 462/462/462 465/465/465 467/467/467
f 462/462/462 467/467/467 464/464/464
f 467/467/467 470/470/470 466/466/466
f 466/466/466 470/470/470 469/469/469
f 466/466/466 469/469/469 465/465/465
f 465/465/465 469/469/469 468/468/468
f 465/465/465 468/468/468 470/470/470
f 465/465/465 470/470/470 467/467/467
f 470/470/470 473/473/473 469/469/469
f 469/469/469 473/473/473 472/472/472
f 469/469/469 472/472/472 468/468/468
f 468/468/468 472/472/472 471/471/471
f 468/468/468 471/471/471 473/473/473
f 468/468/468 473/473/473 470/470/470
f 473/473/473 476/476/476 472/472/472
f 472/472/472 476/476/476 475/475/475
f 472/472/472 475/475/475 471/471/471
f 471/471/471 475/475/475 474/474/474
f 471/471/471 474/474/474 476/476/476
f 471/471/471 476/476/476 473/473/473
f 476/476/476 479/479/479 475/475/475
f 475/475/475 479/479/479 478/478/478
f 475/475/475 478/478/478 474/474/474
f 474/474/474 478/478/478 477/477/477
f 474/474/474 477/477/477 479/479/479
f 474/474/474 479/479/479 476/476/476
f 479/479/479 482/482/482 478/478/478
f 478/478/478 482/482/482 481/481/481
f 478/478/478 481/481/481 477/477/477
f 477/477/477 481/481/481 480/480/480
f 477/477/477 480/480/480 482/482/482
f 477/477/477 482/482/482 479/479/479
f 482/482/482 485/485/485 481/481/481
f 481/481/481 485/485/485 484/484/484
f 481/481/481 484/484/484 480/480/480
f 480/480/480 484/484/484 483/483/483
f 480/480/480 483/483/483 485/485/485
f 480/480/480 485/485/485 482/482/482
f 485/485/485 488/488/488 484/484/484
f 484/484/484 488/488/488 487/487/487
f 484/484/484 487/487/487 483/483/483
f 483/483/483 487/487/487 486/486/486
f 483/483/483 486/486/486 488/488/488
f 483/483/483 488/488/488 485/485/485
f 488/488/488 491/491/491 487/487/487
f 487/487/487 491/491/491 490/490/490
f 487/487/487 490/490/490 486/486/486
f 486/486/486 490/490/490 489/489/489
f 486/486/486 489/489/489 491/491/491
f 486/486/486 491/491/491 488/488/488
f 491/491/491 494/494/494 490/490/490
f 490/490/490 494/494/494 493/493/493
f 490/490/490 493/493/493 489/489/489
f 489/489/489 493/493/493 492/492/492
f 489/489/489 492/492/492 494/494/494
f 489/489/489 494/494/494 491/491/491
f 494/494/494 497/497/497 493/493/493
f 493/493/493 497/497/497 496/496/496
f 493/493/493 496/496/496 492/492/492
f 492/492/492 496/496/496 495/495/495
f 492/492/492 495/495/495 497/497/497
f 492/492/492 497/497/497 494/494/494
f 497/497/497 500/500/500 496/496/496
f 496/496/496 500/500/500 499/499/499
f 496/496/496 499/499/499 495/495/495
f 495/495/495 499/499/499 498/498/498
f 495/495/495 498/498/498 500/500/500
f 495/495/495 500/500/500 497/497/497
f 500/500/500 503/503/503 499/499/499
f 499/499/499 503/503/503 502/502/502
f 499/499/499 502/502/502 498/498/498
f 498/498/498 502/502/502 501/501/501
f 498/498/498 501/501/501 503/503/503
f 498/498/498 503/503/503 500/500/500
f 503/503/503 506/506/506 502/502/502
f 502/502/502 506/506/506 505/505/505
f 502/502/502 505/505/505 501/501/501
f 501/501/501 505/505/505 504/504/504
f 501/501/501 504/504/504 506/506/506
f 501/501/501 506/506/506 503/503/503
f 506/506/506 509/509/509 505/505/505
f 505/505/505 509/509/509 508/508/508
f 505/505/505 508/508/508 504/504/504
f 504/504/504 508/508/508 507/507/507
f 504/504/504 507/507/507 509/509/509
f 504/504/504 509/509/509 506/506/506
f 509/509/509 512/512/512 508/508/508
f 508/508/508 512/512/512 511/511/511
f 508/508/508 511/511/511 507/507/507
f 507/507/507 511/511/511 510/510/510
f 507/507/507 510/510/510 512/512/512
f 507/507/507 512/512/512 509/509/509
f 512/512/512 515/515/515 511/511/511
f 511/511/511 515/515/515 514/514/514
f 511/511/511 514/514/514 510/510/510
f 510/510/510 514/514/514 513/513/513
f 510/510/510 513/513/513 515/515/515
f 510/510/510 515/515/515 512/512/512
f 515/515/515 518/518/518 514/514/514
f 514/514/514 518/518/518 517/517/517
f 514/514/514 517/517/517 513/513/513
f 513/513/513 517/517/517 516/516/516
f 513/513/513 516/516/516 518/518/518
f 513/513/513 518/518/518 515/515/515
f 518/518/518 521/521/521 517/517/517
f 517/517/517 521/521/521 520/520/520
f 517/517/517 520/520/520 516/516/516
f 516/516/516 520/520/520 519/519/519
f 516/516/516 519/519/519 521/521/521
f 516/516/516 521/521/521 518/518/518
f 521/521/521 524/524/524 520/520/520
f 520/520/520 524/524/524 523/523/523
f 520/520/520 523/523/523 519/519/519
f 519/519/519 523/523/523 522/522/522
f 519/519/519 522/522/522 524/524/524
f 519/519/519 524/524/524 521/521/521
f 524/524/524 527/527/527 523/523/523
f 523/523/523 527/527/527 526/526/526
f 523/523/523 526/526/526 522/522/522
f 522/522/522 526/526/526 525/525/525
f 522/522/522 525/525/525 527/527/527
f 522/522/522 527/527/527 524/524/524
f 527/527/527 530/530/530 526/526/526
f 526/526/526 530/530/530 529/529/529
f 526/526/526 529/529/529 525/525/525
f 525/525/525 529/529/529 528/528/528
f 525/525/525 528/528/528 530/530/530
f 525/525/525 530/530/530 527/527/527
f 533/533/533 536/536/536 532/532/532
f 532/532/532 536/536/536 535/535/535
f 532/532/532 535/535/535 531/531/531
f 531/531/531 535/535/535 534/534/534
f 531/531/531 534/534/534 536/536/536
f 531/531/531 536/536/536 533/533/533
f 536/536/536 539/539/539 535/535/535
f 535/535/535 539/539/539 538/538/538
f 535/535/535 538/538/538 534/534/534
f 534/534/534 538/538/538 537/537/537
f 534/534/534 537/537/537 539/539/539
f 534/534/534 539/539/539 536/536/536
f 539/539/539 542/542/542 538/538/538
f 538/538/538 542/542/542 541/541/541
f 538/538/538 541/541/541 537/537/537
f 537/537/537 541/541/541 540/540/540
f 537/537/537 540/540/540 542/542/542
f 537/537/537 542/542/542 539/539/539
f 542/542/542 545/545/545 541/541/541
f 541/541/541 545/545/545 544/544/544
f 541/541/541 544/544/544 540/540/540
f 540/540/540 544/544/544 543/543/543
f 540/540/540 543/543/543 545/545/545
f 540/540/540 545/545/545 542/542/542
f 545/545/545 548/548/548 544/544/544
f 544/544/544 548/548/548 547/547/547
f 544/544/544 547/547/547 543/543/543
f 543/543/543 547/547/547 546/546/546
f 543/543/543 546/546/546 548/548/548
f 543/543/543 548/548/548 545/545/545
f 548/548/548 551/551/551 547/547/547
f 547/547/547 551/551/551 550/550/550
f 547/547/547 550/550/550 546/546/546
f 546/546/546 550/550/550 549/549/549
f 546/546/546 549/549/549 551/551/551
f 546/546/546 551/551/551 548/548/548
f 551/551/551 554/554/554 550/550/550
f 550/550/550 554/554/554 553/553/553
f 550/550/550 553/553/553 549/549/549
f 549/549/549 553/553/553 552/552/552
f 549/549/549 552/552/552 554/554/554
f 549/549/549 554/554/554 551/551/551
f 554/554/554 557/557/557 553/553/553
f 553/553/553 557/557/557 556/556/556
f 553/553/553 556/556/556 552/552/552
f 552/552/552 556/556/556 555/555/555
f 552/552/552 555/555/555 557/557/557
f 552/552/552 557/557/557 554/554/554
f 557/557/557 560/560/560 556/556/556
f 556/556/556 560/560/560 559/559/559
f 556/556/556 559/559/559 555/555/555
f 555/555/555 559/559/559 558/558/558
f 555/555/555 558/558/558 560/560/560
f 555/555/555 560/560/560 557/557/557
f 560/560/560 563/563/563 559/559/559
f 559/559/559 563/563/563 562/562/562
f 559/559/559 562/562/562 558/558/558
f 558/558/558 562/562/562 561/561/561
f 558/558/558 561/561/561 563/563/563
f 558/558/558 563/563/563 560/560/560
f 563/563/563 566/566/566 562/562/562
f 562/562/562 566/566/566 565/565/565
f 562/562/562 565/565/565 561/561/561
f 561/561/561 565/565/565 564/564/564
f 561/561/561 564/564/564 566/566/566
f 561/561/561 566/566/566 563/563/563
f 566/566/566 569/569/569 565/565/565
f 565/565/565 569/569/569 568/568/568
f 565/565/565 568/568/568 564/564/564
f 564/564/564 568/568/568 567/567/567
f 564/564/564 567/567/567 569/569/569
f 564/564/564 569/569/569 566/566/566
f 569/569/569 572/572/572 568/568/568
f 568/568/568 572/572/572 571/571/571
f 568/568/568 571/571/571 567/567/567
f 567/567/567 571/571/571 570/570/570
f 567/567/567 570/570/570 572/572/572
f 567/567/567 572/572/572 569/569/569
f 572/572/572 575/575/575 571/571/571
f 571/571/571 575/575/575 574/574/574
f 571/571/571 574/574/574 570/570/570
f 570/570/570 574/574/574 573/573/573
f 570/570/570 573/573/573 575/575/575
f 570/570/570 575/575/575 572/572/572
f 575/575/575 578/578/578 574/574/574
f 574/574/574 578/578/578 577/577/577
f 574/574/574 577/577/577 573/573/573
f 573/573/573 577/577/577 576/576/576
f 573/573/573 576/576/576 578/578/578
f 573/573/573 578/578/578 575/575/575
f 578/578/578 581/581/581 577/577/577
f 577/577/577 581/581/581 580/580/580
f 577/577/577 580/580/580 576/576/576
f 576/576/576 580/580/580 579/579/579
f 576/576/576 579/579/579 581/581/581
f 576/576/576 581/581/581 578/578/578
f 581/581/581 584/584/584 580/580/580
f 580/580/580 584/584/584 583/583/583
f 580/580/580 583/583/583 579/579/579
f 579/579/579 583/583/583 582/582/582
f 579/579/579 582/582/582 584/584/584
f 579/579/579 584/584/584 581/581/581
f 584/584/584 587/587/587 583/583/583
f 583/583/583 587/587/587 586/586/586
f 583/583/583 586/586/586 582/582/582
f 582/582/582 586/586/586 585/585/585
f 582/582/582 585/585/585 587/587/587
f 582/582/582 587/587/587 584/584/584
f 587/587/587 590/590/590 586/586/586
f 586/586/586 590/590/590 589/589/589
f 586/586/586 589/589/589 585/585/585
f 585/585/585 589/589/589 588/588/588
f 585/585/585 588/588/588 590/590/590
f 585/585/585 590/590/590 587/587/587
f 590/590/590 593/593/593 589/589/589
f 589/589/589 593/593/593 592/592/592
f 589/589/589 592/592/592 588/588/588
f 588/588/588 592/592/592 591/591/591
f 588/588/588 591/591/591 593/593/593
f 588/588/588 593/593/593 590/590/590
f 593/593/593 596/596/596 592/592/592
f 592/592/592 596/596/596 595/595/595
f 592/592/592 595/595/595 591/591/591
f 591/591/591 595/595/595 594/594/594
f 591/591/591 594/594/594 596/596/596
f 591/591/591 596/596/596 593/593/593
f 596/596/596 599/599/599 595/595/595
f 595/595/595 599/599/599 598/598/598
f 595/595/595 598/598/598 594/594/594
f 594/594/594 598/598/598 597/597/597
f 594/594/594 597/597/597 599/599/599
f 594/594/594 599/599/599 596/596/596
f 599/599/599 602/602/602 598/598/598
f 598/598/598 602/602/602 601/601/601
f 598/598/598 601/601/601 597/597/597
f 597/597/597 601/601/601 600/600/600
f 597/597/597 600/600/600 602/602/602
f 597/597/597 602/602/602 599/599/599
f 602/602/602 605/605/605 601/601/601
f 601/601/601 605/605/605 604/604/604
f 601/601/601 604/604/604 600/600/600
f 600/600/600 604/604/604 603/603/603
f 600/600/600 603/603/603 605/605/605
f 600/600/600 605/605/605 602/602/602
f 605/605/605 608/608/608 604/604/604
f 604/604/604 608/608/608 607/607/607
f 604/604/604 607/607/607 603/603/603
f 603/603/603 607/607/607 606/606/606
f 603/603/603 606/606/606 608/608/608
f 603/603/603 608/608/608 605/605/605
f 608/608/608 611/611/611 607/607/607
f 607/607/607 611/611/611 610/610/610
f 607/607/607 610/610/610 606/606/606
f 606/606/606 610/610/610 609/609/609
f 606/606/606 609/609/609 611/611/611
f 606/606/606 611/611/611 608/608/608
f 611/611/611 614/614/614 610/610/610
f 610/610/610 614/614/614 613/613/613
f 610/610/610 613/613/613 609/609/609
f 609/609/609 613/613/613 612/612/612
f 609/609/609 612/612/612 614/614/614
f 609/609/609 614/614/614 611/611/611
f 614/614/614 617/617/617 613/613/613
f 613/613/613 617/617/617 616/616/616
f 613/613/613 616/616/616 612/612/612
f 612/612/612 616/616/616 615/615/615
f 612/612/612 615/615/615 617/617/617
f 612/612/612 617/617/617 614/614/614
f 617/617/617 620/620/620 616/616/616
f 616/616/616 620/620/620 619/619/619
f 616/616/616 619/619/619 615/615/615
f 615/615/615 619/619/619 618/618/618
f 615/615/615 618/618/618 620/620/620
f 615/615/615 620/620/620 617/617/617
f 620/620/620 623/623/623 619/619/619
f 619/619/619 623/623/623 622/622/622
f 619/619/619 622/622/622 618/618/618
f 618/618/618 622/622/622 621/621/621
f 618/618/618 621/621/621 623/623/623
f 618/618/618 623/623/623 620/620/620
f 623/623/623 626/626/626 622/622/622
f 622/622/622 626/626/626 625/625/625
f 622/622/622 625/625/625 621/621/621
f 621/621/621 625/625/625 624/624/624
f 621/621/621 624/624/624 626/626/626
f 621/621/621 626/626/626 623/623/623
f 626/626/626 629/629/629 625/625/625
f 625/625/625 629/629/629 628/628/628
f 625/625/625 628/628/628 624/624/624
f 624/624/624 628/628/628 627/627/627
f 624/624/624 627/627/627 629/629/629
f 624/624/624 629/629/629 626/626/626
f 629/629/629 632/632/632 628/628/628
f 628/628/628 632/632/632 631/631/631
f 628/628/628 631/631/631 627/627/627
f 627/627/627 631/631/631 630/630/630
f 627/627/627 630/630/630 632/632/632
f 627/627/627 632/632/632 629/629/629
f 632/632/632 635/635/635 631/631/631
f 631/631/631 635/635/635 634/634/634
f 631/631/631 634/634/634 630/630/630
f 630/630/630 634/634/634 633/633/633
f 630/630/630 633/633/633 635/635/635
f 630/630/630 635/635/635 632/632/632
f 635/635/635 638/638/638 634/634/634
f 634/634/634 638/638/638 637/637/637
f 634/634/634 637/637/637 633/633/633
f 633/633/633 637/637/637 636/636/636
f 633/633/633 636/636/636 638/638/638
f 633/633/633 638/638/638 635/635/635
f 638/638/638 641/641/641 637/637/637
f 637/637/637 641/641/641 640/640/640
f 637/637/637 640/640/640 636/636/636
f 636/636/636 640/640/640 639/639/639
f 636/636/636 639/639/639 641/641/641
f 636/636/636 641/641/641 638/638/638
f 641/641/641 644/644/644 640/640/640
f 640/640/640 644/644/644 643/643/643
f 640/640/640 643/643/643 639/639/639
f 639/639/639 643/643/643 642/642/642
f 639/639/639 642/642/642 644/644/644
f 639/639/639 644/644/644 641/641/641
f 644/644/644 647/647/647 643/643/643
f 643/643/643 647/647/647 646/646/646
f 643/643/643 646/646/646 642/642/642
f 642/642/642 646/646/646 645/645/645
f 642/642/642 645/645/645 647/647/647
f 642/642/642 647/647/647 644/644/644
f 647/647/647 650/650/650 646/646/646
f 646/646/646 650/650/650 649/649/649
f 646/646/646 649/649/649 645/645/645
f 645/645/645 649/649/649 648/648/648
f 645/645/645 648/648/648 650/650/650
f 645/645/645 650/650/650 647/647/647
f 650/650/650 653/653/653 649/649/649
f 649/649/649 653/653/653 652/652/652
f 649/649/649 652/652/652 648/648/648
f 648/648/648 652/652/652 651/651/651
f 648/648/648 651/651/651 653/653/653
f 648/648/648 653/653/653 650/650/650
f 653/653/653 656/656/656 652/652/652
f 652/652/652 656/656/656 655/655/655
f 652/652/652 655/655/655 651/651/651
f 651/651/651 655/655/655 654/654/654
f 651/651/651 654/654/654 656/656/656
f 651/651/651 656/656/656 653/653/653
f 659/659/659 662/662/662 658/658/658
f 658/658/658 662/662/662 661/661/661
f 658/658/658 661/661/661 657/657/657
f 657/657/657 661/661/661 660/660/660
f 657/657/657 660/660/660 662/662/662
f 657/657/657 662/662/662 659/659/659
f 662/662/662 665/665/665 661/661/661
f 661/661/661 665/665/665 664/664/664
f 661/661/661 664/664/664 660/660/660
f 660/660/660 664/664/664 663/663/663
f 660/660/660 663/663/663 665/665/665
f 660/660/660 665/665/665 662/662/662
f 665/665/665 668/668/668 664/664/664
f 664/664/664 668/668/668 667/667/667
f 664/664/664 667/667/667 663/663/663
f 663/663/663 667/667/667 666/666/666
f 663/663/663 666/666/666 668/668/668
f 663/663/663 668/668/668 665/665/665
f 668/668/668 671/671/671 667/667/667
f 667/667/667 671/671/671 670/670/670
f 667/667/667 670/670/670 666/666/666
f 666/666/666 670/670/670 669/669/669
f 666/666/666 669/669/669 671/671/671
f 666/666/666 671/671/671 668/668/668
f 671/671/671 674/674/674 670/670/670
f 670/670/670 674/674/674 673/673/673
f 670/670/670 673/673/673 669/669/669
f 669/669/669 673/673/673 672/672/672
f 669/669/669 672/672/672 674/674/674
f 669/669/669 674/674/674 671/671/671
f 674/674/674 677/677/677 673/673/673
f 673/673/673 677/677/677 676/676/676
f 673/673/673 676/676/676 672/672/672
f 672/672/672 676/676/676 675/675/675
f 672/672/672 675/675/675 677/677/677
f 672/672/672 677/677/677 674/674/674
f 677/677/677 680/680/680 676/676/676
f 676/676/676 680/680/680 679/679/679
f 676/676/676 679/679/679 675/675/675
f 675/675/675 679/679/679 678/678/678
f 675/675/675 678/678/678 680/680/680
f 675/675/675 680/680/680 677/677/677
f 680/680/680 683/683/683 679/679/679
f 679/679/679 683/683/683 682/682/682
f 679/679/679 682/682/682 678/678/678
f 678/678/678 682/682/682 681/681/681
f 678/678/678 681/681/681 683/683/683
f 678/678/678 683/683/683 680/680/680
f 683/683/683 686/686/686 682/682/682
f 682/682/682 686/686/686 685/685/685
f 682/682/682 685/685/685 681/681/681
f 681/681/681 685/685/685 684/684/684
f 681/681/681 684/684/684 686/686/686
f 681/681/681 686/686/686 683/683/683
f 686/686/686 689/689/689 685/685/685
f 685/685/685 689/689/689 688/688/688
f 685/685/685 688/688/688 684/684/684
f 684/684/684 688/688/688 687/687/687
f 684/684/684 687/687/687 689/689/689
f 684/684/684 689/689/689 686/686/686
f 689/689/689 692/692/692 688/688/688
f 688/688/688 692/692/692 691/691/691
f 688/688/688 691/691/691 687/687/687
f 687/687/687 691/691/691 690/690/690
f 687/687/687 690/690/690 692/692/692
f 687/687/687 692/692/692 689/689/689
f 692/692/692 695/695/695 691/691/691
f 691/691/691 695/695/695 694/694/694
f 691/691/691 694/694/694 690/690/690
f 690/690/690 694/694/694 693/693/693
f 690/690/690 693/693/693 695/695/695
f 690/690/690 695/695/695 692/692/692
f 695/695/695 698/698/698 694/694/694
f 694/694/694 698/698/698 697/697/697
f 694/694/694 697/697/697 693/693/693
f 693/693/693 697/697/697 696/696/696
f 693/693/693 696/696/696 698/698/698
f 693/693/693 698/698/698 695/695/695
f 698/698/698 701/701/701 697/697/697
f 697/697/697 701/701/701 700/700/700
f 697/697/697 700/700/700 696/696/696
f 696/696/696 700/700/700 699/699/699
f 696/696/696 699/699/699 701/701/701
f 696/696/696 701/701/701 698/698/698
f 701/701/701 704/704/704 700/700/700
f 700/700/700 704/704/704 703/703/703
f 700/700/700 703/703/703 699/699/699
f 699/699/699 703/703/703 702/702/702
f 699/699/699 702/702/702 704/704/704
f 699/699/699 704/704/704 701/701/701
f 704/704/704 707/707/707 703/703/703
f 703/703/703 707/707/707 706/706/706
f 703/703/703 706/706/706 702/702/702
f 702/702/702 706/706/706 705/705/705
f 702/702/702 705/705/705 707/707/707
f 702/702/702 707/707/707 704/704/704
f 707/707/707 710/710/710 706/706/706
f 706/706/706 710/710/710 709/709/709
f 706/706/706 709/709/709 705/705/705
f 705/705/705 709/709/709 708/708/708
f 705/705/705 708/708/708 710/710/710
f 705/705/705 710/710/710 707/707/707
f 710/710/710 713/713/713 709/709/709
f 709/709/709 713/713/713 712/712/712
f 709/709/709 712/712/712 708/708/708
f 708/708/708 712/712/712 711/711/711
f 708/708/708 711/711/711 713/713/713
f 708/708/708 713/713/713 710/710/710
f 713/713/713 716/716/716 712/712/712
f 712/712/712 716/716/716 715/715/715
f 712/712/712 715/715/715 711/711/711
f 711/711/711 715/715/715 714/714/714
f 711/711/711 714/714/714 716/716/716
f 711/711/711 716/716/716 713/713/713
f 716/716/716 719/719/719 715/715/715
f 715/715/715 719/719/719 718/718/718
f 715/715/715 718/718/718 714/714/714
f 714/714/714 718/718/718 717/717/717
f 714/714/714 717/717/717 719/719/719
f 714/714/714 719/719/719 716/716/716
f 719/719/719 722/722/722 718/718/718
f 718/718/718 722/722/722 721/721/721
f 718/718/718 721/721/721 717/717/717
f 717/717/717 721/721/721 720/720/720
f 717/717/717 720/720/720 722/722/722
f 717/717/717 722/722/722 719/719/719
f 722/722/722 725/725/725 721/721/721
f 721/721/721 725/725/725 724/724/724
f 721/721/721 724/724/724 720/720/720
f 720/720/720 724/724/724 723/723/723
f 720/720/720 723/723/723 725/725/725
f 720/720/720 725/725/725 722/722/722
f 725/725/725 728/728/728 724/724/724
f 724/724/724 728/728/728 727/727/727
f 724/724/724 727/727/727 723/723/723
f 723/723/723 727/727/727 726/726/726
f 723/723/723 726/726/726 728/728/728
f 723/723/723 728/728/728 725/725/725
f 728/728/728 731/731/731 727/727/727
f 727/727/727 731/731/731 730/730/730
f 727/727/727 730/730/730 726/726/726
f 726/726/726 730/730/730 729/729/729
f 726/726/726 729/729/729 731/731/731
f 726/726/726 731/731/731 728/728/728
f 731/731/731 734/734/734 730/730/730
f 730/730/730 734/734/734 733/733/733
f 730/730/730 733/733/733 729/729/729
f 729/729/729 733/733/733 732/732/732
f 729/729/729 732/732/732 734/734/734
f 729/729/729 734/734/734 731/731/731
f 734/734/734 737/737/737 733/733/733
f 733/733/733 737/737/737 736/736/736
f 733/733/733 736/736/736 732/732/732
f 732/732/732 736/736/736 735/735/735
f 732/732/732 735/735/735 737/737/737
f 732/732/732 737/737/737 734/734/734
f 737/737/737 740/740/740 736/736/736
f 736/736/736 740/740/740 739/739/739
f 736/736/736 739/739/739 735/735/735
f 735/735/735 739/739/739 738/738/738
f 735/735/735 738/738/738 740/740/740
f 735/735/735 740/740/740 737/737/737
f 740/740/740 743/743/743 739/739/739
f 739/739/739 743/743/743 742/742/742
f 739/739/739 742/742/742 738/738/738
f 738/738/738 742/742/742 741/741/741
f 738/738/738 741/741/741 743/743/743
f 738/738/738 743/743/743 740/740/740
f 743/743/743 746/746/746 742/742/742
f 742/742/742 746/746/746 745/745/745
f 742/742/742 745/745/745 741/741/741
f 741/741/741 745/745/745 744/744/744
f 741/741/741 744/744/744 746/746/746
f 741/741/741 746/746/746 743/743/743
f 746/746/746 749/749/749 745/745/745
f 745/745/745 749/749/749 748/748/748
f 745/745/745 748/748/748 744/744/744
f 744/744/744 748/748/748 747/747/747
f 744/744/744 747/747/747 749/749/749
f 744/744/744 749/749/749 746/746/746
f 749/749/749 752/752/752 748/748/748
f 748/748/748 752/752/752 751/751/751
f 748/748/748 751/751/751 747/747/747
f 747/747/747 751/751/751 750/750/750
f 747/747/747 750/750/750 752/752/752
f 747/747/747 752/752/752 749/749/749
f 752/752/752 755/755/755 751/751/751
f 751/751/751 755/755/755 754/754/754
f 751/751/751 754/754/754 750/750/750
f 750/750/750 754/754/754 753/753/753
f 750/750/750 753/753/753 755/755/755
f 750/750/750 755/755/755 752/752/752
f 755/755/755 758/758/758 754/754/754
f 754/754/754 758/758/758 757/757/757
f 754/754/754 757/757/757 753/753/753
f 753/753/753 757/757/757 756/756/756
f 753/753/753 756/756/756 758/758/758
f 753/753/753 758/758/758 755/755/755
f 758/758/758 761/761/761 757/757/757
f 757/757/757 761/761/761 760/760/760
f 757/757/757 760/760/760 756/756/756
f 756/756/756 760/760/760 759/759/759
f 756/756/756 759/759/759 761/761/761
f 756/756/756 761/761/761 758/758/758
f 761/761/761 764/764/764 760/760/760
f 760/760/760 764/764/764 763/763/763
f 760/760/760 763/763/763 759/759/759
f 759/759/759 763/763/763 762/762/762
f 759/759/759 762/762/762 764/764/764
f 759/759/759 764/764/764 761/761/761
f 764/764/764 767/767/767 763/763/763
f 763/763/763 767/767/767 766/766/766
f 763/763/763 766/766/766 762/762/762
f 762/762/762 766/766/766 765/765/765
f 762/762/762 765/765/765 767/767/767
f 762/762/762 767/767/767 764/764/764
f 767/767/767 770/770/770 766/766/766
f 766/766/766 770/770/770 769/769/769
f 766/766/766 769/769/769 765/765/765
f 765/765/765 769/769/769 768/768/768
f 765/765/765 768/768/768 770/770/770
f 765/765/765 770/770/770 767/767/767
f 770/770/770 773/773/773 769/769/769
f 769/769/769 773/773/773 772/772/772
f 769/769/769 772/772/772 768/768/768
f 768/768/768 772/772/772 771/771/771
f 768/768/768 771/771/771 773/773/773
f 768/768/768 773/773/773 770/770/770
f 776/776/776 779/779/779 775/775/775
f 775/775/775 779/779/779 778/778/778
f 775/775/775 778/778/778 774/774/774
f 774/774/774 778/778/778 777/777/777
f 774/774/774 777/777/777 779/779/779
f 774/774/774 779/779/779 776/776/776
f 779/779/779 782/782/782 778/778/778
f 778/778/778 782/782/782 781/781/781
f 778/778/778 781/781/781 777/777/777
f 777/777/777 781/781/781 780/780/780
f 777/777/777 780/780/780 782/782/782
f 777/777/777 782/782/782 779/779/779
f 782/782/782 785/785/785 781/781/781
f 781/781/781 785/785/785 784/784/784
f 781/781/781 784/784/784 780/780/780
f 780/780/780 784/784/784 783/783/783
f 780/780/780 783/783/783 785/785/785
f 780/780/780 785/785/785 782/782/782
f 785/785/785 788/788/788 784/784/784
f 784/784/784 788/788/788 787/787/787
f 784/784/784 787/787/787 783/783/783
f 783/783/783 787/787/787 786/786/786
f 783/783/783 786/786/786 788/788/788
f 783/783/783 788/788/788 785/785/785
f 788/788/788 791/791/791 787/787/787
f 787/787/787 791/791/791 790/790/790
f 787/787/787 790/790/790 786/786/786
f 786/786/786 790/790/790 789/789/789
f 786/786/786 789/789/789 791/791/791
f 786/786/786 791/791/791 788/788/788
f 791/791/791 794/794/794 790/790/790
f 790/790/790 794/794/794 793/793/793
f 790/790/790 793/793/793 789/789/789
f 789/789/789 793/793/793 792/792/792
f 789/789/789 792/792/792 794/794/794
f 789/789/789 794/794/794 791/791/791
f 794/794/794 797/797/797 793/793/793
f 793/793/793 797/797/797 796/796/796
f 793/793/793 796/796/796 792/792/792
f 792/792/792 796/796/796 795/795/795
f 792/792/792 795/795/795 797/797/797
f 792/792/792 797/797/797 794/794/794
f 797/797/797 800/800/800 796/796/796
f 796/796/796 800/800/800 799/799/799
f 796/796/796 799/799/799 795/795/795
f 795/795/795 799/799/799 798/798/798
f 795/795/795 798/798/798 800/800/800
f 795/795/795 800/800/800 797/797/797
f 800/800/800 803/803/803 799/799/799
f 799/799/799 803/803/803 802/802/802
f 799/799/799 802/802/802 798/798/798
f 798/798/798 802/802/802 801/801/801
f 798/798/798 801/801/801 803/803/803
f 798/798/798 803/803/803 800/800/800
f 803/803/803 806/806/806 802/802/802
f 802/802/802 806/806/806 805/805/805
f 802/802/802 805/805/805 801/801/801
f 801/801/801 805/805/805 804/804/804
f 801/801/801 804/804/804 806/806/806
f 801/801/801 806/806/806 803/803/803
f 806/806/806 809/809/809 805/805/805
f 805/805/805 809/809/809 808/808/808
f 805/805/805 808/808/808 804/804/804
f 804/804/804 808/808/808 807/807/807
f 804/804/804 807/807/807 809/809/809
f 804/804/804 809/809/809 806/806/806
f 809/809/809 812/812/812 808/808/808
f 808/808/808 812/812/812 811/811/811
f 808/808/808 811/811/811 807/807/807
f 807/807/807 811/811/811 810/810/810
f 807/807/807 810/810/810 812/812/812
f 807/807/807 812/812/812 809/809/809
f 812/812/812 815/815/815 811/811/811
f 811/811/811 815/815/815 814/814/814
f 811/811/811 814/814/814 810/810/810
f 810/810/810 814/814/814 813/813/813
f 810/810/810 813/813/813 815/815/815
f 810/810/810 815/815/815 812/812/812
f 815/815/815 818/818/818 814/814/814
f 814/814/814 818/818/818 817/817/817
f 814/814/814 817/817/817 813/813/813
f 813/813/813 817/817/817 816/816/816
f 813/813/813 816/816/816 818/818/818
f 813/813/813 818/818/818 815/815/815
f 818/818/818 821/821/821 817/817/817
f 817/817/817 821/821/821 820/820/820
f 817/817/817 820/820/820 816/816/816
f 816/816/816 820/820/820 819/819/819
f 816/816/816 819/819/819 821/821/821
f 816/816/816 821/821/821 818/818/818
f 821/821/821 824/824/824 820/820/820
f 820/820/820 824/824/824 823/823/823
f 820/820/820 823/823/823 819/819/819
f 819/819/819 823/823/823 822/822/822
f 819/819/819 822/822/822 824/824/824
f 819/819/819 824/824/824 821/821/821
f 824/824/824 827/827/827 823/823/823
f 823/823/823 827/827/827 826/826/826
f 823/823/823 826/826/826 822/822/822
f 822/822/822 826/826/826 825/825/825
f 822/822/822 825/825/825 827/827/827
f 822/822/822 827/827/827 824/824/824
f 827/827/827 830/830/830 826/826/826
f 826/826/826 830/830/830 829/829/829
f 826/826/826 829/829/829 825/825/825
f 825/825/825 829/829/829 828/828/828
f 825/825/825 828/828/828 830/830/830
f 825/825/825 830/830/830 827/827/827
f 830/830/830 833/833/833 829/829/829
f 829/829/829 833/833/833 832/832/832
f 829/829/829 832/832/832 828/828/828
f 828/828/828 832/832/832 831/831/831
f 828/828/828 831/831/831 833/833/833
f 828/828/828 833/833/833 830/830/830
f 833/833/833 836/836/836 832/832/832
f 832/832/832 836/836/836 835/835/835
f 832/832/832 835/835/835 831/831/831
f 831/831/831 835/835/835 834/834/834
f 831/831/831 834/834/834 836/836/836
f 831/831/831 836/836/836 833/833/833
f 836/836/836 839/839/839 835/835/835
f 835/835/835 839/839/839 838/838/838
f 835/835/835 838/838/838 834/834/834
f 834/834/834 838/838/838 837/837/837
f 834/834/834 837/837/837 839/839/839
f 834/834/834 839/839/839 836/836/836
f 839/839/839 842/842/842 838/838/838
f 838/838/838 842/842/842 841/841/841
f 838/838/838 841/841/841 837/837/837
f 837/837/837 841/841/841 840/840/840
f 837/837/837 840/840/840 842/842/842
f 837/837/837 842/842/842 839/839/839
f 842/842/842 845/845/845 841/841/841
f 841/841/841 845/845/845 844/844/844
f 841/841/841 844/844/844 840/840/840
f 840/840/840 844/844/844 843/843/843
f 840/840/840 843/843/843 845/845/845
f 840/840/840 845/845/845 842/842/842
f 845/845/845 848/848/848 844/844/844
f 844/844/844 848/848/848 847/847/847
f 844/844/844 847/847/847 843/843/843
f 843/843/843 847/847/847 846/846/846
f 843/843/843 846/846/846 848/848/848
f 843/843/843 848/848/848 845/845/845
f 848/848/848 851/851/851 847/847/847
f 847/847/847 851/851/851 850/850/850
f 847/847/847 850/850/850 846/846/846
f 846/846/846 850/850/850 849/849/849
f 846/846/846 849/849/849 851/851/851
f 846/846/846 851/851/851 848/848/848
f 851/851/851 854/854/854 850/850/850
f 850/850/850 854/854/854 853/853/853
f 850/850/850 853/853/853 849/849/849
f 849/849/849 853/853/853 852/852/852
f 849/849/849 852/852/852 854/854/854
f 849/849/849 854/854/854 851/851/851
f 854/854/854 857/857/857 853/853/853
f 853/853/853 857/857/857 856/856/856
f 853/853/853 856/856/856 852/852/852
f 852/852/852 856/856/856 855/855/855
f 852/852/852 855/855/855 857/857/857
f 852/852/852 857/857/857 854/854/854
f 857/857/857 860/860/860 856/856/856
f 856/856/856 860/860/860 859/859/859
f 856/856/856 859/859/859 855/855/855
f 855/855/855 859/859/859 858/858/858
f 855/855/855 858/858/858 860/860/860
f 855/855/855 860/860/860 857/857/857
f 863/863/863 866/866/866 862/862/862
f 862/862/862 866/866/866 865/865/865
f 862/862/862 865/865/865 861/861/861
f 861/861/861 865/865/865 864/864/864
f 861/861/861 864/864/864 866/866/866
f 861/861/861 866/866/866 863/863/863
f 866/866/866 869/869/869 865/865/865
f 865/865/865 869/869/869 868/868/868
f 865/865/865 868/868/868 864/864/864
f 864/864/864 868/868/868 867/867/867
f 864/864/864 867/867/867 869/869/869
f 864/864/864 869/869/869 866/866/866
f 869/869/869 872/872/872 868/868/868
f 868/868/868 872/872/872 871/871/871
f 868/868/868 871/871/871 867/867/867
f 867/867/867 871/871/871 870/870/870
f 867/867/867 870/870/870 872/872/872
f 867/867/867 872/872/872 869/869/869
f 872/872/872 875/875/875 871/871/871
f 871/871/871 875/875/875 874/874/874
f 871/871/871 874/874/874 870/870/870
f 870/870/870 874/874/874 873/873/873
f 870/870/870 873/873/873 875/875/875
f 870/870/870 875/875/875 872/872/872
f 875/875/875 878/878/878 874/874/874
f 874/874/874 878/878/878 877/877/877
f 874/874/874 877/877/877 873/873/873
f 873/873/873 877/877/877 876/876/876
f 873/873/873 876/876/876 878/878/878
f 873/873/873 878/878/878 875/875/875
f 878/878/878 881/881/881 877/877/877
f 877/877/877 881/881/881 880/880/880
f 877/877/877 880/880/880 876/876/876
f 876/876/876 880/880/880 879/879/879
f 876/876/876 879/879/879 881/881/881
f 876/876/876 881/881/881 878/878/878
f 881/881/881 884/884/884 880/880/880
f 880/880/880 884/884/884 883/883/883
f 880/880/880 883/883/883 879/879/879
f 879/879/879 883/883/883 882/882/882
f 879/879/879 882/882/882 884/884/884
f 879/879/879 884/884/884 881/881/881
f 884/884/884 887/887/887 883/883/883
f 883/883/883 887/887/887 886/886/886
f 883/883/883 886/886/886 882/882/882
f 882/882/882 886/886/886 885/885/885
f 882/882/882 885/885/885 887/887/887
f 882/882/882 887/887/887 884/884/884
f 887/887/887 890/890/890 886/886/886
f 886/886/886 890/890/890 889/889/889
f 886/886/886 889/889/889 885/885/885
f 885/885/885 889/889/889 888/888/888
f 885/885/885 888/888/888 890/890/890
f 885/885/885 890/890/890 887/887/887
f 890/890/890 893/893/893 889/889/889
f 889/889/889 893/893/893 892/892/892
f 889/889/889 892/892/892 888/888/888
f 888/888/888 892/892/892 891/891/891
f 888/888/888 891/891/891 893/893/893
f 888/888/888 893/893/893 890/890/890
f 893/893/893 896/896/896 892/892/892
f 892/892/892 896/896/896 895/895/895
f 892/892/892 895/895/895 891/891/891
f 891/891/891 895/895/895 894/894/894
f 891/891/891 894/894/894 896/896/896
f 891/891/891 896/896/896 893/893/893
f 896/896/896 899/899/899 895/895/895
f 895/895/895 899/899/899 898/898/898
f 895/895/895 898/898/898 894/894/894
f 894/894/894 898/898/898 897/897/897
f 894/894/894 897/897/897 899/899/899
f 894/894/894 899/899/899 896/896/896
f 902/902/902 905/905/905 901/901/901
f 901/901/901 905/905/905 904/904/904
f 901/901/901 904/904/904 900/900/900
f 900/900/900 904/904/904 903/903/903
f 900/900/900 903/903/903 905/905/905
f 900/900/900 905/905/905 902/902/902
f 905/905/905 908/908/908 904/904/904
f 904/904/904 908/908/908 907/907/907
f 904/904/904 907/907/907 903/903/903
f 903/903/903 907/907/907 906/906/906
f 903/903/903 906/906/906 908/908/908
f 903/903/903 908/908/908 905/905/905
f 908/908/908 911/911/911 907/907/907
f 907/907/907 911/911/911 910/910/910
f 907/907/907 910/910/910 906/906/906
f 906/906/906 910/910/910 909/909/909
f 906/906/906 909/909/909 911/911/911
f 906/906/906 911/911/911 908/908/908
f 911/911/911 914/914/914 910/910/910
f 910/910/910 914/914/914 913/913/913
f 910/910/910 913/913/913 909/909/909
f 909/909/909 913/913/913 912/912/912
f 909/909/909 912/912/912 914/914/914
f 909/909/909 914/914/914 911/911/911
f 914/914/914 917/917/917 913/913/913
f 913/913/913 917/917/917 916/916/916
f 913/913/913 916/916/916 912/912/912
f 912/912/912 916/916/916 915/915/915
f 912/912/912 915/915/915 917/917/917
f 912/912/912 917/917/917 914/914/914
f 917/917/917 920/920/920 916/916/916
f 916/916/916 920/920/920 919/919/919
f 916/916/916 919/919/919 915/915/915
f 915/915/915 919/919/919 918/918/918
f 915/915/915 918/918/918 920/920/920
f 915/915/915 920/920/920 917/917/917
f 920/920/920 923/923/923 919/919/919
f 919/919/919 923/923/923 922/922/922
f 919/919/919 922/922/922 918/918/918
f 918/918/918 922/922/922 921/921/921
f 918/918/918 921/921/921 923/923/923
f 918/918/918 923/923/923 920/920/920
f 923/923/923 926/926/926 922/922/922
f 922/922/922 926/926/926 925/925/925
f 922/922/922 925/925/925 921/921/921
f 921/921/921 925/925/925 924/924/924
f 921/921/921 924/924/924 926/926/926
f 921/921/921 926/926/926 923/923/923
f 926/926/926 929/929/929 925/925/925
f 925/925/925 929/929/929 928/928/928
f 925/925/925 928/928/928 924/924/924
f 924/924/924 928/928/928 927/927/927
f 924/924/924 927/927/927 929/929/929
f 924/924/924 929/929/929 926/926/926
f 929/929/929 932/932/932 928/928/928
f 928/928/928 932/932/932 931/931/931
f 928/928/928 931/931/931 927/927/927
f 927/927/927 931/931/931 930/930/930
f 927/927/927 930/930/930 932/932/932
f 927/927/927 932/932/932 929/929/929
f 932/932/932 935/935/935 931/931/931
f 931/931/931 935/935/935 934/934/934
f 931/931/931 934/934/934 930/930/930
f 930/930/930 934/934/934 933/933/933
f 930/930/930 933/933/933 935/935/935
f 930/930/930 935/935/935 932/932/932
f 938/938/938 941/941/941 937/937/937
f 937/937/937 941/941/941 940/940/940
f 937/937/937 940/940/940 936/936/936
f 936/936/936 940/940/940 939/939/939
f 936/936/936 939/939/939 941/941/941
f 936/936/936 941/941/941 938/938/938
f 941/941/941 944/944/944 940/940/940
f 940/940/940 944/944/944 943/943/943
f 940/940/940 943/943/943 939/939/939
f 939/939/939 943/943/943 942/942/942
f 939/939/939 942/942/942 944/944/944
f 939/939/939 944/944/944 941/941/941
f 944/944/944 947/947/947 943/943/943
f 943/943/943 947/947/947 946/946/946
f 943/943/943 946/946/946 942/942/942
f 942/942/942 946/946/946 945/945/945
f 942/942/942 945/945/945 947/947/947
f 942/942/942 947/947/947 944/944/944
f 947/947/947 950/950/950 946/946/946
f 946/946/946 950/950/950 949/949/949
f 946/946/946 949/949/949 945/945/945
f 945/945/945 949/949/949 948/948/948
f 945/945/945 948/948/948 950/950/950
f 945/945/945 950/950/950 947/947/947
f 950/950/950 953/953/953 949/949/949
f 949/949/949 953/953/953 952/952/952
f 949/949/949 952/952/952 948/948/948
f 948/948/948 952/952/952 951/951/951
f 948/948/948 951/951/951 953/953/953
f 948/948/948 953/953/953 950/950/950
f 953/953/953 956/956/956 952/952/952
f 952/952/952 956/956/956 955/955/955
f 952/952/952 955/955/955 951/951/951
f 951/951/951 955/955/955 954/954/954
f 951/951/951 954/954/954 956/956/956
f 951/951/951 956/956/956 953/953/953
f 956/956/956 959/959/959 955/955/955
f 955/955/955 959/959/959 958/958/958
f 955/955/955 958/958/958 954/954/954
f 954/954/954 958/958/958 957/957/957
f 954/954/954 957/957/957 959/959/959
f 954/954/954 959/959/959 956/956/956
f 959/959/959 962/962/962 958/958/958
f 958/958/958 962/962/962 961/961/961
f 958/958/958 961/961/961 957/957/957
f 957/957/957 961/961/961 960/960/960
f 957/957/957 960/960/960 962/962/962
f 957/957/957 962/962/962 959/959/959
f 965/965/965 968/968/968 964/964/964
f 964/964/964 968/968/968 967/967/967
f 964/964/964 967/967/967 963/963/963
f 963/963/963 967/967/967 966/966/966
f 963/963/963 966/966/966 968/968/968
f 963/963/963 968/968/968 965/965/965
f 968/968/968 971/971/971 967/967/967
f 967/967/967 971/971/971 970/970/970
f 967/967/967 970/970/970 966/966/966
f 966/966/966 970/970/970 969/969/969
f 966/966/966 969/969/969 971/971/971
f 966/966/966 971/971/971 968/968/968
f 971/971/971 974/974/974 970/970/970
f 970/970/970 974/974/974 973/973/973
f 970/970/970 973/973/973 969/969/969
f 969/969/969 973/973/973 972/972/972
f 969/969/969 972/972/972 974/974/974
f 969/969/969 974/974/974 971/971/971
f 977/977/977 980/980/980 976/976/976
f 976/976/976 980/980/980 979/979/979
f 976/976/976 979/979/979 975/975/975
f 975/975/975 979/979/979 978/978/978
f 975/975/975 978/978/978 980/980/980
f 975/975/975 980/980/980 977/977/977
f 980/980/980 983/983/983 979/979/979
f 979/979/979 983/983/983 982/982/982
f 979/979/979 982/982/982 978/978/978
f 978/978/978 982/982/982 981/981/981
f 978/978/978 981/981/981 983/983/983
f 978/978/978 983/983/983 980/980/980
