mtllib shrubbery.mtl
v -0.754149 0.974225 0.450272
v -0.701738 0.954552 0.460978
v -0.730368 0.963344 0.392675
v -0.684187 0.958514 0.414061
v -0.817613 1.01231 0.43694
v -0.755006 1.01325 0.461438
v -0.774323 1.023 0.390008
v -0.7267 1.02652 0.423396
v -0.728563 1.05993 0.339019
v -0.713961 1.07921 0.388474
v -0.690522 1.06095 0.336211
v -0.679156 1.06757 0.382118
v -0.718157 1.10902 0.447945
v -0.684177 1.13483 0.506136
v -0.660335 1.10572 0.421637
v -0.64144 1.13492 0.465312
v -0.770022 1.07819 0.393475
v -0.74703 1.09381 0.437898
v -0.699275 1.09014 0.385579
v -0.698547 1.082 0.42677
v -0.709291 1.16927 0.435281
v -0.677904 1.16922 0.468272
v -0.659391 1.18549 0.401472
v -0.619279 1.16551 0.433122
v -0.748492 1.18164 0.421641
v -0.698225 1.17844 0.455266
v -0.724082 1.18034 0.387126
v -0.688549 1.17395 0.395733
v -0.704526 0.976893 0.426069
v -0.664972 0.965069 0.445632
v -0.688312 0.967217 0.36309
v -0.645123 0.978643 0.380131
v -0.718699 1.05599 0.38755
v -0.676574 1.05218 0.42827
v -0.692842 1.05339 0.366193
v -0.662818 1.05147 0.375869
v -0.752083 1.03945 0.379146
v -0.693409 1.03888 0.395867
v -0.716532 1.04193 0.312576
v -0.67832 1.04329 0.367376
v -0.803502 1.08329 0.360836
v -0.750761 1.08214 0.410207
v -0.744986 1.09433 0.327842
v -0.720495 1.07273 0.356241
v -0.772415 1.13742 0.402259
v -0.733926 1.14532 0.425409
v -0.725888 1.13865 0.354916
v -0.690333 1.15083 0.391683
v -0.709392 1.09893 0.384536
v -0.663383 1.10989 0.408394
v -0.68649 1.1109 0.317493
v -0.64523 1.1002 0.349965
v -0.71358 1.07451 0.374516
v -0.683309 1.10792 0.447449
v -0.659739 1.08103 0.370867
v -0.634958 1.08414 0.412256
v -0.745554 1.00638 0.376064
v -0.699237 0.994657 0.390831
v -0.734234 1.01059 0.330675
v -0.684264 0.981843 0.345198
v -0.802876 1.02901 0.369833
v -0.783427 1.04474 0.415687
v -0.778102 1.04699 0.334294
v -0.72917 1.0537 0.370438
v -0.709034 1.04765 0.389526
v -0.697651 1.04661 0.441756
v -0.657867 1.04104 0.360041
v -0.656796 1.03661 0.407205
v -0.771938 1.06513 0.358919
v -0.721888 1.05469 0.418623
v -0.701841 1.06097 0.35055
v -0.667914 1.04778 0.40548
v -0.736836 1.13733 0.439209
v -0.731909 1.11923 0.510746
v -0.679852 1.15313 0.423248
v -0.674758 1.11945 0.460154
v -0.746202 1.06615 0.404029
v -0.702138 1.07029 0.441267
v -0.665875 1.06169 0.363315
v -0.645635 1.08114 0.390781
v -0.710573 1.14881 0.37848
v -0.685529 1.1413 0.445908
v -0.665639 1.14076 0.363981
v -0.625255 1.14614 0.416847
v -0.779214 1.14886 0.446744
v -0.720704 1.17498 0.455516
v -0.746973 1.15019 0.407119
v -0.71044 1.18429 0.426644
v -0.749856 1.12598 0.42419
v -0.74163 1.08932 0.468767
v -0.7047 1.11153 0.41379
v -0.69908 1.08925 0.444468
v -0.798555 0.983016 0.39925
v -0.758924 0.972341 0.429798
v -0.771246 0.982685 0.370841
v -0.716689 0.976911 0.401557
v -0.761233 1.07061 0.43609
v -0.722854 1.06583 0.445076
v -0.767914 1.07732 0.394264
v -0.720005 1.0603 0.410195
v -0.755999 1.07142 0.416272
v -0.738806 1.06799 0.475168
v -0.709198 1.06043 0.413728
v -0.686157 1.08228 0.441193
v -0.764546 1.06674 0.362964
v -0.726603 1.10005 0.411108
v -0.731469 1.06214 0.322062
v -0.688357 1.10811 0.359085
v -0.744236 1.12437 0.411809
v -0.688716 1.0871 0.45086
v -0.706702 1.12808 0.389992
v -0.663441 1.08563 0.404492
v -0.760049 1.06172 0.432918
v -0.752825 1.08672 0.504332
v -0.705667 1.07207 0.414494
v -0.67451 1.08984 0.469573
v -0.716718 1.12288 0.378697
v -0.668535 1.10554 0.43873
v -0.703338 1.12435 0.321046
v -0.649293 1.11101 0.355235
v -0.706236 1.0899 0.399686
v -0.708439 1.05858 0.481303
v -0.660146 1.07294 0.382567
v -0.650047 1.06299 0.46308
v -0.803831 1.1052 0.39871
v -0.758062 1.09634 0.438371
v -0.73511 1.11532 0.379687
v -0.699671 1.10337 0.422465
v -0.777666 1.16619 0.446212
v -0.724075 1.17144 0.467818
v -0.747189 1.14699 0.399711
v -0.711612 1.15523 0.402028
v -0.729807 1.1789 0.408914
v -0.68373 1.15713 0.450893
v -0.687879 1.1732 0.37884
v -0.645108 1.16289 0.400782
v -0.743854 0.966371 0.435301
v -0.722985 0.953032 0.463215
v -0.723477 0.986074 0.394142
v -0.689293 0.967902 0.427612
v -0.719468 0.9994 0.387505
v -0.719819 0.983336 0.437335
v -0.68792 0.995699 0.367693
v -0.658841 1.00305 0.422868
v -0.750063 1.01272 0.423278
v -0.738003 1.01311 0.465691
v -0.698367 1.01151 0.386326
v -0.69788 1.02209 0.436431
v -0.808886 1.04769 0.383866
v -0.756586 1.04173 0.446975
v -0.776153 1.02685 0.348205
v -0.714338 1.04605 0.383702
v -0.75223 1.04935 0.396102
v -0.720502 1.0371 0.44327
v -0.723016 1.06904 0.356077
v -0.682987 1.05363 0.372491
v -0.783443 1.09061 0.450078
v -0.738943 1.04866 0.461052
v -0.746238 1.08261 0.371594
v -0.71079 1.07589 0.402551
v -0.726333 1.07852 0.418267
v -0.648233 1.08741 0.446832
v -0.678872 1.10538 0.349915
v -0.631556 1.09258 0.371413
v -0.779058 1.09858 0.368287
v -0.773396 1.12217 0.43127
v -0.718559 1.11925 0.365483
v -0.699232 1.14186 0.425484
v -0.784969 1.16491 0.378567
v -0.729361 1.13718 0.432226
v -0.709405 1.16019 0.345932
v -0.695684 1.14552 0.416245
v -0.704677 1.09581 0.41736
v -0.662344 1.10642 0.444175
v -0.696561 1.0803 0.378325
v -0.613507 1.09762 0.390287
v -0.764191 1.0913 0.467481
v -0.71364 1.08644 0.48233
v -0.719753 1.09735 0.424046
v -0.685645 1.07814 0.429792
v -0.780565 1.15485 0.437715
v -0.731155 1.15925 0.459899
v -0.752455 1.17182 0.390393
v -0.715217 1.13612 0.40372
v -0.780033 1.11416 0.414308
v -0.728298 1.13406 0.440074
v -0.740462 1.1345 0.385246
v -0.710386 1.12303 0.401231
v -0.789283 0.987155 0.399202
v -0.761572 0.971524 0.462478
v -0.751809 0.973021 0.390092
v -0.718053 0.960438 0.439242
v -0.752096 1.05045 0.420964
v -0.687367 1.0427 0.455928
v -0.70409 1.04644 0.350627
v -0.661335 1.03351 0.393431
v -0.773903 1.138 0.435201
v -0.710339 1.15697 0.47658
v -0.714484 1.12895 0.36124
v -0.671764 1.15558 0.43369
v -0.788646 1.13472 0.419255
v -0.706681 1.14345 0.448866
v -0.748 1.12827 0.354154
v -0.700562 1.13517 0.364197
v -0.745184 1.13668 0.454757
v -0.717942 1.14518 0.49577
v -0.686266 1.14533 0.408024
v -0.647941 1.13812 0.459925
v -0.742728 1.1423 0.369608
v -0.681596 1.11967 0.414925
v -0.703479 1.12464 0.316416
v -0.640985 1.11778 0.346561
v -0.766894 1.07042 0.396124
v -0.700862 1.07741 0.429992
v -0.709458 1.05625 0.362178
v -0.679976 1.0984 0.396556
v -0.709768 1.10796 0.460374
v -0.674393 1.12997 0.510493
v -0.67255 1.113 0.433522
v -0.637691 1.12535 0.458954
v -0.682365 1.13004 0.416802
v -0.647603 1.14043 0.464853
v -0.664736 1.13723 0.393997
v -0.626191 1.15128 0.415707
v -0.764287 1.08704 0.39727
v -0.73757 1.09561 0.409357
v -0.7664 1.07762 0.35037
v -0.702567 1.09951 0.372226
v -0.787359 1.01967 0.363863
v -0.755132 1.03095 0.423346
v -0.749836 1.02567 0.348341
v -0.714848 1.02344 0.398299
v -0.786167 1.08573 0.465633
v -0.708521 1.05862 0.490356
v -0.748806 1.09013 0.407075
v -0.682675 1.06109 0.41848
v -0.793953 1.15427 0.439672
v -0.734773 1.14291 0.479538
v -0.779494 1.15306 0.384483
v -0.714149 1.13027 0.418988
v -0.764958 1.07199 0.466959
v -0.70605 1.066 0.490671
v -0.751115 1.06876 0.39506
v -0.685906 1.06674 0.443528
v -0.720578 1.12444 0.346529
v -0.696981 1.09827 0.402274
v -0.669752 1.12976 0.331535
v -0.630924 1.09309 0.366068
v -0.750517 1.1616 0.380482
v -0.723776 1.16478 0.421789
v -0.69016 1.16703 0.358062
v -0.651373 1.17137 0.416578
v -0.711241 1.09672 0.477483
v -0.665506 1.11432 0.504664
v -0.710568 1.09831 0.430528
v -0.660862 1.12077 0.447584
v -0.745347 1.18279 0.452308
v -0.698728 1.19087 0.480555
v -0.704862 1.16999 0.396718
v -0.681556 1.18809 0.422313
v -0.67532 1.12758 0.413169
v -0.673531 1.14674 0.455164
v -0.639211 1.11389 0.385003
v -0.616572 1.12942 0.429894
v -0.807538 1.12808 0.382936
v -0.757307 1.13759 0.42941
v -0.741605 1.13927 0.339024
v -0.698485 1.14343 0.384052
v -0.710882 1.07854 0.436522
v -0.66837 1.09592 0.481329
v -0.678468 1.07107 0.390612
v -0.615205 1.08721 0.444747
v -0.737373 1.12574 0.467883
v -0.690008 1.10838 0.50143
v -0.716956 1.10153 0.424223
v -0.674949 1.1268 0.425094
v -0.700996 1.10214 0.421529
v -0.691964 1.06357 0.461789
v -0.659018 1.10358 0.372781
v -0.627685 1.08627 0.427692
v -0.73919 1.19911 0.461
v -0.688003 1.16797 0.478404
v -0.707896 1.19984 0.419619
v -0.657287 1.16807 0.446006
v -0.699607 1.15586 0.404043
v -0.657397 1.17453 0.452656
v -0.647243 1.15759 0.376746
v -0.63295 1.16626 0.426541
v -0.762 0.956949 0.367107
v -0.729856 0.95968 0.405228
v -0.709994 0.939528 0.330548
v -0.680815 0.960518 0.374391
v -0.734298 1.04144 0.439556
v -0.682838 1.03271 0.483379
v -0.697643 1.03461 0.412026
v -0.67162 1.02806 0.42002
v -0.808779 1.04821 0.360622
v -0.768924 1.04465 0.425663
v -0.748261 1.03227 0.35101
v -0.723604 1.06058 0.410315
v -0.755992 1.13037 0.382009
v -0.696388 1.1344 0.407782
v -0.734635 1.11703 0.325578
v -0.667859 1.11816 0.368863
v -0.735366 1.14345 0.40246
v -0.673373 1.12333 0.452784
v -0.672798 1.13054 0.373783
v -0.645162 1.11377 0.428252
v -0.706024 1.11382 0.421284
v -0.644579 1.06671 0.434266
v -0.661076 1.0912 0.355707
v -0.623601 1.08836 0.36945
v -0.779922 1.13308 0.44126
v -0.733413 1.12321 0.480242
v -0.743212 1.12504 0.407891
v -0.686121 1.12108 0.444223
v -0.727924 1.14029 0.432257
v -0.689182 1.13562 0.486256
v -0.669693 1.13795 0.409656
v -0.637365 1.15316 0.461537
v -0.711711 1.12337 0.48207
v -0.666706 1.13629 0.496639
v -0.687974 1.11824 0.434606
v -0.628066 1.11228 0.445248
v -0.781784 1.15054 0.471644
v -0.721328 1.15318 0.481772
v -0.747476 1.14329 0.424281
v -0.696111 1.16617 0.434712
v -0.773295 1.0436 0.432653
v -0.724219 1.04921 0.445814
v -0.740883 1.04032 0.374213
v -0.705245 1.02759 0.403378
v -0.78205 1.05278 0.437242
v -0.756957 1.06387 0.464534
v -0.74562 1.03657 0.418147
v -0.715523 1.05841 0.466001
v -0.712005 1.10005 0.400435
v -0.693835 1.06657 0.454717
v -0.656177 1.09699 0.381619
v -0.640783 1.06496 0.432608
v -0.768652 1.10495 0.451094
v -0.718119 1.11261 0.466062
v -0.731544 1.09905 0.386533
v -0.687825 1.13771 0.428241
v -0.785316 1.14454 0.378804
v -0.775452 1.15346 0.430979
v -0.744707 1.1228 0.340128
v -0.71003 1.15362 0.409275
v -0.78571 1.12337 0.404474
v -0.731601 1.14299 0.422112
v -0.758627 1.12267 0.342361
v -0.695826 1.16793 0.346194
v -0.715886 1.161 0.43552
v -0.668329 1.12251 0.481419
v -0.66219 1.14502 0.411169
v -0.643145 1.13994 0.450568
v -0.792836 1.11536 0.433988
v -0.748693 1.09387 0.473284
v -0.734891 1.13187 0.404938
v -0.702623 1.09125 0.441788
v -0.681946 1.12857 0.419464
v -0.635647 1.11584 0.460212
v -0.663495 1.12909 0.362468
v -0.609744 1.10709 0.386636
v -0.72839 1.16194 0.471404
v -0.720986 1.16904 0.506245
v -0.670861 1.16443 0.436426
v -0.667088 1.17768 0.48716
v -0.729611 1.07126 0.331168
v -0.725016 1.10667 0.378935
v -0.693912 1.07121 0.294748
v -0.650726 1.10198 0.364835
v -0.806068 1.09234 0.389985
v -0.75457 1.08272 0.464946
v -0.733601 1.06881 0.365585
v -0.713852 1.06169 0.426975
v -0.80911 1.07729 0.376572
v -0.792038 1.09223 0.410169
v -0.779305 1.0756 0.349231
v -0.754061 1.08705 0.394784
v -0.764308 1.02101 0.327063
v -0.734828 1.04118 0.394158
v -0.698547 1.01893 0.317555
v -0.681727 1.03807 0.372306
v -0.807094 1.06353 0.382002
v -0.765983 1.07046 0.460455
v -0.740721 1.04074 0.353862
v -0.706072 1.05907 0.39861
v -0.747056 1.13236 0.35854
v -0.715093 1.14506 0.383454
v -0.73502 1.11921 0.327584
v -0.686023 1.13738 0.329189
v -0.770717 1.04876 0.371467
v -0.742813 1.03454 0.407731
v -0.736931 1.05239 0.331692
v -0.713676 1.04001 0.368937
v -0.765946 1.10286 0.365256
v -0.76161 1.09324 0.414608
v -0.728059 1.09328 0.363952
v -0.697117 1.08892 0.405187
v -0.733587 1.04051 0.414206
v -0.692009 1.03285 0.461734
v -0.683912 1.04681 0.393835
v -0.658841 1.0502 0.447753
v -0.774903 1.0276 0.376634
v -0.753823 1.01823 0.421739
v -0.756771 1.03048 0.338606
v -0.723017 1.01342 0.366537
v -0.768289 1.07138 0.311752
v -0.741104 1.07122 0.346279
v -0.711279 1.08168 0.276477
v -0.703412 1.05802 0.330918
v -0.769764 1.14113 0.285044
v -0.763044 1.10992 0.327475
v -0.723494 1.12366 0.252043
v -0.702964 1.1323 0.309476
v -0.791972 1.14892 0.298787
v -0.781125 1.1284 0.350505
v -0.762467 1.1464 0.277848
v -0.730546 1.1438 0.332647
v -0.75797 1.13202 0.325024
v -0.746101 1.09031 0.377726
v -0.685712 1.11368 0.282738
v -0.657805 1.10444 0.361074
v -0.832292 1.07372 0.302447
v -0.789825 1.08609 0.368697
v -0.755677 1.07061 0.267194
v -0.738457 1.07738 0.310523
v -0.813617 1.03766 0.34325
v -0.786186 1.06732 0.410142
v -0.762228 1.05666 0.322199
v -0.7502 1.05676 0.360655
v -0.748427 1.11745 0.279355
v -0.726539 1.09651 0.330993
v -0.699315 1.13476 0.261199
v -0.665938 1.09527 0.311395
v -0.814721 1.0702 0.347517
v -0.794806 1.04912 0.407393
v -0.741951 1.07012 0.339855
v -0.739706 1.05369 0.396785
v -0.830992 1.09312 0.288166
v -0.802659 1.10536 0.336806
v -0.795656 1.09323 0.28029
v -0.763673 1.08642 0.317736
v -0.783093 1.01003 0.395371
v -0.749581 1.01601 0.417065
v -0.760192 1.02652 0.346576
v -0.721095 1.02709 0.381276
v -0.770065 1.03847 0.388612
v -0.757634 1.04682 0.457502
v -0.706263 1.05158 0.372611
v -0.688568 1.03081 0.418668
v -0.790363 1.03996 0.394219
v -0.721431 1.02055 0.440192
v -0.760404 1.04095 0.350968
v -0.680833 1.03621 0.368672
v -0.814975 1.10147 0.416488
v -0.754968 1.0882 0.444461
v -0.804035 1.09653 0.334263
v -0.750489 1.09464 0.375117
v -0.743407 1.05962 0.296035
v -0.726666 1.0687 0.35606
v -0.698237 1.06402 0.268493
v -0.669439 1.06874 0.33924
v -0.817784 1.11839 0.299422
v -0.772803 1.11663 0.326832
v -0.76115 1.11616 0.253168
v -0.73693 1.10641 0.283866
v -0.83959 1.1353 0.353964
v -0.78055 1.12291 0.391334
v -0.801565 1.13217 0.310454
v -0.754691 1.12292 0.339267
v -0.775376 1.08252 0.401187
v -0.739276 1.09799 0.432869
v -0.733125 1.10225 0.369556
v -0.700945 1.08075 0.389318
v -0.752401 1.06566 0.375031
v -0.711402 1.09543 0.394825
v -0.729791 1.0636 0.317258
v -0.691749 1.07474 0.341912
v -0.79722 1.03166 0.411115
v -0.755426 1.02502 0.427456
v -0.775477 1.02936 0.381047
v -0.720869 1.03573 0.38216
v -0.802691 1.05337 0.308434
v -0.7715 1.03677 0.388423
v -0.764958 1.06042 0.281788
v -0.709026 1.04533 0.351051
v -0.797906 1.0361 0.324565
v -0.793606 1.04237 0.379353
v -0.753371 1.05328 0.278692
v -0.736702 1.02316 0.340865
v -0.828609 1.11409 0.311392
v -0.779154 1.10823 0.335851
v -0.7882 1.11002 0.258828
v -0.737642 1.10012 0.298515
v -0.815037 1.0714 0.305798
v -0.773508 1.08306 0.350433
v -0.785688 1.07622 0.264609
v -0.76159 1.08213 0.302452
v -0.752088 1.07588 0.432447
v -0.719539 1.08245 0.471598
v -0.741273 1.08819 0.38354
v -0.700189 1.09169 0.423127
v -0.800729 1.01272 0.411909
v -0.752872 1.01024 0.461405
v -0.76531 1.02797 0.390664
v -0.721009 1.01992 0.430227
v -0.797239 1.09239 0.40074
v -0.766495 1.10647 0.43588
v -0.748465 1.10966 0.372396
v -0.721529 1.10749 0.409921
v -0.771441 1.09586 0.424159
v -0.727319 1.11069 0.452345
v -0.741477 1.07484 0.350755
v -0.688405 1.09564 0.41464
v -0.806406 1.12643 0.364759
v -0.759871 1.08957 0.411985
v -0.744956 1.13374 0.34078
v -0.725047 1.10661 0.387159
v -0.764204 1.10352 0.277136
v -0.731131 1.12984 0.336353
v -0.702229 1.11258 0.263049
v -0.676126 1.10891 0.300355
v -0.789339 1.13215 0.341943
v -0.746954 1.13859 0.365728
v -0.769392 1.13485 0.306509
v -0.73175 1.14703 0.333149
v -0.844438 1.12543 0.321991
v -0.804004 1.1163 0.35612
v -0.787548 1.11227 0.28742
v -0.764427 1.13104 0.34606
v -0.733272 1.10184 0.386526
v -0.703209 1.07263 0.413008
v -0.702498 1.09961 0.348606
v -0.675379 1.07314 0.374687
v -0.767114 1.01298 0.399393
v -0.725437 1.01441 0.416693
v -0.746024 1.01436 0.338154
v -0.69269 1.00266 0.380137
v -0.80816 1.04473 0.366168
v -0.793506 1.06314 0.425627
v -0.770847 1.04868 0.343552
v -0.737736 1.05478 0.386888
v -0.736685 1.06098 0.377276
v -0.687677 1.05143 0.376711
v -0.71472 1.06856 0.333432
v -0.657007 1.06581 0.332605
v -0.824875 1.08544 0.373026
v -0.79421 1.0645 0.398066
v -0.768809 1.10579 0.327842
v -0.730602 1.06912 0.360417
v -0.817469 1.02794 0.393252
v -0.773705 1.04506 0.423937
v -0.776964 1.04176 0.315334
v -0.717101 1.06711 0.364183
v -0.761209 1.11187 0.375758
v -0.698931 1.10482 0.419549
v -0.722302 1.10217 0.332068
v -0.683381 1.10767 0.348449
v -0.803452 1.07286 0.348094
v -0.766209 1.06128 0.403828
v -0.740137 1.08079 0.343243
v -0.719391 1.06427 0.39795
v -0.801417 1.12457 0.380494
v -0.73718 1.15147 0.396438
v -0.783299 1.13619 0.346125
v -0.732207 1.15825 0.359067
v -0.76399 1.05195 0.364783
v -0.715973 1.02787 0.382875
v -0.733275 1.06458 0.310268
v -0.69168 1.03861 0.340774
v -0.80268 1.03143 0.36858
v -0.758767 1.03712 0.387041
v -0.761318 1.03849 0.317959
v -0.728389 1.03578 0.349905
v -0.813605 1.11512 0.336818
v -0.751051 1.1319 0.371091
v -0.763861 1.1122 0.260248
v -0.715357 1.13333 0.310275
v -0.814403 1.12549 0.360601
v -0.783167 1.11901 0.404017
v -0.776627 1.10685 0.333678
v -0.750603 1.12039 0.368415
v -0.778357 1.04468 0.348418
v -0.764298 1.04308 0.39171
v -0.738207 1.03916 0.326887
v -0.707843 1.05867 0.387512
v -0.748437 1.10997 0.420319
v -0.705862 1.11078 0.455354
v -0.728346 1.09464 0.385052
v -0.689426 1.12091 0.41035
v -0.776231 1.06096 0.4039
v -0.745356 1.06835 0.427012
v -0.739687 1.0504 0.340542
v -0.71114 1.06305 0.376389
v -0.801268 1.11239 0.428067
v -0.75777 1.10126 0.458691
v -0.774696 1.09391 0.385043
v -0.729144 1.1186 0.393795
v -0.75751 1.0326 0.344127
v -0.749217 1.03535 0.375888
v -0.720389 1.02502 0.305653
v -0.70908 1.03132 0.364949
v -0.799997 1.06672 0.366846
v -0.764756 1.06359 0.417774
v -0.733836 1.06873 0.335065
v -0.725238 1.05805 0.397119
v -0.802819 1.08883 0.38937
v -0.737785 1.11647 0.409564
v -0.754098 1.08988 0.322112
v -0.702287 1.12009 0.362997
v -0.706209 1.0986 0.414101
v -0.662816 1.0903 0.456926
v -0.686619 1.08296 0.36883
v -0.616244 1.07569 0.402594
v -0.741836 1.13613 0.368311
v -0.71274 1.12442 0.452951
v -0.684339 1.13648 0.367855
v -0.645595 1.11834 0.430402
v -0.783378 1.07875 0.392441
v -0.731172 1.06717 0.427113
v -0.708641 1.07156 0.351262
v -0.696444 1.0709 0.386953
v -0.795614 1.16784 0.374913
v -0.75671 1.14094 0.412315
v -0.741148 1.15301 0.355771
v -0.70412 1.13979 0.39689
v -0.758995 0.996348 0.443084
v -0.730756 1.0141 0.454661
v -0.740535 0.996445 0.391112
v -0.704008 0.997527 0.416471
v -0.714106 1.07187 0.380706
v -0.690275 1.0757 0.403533
v -0.657227 1.07909 0.334874
v -0.643615 1.0657 0.378381
v -0.817609 1.10244 0.443868
v -0.764717 1.08265 0.452844
v -0.794344 1.09691 0.362311
v -0.736944 1.08329 0.395542
v -0.729711 1.0911 0.408611
v -0.687772 1.08406 0.441084
v -0.660926 1.11751 0.37167
v -0.640566 1.08313 0.428308
v -0.753806 1.1534 0.36397
v -0.733353 1.1574 0.427306
v -0.702712 1.13854 0.354072
v -0.669324 1.13307 0.405423
v -0.778881 1.07049 0.426133
v -0.724781 1.07356 0.438355
v -0.738897 1.06935 0.375437
v -0.691789 1.08368 0.403705
v -0.743959 0.994409 0.426468
v -0.710238 1.01382 0.42954
v -0.734683 0.994438 0.364586
v -0.696544 1.01628 0.402115
v -0.787774 1.06038 0.374312
v -0.78662 1.08538 0.411555
v -0.735989 1.07907 0.351821
v -0.735993 1.07393 0.416055
v -0.789319 1.05151 0.467428
v -0.701403 1.07018 0.497352
v -0.74791 1.04559 0.394316
v -0.703993 1.0793 0.434172
v -0.801751 1.14334 0.405571
v -0.769475 1.1278 0.430588
v -0.772525 1.15072 0.358167
v -0.728084 1.12693 0.381911
v -0.798882 1.13332 0.429062
v -0.788979 1.13452 0.466388
v -0.757847 1.15053 0.409395
v -0.744887 1.12821 0.443053
v -0.774727 1.04739 0.455394
v -0.717576 1.04687 0.488453
v -0.735951 1.03749 0.417784
v -0.709225 1.04034 0.445669
v -0.785221 1.04439 0.370652
v -0.767337 1.02633 0.404612
v -0.740445 1.03869 0.333715
v -0.713284 1.03712 0.382221
v -0.796877 1.0823 0.347009
v -0.784712 1.09814 0.417452
v -0.745488 1.09249 0.317605
v -0.719423 1.10301 0.379025
v -0.798849 1.05323 0.444854
v -0.749772 1.08926 0.465882
v -0.797752 1.05401 0.377126
v -0.713025 1.07408 0.389669
v -0.801467 1.09914 0.455
v -0.783929 1.08383 0.507497
v -0.738116 1.08363 0.412841
v -0.731104 1.08428 0.457133
v -0.788311 1.14789 0.423206
v -0.771162 1.15558 0.476896
v -0.757819 1.13822 0.406234
v -0.740803 1.16274 0.444585
v -0.781595 1.00208 0.370339
v -0.743434 1.0115 0.410787
v -0.741639 1.0103 0.326659
v -0.701158 0.996782 0.362122
v -0.804653 1.08996 0.380663
v -0.759854 1.05224 0.439045
v -0.761075 1.08984 0.35335
v -0.735659 1.06557 0.374692
v -0.741001 1.13452 0.400955
v -0.691793 1.15171 0.461556
v -0.68468 1.13919 0.364467
v -0.640896 1.13406 0.386889
v -0.716166 1.12377 0.420553
v -0.675881 1.07856 0.466932
v -0.685761 1.12258 0.352843
v -0.641441 1.10295 0.39687
v -0.752089 1.10015 0.379246
v -0.733353 1.11425 0.418751
v -0.73316 1.10743 0.356253
v -0.683439 1.10821 0.39841
v -0.75681 1.07512 0.446036
v -0.726871 1.0719 0.46452
v -0.750597 1.0924 0.40458
v -0.708137 1.0718 0.4077
v -0.774861 1.08727 0.418286
v -0.719248 1.08997 0.412693
v -0.760455 1.09871 0.351815
v -0.715267 1.09896 0.385222
v -0.73153 1.0469 0.418455
v -0.689475 1.05494 0.46337
v -0.684057 1.03886 0.405736
v -0.654163 1.07089 0.438027
v -0.717367 1.07207 0.441255
v -0.696165 1.08642 0.470845
v -0.687329 1.05186 0.387571
v -0.648168 1.08163 0.449512
v -0.772275 1.14281 0.377622
v -0.704441 1.11947 0.433238
v -0.717679 1.15808 0.33434
v -0.671274 1.1115 0.389607
v -0.730891 1.14797 0.455595
v -0.675135 1.16596 0.483433
v -0.722116 1.14267 0.427425
v -0.67242 1.16966 0.44471
v -0.75943 1.10923 0.367518
v -0.755184 1.10364 0.411021
v -0.710991 1.09834 0.363146
v -0.696963 1.10015 0.398527
v -0.758024 0.998088 0.354946
v -0.724489 1.01671 0.391871
v -0.691395 0.99932 0.349206
v -0.679988 1.02238 0.382491
v -0.807602 1.07891 0.403438
v -0.751783 1.0819 0.429077
v -0.755398 1.08238 0.355225
v -0.716041 1.08418 0.397503
v -0.782286 1.08096 0.458746
v -0.734502 1.1089 0.500904
v -0.733177 1.07041 0.401888
v -0.665196 1.10922 0.444977
v -0.789849 1.08888 0.380393
v -0.767197 1.06433 0.433101
v -0.728112 1.08892 0.353128
v -0.681731 1.06909 0.39908
v -0.803626 1.13291 0.423951
v -0.768072 1.13348 0.462687
v -0.778845 1.15005 0.383866
v -0.749061 1.14098 0.405607
v -0.734926 1.18167 0.44476
v -0.72442 1.18281 0.471363
v -0.710444 1.19332 0.41009
v -0.686477 1.17155 0.452839
v -0.760623 1.08103 0.381672
v -0.713262 1.08009 0.381425
v -0.749951 1.08357 0.335138
v -0.689403 1.09331 0.350228
v -0.74727 1.06796 0.404386
v -0.683549 1.07823 0.425483
v -0.689083 1.05067 0.362334
v -0.646585 1.08696 0.383662
v -0.794906 1.11453 0.376728
v -0.785951 1.12878 0.42931
v -0.725192 1.11437 0.348972
v -0.706263 1.1081 0.388689
v -0.731702 1.04017 0.365087
v -0.692812 1.03517 0.388787
v -0.688764 1.04474 0.340729
v -0.648575 1.04871 0.379924
v -0.784311 1.09045 0.399542
v -0.740996 1.06784 0.43688
v -0.758077 1.08538 0.354298
v -0.715953 1.07026 0.382395
v -0.711218 1.10214 0.423714
v -0.667377 1.09742 0.455827
v -0.689215 1.09228 0.369437
v -0.647158 1.08335 0.411579
v -0.746383 1.0509 0.394025
v -0.70026 1.04234 0.41707
v -0.729108 1.03197 0.318292
v -0.663436 1.05011 0.364402
v -0.743718 1.17064 0.485455
v -0.686254 1.13327 0.494155
v -0.725818 1.17899 0.425187
v -0.680333 1.15137 0.447809
v -0.721439 1.15738 0.415482
v -0.672284 1.15217 0.424172
v -0.701874 1.16901 0.349238
v -0.665226 1.15234 0.378606
v -0.787853 1.06228 0.388732
v -0.73839 1.08045 0.421145
v -0.762257 1.06848 0.343565
v -0.71421 1.07084 0.386487
v -0.772082 1.04558 0.36486
v -0.713183 1.04929 0.364812
v -0.76076 1.04494 0.301626
v -0.702554 1.06687 0.328126
v -0.77115 1.07772 0.422829
v -0.699264 1.06367 0.422709
v -0.732739 1.07249 0.363916
v -0.701077 1.06891 0.372887
v -0.718628 1.01355 0.281891
v -0.687454 0.983015 0.301016
v -0.694082 1.01048 0.236912
v -0.655164 0.987079 0.239409
v -0.714836 1.02127 0.380827
v -0.690226 1.01693 0.411673
v -0.686857 1.0181 0.346861
v -0.660015 1.00494 0.385838
v -0.710095 1.04415 0.354835
v -0.684072 1.02959 0.399335
v -0.632605 1.03322 0.308484
v -0.629473 1.02984 0.373288
v -0.78566 1.08587 0.346172
v -0.727263 1.06343 0.342407
v -0.767765 1.06663 0.274421
v -0.70828 1.06401 0.298534
v -0.782736 1.02762 0.314282
v -0.73287 1.05278 0.341545
v -0.728104 1.03752 0.265044
v -0.691496 1.03415 0.276221
v -0.688028 1.06373 0.269564
v -0.670948 1.09028 0.31362
v -0.646113 1.0807 0.255422
v -0.633675 1.08266 0.302476
v -0.729985 1.02185 0.319096
v -0.669083 1.02956 0.358396
v -0.693871 1.01691 0.272015
v -0.633066 1.04215 0.302729
v -0.772914 1.08443 0.380471
v -0.705543 1.07612 0.435806
v -0.714939 1.08666 0.332859
v -0.65952 1.07617 0.364192
v -0.758531 1.08231 0.349581
v -0.727383 1.08866 0.382066
v -0.705227 1.06929 0.31556
v -0.656932 1.07109 0.351562
v -0.71639 1.03029 0.367404
v -0.70153 1.02997 0.408467
v -0.674656 1.03126 0.349543
v -0.657006 1.02186 0.387478
v -0.779096 1.0336 0.336514
v -0.69001 1.02652 0.359398
v -0.756509 1.04235 0.266174
v -0.682075 1.02379 0.302906
v -0.705083 1.064 0.268242
v -0.647502 1.04566 0.306267
v -0.684936 1.08689 0.21449
v -0.63815 1.04964 0.255822
v -0.771687 1.06975 0.331677
v -0.749768 1.06309 0.383573
v -0.718077 1.08349 0.277338
v -0.699346 1.05516 0.323755
v -0.748581 1.0413 0.336438
v -0.68163 1.04515 0.346134
v -0.713812 1.02806 0.294807
v -0.684557 1.04064 0.308688
v -0.720922 1.02931 0.357846
v -0.686409 1.03626 0.418539
v -0.675517 1.01698 0.338243
v -0.650495 1.01785 0.379756
v -0.766906 1.04203 0.374813
v -0.74848 1.02818 0.405997
v -0.744017 1.03079 0.330516
v -0.714817 1.02329 0.364195
v -0.713942 1.08852 0.400012
v -0.710747 1.10915 0.449883
v -0.68647 1.10135 0.383503
v -0.648201 1.10754 0.418971
v -0.744651 1.06333 0.3777
v -0.713763 1.06212 0.456748
v -0.702085 1.04615 0.35062
v -0.674664 1.05141 0.424831
v -0.760402 1.03487 0.296274
v -0.719119 1.04935 0.339819
v -0.715998 1.03246 0.272128
v -0.681638 1.04669 0.328055
v -0.757656 1.01896 0.416645
v -0.734919 0.998553 0.451306
v -0.7204 0.996604 0.382886
v -0.697603 0.994174 0.413477
v -0.773559 1.05608 0.331927
v -0.727802 1.05721 0.362784
v -0.722638 1.04618 0.30638
v -0.694408 1.0572 0.320801
v -0.69395 1.08974 0.352732
v -0.674619 1.09498 0.402748
v -0.651509 1.10489 0.317979
v -0.624563 1.08635 0.351938
v -0.734531 1.05973 0.26177
v -0.708737 1.04411 0.340996
v -0.700627 1.06608 0.229209
v -0.648713 1.06591 0.288858
v -0.795146 1.08257 0.348521
v -0.756883 1.06416 0.379651
v -0.729924 1.07789 0.312788
v -0.720887 1.07086 0.346798
v -0.694683 1.09644 0.361353
v -0.650285 1.11983 0.393215
v -0.698693 1.11213 0.301573
v -0.618899 1.099 0.330414
v -0.752715 1.07171 0.378031
v -0.72593 1.09955 0.432481
v -0.671475 1.07564 0.325233
v -0.652774 1.09886 0.408942
v -0.763271 1.0515 0.242695
v -0.717995 1.03843 0.282416
v -0.740192 1.06615 0.208697
v -0.700802 1.05108 0.240538
v -0.792527 1.04327 0.367021
v -0.757646 1.03962 0.420157
v -0.747288 1.0403 0.334637
v -0.721786 1.06221 0.380007
v -0.709015 1.10351 0.381236
v -0.700943 1.11557 0.412356
v -0.675564 1.11724 0.347708
v -0.643972 1.1101 0.387224
v -0.707855 1.06359 0.296571
v -0.673275 1.05581 0.357017
v -0.629292 1.06153 0.259811
v -0.611565 1.05712 0.312375
v -0.727403 1.03667 0.429347
v -0.70459 1.03374 0.475136
v -0.677219 1.04815 0.427156
v -0.677306 1.03886 0.45709
v -0.77292 1.07211 0.342162
v -0.721683 1.06464 0.383172
v -0.751905 1.08821 0.290609
v -0.709165 1.06022 0.329056
v -0.725627 1.03483 0.346954
v -0.68822 1.02626 0.375446
v -0.681469 1.03754 0.295588
v -0.649749 1.00609 0.359342
v -0.688748 1.10254 0.284707
v -0.645454 1.08432 0.350323
v -0.6418 1.0762 0.258284
v -0.591731 1.07879 0.321945
v -0.784147 1.03869 0.401991
v -0.777752 1.05977 0.45451
v -0.748254 1.05876 0.389969
v -0.731491 1.04614 0.442277
v -0.853339 1.07441 0.40013
v -0.790295 1.08403 0.451831
v -0.799349 1.06779 0.376861
v -0.755601 1.08582 0.408681
v -0.781799 1.08463 0.362312
v -0.760124 1.06574 0.382223
v -0.738135 1.07821 0.325464
v -0.723813 1.06692 0.377463
v -0.737256 1.0982 0.438642
v -0.701564 1.062 0.45761
v -0.722314 1.09029 0.38206
v -0.673138 1.08057 0.403894
v -0.84206 1.12671 0.374141
v -0.791271 1.12895 0.424297
v -0.767622 1.10564 0.354034
v -0.737756 1.13988 0.405052
v -0.838643 1.13061 0.436575
v -0.789902 1.14382 0.453286
v -0.806315 1.10664 0.357292
v -0.741127 1.13364 0.396211
v -0.763219 1.15057 0.414048
v -0.727865 1.13087 0.45147
v -0.731073 1.14794 0.376698
v -0.689805 1.1472 0.409094
v -0.795441 1.08807 0.35042
v -0.780294 1.0954 0.399264
v -0.747492 1.08763 0.333889
v -0.725875 1.09598 0.381888
v -0.777322 1.09978 0.35833
v -0.742668 1.13067 0.398339
v -0.769804 1.09739 0.315105
v -0.707791 1.12539 0.350049
v -0.783741 1.11777 0.358728
v -0.743849 1.13359 0.380376
v -0.734171 1.11138 0.323254
v -0.706199 1.13339 0.341335
v -0.821052 1.12604 0.40439
v -0.793907 1.15492 0.462091
v -0.736682 1.13759 0.380468
v -0.734932 1.15816 0.440832
v -0.80869 1.1058 0.358764
v -0.782362 1.07936 0.400598
v -0.760935 1.10063 0.351249
v -0.733117 1.09809 0.392329
v -0.749329 1.086 0.379802
v -0.716392 1.08785 0.43667
v -0.706883 1.0867 0.376621
v -0.678513 1.07776 0.409321
v -0.751863 1.05743 0.470876
v -0.700267 1.05573 0.474284
v -0.744194 1.06462 0.426702
v -0.689766 1.06122 0.441336
v -0.811155 1.08224 0.401618
v -0.811031 1.06734 0.437386
v -0.758966 1.063 0.383331
v -0.761568 1.0649 0.4331
v -0.790758 1.14349 0.463995
v -0.760987 1.13896 0.478146
v -0.755776 1.14318 0.427387
v -0.723849 1.14198 0.443232
v -0.807426 1.09352 0.384966
v -0.78636 1.09662 0.41428
v -0.769766 1.09026 0.356184
v -0.745586 1.10333 0.41561
v -0.749237 1.11275 0.417432
v -0.673848 1.11982 0.433012
v -0.711356 1.12095 0.367685
v -0.664418 1.12931 0.386417
v -0.744254 1.04457 0.406747
v -0.71164 1.02801 0.433615
v -0.72136 1.05499 0.358313
v -0.67327 1.02657 0.404584
v -0.762378 1.04162 0.356776
v -0.729711 1.06363 0.402616
v -0.707997 1.04825 0.344281
v -0.688585 1.06066 0.388142
v -0.759352 1.10321 0.449387
v -0.7212 1.10867 0.464328
v -0.732346 1.10073 0.382609
v -0.679331 1.11303 0.432565
v -0.774403 1.1213 0.422839
v -0.721068 1.13505 0.477653
v -0.746163 1.13317 0.384552
v -0.692649 1.11146 0.413444
v -0.747778 1.06432 0.420186
v -0.734046 1.06439 0.45629
v -0.695389 1.06306 0.384631
v -0.68643 1.08438 0.446003
v -0.755172 1.07991 0.398318
v -0.722313 1.10902 0.458955
v -0.702615 1.08726 0.375527
v -0.661439 1.1143 0.437621
v -0.808625 1.0648 0.479293
v -0.753941 1.07731 0.497993
v -0.795427 1.0601 0.396391
v -0.741748 1.08385 0.446629
v -0.822827 1.12879 0.454094
v -0.797143 1.13626 0.472966
v -0.796146 1.13152 0.396537
v -0.764864 1.12995 0.428906
v -0.732831 1.08809 0.397469
v -0.711921 1.09253 0.455414
v -0.679272 1.09832 0.37407
v -0.663569 1.10161 0.418608
v -0.793272 1.10585 0.450694
v -0.71896 1.11005 0.482804
v -0.771118 1.12315 0.388203
v -0.707875 1.11447 0.431797
v -0.790147 1.08562 0.435079
v -0.742691 1.07387 0.449851
v -0.745941 1.08031 0.396798
v -0.706362 1.07482 0.417861
v -0.798928 1.09342 0.423445
v -0.751243 1.10392 0.463992
v -0.769304 1.09247 0.40044
v -0.72102 1.0991 0.424135
v -0.731105 1.07462 0.391817
v -0.667071 1.07125 0.419822
v -0.692339 1.08179 0.339342
v -0.643689 1.07497 0.347833
v -0.766903 1.10436 0.457661
v -0.726506 1.07209 0.49694
v -0.725323 1.0845 0.431008
v -0.699124 1.07453 0.455056
v -0.707518 1.04046 0.412542
v -0.6974 1.05407 0.443372
v -0.663319 1.02536 0.38607
v -0.663243 1.04514 0.428479
v -0.712688 1.12102 0.406952
v -0.673684 1.12201 0.442351
v -0.654123 1.13079 0.393056
v -0.640756 1.13049 0.429037
v -0.772796 1.11222 0.394795
v -0.741109 1.11107 0.401811
v -0.757775 1.09689 0.352221
v -0.701739 1.10222 0.376397
v -0.722828 1.04866 0.446823
v -0.690757 1.03645 0.472874
v -0.701562 1.05426 0.423063
v -0.6542 1.04587 0.447365
v -0.814021 1.08352 0.381711
v -0.766818 1.06612 0.44344
v -0.761066 1.07805 0.352398
v -0.721316 1.07096 0.397246
v -0.766177 1.08593 0.465963
v -0.717058 1.08491 0.496182
v -0.760936 1.06958 0.429957
v -0.698908 1.08383 0.440075
v -0.722676 1.14361 0.38795
v -0.681661 1.12051 0.440739
v -0.683011 1.14589 0.371794
v -0.652513 1.13957 0.403483
v -0.796506 1.07353 0.414483
v -0.77619 1.06612 0.44284
v -0.788902 1.06391 0.366194
v -0.750846 1.06957 0.403271
v -0.718302 1.08803 0.42327
v -0.715624 1.05341 0.494495
v -0.659823 1.06159 0.39485
v -0.646028 1.05059 0.476861
v -0.756604 1.12588 0.396101
v -0.709678 1.13894 0.428171
v -0.753164 1.13122 0.341599
v -0.698848 1.13391 0.360588
v -0.762412 1.04976 0.391561
v -0.730161 1.02715 0.39183
v -0.76242 1.04183 0.345285
v -0.706914 1.03211 0.350419
v -0.778888 1.10264 0.451315
v -0.733967 1.10581 0.467775
v -0.757078 1.10839 0.394321
v -0.727211 1.09651 0.418305
v -0.767486 1.11139 0.434044
v -0.718272 1.09019 0.459501
v -0.729652 1.11774 0.408087
v -0.696225 1.09002 0.427318
v -0.74894 1.02259 0.440179
v -0.725054 1.01098 0.480726
v -0.730192 1.03775 0.395204
v -0.698874 1.01367 0.435674
v -0.729823 1.10409 0.479402
v -0.673094 1.14132 0.482919
v -0.686844 1.10201 0.421989
v -0.640916 1.13696 0.435013
v -0.754362 1.11134 0.454992
v -0.71812 1.10976 0.494637
v -0.704999 1.11831 0.429582
v -0.689262 1.097 0.452083
v -0.796234 1.07361 0.415814
v -0.780929 1.04166 0.46822
v -0.752534 1.05685 0.406591
v -0.731962 1.0407 0.437257
v -0.689347 1.12132 0.411963
v -0.65031 1.10949 0.424328
v -0.672384 1.12318 0.369547
v -0.617082 1.1053 0.389506
v -0.78432 1.06442 0.387145
v -0.756758 1.07842 0.404006
v -0.780063 1.06898 0.335197
v -0.736776 1.07339 0.375667
v -0.721769 1.08396 0.413732
v -0.698323 1.07098 0.468837
v -0.686263 1.09441 0.388195
v -0.654108 1.07382 0.425483
v -0.712274 1.13151 0.401117
v -0.688603 1.09574 0.420158
v -0.687592 1.13378 0.360977
v -0.664506 1.09405 0.386735
v -0.736476 1.12338 0.43529
v -0.730348 1.10749 0.486333
v -0.709498 1.12435 0.422929
v -0.683509 1.10795 0.465793
v -0.785559 1.05805 0.433849
v -0.75031 1.03957 0.461227
v -0.75096 1.06136 0.400726
v -0.696236 1.04305 0.417373
v -0.76235 1.07434 0.353277
v -0.739902 1.0738 0.405388
v -0.71146 1.0608 0.335535
v -0.686571 1.05336 0.386058
v -0.759758 1.05093 0.427232
v -0.73512 1.07127 0.465818
v -0.695502 1.05128 0.415735
v -0.692683 1.0825 0.446502
v -0.808646 1.13196 0.415361
v -0.766321 1.10767 0.43645
v -0.774211 1.12584 0.37857
v -0.750076 1.1203 0.394286
v -0.779595 1.05313 0.357263
v -0.769692 1.061 0.425767
v -0.722121 1.05648 0.356613
v -0.726601 1.06242 0.413513
v -0.787975 1.07003 0.460459
v -0.734096 1.05693 0.493711
v -0.753064 1.08228 0.418318
v -0.710291 1.06668 0.428285
v -0.753066 1.07853 0.36487
v -0.746496 1.05243 0.401261
v -0.709732 1.08077 0.344417
v -0.705761 1.05755 0.386759
v -0.732309 1 0.383265
v -0.723714 0.99373 0.409843
v -0.705522 1.00622 0.391606
v -0.716845 1.02674 0.411818
v -0.729842 1.02136 0.390223
v -0.742106 1.03208 0.410194
v -0.739679 1.04273 0.396599
v -0.719931 1.03785 0.409489
v -0.717788 1.04757 0.387558
v -0.723385 1.06314 0.394553
v -0.737495 1.05771 0.41045
v -0.719077 1.06852 0.415467
v -0.739105 1.08063 0.415478
v -0.725427 1.07785 0.401147
v -0.744 1.0834 0.396199
v -0.732992 1.09828 0.415963
v -0.7239 1.09195 0.401477
v -0.736867 1.10457 0.39921
v -0.725692 1.11072 0.414834
v -0.714791 1.10268 0.405263
v -0.718012 1.11869 0.402404
v -0.701636 1.11536 0.425838
v -0.712154 1.10918 0.41734
v -0.705214 1.12148 0.412711
v -0.696619 1.10955 0.406348
v -0.706841 1.10806 0.415606
v -0.694001 1.11102 0.419944
v -0.693727 1.11671 0.410237
v -0.706133 1.11231 0.410609
v -0.702031 1.12107 0.419549
v -0.710863 1.12628 0.403849
v -0.700136 1.12104 0.40391
v -0.701676 1.13147 0.409521
v -0.712866 1.12173 0.413944
v -0.703165 1.11706 0.41638
v -0.703428 1.12637 0.410449
v -0.710645 1.13029 0.429463
v -0.702822 1.12564 0.426712
v -0.703723 1.13491 0.424786
v -0.700893 1.13425 0.445828
v -0.694559 1.13129 0.442352
v -0.698425 1.13718 0.438994
v -0.714587 1.04273 0.403144
v -0.730816 1.03204 0.394018
v -0.732079 1.05334 0.396366
v -0.718597 1.04343 0.381797
v -0.73436 1.03888 0.394439
v -0.717368 1.04795 0.402055
v -0.721198 1.06139 0.387181
v -0.737775 1.05505 0.383924
v -0.735352 1.06769 0.396571
v -0.727911 1.07759 0.368071
v -0.737818 1.07005 0.37647
v -0.737983 1.08507 0.376427
v -0.740578 1.07741 0.355248
v -0.752773 1.07492 0.356683
v -0.746284 1.07989 0.366179
v -0.742217 1.0859 0.357634
v -0.752034 1.08037 0.356916
v -0.751638 1.0914 0.354542
v -0.741158 1.08247 0.343865
v -0.745766 1.07958 0.336514
v -0.749753 1.08534 0.342393
v -0.742096 1.0915 0.330495
v -0.741148 1.08769 0.336994
v -0.741261 1.09528 0.33706
v -0.749797 1.0914 0.332302
v -0.748858 1.08873 0.338401
v -0.745218 1.09405 0.336492
v -0.733246 1.04273 0.407794
v -0.716772 1.03428 0.396922
v -0.727356 1.05112 0.388834
v -0.704376 1.05289 0.406219
v -0.720535 1.0485 0.396581
v -0.721702 1.05725 0.413764
v -0.721052 1.06643 0.390612
v -0.718309 1.06227 0.407208
v -0.705991 1.07055 0.39827
v -0.729629 1.08156 0.407252
v -0.714859 1.07872 0.408078
v -0.720681 1.08439 0.395394
v -0.724344 1.10039 0.406355
v -0.71536 1.09419 0.41222
v -0.715765 1.10656 0.412932
v -0.727224 1.09953 0.415124
v -0.730282 1.0973 0.425101
v -0.720741 1.10175 0.42336
v -0.734356 1.11343 0.426963
v -0.727608 1.11193 0.421741
v -0.73503 1.11492 0.418422
v -0.72802 1.12574 0.428206
v -0.724961 1.1247 0.422063
v -0.73158 1.12677 0.422306
v -0.705618 1.05289 0.4104
v -0.71757 1.04588 0.397278
v -0.723403 1.05985 0.408891
v -0.699939 1.06496 0.39556
v -0.714362 1.05652 0.391007
v -0.715166 1.07334 0.395071
v -0.698724 1.0695 0.379627
v -0.711198 1.06184 0.374755
v -0.710294 1.07711 0.372686
v -0.689029 1.06612 0.355206
v -0.700359 1.05976 0.353378
v -0.700481 1.07243 0.35678
v -0.690597 1.07234 0.33424
v -0.700135 1.06755 0.333123
v -0.698399 1.07709 0.328532
v -0.682162 1.05873 0.307154
v -0.688813 1.05512 0.308908
v -0.688988 1.06231 0.305977
v -0.72496 1.08063 0.399026
v -0.743463 1.07061 0.403298
v -0.740246 1.09058 0.410516
v -0.745922 1.08559 0.383787
v -0.744768 1.07918 0.400082
v -0.733878 1.09196 0.394958
v -0.757568 1.0953 0.393613
v -0.747648 1.08857 0.399682
v -0.747118 1.10197 0.398913
v -0.761135 1.09617 0.404656
v -0.75796 1.09466 0.413754
v -0.751721 1.09767 0.40689
v -0.734985 1.06314 0.415989
v -0.714991 1.05946 0.409083
v -0.72981 1.06679 0.395388
v -0.724884 1.08408 0.41906
v -0.714327 1.07956 0.411001
v -0.723726 1.08856 0.405761
v -0.705244 1.10002 0.418971
v -0.711456 1.09661 0.419031
v -0.711188 1.1034 0.417017
v -0.743665 1.09828 0.406255
v -0.725299 1.08798 0.402078
v -0.724807 1.10851 0.408322
vn 0.356512 0.933834 -0.0292298
vn 0.208901 0.977189 0.0382225
vn 0.208901 0.977189 0.0382225
vn 0.0553961 0.992971 0.104596
vn -0.0754313 0.985056 0.154841
vn -0.138721 0.975517 0.170654
vn -0.138721 0.975517 0.170654
vn -0.201407 0.961739 0.185726
vn -0.0508182 0.935469 -0.349736
vn 0.114928 0.952678 -0.281418
vn 0.114928 0.952678 -0.281418
vn 0.276946 0.938987 -0.203972
vn -0.106476 0.930452 -0.350601
vn -0.245499 0.893102 -0.376959
vn -0.245499 0.893102 -0.376959
vn -0.379265 0.836624 -0.395244
vn -0.187507 0.952986 -0.238033
vn 0.0443977 0.998577 -0.0295597
vn 0.0443977 0.998577 -0.0295597
vn 0.271893 0.94499 0.181849
vn -0.190024 0.964688 0.182395
vn 0.0220389 0.969916 0.242439
vn 0.0220389 0.969916 0.242439
vn 0.233031 0.928003 0.290699
vn 0.0602197 0.998173 0.00492528
vn 0.123909 0.992104 -0.0194114
vn 0.123909 0.992104 -0.0194114
vn 0.187018 0.981386 -0.0436571
vn 0.314928 0.946927 -0.0644139
vn 0.0111359 0.999677 0.0228598
vn 0.0111359 0.999677 0.0228598
vn -0.2938 0.94977 0.107786
vn 0.0954561 0.995418 -0.00551963
vn 0.0792082 0.996857 -0.00123348
vn 0.0792082 0.996857 -0.00123348
vn 0.0629378 0.998013 0.00305303
vn -0.000914084 0.999322 0.0367987
vn -0.0729083 0.995728 0.0566547
vn -0.0729083 0.995728 0.0566547
vn -0.144495 0.986568 0.0761939
vn -0.107943 0.984516 0.138117
vn 0.23027 0.960177 0.15823
vn 0.23027 0.960177 0.15823
vn 0.541914 0.825047 0.160086
vn -0.136827 0.984611 -0.108721
vn -0.174707 0.97818 -0.112432
vn -0.174707 0.97818 -0.112432
vn -0.212325 0.970293 -0.115976
vn -0.269622 0.959701 0.0792382
vn 0.0150132 0.99986 0.00733051
vn 0.0150132 0.99986 0.00733051
vn 0.29833 0.952232 -0.0652208
vn -0.136269 0.920865 -0.365293
vn 0.0750268 0.947857 -0.30974
vn 0.0750268 0.947857 -0.30974
vn 0.282686 0.928915 -0.239177
vn 0.200698 0.969585 0.140088
vn 0.364004 0.930747 0.0347936
vn 0.364004 0.930747 0.0347936
vn 0.513017 0.855365 -0.0718666
vn -0.603402 0.797247 -0.0174221
vn -0.388054 0.921637 0.000105406
vn -0.388054 0.921637 0.000105406
vn -0.148586 0.988742 0.0176264
vn 0.123871 0.992271 -0.007374
vn 0.214194 0.976063 0.0377069
vn 0.214194 0.976063 0.0377069
vn 0.302279 0.949652 0.0823937
vn 0.0723441 0.990994 0.112684
vn 0.115527 0.985422 0.124887
vn 0.115527 0.985422 0.124887
vn 0.158474 0.977835 0.136835
vn -0.192133 0.948181 0.253057
vn 0.159798 0.884731 0.437853
vn 0.159798 0.884731 0.437853
vn 0.485836 0.677928 0.551703
vn -0.000564429 0.993941 -0.109915
vn -0.219685 0.953279 -0.207361
vn -0.219685 0.953279 -0.207361
vn -0.425808 0.856218 -0.292539
vn 0.188417 0.981303 0.0392831
vn 0.0477136 0.998848 0.00500844
vn 0.0477136 0.998848 0.00500844
vn -0.0940054 0.995138 -0.0293729
vn -0.360227 0.895023 -0.263004
vn -0.533632 0.83441 -0.137828
vn -0.533632 0.83441 -0.137828
vn -0.68067 0.732567 -0.00584266
vn 0.366774 0.750557 0.549673
vn 0.333898 0.774504 0.537266
vn 0.333898 0.774504 0.537266
vn 0.300419 0.797051 0.523887
vn 0.156336 0.97789 0.138889
vn 0.0823507 0.984398 0.155494
vn 0.0823507 0.984398 0.155494
vn 0.00788883 0.985205 0.171198
vn 0.089014 0.985589 0.143846
vn 0.2322 0.972568 0.0139252
vn 0.2322 0.972568 0.0139252
vn 0.366666 0.923027 -0.116519
vn 0.228143 0.973577 -0.00989075
vn -0.109102 0.97885 -0.173058
vn -0.109102 0.97885 -0.173058
vn -0.43103 0.846707 -0.311931
vn -0.318699 0.87826 -0.356497
vn -0.446463 0.831828 -0.329747
vn -0.446463 0.831828 -0.329747
vn -0.565656 0.76943 -0.296667
vn 0.209391 0.838685 0.502755
vn 0.421389 0.805072 0.417481
vn 0.421389 0.805072 0.417481
vn 0.610908 0.728512 0.309937
vn -0.273636 0.916127 -0.292976
vn -0.20783 0.942232 -0.262688
vn -0.20783 0.942232 -0.262688
vn -0.14079 0.962751 -0.230842
vn 0.245861 0.96586 0.0816527
vn 0.210745 0.973089 0.0931928
vn 0.210745 0.973089 0.0931928
vn 0.17533 0.978937 0.104601
vn 0.432046 0.838053 0.333172
vn 0.205883 0.94902 0.238689
vn 0.205883 0.94902 0.238689
vn -0.0351836 0.991288 0.126926
vn -0.0619285 0.956473 0.285174
vn -0.0482585 0.955725 0.290279
vn -0.0482585 0.955725 0.290279
vn -0.0345783 0.954772 0.295321
vn 0.0506723 0.934387 -0.352638
vn -0.0755851 0.946378 -0.314094
vn -0.0755851 0.946378 -0.314094
vn -0.200514 0.941742 -0.27003
vn 0.268165 0.943448 0.194918
vn 0.197853 0.959097 0.202455
vn 0.197853 0.959097 0.202455
vn 0.126503 0.969714 0.20893
vn -0.000630679 0.902097 0.431532
vn 0.0283754 0.901815 0.43119
vn 0.0283754 0.901815 0.43119
vn 0.0573577 0.900773 0.430486
vn 0.292159 0.909637 0.295302
vn -0.0045204 0.98495 0.172779
vn -0.0045204 0.98495 0.172779
vn -0.300709 0.953197 0.0314735
vn 0.0140044 0.999815 -0.0131658
vn -0.16904 0.980088 -0.104181
vn -0.16904 0.980088 -0.104181
vn -0.344955 0.919022 -0.190802
vn 0.354331 0.911804 -0.207515
vn 0.0579842 0.98543 -0.159895
vn 0.0579842 0.98543 -0.159895
vn -0.243901 0.964937 -0.0970026
vn -0.153339 0.926456 0.343755
vn 0.0329428 0.938793 0.342903
vn 0.0329428 0.938793 0.342903
vn 0.218077 0.91841 0.3301
vn 0.63778 0.73593 0.22725
vn 0.271874 0.906877 0.321961
vn 0.271874 0.906877 0.321961
vn -0.140816 0.921768 0.361269
vn -0.195425 0.951371 0.238121
vn 0.00805234 0.983673 0.179783
vn 0.00805234 0.983673 0.179783
vn 0.21116 0.970874 0.113202
vn -0.32037 0.896215 -0.306858
vn -0.293749 0.912288 -0.285382
vn -0.293749 0.912288 -0.285382
vn -0.266708 0.927057 -0.263498
vn 0.185138 0.938055 0.292877
vn 0.0272869 0.964309 0.263371
vn 0.0272869 0.964309 0.263371
vn -0.131287 0.965031 0.226892
vn 0.000782119 0.929412 -0.369043
vn -0.0770579 0.939864 -0.332742
vn -0.0770579 0.939864 -0.332742
vn -0.154321 0.943281 -0.29395
vn 0.0416544 0.982871 0.179525
vn 0.264064 0.952683 0.150551
vn 0.264064 0.952683 0.150551
vn 0.472949 0.873702 0.113866
vn -0.188421 0.954671 0.230438
vn 0.296908 0.951454 0.0811244
vn 0.296908 0.951454 0.0811244
vn 0.70568 0.702905 -0.089107
vn -0.398492 0.912167 0.0956897
vn -0.00367758 0.999955 0.00879504
vn -0.00367758 0.999955 0.00879504
vn 0.391766 0.916615 -0.0796047
vn 0.366621 0.927835 0.0686352
vn 0.321141 0.944943 0.062855
vn 0.321141 0.944943 0.062855
vn 0.274893 0.959788 0.0569243
vn 0.109319 0.993845 0.0179108
vn 0.206818 0.978378 0.00187747
vn 0.206818 0.978378 0.00187747
vn 0.302249 0.953124 -0.0141747
vn -0.138458 0.96351 -0.22908
vn -0.176392 0.957938 -0.226363
vn -0.176392 0.957938 -0.226363
vn -0.214066 0.950951 -0.223312
vn -0.0571455 0.989375 -0.133688
vn -0.0892979 0.988802 -0.119569
vn -0.0892979 0.988802 -0.119569
vn -0.12134 0.98701 -0.105303
vn -0.19929 0.977417 -0.0702882
vn -0.0383571 0.99919 -0.0121564
vn -0.0383571 0.99919 -0.0121564
vn 0.123717 0.991235 0.046337
vn 0.369846 0.928424 -0.0352508
vn 0.234976 0.971996 -0.00308874
vn 0.234976 0.971996 -0.00308874
vn 0.0951427 0.995037 0.0291385
vn 0.0551757 0.951145 -0.303775
vn -0.406694 0.885489 -0.224743
vn -0.406694 0.885489 -0.224743
vn -0.777512 0.62159 -0.0953955
vn -0.280572 0.935901 -0.212998
vn -0.23174 0.948795 -0.214671
vn -0.23174 0.948795 -0.214671
vn -0.182317 0.959267 -0.215796
vn -0.334636 0.941567 0.0383369
vn -0.349926 0.935822 0.0422936
vn -0.349926 0.935822 0.0422936
vn -0.365117 0.929813 0.0462384
vn -0.224504 0.957289 -0.182195
vn -0.248319 0.953738 -0.169473
vn -0.248319 0.953738 -0.169473
vn -0.27195 0.94948 -0.156625
vn -0.190619 0.978205 -0.0823343
vn -0.0218744 0.997182 -0.0717555
vn -0.0218744 0.997182 -0.0717555
vn 0.147503 0.987294 -0.0590996
vn 0.253738 0.938909 0.232523
vn 0.313897 0.928282 0.199401
vn 0.313897 0.928282 0.199401
vn 0.37254 0.913173 0.165316
vn 0.173013 0.984631 0.0238248
vn 0.268903 0.962878 -0.023613
vn 0.268903 0.962878 -0.023613
vn 0.361587 0.929649 -0.0707694
vn 0.110487 0.993601 -0.0234356
vn 0.0627117 0.998031 -0.000790021
vn 0.0627117 0.998031 -0.000790021
vn 0.0147603 0.999652 0.0218578
vn 0.0273659 0.909274 0.415298
vn 0.181356 0.870596 0.457353
vn 0.181356 0.870596 0.457353
vn 0.330454 0.808432 0.48707
vn -0.0952348 0.995341 -0.0150397
vn -0.093388 0.995531 -0.0140588
vn -0.093388 0.995531 -0.0140588
vn -0.0915407 0.995715 -0.0130779
vn -0.372542 0.927647 0.0261363
vn -0.40149 0.91468 0.0465319
vn -0.40149 0.91468 0.0465319
vn -0.429868 0.900413 0.0668613
vn -0.0226125 0.970498 -0.240045
vn -0.25441 0.942633 -0.216146
vn -0.25441 0.942633 -0.216146
vn -0.472195 0.862849 -0.180343
vn 0.020386 0.909253 -0.415745
vn 0.0669294 0.915791 -0.396039
vn 0.0669294 0.915791 -0.396039
vn 0.113299 0.919951 -0.375304
vn -0.175183 0.984461 -0.0121648
vn -0.136509 0.990625 -0.00533217
vn -0.136509 0.990625 -0.00533217
vn -0.0976189 0.995223 0.00150889
vn -0.130434 0.959839 -0.248385
vn -0.0764104 0.96379 -0.255481
vn -0.0764104 0.96379 -0.255481
vn -0.0221582 0.964864 -0.261814
vn 0.480636 0.842736 -0.242455
vn -0.0197515 0.996484 -0.0814281
vn -0.0197515 0.996484 -0.0814281
vn -0.514215 0.85133 0.104024
vn 0.56176 0.656732 0.503119
vn 0.232323 0.852098 0.468994
vn 0.232323 0.852098 0.468994
vn -0.131465 0.921471 0.365524
vn 0.408821 0.853105 0.324158
vn 0.385808 0.859457 0.335389
vn 0.385808 0.859457 0.335389
vn 0.362526 0.865211 0.346387
vn -0.154068 0.959771 -0.234739
vn -0.0204518 0.975215 -0.220312
vn -0.0204518 0.975215 -0.220312
vn 0.113538 0.972812 -0.201854
vn 0.17184 0.961645 -0.213799
vn -0.0186099 0.964042 -0.265098
vn -0.0186099 0.964042 -0.265098
vn -0.208335 0.928929 -0.306083
vn 0.175664 0.984398 -0.0101404
vn 0.213812 0.976704 -0.0182618
vn 0.213812 0.976704 -0.0182618
vn 0.251623 0.967466 -0.0263542
vn 0.239657 0.966311 -0.0938522
vn -0.0832091 0.979145 -0.185342
vn -0.0832091 0.979145 -0.185342
vn -0.396691 0.881554 -0.255929
vn 0.0290034 0.975174 -0.21953
vn 0.096181 0.963871 -0.248398
vn 0.096181 0.963871 -0.248398
vn 0.162832 0.947292 -0.275906
vn 0.24065 0.966433 0.089972
vn 0.314446 0.945135 0.0885649
vn 0.314446 0.945135 0.0885649
vn 0.386387 0.918259 0.0866352
vn 0.586632 0.799972 0.126127
vn 0.290168 0.929252 0.228676
vn 0.290168 0.929252 0.228676
vn -0.0396998 0.951556 0.3049
vn 0.210516 0.977583 -0.00384654
vn 0.134791 0.990851 0.00674404
vn 0.134791 0.990851 0.00674404
vn 0.0582547 0.998152 0.017294
vn 0.057591 0.997328 0.0449361
vn -0.147113 0.989092 -0.00739769
vn -0.147113 0.989092 -0.00739769
vn -0.345239 0.936633 -0.0594008
vn -0.2074 0.956065 -0.207183
vn -0.0290759 0.962376 -0.27016
vn -0.0290759 0.962376 -0.27016
vn 0.150289 0.934229 -0.323464
vn -0.0158182 0.986574 -0.162547
vn -0.219396 0.973286 -0.0676714
vn -0.219396 0.973286 -0.0676714
vn -0.411868 0.910728 0.0306304
vn -0.0856338 0.990979 -0.103091
vn 0.207194 0.96379 -0.167865
vn 0.207194 0.96379 -0.167865
vn 0.481233 0.849203 -0.217416
vn 0.135868 0.868025 -0.477569
vn 0.133593 0.86806 -0.478146
vn 0.133593 0.86806 -0.478146
vn 0.131317 0.868091 -0.478721
vn 0.203524 0.862293 0.463712
vn 0.212597 0.858439 0.466782
vn 0.212597 0.858439 0.466782
vn 0.221648 0.854493 0.469802
vn -0.104644 0.983143 -0.149931
vn -0.39696 0.913538 -0.088719
vn -0.39696 0.913538 -0.088719
vn -0.651945 0.758024 -0.0191636
vn 0.294201 0.931306 -0.214742
vn 0.0894463 0.952478 -0.29118
vn 0.0894463 0.952478 -0.29118
vn -0.119621 0.927725 -0.353578
vn -0.296819 0.944602 -0.140089
vn -0.447184 0.891246 -0.07554
vn -0.447184 0.891246 -0.07554
vn -0.584302 0.811489 -0.00875299
vn 0.39808 0.862944 0.311224
vn 0.0488863 0.949942 0.308579
vn 0.0488863 0.949942 0.308579
vn -0.306639 0.913911 0.265969
vn -0.00601566 0.874464 0.485054
vn 0.196146 0.839628 0.506509
vn 0.196146 0.839628 0.506509
vn 0.389964 0.769072 0.506415
vn 0.20269 0.976398 0.0745929
vn 0.288045 0.956435 0.0475696
vn 0.288045 0.956435 0.0475696
vn 0.370975 0.928424 0.0201461
vn -0.14428 0.975166 -0.168032
vn -0.188824 0.961612 -0.199116
vn -0.188824 0.961612 -0.199116
vn -0.232776 0.945045 -0.229575
vn -0.495033 0.720111 -0.486192
vn -0.265198 0.84964 -0.45583
vn -0.265198 0.84964 -0.45583
vn -0.0166606 0.91925 -0.393321
vn 0.28552 0.955544 -0.0735748
vn 0.360436 0.931199 -0.0543549
vn 0.360436 0.931199 -0.0543549
vn 0.432983 0.900731 -0.0347775
vn -0.222459 0.92777 -0.299591
vn -0.0984645 0.954639 -0.281014
vn -0.0984645 0.954639 -0.281014
vn 0.027149 0.965812 -0.257817
vn -0.0107119 0.9589 -0.283543
vn -0.0412992 0.954097 -0.296635
vn -0.0412992 0.954097 -0.296635
vn -0.0718399 0.948217 -0.309392
vn 0.237428 0.948812 -0.208289
vn 0.0584096 0.965107 -0.255259
vn 0.0584096 0.965107 -0.255259
vn -0.122625 0.948087 -0.293418
vn -0.0466741 0.912801 -0.405728
vn -0.186893 0.915272 -0.356859
vn -0.186893 0.915272 -0.356859
vn -0.32299 0.897555 -0.300119
vn 0.17751 0.954929 0.237909
vn 0.155741 0.958906 0.237158
vn 0.155741 0.958906 0.237158
vn 0.133896 0.962413 0.236291
vn 0.246928 0.95498 0.164436
vn 0.16133 0.980999 0.107767
vn 0.16133 0.980999 0.107767
vn 0.0739235 0.996015 0.0498895
vn -0.043731 0.979598 0.196152
vn -0.232997 0.957667 0.169074
vn -0.232997 0.957667 0.169074
vn -0.413635 0.900268 0.135734
vn 0.137295 0.98063 0.139697
vn 0.25278 0.958432 0.132329
vn 0.25278 0.958432 0.132329
vn 0.364755 0.922927 0.123124
vn -0.118086 0.988196 0.0975959
vn 0.160232 0.963854 0.212866
vn 0.160232 0.963854 0.212866
vn 0.423914 0.851473 0.308693
vn 0.569595 0.702529 0.426632
vn 0.127258 0.961903 0.241966
vn 0.127258 0.961903 0.241966
vn -0.35288 0.935555 -0.014573
vn 0.290318 0.908777 0.299733
vn 0.0321017 0.96819 0.248147
vn 0.0321017 0.96819 0.248147
vn -0.228454 0.957055 0.178479
vn 0.469312 0.740791 0.480599
vn 0.183693 0.921064 0.343364
vn 0.183693 0.921064 0.343364
vn -0.12634 0.978918 0.160492
vn -0.0345502 0.986187 -0.161992
vn -0.0197095 0.987373 -0.15718
vn -0.0197095 0.987373 -0.15718
vn -0.00486401 0.988318 -0.15233
vn -0.416429 0.882055 -0.220377
vn -0.11522 0.981885 -0.150422
vn -0.11522 0.981885 -0.150422
vn 0.198154 0.978041 -0.0645858
vn -0.155964 0.890581 0.427248
vn 0.0159738 0.874185 0.48533
vn 0.0159738 0.874185 0.48533
vn 0.187381 0.828762 0.527297
vn 0.0349614 0.946262 0.321505
vn 0.00443674 0.953929 0.3
vn 0.00443674 0.953929 0.3
vn -0.0260944 0.96021 0.278059
vn -0.0509983 0.975121 -0.215726
vn 0.16409 0.968435 -0.187637
vn 0.16409 0.968435 -0.187637
vn 0.371449 0.91614 -0.150711
vn -0.286488 0.940379 0.183337
vn -0.226104 0.957913 0.176862
vn -0.226104 0.957913 0.176862
vn -0.164817 0.971619 0.16968
vn -0.219345 0.97251 -0.0781811
vn 0.0733157 0.99228 0.100029
vn 0.0733157 0.99228 0.100029
vn 0.35734 0.895159 0.266456
vn 0.177272 0.973409 0.145084
vn 0.0936871 0.978677 0.182798
vn 0.0936871 0.978677 0.182798
vn 0.00931127 0.975687 0.218969
vn 0.228213 0.973206 -0.0280711
vn 0.0982164 0.994668 0.0314342
vn 0.0982164 0.994668 0.0314342
vn -0.033833 0.995341 0.0902824
vn -0.15916 0.981746 -0.104133
vn -0.0888123 0.992677 -0.0818779
vn -0.0888123 0.992677 -0.0818779
vn -0.01797 0.998086 -0.0591674
vn 0.0392174 0.999231 -0.000148099
vn 0.183268 0.9828 0.022743
vn 0.183268 0.9828 0.022743
vn 0.32337 0.945195 0.0451441
vn 0.161846 0.984277 0.0707364
vn 0.155382 0.985189 0.0725205
vn 0.155382 0.985189 0.0725205
vn 0.148911 0.986055 0.0743012
vn -0.409739 0.911949 0.0215337
vn 0.0544262 0.995899 0.0722734
vn 0.0544262 0.995899 0.0722734
vn 0.506342 0.8557 0.106746
vn -0.498897 0.836922 -0.225086
vn -0.272894 0.911044 -0.309074
vn -0.272894 0.911044 -0.309074
vn -0.0295286 0.927202 -0.373397
vn 0.145424 0.988925 0.0296526
vn 0.0141005 0.996103 0.0870614
vn 0.0141005 0.996103 0.0870614
vn -0.117513 0.982768 0.142677
vn -0.0307247 0.976226 0.214569
vn -0.0175096 0.976367 0.215411
vn -0.0175096 0.976367 0.215411
vn -0.00429149 0.976336 0.216215
vn -0.421278 0.904196 -0.0703893
vn 0.0283906 0.992498 0.118916
vn 0.0283906 0.992498 0.118916
vn 0.47108 0.836809 0.278987
vn 0.112972 0.99355 0.00982785
vn 0.152575 0.988279 0.00505379
vn 0.152575 0.988279 0.00505379
vn 0.191932 0.981408 0.000271554
vn -0.224111 0.97349 -0.0457227
vn -0.188359 0.980756 -0.0513752
vn -0.188359 0.980756 -0.0513752
vn -0.152349 0.986684 -0.0569577
vn -0.365998 0.918423 0.150149
vn -0.278953 0.951354 0.130809
vn -0.278953 0.951354 0.130809
vn -0.189388 0.975689 0.110288
vn -0.23629 0.931915 0.27514
vn -0.142955 0.95381 0.264218
vn -0.142955 0.95381 0.264218
vn -0.0482895 0.966824 0.250836
vn -0.361884 0.930541 -0.055982
vn -0.180657 0.983544 -0.00184682
vn -0.180657 0.983544 -0.00184682
vn 0.00753918 0.9986 0.0523596
vn -0.114353 0.941696 -0.316438
vn -0.0387315 0.943961 -0.327777
vn -0.0387315 0.943961 -0.327777
vn 0.0371165 0.940702 -0.337197
vn 0.111832 0.833814 0.540599
vn 0.0324619 0.846299 0.531718
vn 0.0324619 0.846299 0.531718
vn -0.0471207 0.853254 0.519362
vn -0.204355 0.931813 -0.29994
vn 0.0444284 0.976194 -0.2123
vn 0.0444284 0.976194 -0.2123
vn 0.290033 0.950735 -0.109471
vn -0.146514 0.989185 -0.0068631
vn -0.252457 0.966986 0.034679
vn -0.252457 0.966986 0.034679
vn -0.355006 0.93179 0.0757549
vn 0.223321 0.974738 -0.00361397
vn -0.0810082 0.993686 -0.0776232
vn -0.0810082 0.993686 -0.0776232
vn -0.377362 0.914803 -0.14399
vn 0.481351 0.8065 0.343305
vn 0.472024 0.811203 0.345172
vn 0.472024 0.811203 0.345172
vn 0.462644 0.815813 0.347001
vn -0.0383229 0.999221 0.00938852
vn 0.115499 0.992826 -0.0309273
vn 0.115499 0.992826 -0.0309273
vn 0.266396 0.961285 -0.0704598
vn -0.240634 0.942378 -0.232422
vn -0.104588 0.974105 -0.200451
vn -0.104588 0.974105 -0.200451
vn 0.0336047 0.985827 -0.164364
vn 0.187597 0.947807 0.257815
vn 0.118967 0.946442 0.300159
vn 0.118967 0.946442 0.300159
vn 0.049563 0.938919 0.34055
vn 0.130441 0.833321 0.537179
vn 0.202903 0.810258 0.549829
vn 0.202903 0.810258 0.549829
vn 0.274159 0.782381 0.559212
vn -0.353484 0.935271 -0.017834
vn -0.365892 0.930496 -0.0173164
vn -0.365892 0.930496 -0.0173164
vn -0.378235 0.925557 -0.0167958
vn 0.162991 0.983898 -0.0733371
vn 0.00990775 0.999409 -0.0329092
vn 0.00990775 0.999409 -0.0329092
vn -0.143426 0.989626 0.00835156
vn -0.0997217 0.958843 0.265847
vn -0.0617358 0.957497 0.28176
vn -0.0617358 0.957497 0.28176
vn -0.023645 0.954524 0.297195
vn -0.404402 0.909708 0.0942914
vn -0.410811 0.906079 0.101269
vn -0.410811 0.906079 0.101269
vn -0.417178 0.902357 0.108236
vn 0.300049 0.878167 0.372549
vn 0.285795 0.880881 0.377318
vn 0.285795 0.880881 0.377318
vn 0.271474 0.88339 0.381999
vn -0.138751 0.990016 0.0248335
vn -0.0369979 0.999089 0.0212565
vn -0.0369979 0.999089 0.0212565
vn 0.0651418 0.997723 0.0174575
vn -0.177377 0.972289 -0.152286
vn -0.225353 0.963402 -0.145163
vn -0.225353 0.963402 -0.145163
vn -0.272781 0.952173 -0.137686
vn 0.365769 0.92222 -0.12539
vn 0.0634103 0.984379 -0.164245
vn 0.0634103 0.984379 -0.164245
vn -0.245086 0.951256 -0.187201
vn 0.132685 0.991137 -0.00644782
vn -0.0724903 0.993376 -0.0891641
vn -0.0724903 0.993376 -0.0891641
vn -0.274118 0.946994 -0.167516
vn 0.215571 0.934449 -0.283434
vn -0.184954 0.969087 -0.163288
vn -0.184954 0.969087 -0.163288
vn -0.552916 0.833113 -0.0143946
vn -0.0782637 0.975089 -0.207546
vn -0.120384 0.970405 -0.209335
vn -0.120384 0.970405 -0.209335
vn -0.162288 0.963975 -0.210747
vn 0.35707 0.91779 -0.173675
vn -0.0679751 0.994177 -0.0836141
vn -0.0679751 0.994177 -0.0836141
vn -0.479792 0.877088 0.0227185
vn 0.0889542 0.990045 -0.109082
vn 0.0781392 0.990451 -0.11358
vn 0.0781392 0.990451 -0.11358
vn 0.0673136 0.990722 -0.118064
vn -0.000538733 0.998085 0.0618587
vn 0.104274 0.989457 0.100505
vn 0.104274 0.989457 0.100505
vn 0.207777 0.968409 0.137889
vn -0.323072 0.920526 -0.219673
vn -0.344183 0.914231 -0.21382
vn -0.344183 0.914231 -0.21382
vn -0.365116 0.907461 -0.207857
vn 0.344353 0.923325 -0.169974
vn 0.254028 0.955764 -0.148272
vn 0.254028 0.955764 -0.148272
vn 0.161243 0.978949 -0.125135
vn -0.00488205 0.99032 0.138719
vn 0.073311 0.983752 0.163885
vn 0.073311 0.983752 0.163885
vn 0.151006 0.970503 0.187937
vn 0.150534 0.983372 0.101586
vn 0.0449026 0.996468 0.0709655
vn 0.0449026 0.996468 0.0709655
vn -0.0612793 0.99734 0.0394742
vn 0.343942 0.894522 0.285542
vn 0.218514 0.940338 0.260797
vn 0.218514 0.940338 0.260797
vn 0.0890562 0.968812 0.231242
vn -0.474792 0.864104 -0.167021
vn -0.160351 0.957122 -0.241257
vn -0.160351 0.957122 -0.241257
vn 0.172215 0.94195 -0.288222
vn -0.140809 0.989856 -0.0189094
vn 0.0840118 0.992443 0.089434
vn 0.0840118 0.992443 0.089434
vn 0.303599 0.933212 0.192207
vn 0.345022 0.937949 0.0347901
vn 0.261886 0.962845 0.0659177
vn 0.261886 0.962845 0.0659177
vn 0.176524 0.979556 0.0964849
vn -0.144074 0.912128 0.383752
vn 0.000745373 0.900773 0.43429
vn 0.000745373 0.900773 0.43429
vn 0.145547 0.868109 0.474555
vn 0.251185 0.957533 -0.141551
vn 0.286117 0.950007 -0.124997
vn 0.286117 0.950007 -0.124997
vn 0.320606 0.941007 -0.108249
vn -0.0436922 0.997429 -0.0567983
vn -0.169161 0.985195 -0.0278317
vn -0.169161 0.985195 -0.0278317
vn -0.2918 0.956478 0.00160049
vn -0.492562 0.867175 -0.073416
vn -0.448086 0.888756 -0.0965949
vn -0.448086 0.888756 -0.0965949
vn -0.402276 0.907688 -0.119486
vn -0.474788 0.737466 -0.480334
vn -0.147121 0.962858 -0.226408
vn -0.147121 0.962858 -0.226408
vn 0.213301 0.973874 0.0779268
vn -0.151063 0.974757 -0.164401
vn -0.43767 0.898976 -0.0169524
vn -0.43767 0.898976 -0.0169524
vn -0.676297 0.724641 0.132355
vn 0.227489 0.931094 0.285155
vn 0.283051 0.917752 0.278592
vn 0.283051 0.917752 0.278592
vn 0.337677 0.901374 0.271107
vn -0.358982 0.931046 0.0654695
vn -0.00824683 0.963861 0.266277
vn -0.00824683 0.963861 0.266277
vn 0.343844 0.838203 0.423304
vn 0.0993133 0.982709 -0.156271
vn 0.0712621 0.986199 -0.149441
vn 0.0712621 0.986199 -0.149441
vn 0.0431506 0.988856 -0.142484
vn 0.351581 0.890562 0.288602
vn 0.105397 0.972125 0.209439
vn 0.105397 0.972125 0.209439
vn -0.148536 0.982212 0.114876
vn -0.281397 0.945463 -0.164061
vn -0.210455 0.967891 -0.137461
vn -0.210455 0.967891 -0.137461
vn -0.138199 0.984277 -0.110003
vn -0.591763 0.806112 -0.000232973
vn -0.400573 0.905056 -0.142881
vn -0.400573 0.905056 -0.142881
vn -0.182668 0.94364 -0.275999
vn 0.333721 0.929064 0.159593
vn 0.160324 0.984168 0.075556
vn 0.160324 0.984168 0.075556
vn -0.0195123 0.999743 -0.0115163
vn 0.193361 0.960629 -0.199509
vn -0.166963 0.949719 -0.264871
vn -0.166963 0.949719 -0.264871
vn -0.504877 0.811334 -0.29468
vn -0.220889 0.975122 -0.0185586
vn 0.0525264 0.998534 -0.0130601
vn 0.0525264 0.998534 -0.0130601
vn 0.321985 0.946722 -0.00657771
vn 0.244889 0.889152 0.386572
vn 0.364625 0.854611 0.369713
vn 0.364625 0.854611 0.369713
vn 0.478595 0.806556 0.347008
vn -0.170616 0.975591 -0.138245
vn 0.0011716 0.991806 -0.127749
vn 0.0011716 0.991806 -0.127749
vn 0.172924 0.978381 -0.113436
vn 0.582853 0.77377 0.248119
vn 0.335097 0.88839 0.313804
vn 0.335097 0.88839 0.313804
vn 0.0609235 0.932974 0.354751
vn -0.458462 0.88332 -0.0977664
vn -0.198812 0.974193 -0.106876
vn -0.198812 0.974193 -0.106876
vn 0.0758997 0.991262 -0.107888
vn -0.126375 0.922232 0.365401
vn 0.155912 0.951891 0.263808
vn 0.155912 0.951891 0.263808
vn 0.42403 0.895036 0.138238
vn -0.0314468 0.986144 0.162886
vn -0.121172 0.967723 0.220973
vn -0.121172 0.967723 0.220973
vn -0.209472 0.937918 0.276461
vn 0.0933013 0.96124 -0.259445
vn -0.24291 0.928205 -0.281833
vn -0.24291 0.928205 -0.281833
vn -0.551277 0.788769 -0.271914
vn -0.0780907 0.917857 -0.389152
vn -0.079826 0.917664 -0.389256
vn -0.079826 0.917664 -0.389256
vn -0.081561 0.917468 -0.389359
vn 0.0251453 0.932358 0.360661
vn 0.283803 0.905477 0.315543
vn 0.283803 0.905477 0.315543
vn 0.52269 0.815519 0.248444
vn -0.188635 0.952751 -0.238079
vn -0.347096 0.932814 -0.0968664
vn -0.347096 0.932814 -0.0968664
vn -0.489781 0.870482 0.0487484
vn 0.226897 0.968536 0.102251
vn 0.137044 0.990421 0.0168869
vn 0.137044 0.990421 0.0168869
vn 0.0450199 0.996618 -0.0687443
vn -0.0522692 0.909924 -0.411469
vn -0.133384 0.877277 -0.461079
vn -0.133384 0.877277 -0.461079
vn -0.213151 0.835764 -0.506029
vn -0.0577703 0.998287 0.00925349
vn -0.0566854 0.99835 0.0092008
vn -0.0566854 0.99835 0.0092008
vn -0.0556005 0.998411 0.0091481
vn -0.217091 0.908856 -0.356162
vn -0.252151 0.900808 -0.353503
vn -0.252151 0.900808 -0.353503
vn -0.286883 0.891588 -0.350384
vn 0.15837 0.919348 0.360164
vn 0.118282 0.931388 0.344275
vn 0.118282 0.931388 0.344275
vn 0.0779565 0.941561 0.327696
vn -0.269145 0.934435 0.23322
vn -0.0545155 0.97563 0.212544
vn -0.0545155 0.97563 0.212544
vn 0.162741 0.969808 0.181624
vn -0.323881 0.942031 0.0876296
vn 0.0312657 0.983926 0.175819
vn 0.0312657 0.983926 0.175819
vn 0.38217 0.89234 0.240156
vn 0.0201709 0.998053 0.0590245
vn -0.0970014 0.983789 0.150828
vn -0.0970014 0.983789 0.150828
vn -0.212005 0.947528 0.23926
vn -0.0158209 0.916877 -0.398855
vn -0.282014 0.8881 -0.362968
vn -0.282014 0.8881 -0.362968
vn -0.527627 0.794514 -0.300594
vn -0.0953869 0.964772 -0.245188
vn 0.0864236 0.989921 -0.112195
vn 0.0864236 0.989921 -0.112195
vn 0.263794 0.964213 0.0265621
vn 0.00686269 0.980597 0.195913
vn -0.126494 0.974841 0.183535
vn -0.126494 0.974841 0.183535
vn -0.257577 0.951566 0.167858
vn 0.37878 0.918099 0.116706
vn 0.310983 0.940702 0.135531
vn 0.310983 0.940702 0.135531
vn 0.241488 0.958168 0.153615
vn 0.181484 0.977875 -0.104041
vn 0.26103 0.957471 -0.122935
vn 0.26103 0.957471 -0.122935
vn 0.338722 0.930268 -0.140956
vn 0.264243 0.948124 -0.17674
vn 0.00909924 0.99421 -0.107067
vn 0.00909924 0.99421 -0.107067
vn -0.246701 0.968637 -0.0296762
vn 0.49784 0.82663 0.262371
vn 0.418546 0.848948 0.322655
vn 0.418546 0.848948 0.322655
vn 0.334891 0.862421 0.379577
vn 0.0698076 0.97884 0.192351
vn 0.224214 0.966031 0.128502
vn 0.224214 0.966031 0.128502
vn 0.372324 0.926093 0.0610438
vn -0.316098 0.947464 -0.0489397
vn -0.101126 0.987458 -0.121245
vn -0.101126 0.987458 -0.121245
vn 0.119209 0.975077 -0.187119
vn -0.0628313 0.997795 -0.0213901
vn -0.26357 0.955473 0.132675
vn -0.26357 0.955473 0.132675
vn -0.44696 0.850258 0.278007
vn 0.191809 0.980701 0.0378877
vn 0.137831 0.987999 0.0697155
vn 0.137831 0.987999 0.0697155
vn 0.083305 0.991365 0.101266
vn 0.585588 0.765276 0.267281
vn 0.532127 0.796787 0.286307
vn 0.532127 0.796787 0.286307
vn 0.476424 0.824941 0.304127
vn 0.14301 0.989397 0.0253302
vn 0.271747 0.961852 0.0315224
vn 0.271747 0.961852 0.0315224
vn 0.395764 0.9176 0.037167
vn 0.238356 0.955617 0.173157
vn 0.130225 0.985016 0.113073
vn 0.130225 0.985016 0.113073
vn 0.0199881 0.99849 0.0511614
vn 0.344868 0.924599 -0.161812
vn 0.192259 0.978962 -0.06833
vn 0.192259 0.978962 -0.06833
vn 0.032925 0.999078 0.0275425
vn -0.349775 0.914316 -0.204167
vn -0.105205 0.973961 -0.200828
vn -0.105205 0.973961 -0.200828
vn 0.146033 0.971874 -0.184759
vn -0.447409 0.832055 -0.327886
vn -0.145195 0.964471 -0.220714
vn -0.145195 0.964471 -0.220714
vn 0.174494 0.980809 -0.0869791
vn -0.0390601 0.990247 -0.133736
vn -0.207973 0.974609 -0.0829758
vn -0.207973 0.974609 -0.0829758
vn -0.370365 0.928414 -0.0296144
vn 0.0422912 0.9943 0.0978762
vn 0.0896153 0.991599 0.0932805
vn 0.0896153 0.991599 0.0932805
vn 0.136736 0.986649 0.0884734
vn 0.0715866 0.963794 -0.25686
vn 0.105118 0.963643 -0.245645
vn 0.105118 0.963643 -0.245645
vn 0.138518 0.962288 -0.234124
vn -0.0171896 0.999752 0.0141639
vn 0.110607 0.991234 0.0722621
vn 0.110607 0.991234 0.0722621
vn 0.236216 0.963109 0.128931
vn 0.0434226 0.989607 0.137083
vn 0.146692 0.987174 0.0630049
vn 0.146692 0.987174 0.0630049
vn 0.247592 0.968789 -0.0120913
vn 0.0272257 0.915945 0.40038
vn 0.28609 0.912262 0.293139
vn 0.28609 0.912262 0.293139
vn 0.522489 0.836944 0.162879
vn -0.0870296 0.98282 0.162762
vn 0.210654 0.946469 0.244583
vn 0.210654 0.946469 0.244583
vn 0.487981 0.81866 0.302769
vn -0.00972167 0.950575 -0.310343
vn -0.188896 0.961101 -0.201504
vn -0.188896 0.961101 -0.201504
vn -0.359747 0.92928 -0.0837867
vn 0.171732 0.962954 -0.207914
vn 0.226023 0.953718 -0.198332
vn 0.226023 0.953718 -0.198332
vn 0.279608 0.941502 -0.18813
vn 0.532099 0.844505 0.0606767
vn 0.371533 0.926846 0.0540307
vn 0.371533 0.926846 0.0540307
vn 0.198852 0.978967 0.045623
vn -0.543007 0.78768 -0.29104
vn -0.303507 0.927128 -0.219813
vn -0.303507 0.927128 -0.219813
vn -0.0391573 0.990663 -0.130589
vn 0.312455 0.943808 -0.107696
vn 0.238176 0.963917 -0.118896
vn 0.238176 0.963917 -0.118896
vn 0.162458 0.978197 -0.129378
vn -0.0807189 0.966187 -0.244882
vn -0.0439221 0.96882 -0.243843
vn -0.0439221 0.96882 -0.243843
vn -0.00706554 0.970133 -0.242471
vn 0.576633 0.81095 0.0992678
vn 0.35609 0.933167 0.0489841
vn 0.35609 0.933167 0.0489841
vn 0.112008 0.993697 -0.00453757
vn 0.0986777 0.978294 -0.182218
vn -0.0827802 0.976599 -0.198498
vn -0.0827802 0.976599 -0.198498
vn -0.26149 0.942486 -0.20819
vn -0.318537 0.947609 0.0238962
vn 0.0249896 0.992123 0.12275
vn 0.0249896 0.992123 0.12275
vn 0.365273 0.907895 0.205676
vn 0.00137903 0.981202 0.192977
vn -0.0988834 0.977746 0.185024
vn -0.0988834 0.977746 0.185024
vn -0.198144 0.964388 0.175197
vn 0.22095 0.933992 0.280785
vn 0.112172 0.963522 0.242987
vn 0.112172 0.963522 0.242987
vn 0.00180891 0.979434 0.201755
vn -0.58276 0.775566 0.24267
vn -0.200258 0.979462 0.0234869
vn -0.200258 0.979462 0.0234869
vn 0.229488 0.952281 -0.201237
vn -0.261113 0.905516 -0.334455
vn -0.167475 0.940777 -0.294771
vn -0.167475 0.940777 -0.294771
vn -0.0718959 0.965138 -0.251672
vn -0.0520512 0.929452 0.365254
vn 0.0228727 0.937991 0.345905
vn 0.0228727 0.937991 0.345905
vn 0.097658 0.940844 0.324461
vn 0.077861 0.996812 0.0174095
vn -0.268715 0.9629 -0.0248354
vn -0.268715 0.9629 -0.0248354
vn -0.582225 0.810503 -0.0640243
vn -0.526251 0.829905 -0.18525
vn -0.213255 0.975235 -0.0586343
vn -0.213255 0.975235 -0.0586343
vn 0.128555 0.988793 0.0759042
vn 0.0677835 0.993712 0.0891222
vn 0.0497106 0.99547 0.0810482
vn 0.0497106 0.99547 0.0810482
vn 0.031618 0.996835 0.0729421
vn -0.212999 0.962573 0.167585
vn -0.0989365 0.96718 0.234039
vn -0.0989365 0.96718 0.234039
vn 0.0168521 0.954912 0.296409
vn -0.0752318 0.960184 0.269046
vn 0.232354 0.958001 0.168063
vn 0.232354 0.958001 0.168063
vn 0.515587 0.855408 0.0494643
vn 0.112336 0.982541 0.1483
vn 0.318612 0.934463 0.158948
vn 0.318612 0.934463 0.158948
vn 0.510559 0.844358 0.162447
vn 0.462723 0.884489 -0.059722
vn 0.265912 0.96113 -0.074302
vn 0.265912 0.96113 -0.074302
vn 0.0571814 0.994691 -0.0855516
vn -0.535738 0.804173 -0.25747
vn -0.127243 0.989132 -0.0736707
vn -0.127243 0.989132 -0.0736707
vn 0.311136 0.941783 0.127431
vn 0.0272113 0.976292 -0.214742
vn -0.120105 0.973166 -0.196273
vn -0.120105 0.973166 -0.196273
vn -0.264772 0.948579 -0.173475
vn 0.415395 0.841375 0.345738
vn 0.211523 0.934238 0.287154
vn 0.211523 0.934238 0.287154
vn -0.00369161 0.977007 0.213173
vn 0.688194 0.720999 0.0809267
vn 0.38831 0.892962 0.227673
vn 0.38831 0.892962 0.227673
vn 0.0336595 0.938984 0.34231
vn 0.201667 0.94793 -0.246493
vn -0.0602808 0.9412 -0.332428
vn -0.0602808 0.9412 -0.332428
vn -0.317644 0.862895 -0.393083
vn -0.136745 0.931386 -0.337373
vn -0.162737 0.929118 -0.33205
vn -0.162737 0.929118 -0.33205
vn -0.188613 0.92619 -0.326492
vn 0.307573 0.930441 0.199192
vn 0.0757639 0.972822 0.21881
vn 0.0757639 0.972822 0.21881
vn -0.160282 0.960805 0.226193
vn -0.0380897 0.989851 -0.136907
vn -0.0476469 0.98878 -0.141575
vn -0.0476469 0.98878 -0.141575
vn -0.0571986 0.987596 -0.146226
vn -0.561796 0.814877 -0.142694
vn -0.415432 0.883183 -0.217726
vn -0.415432 0.883183 -0.217726
vn -0.255891 0.923476 -0.285853
vn -0.154926 0.911671 -0.380597
vn -0.279894 0.877855 -0.388625
vn -0.279894 0.877855 -0.388625
vn -0.400153 0.82927 -0.390114
vn -0.223831 0.909619 -0.349989
vn -0.194323 0.922996 -0.33214
vn -0.194323 0.922996 -0.33214
vn -0.164548 0.93511 -0.313836
vn 0.165946 0.877379 0.450187
vn -0.0714613 0.926897 0.368449
vn -0.0714613 0.926897 0.368449
vn -0.304188 0.915708 0.262579
vn -0.0181545 0.999594 -0.0219426
vn 0.129457 0.991584 0.00158448
vn 0.129457 0.991584 0.00158448
vn 0.274168 0.961355 0.0250761
vn 0.0216441 0.986168 0.164328
vn 0.0187639 0.985792 0.166916
vn 0.0187639 0.985792 0.166916
vn 0.0158833 0.985402 0.169503
vn 0.428821 0.834455 0.346119
vn 0.247535 0.95527 0.16182
vn 0.247535 0.95527 0.16182
vn 0.0460931 0.998301 -0.0356557
vn 0.10633 0.989948 0.0932555
vn 0.0514516 0.994789 0.0880242
vn 0.0514516 0.994789 0.0880242
vn -0.00358455 0.996583 0.0825233
vn 0.00363672 0.994165 -0.107805
vn -0.0762319 0.988578 -0.130007
vn -0.0762319 0.988578 -0.130007
vn -0.155574 0.976167 -0.151311
vn -0.109458 0.990767 0.0800023
vn -0.170547 0.978631 0.114867
vn -0.170547 0.978631 0.114867
vn -0.230766 0.96151 0.149146
vn 0.220702 0.926889 0.30359
vn 0.239683 0.923376 0.299881
vn 0.239683 0.923376 0.299881
vn 0.258571 0.919506 0.296056
vn -0.185777 0.93089 -0.314532
vn -0.104739 0.951351 -0.289761
vn -0.104739 0.951351 -0.289761
vn -0.0229041 0.964582 -0.262788
vn -0.110042 0.9906 -0.0812529
vn -0.134377 0.987882 -0.0776695
vn -0.134377 0.987882 -0.0776695
vn -0.158631 0.984558 -0.0740385
vn -0.310785 0.948279 0.0646413
vn 0.0669621 0.997025 -0.038161
vn 0.0669621 0.997025 -0.038161
vn 0.434288 0.890597 -0.135024
vn 0.0180171 0.999799 -0.0088038
vn -0.207713 0.969511 -0.130016
vn -0.207713 0.969511 -0.130016
vn -0.419616 0.874689 -0.242574
vn -0.258628 0.91805 -0.300493
vn -0.220776 0.929765 -0.294611
vn -0.220776 0.929765 -0.294611
vn -0.18257 0.939987 -0.288256
vn -0.194062 0.977186 -0.0863008
vn -0.308255 0.950653 -0.0351785
vn -0.308255 0.950653 -0.0351785
vn -0.417405 0.90857 0.0165192
vn -0.235545 0.969807 -0.0631831
vn -0.0627551 0.996067 -0.0625561
vn -0.0627551 0.996067 -0.0625561
vn 0.111952 0.991899 -0.0600183
vn -0.19039 0.981687 -0.00648028
vn -0.189555 0.981851 -0.00613346
vn -0.189555 0.981851 -0.00613346
vn -0.18872 0.982014 -0.00578663
vn -0.147434 0.965429 0.214963
vn -0.0405603 0.986453 0.158951
vn -0.0405603 0.986453 0.158951
vn 0.0669215 0.992678 0.100554
vn 0.207905 0.972471 0.105245
vn 0.142195 0.983637 0.110626
vn 0.142195 0.983637 0.110626
vn 0.075848 0.990406 0.115512
vn -0.0870017 0.984446 -0.152633
vn -0.0715634 0.984984 -0.157117
vn -0.0715634 0.984984 -0.157117
vn -0.0561067 0.985267 -0.16156
vn -0.00529491 0.991301 0.131508
vn 0.0588421 0.992025 0.111466
vn 0.0588421 0.992025 0.111466
vn 0.122713 0.988269 0.0909204
vn 0.510405 0.843378 0.167926
vn 0.358816 0.916104 0.178897
vn 0.358816 0.916104 0.178897
vn 0.19704 0.962823 0.184789
vn 0.0586842 0.906036 -0.419111
vn 0.0555774 0.9055 -0.42069
vn 0.0555774 0.9055 -0.42069
vn 0.0524699 0.904953 -0.422264
vn -0.135187 0.98333 0.121601
vn -0.175314 0.978909 0.10489
vn -0.175314 0.978909 0.10489
vn -0.215107 0.972619 0.087979
vn 0.10199 0.94687 -0.305016
vn 0.0667996 0.953163 -0.294989
vn 0.0667996 0.953163 -0.294989
vn 0.0315176 0.958142 -0.284555
vn 0.103293 0.943466 0.314965
vn 0.0483168 0.943786 0.327006
vn 0.0483168 0.943786 0.327006
vn -0.00681224 0.941118 0.338011
vn 0.177488 0.974277 0.138863
vn 0.103128 0.985379 0.135619
vn 0.103128 0.985379 0.135619
vn 0.0281831 0.990901 0.131607
vn 0.246501 0.895458 -0.370665
vn 0.0191567 0.971182 -0.237567
vn 0.0191567 0.971182 -0.237567
vn -0.209627 0.973937 -0.0866205
vn 0.0857743 0.935502 0.342753
vn -0.0401626 0.937405 0.345919
vn -0.0401626 0.937405 0.345919
vn -0.165462 0.924427 0.343594
vn 0.463812 0.880007 -0.1023
vn 0.169089 0.983985 -0.0564205
vn 0.169089 0.983985 -0.0564205
vn -0.142506 0.989782 -0.0049118
vn 0.523243 0.773999 0.356571
vn 0.309063 0.918014 0.248458
vn 0.309063 0.918014 0.248458
vn 0.0706825 0.990146 0.12089
vn -0.313387 0.946819 0.0729497
vn -0.170132 0.985418 -0.00245219
vn -0.170132 0.985418 -0.00245219
vn -0.0221643 0.996724 -0.0777862
vn 0.569161 0.810413 -0.138872
vn 0.375138 0.92641 0.0321845
vn 0.375138 0.92641 0.0321845
vn 0.150967 0.96796 0.200655
vn -0.0936602 0.993529 0.0642445
vn 0.180945 0.983236 -0.0225134
vn 0.180945 0.983236 -0.0225134
vn 0.440523 0.891293 -0.107402
vn 0.153425 0.884779 0.440031
vn 0.324127 0.861889 0.389986
vn 0.324127 0.861889 0.389986
vn 0.484403 0.811274 0.327396
vn -0.0479385 0.952419 0.300998
vn 0.156735 0.945192 0.286438
vn 0.156735 0.945192 0.286438
vn 0.354802 0.898119 0.259804
vn -0.487348 0.779701 -0.39314
vn -0.484989 0.780607 -0.394257
vn -0.484989 0.780607 -0.394257
vn -0.482626 0.781507 -0.395371
vn -0.0812418 0.990194 0.113645
vn 0.311496 0.932022 0.185217
vn 0.311496 0.932022 0.185217
vn 0.653538 0.722163 0.226646
vn 0.40037 0.829754 0.388861
vn 0.315203 0.877523 0.361387
vn 0.315203 0.877523 0.361387
vn 0.226792 0.916262 0.330195
vn 0.246151 0.95899 0.140528
vn 0.253523 0.95755 0.137197
vn 0.253523 0.95755 0.137197
vn 0.260879 0.956046 0.133857
vn -0.471251 0.881151 0.0386718
vn -0.225335 0.972603 -0.0571699
vn -0.225335 0.972603 -0.0571699
vn 0.0381619 0.988168 -0.148551
vn -0.0917852 0.959849 0.265076
vn 0.0743924 0.954614 0.288406
vn 0.0743924 0.954614 0.288406
vn 0.238473 0.922471 0.303607
vn 0.633528 0.645896 0.425983
vn 0.634298 0.645359 0.425651
vn 0.634298 0.645359 0.425651
vn 0.635067 0.644821 0.425319
vn 0.0963975 0.953615 0.285177
vn 0.1075 0.951497 0.288265
vn 0.1075 0.951497 0.288265
vn 0.118588 0.949249 0.291313
vn 0.226232 0.917228 0.32789
vn 0.217095 0.919151 0.328681
vn 0.217095 0.919151 0.328681
vn 0.20794 0.920993 0.329443
vn 0.227449 0.969821 -0.0878265
vn 0.288012 0.955711 -0.0605422
vn 0.288012 0.955711 -0.0605422
vn 0.347248 0.937193 -0.0329788
vn -0.0806764 0.902065 -0.423993
vn -0.274207 0.798598 -0.535772
vn -0.274207 0.798598 -0.535772
vn -0.451106 0.646693 -0.615054
vn 0.398342 0.889245 0.224872
vn 0.216294 0.939542 0.265478
vn 0.216294 0.939542 0.265478
vn 0.026173 0.954774 0.296177
vn -0.0590743 0.992673 -0.105411
vn -0.0613038 0.992375 -0.106925
vn -0.0613038 0.992375 -0.106925
vn -0.0635328 0.992071 -0.108439
vn 0.0400198 0.950107 0.309347
vn 0.162532 0.946894 0.277445
vn 0.162532 0.946894 0.277445
vn 0.282438 0.928495 0.241093
vn 0.214297 0.811739 0.543284
vn 0.13729 0.848162 0.511637
vn 0.13729 0.848162 0.511637
vn 0.0591487 0.877581 0.475765
vn -0.633566 0.223224 -0.740787
vn -0.844464 -0.0881647 0.528306
vn 0.581766 0.813241 0.0137205
vn 0.823709 -0.377068 0.423466
vn 0.0165712 -0.193913 -0.980879
vn -0.707985 0.624877 0.32907
vn -0.920368 -0.376302 -0.106395
vn 0.565047 -0.391318 0.726355
vn 0.510703 0.353377 -0.783777
vn -0.0912636 -0.258422 -0.961711
vn -0.9804 -0.0464806 0.191456
vn 0.729569 0.461181 0.505016
vn -0.131762 -0.262066 0.956013
vn 0.482658 -0.227515 -0.845741
vn -0.720638 0.126012 -0.681763
vn -0.213448 0.128143 0.968514
vn 0.885308 -0.343531 -0.313395
vn -0.608255 0.446995 -0.655913
vn -0.498709 0.13257 0.856571
vn 0.774314 -0.627607 0.0809182
vn -0.205516 0.653272 -0.728697
vn 0.0312531 -0.54187 0.839881
vn 0.264188 -0.949409 0.169784
vn 0.668793 0.685736 -0.287197
vn 0.320666 -0.920854 -0.221815
vn -0.61557 -0.664667 0.423428
vn 0.748055 0.597126 -0.289577
vn 0.845872 0.320135 -0.426632
vn -0.807231 -0.0230815 -0.589784
vn -0.0701065 0.351063 0.933724
vn -0.702186 0.565713 -0.432323
vn 0.849649 -0.320382 -0.41887
vn -0.29153 0.873543 0.389784
vn -0.995937 -0.00830423 0.0896693
vn 0.652198 -0.757957 -0.0118165
vn 0.458809 0.72299 0.516507
vn -0.902971 -0.0648152 0.424786
vn 0.625776 -0.749645 0.21549
vn 0.419447 0.822459 -0.38422
vn -0.843561 -0.101828 0.527292
vn 0.173189 -0.965028 0.196793
vn 0.309635 0.897825 -0.313108
vn 0.952376 -0.252357 -0.171159
vn 0.445599 0.147745 -0.882957
vn 0.277856 0.944367 0.175974
vn 0.842889 -0.145678 -0.517992
vn -0.662032 -0.728796 0.174843
vn 0.488963 0.441942 0.752066
vn 0.933168 0.0888733 -0.348281
vn -0.796642 -0.190014 -0.573808
vn -0.182169 0.366519 0.912402
vn 0.672364 -0.064765 -0.737382
vn -0.653401 -0.716842 -0.24332
vn -0.482431 0.793208 0.371593
vn 0.292148 0.438899 -0.849716
vn -0.189218 -0.892668 -0.409073
vn -0.445062 0.791838 0.418225
vn 0.965531 -0.169659 -0.197399
vn -0.243478 -0.356555 -0.90199
vn -0.0481622 0.808966 0.585879
vn 0.842981 0.264439 0.468459
vn -0.00339547 -0.788815 -0.614622
vn -0.613615 0.743838 -0.264918
vn -0.184404 0.332176 -0.925016
vn 0.116119 -0.664063 0.738605
vn 0.0345924 0.969032 -0.2445
vn -0.227936 -0.0306806 -0.973193
vn -0.0497029 -0.996956 0.060073
vn -0.113755 0.876177 0.468373
vn 0.217537 -0.392916 0.893473
vn 0.622367 0.402949 0.671037
vn 0.0743162 0.964314 -0.254119
vn 0.602139 -0.79321 -0.0908095
vn 0.411013 -0.874876 0.256244
vn -0.523099 0.626309 0.578017
vn -0.62031 -0.506386 -0.59899
vn 0.894727 -0.367151 0.254292
vn 0.881196 0.468617 0.0623823
vn -0.881534 -0.227263 0.413823
vn 0.771935 -0.435934 0.462686
vn 0.367258 0.528599 -0.765314
vn -0.940374 0.299109 -0.161961
vn 0.401854 -0.468173 0.786974
vn 0.808676 0.451223 -0.377414
vn -0.942767 0.247331 -0.223646
vn -0.729641 -0.677164 -0.0952554
vn 0.396087 0.732114 0.554188
vn -0.265404 -0.290655 0.919283
vn 0.48127 -0.27897 -0.830996
vn -0.300137 0.322003 -0.897904
vn -0.00512845 -0.0978881 0.995184
vn 0.908697 -0.378523 0.176041
vn -0.66996 0.395226 -0.62845
vn 0.951819 0.0430134 0.303627
vn -0.604468 -0.232055 -0.762082
vn -0.68497 0.681751 0.256968
vn 0.98779 0.00586577 0.155684
vn -0.363738 -0.692033 -0.623526
vn -0.608534 0.769199 0.194986
vn 0.960022 0.0250993 0.278796
vn -0.411764 -0.810127 -0.417307
vn -0.479767 0.87078 -0.107544
vn 0.996803 0.0408041 0.0686915
vn -0.565128 -0.8222 -0.0679451
vn -0.405566 0.881793 -0.240743
vn 0.981617 0.0598502 0.181232
vn -0.526357 -0.81625 -0.238084
vn -0.461204 0.885031 -0.0633407
vn 0.96327 0.134938 0.232171
vn -0.0501574 -0.916119 0.397756
vn -0.370324 0.700319 -0.610257
vn 0.590522 -0.19259 -0.783705
vn -0.899304 0.269545 -0.34438
vn -0.233292 0.972362 -0.00927812
vn -0.248029 -0.182962 -0.951318
vn -0.269076 -0.560233 0.783414
vn 0.419783 0.893199 0.161173
vn -0.949137 -0.0439105 -0.311785
vn -0.141421 -0.685658 0.714054
vn 0.338897 0.845893 0.411842
vn -0.945419 0.0919641 -0.312612
vn -0.0619266 -0.959488 0.274859
vn 0.425239 0.74882 0.508371
vn -0.528898 0.161273 0.833221
vn 0.932208 0.0576743 -0.357298
vn -0.21479 0.468474 -0.85697
vn -0.490666 0.224933 0.841815
vn 0.950367 -0.227704 0.212024
vn -0.274103 0.56126 -0.780932
vn -0.624889 0.768929 -0.135135
vn 0.90891 -0.337736 -0.244576
vn 0.552399 0.826948 0.10494
vn 0 0 0
vn 0 0 0
vn 0 0 0
vt 0 1
vt 1 1
vt 0 0
vt 1 0
vt 0 1
vt 1 1
vt 0 0
vt 1 0
vt 0 1
vt 1 1
vt 0 0
vt 1 0
vt 0 1
vt 1 1
vt 0 0
vt 1 0
vt 0 1
vt 1 1
vt 0 0
vt 1 0
vt 0 1
vt 1 1
vt 0 0
vt 1 0
vt 0 1
vt 1 1
vt 0 0
vt 1 0
vt 0 1
vt 1 1
vt 0 0
vt 1 0
vt 0 1
vt 1 1
vt 0 0
vt 1 0
vt 0 1
vt 1 1
vt 0 0
vt 1 0
vt 0 1
vt 1 1
vt 0 0
vt 1 0
vt 0 1
vt 1 1
vt 0 0
vt 1 0
vt 0 1
vt 1 1
vt 0 0
vt 1 0
vt 0 1
vt 1 1
vt 0 0
vt 1 0
vt 0 1
vt 1 1
vt 0 0
vt 1 0
vt 0 1
vt 1 1
vt 0 0
vt 1 0
vt 0 1
vt 1 1
vt 0 0
vt 1 0
vt 0 1
vt 1 1
vt 0 0
vt 1 0
vt 0 1
vt 1 1
vt 0 0
vt 1 0
vt 0 1
vt 1 1
vt 0 0
vt 1 0
vt 0 1
vt 1 1
vt 0 0
vt 1 0
vt 0 1
vt 1 1
vt 0 0
vt 1 0
vt 0 1
vt 1 1
vt 0 0
vt 1 0
vt 0 1
vt 1 1
vt 0 0
vt 1 0
vt 0 1
vt 1 1
vt 0 0
vt 1 0
vt 0 1
vt 1 1
vt 0 0
vt 1 0
vt 0 1
vt 1 1
vt 0 0
vt 1 0
vt 0 1
vt 1 1
vt 0 0
vt 1 0
vt 0 1
vt 1 1
vt 0 0
vt 1 0
vt 0 1
vt 1 1
vt 0 0
vt 1 0
vt 0 1
vt 1 1
vt 0 0
vt 1 0
vt 0 1
vt 1 1
vt 0 0
vt 1 0
vt 0 1
vt 1 1
vt 0 0
vt 1 0
vt 0 1
vt 1 1
vt 0 0
vt 1 0
vt 0 1
vt 1 1
vt 0 0
vt 1 0
vt 0 1
vt 1 1
vt 0 0
vt 1 0
vt 0 1
vt 1 1
vt 0 0
vt 1 0
vt 0 1
vt 1 1
vt 0 0
vt 1 0
vt 0 1
vt 1 1
vt 0 0
vt 1 0
vt 0 1
vt 1 1
vt 0 0
vt 1 0
vt 0 1
vt 1 1
vt 0 0
vt 1 0
vt 0 1
vt 1 1
vt 0 0
vt 1 0
vt 0 1
vt 1 1
vt 0 0
vt 1 0
vt 0 1
vt 1 1
vt 0 0
vt 1 0
vt 0 1
vt 1 1
vt 0 0
vt 1 0
vt 0 1
vt 1 1
vt 0 0
vt 1 0
vt 0 1
vt 1 1
vt 0 0
vt 1 0
vt 0 1
vt 1 1
vt 0 0
vt 1 0
vt 0 1
vt 1 1
vt 0 0
vt 1 0
vt 0 1
vt 1 1
vt 0 0
vt 1 0
vt 0 1
vt 1 1
vt 0 0
vt 1 0
vt 0 1
vt 1 1
vt 0 0
vt 1 0
vt 0 1
vt 1 1
vt 0 0
vt 1 0
vt 0 1
vt 1 1
vt 0 0
vt 1 0
vt 0 1
vt 1 1
vt 0 0
vt 1 0
vt 0 1
vt 1 1
vt 0 0
vt 1 0
vt 0 1
vt 1 1
vt 0 0
vt 1 0
vt 0 1
vt 1 1
vt 0 0
vt 1 0
vt 0 1
vt 1 1
vt 0 0
vt 1 0
vt 0 1
vt 1 1
vt 0 0
vt 1 0
vt 0 1
vt 1 1
vt 0 0
vt 1 0
vt 0 1
vt 1 1
vt 0 0
vt 1 0
vt 0 1
vt 1 1
vt 0 0
vt 1 0
vt 0 1
vt 1 1
vt 0 0
vt 1 0
vt 0 1
vt 1 1
vt 0 0
vt 1 0
vt 0 1
vt 1 1
vt 0 0
vt 1 0
vt 0 1
vt 1 1
vt 0 0
vt 1 0
vt 0 1
vt 1 1
vt 0 0
vt 1 0
vt 0 1
vt 1 1
vt 0 0
vt 1 0
vt 0 1
vt 1 1
vt 0 0
vt 1 0
vt 0 1
vt 1 1
vt 0 0
vt 1 0
vt 0 1
vt 1 1
vt 0 0
vt 1 0
vt 0 1
vt 1 1
vt 0 0
vt 1 0
vt 0 1
vt 1 1
vt 0 0
vt 1 0
vt 0 1
vt 1 1
vt 0 0
vt 1 0
vt 0 1
vt 1 1
vt 0 0
vt 1 0
vt 0 1
vt 1 1
vt 0 0
vt 1 0
vt 0 1
vt 1 1
vt 0 0
vt 1 0
vt 0 1
vt 1 1
vt 0 0
vt 1 0
vt 0 1
vt 1 1
vt 0 0
vt 1 0
vt 0 1
vt 1 1
vt 0 0
vt 1 0
vt 0 1
vt 1 1
vt 0 0
vt 1 0
vt 0 1
vt 1 1
vt 0 0
vt 1 0
vt 0 1
vt 1 1
vt 0 0
vt 1 0
vt 0 1
vt 1 1
vt 0 0
vt 1 0
vt 0 1
vt 1 1
vt 0 0
vt 1 0
vt 0 1
vt 1 1
vt 0 0
vt 1 0
vt 0 1
vt 1 1
vt 0 0
vt 1 0
vt 0 1
vt 1 1
vt 0 0
vt 1 0
vt 0 1
vt 1 1
vt 0 0
vt 1 0
vt 0 1
vt 1 1
vt 0 0
vt 1 0
vt 0 1
vt 1 1
vt 0 0
vt 1 0
vt 0 1
vt 1 1
vt 0 0
vt 1 0
vt 0 1
vt 1 1
vt 0 0
vt 1 0
vt 0 1
vt 1 1
vt 0 0
vt 1 0
vt 0 1
vt 1 1
vt 0 0
vt 1 0
vt 0 1
vt 1 1
vt 0 0
vt 1 0
vt 0 1
vt 1 1
vt 0 0
vt 1 0
vt 0 1
vt 1 1
vt 0 0
vt 1 0
vt 0 1
vt 1 1
vt 0 0
vt 1 0
vt 0 1
vt 1 1
vt 0 0
vt 1 0
vt 0 1
vt 1 1
vt 0 0
vt 1 0
vt 0 1
vt 1 1
vt 0 0
vt 1 0
vt 0 1
vt 1 1
vt 0 0
vt 1 0
vt 0 1
vt 1 1
vt 0 0
vt 1 0
vt 0 1
vt 1 1
vt 0 0
vt 1 0
vt 0 1
vt 1 1
vt 0 0
vt 1 0
vt 0 1
vt 1 1
vt 0 0
vt 1 0
vt 0 1
vt 1 1
vt 0 0
vt 1 0
vt 0 1
vt 1 1
vt 0 0
vt 1 0
vt 0 1
vt 1 1
vt 0 0
vt 1 0
vt 0 1
vt 1 1
vt 0 0
vt 1 0
vt 0 1
vt 1 1
vt 0 0
vt 1 0
vt 0 1
vt 1 1
vt 0 0
vt 1 0
vt 0 1
vt 1 1
vt 0 0
vt 1 0
vt 0 1
vt 1 1
vt 0 0
vt 1 0
vt 0 1
vt 1 1
vt 0 0
vt 1 0
vt 0 1
vt 1 1
vt 0 0
vt 1 0
vt 0 1
vt 1 1
vt 0 0
vt 1 0
vt 0 1
vt 1 1
vt 0 0
vt 1 0
vt 0 1
vt 1 1
vt 0 0
vt 1 0
vt 0 1
vt 1 1
vt 0 0
vt 1 0
vt 0 1
vt 1 1
vt 0 0
vt 1 0
vt 0 1
vt 1 1
vt 0 0
vt 1 0
vt 0 1
vt 1 1
vt 0 0
vt 1 0
vt 0 1
vt 1 1
vt 0 0
vt 1 0
vt 0 1
vt 1 1
vt 0 0
vt 1 0
vt 0 1
vt 1 1
vt 0 0
vt 1 0
vt 0 1
vt 1 1
vt 0 0
vt 1 0
vt 0 1
vt 1 1
vt 0 0
vt 1 0
vt 0 1
vt 1 1
vt 0 0
vt 1 0
vt 0 1
vt 1 1
vt 0 0
vt 1 0
vt 0 1
vt 1 1
vt 0 0
vt 1 0
vt 0 1
vt 1 1
vt 0 0
vt 1 0
vt 0 1
vt 1 1
vt 0 0
vt 1 0
vt 0 1
vt 1 1
vt 0 0
vt 1 0
vt 0 1
vt 1 1
vt 0 0
vt 1 0
vt 0 1
vt 1 1
vt 0 0
vt 1 0
vt 0 1
vt 1 1
vt 0 0
vt 1 0
vt 0 1
vt 1 1
vt 0 0
vt 1 0
vt 0 1
vt 1 1
vt 0 0
vt 1 0
vt 0 1
vt 1 1
vt 0 0
vt 1 0
vt 0 1
vt 1 1
vt 0 0
vt 1 0
vt 0 1
vt 1 1
vt 0 0
vt 1 0
vt 0 1
vt 1 1
vt 0 0
vt 1 0
vt 0 1
vt 1 1
vt 0 0
vt 1 0
vt 0 1
vt 1 1
vt 0 0
vt 1 0
vt 0 1
vt 1 1
vt 0 0
vt 1 0
vt 0 1
vt 1 1
vt 0 0
vt 1 0
vt 0 1
vt 1 1
vt 0 0
vt 1 0
vt 0 1
vt 1 1
vt 0 0
vt 1 0
vt 0 1
vt 1 1
vt 0 0
vt 1 0
vt 0 1
vt 1 1
vt 0 0
vt 1 0
vt 0 1
vt 1 1
vt 0 0
vt 1 0
vt 0 1
vt 1 1
vt 0 0
vt 1 0
vt 0 1
vt 1 1
vt 0 0
vt 1 0
vt 0 1
vt 1 1
vt 0 0
vt 1 0
vt 0 1
vt 1 1
vt 0 0
vt 1 0
vt 0 1
vt 1 1
vt 0 0
vt 1 0
vt 0 1
vt 1 1
vt 0 0
vt 1 0
vt 0 1
vt 1 1
vt 0 0
vt 1 0
vt 0 1
vt 1 1
vt 0 0
vt 1 0
vt 0 1
vt 1 1
vt 0 0
vt 1 0
vt 0 1
vt 1 1
vt 0 0
vt 1 0
vt 0 1
vt 1 1
vt 0 0
vt 1 0
vt 0 1
vt 1 1
vt 0 0
vt 1 0
vt 0 1
vt 1 1
vt 0 0
vt 1 0
vt 0 1
vt 1 1
vt 0 0
vt 1 0
vt 0 1
vt 1 1
vt 0 0
vt 1 0
vt 0 1
vt 1 1
vt 0 0
vt 1 0
vt 0 1
vt 1 1
vt 0 0
vt 1 0
vt 0 1
vt 1 1
vt 0 0
vt 1 0
vt 0 1
vt 1 1
vt 0 0
vt 1 0
vt 0 1
vt 1 1
vt 0 0
vt 1 0
vt 0 1
vt 1 1
vt 0 0
vt 1 0
vt 0 1
vt 1 1
vt 0 0
vt 1 0
vt 0 1
vt 1 1
vt 0 0
vt 1 0
vt 0 1
vt 1 1
vt 0 0
vt 1 0
vt 0 1
vt 1 1
vt 0 0
vt 1 0
vt 0 1
vt 1 1
vt 0 0
vt 1 0
vt 0 1
vt 1 1
vt 0 0
vt 1 0
vt 0 1
vt 1 1
vt 0 0
vt 1 0
vt 0 1
vt 1 1
vt 0 0
vt 1 0
vt 0 1
vt 1 1
vt 0 0
vt 1 0
vt 0 1
vt 1 1
vt 0 0
vt 1 0
vt 0 1
vt 1 1
vt 0 0
vt 1 0
vt 0 1
vt 1 1
vt 0 0
vt 1 0
vt 0 1
vt 1 1
vt 0 0
vt 1 0
vt 0 1
vt 1 1
vt 0 0
vt 1 0
vt 0 1
vt 1 1
vt 0 0
vt 1 0
vt 0 1
vt 1 1
vt 0 0
vt 1 0
vt 0 1
vt 1 1
vt 0 0
vt 1 0
vt 0 1
vt 1 1
vt 0 0
vt 1 0
vt 0 1
vt 1 1
vt 0 0
vt 1 0
vt 0 1
vt 1 1
vt 0 0
vt 1 0
vt 0 1
vt 1 1
vt 0 0
vt 1 0
vt 0 1
vt 1 1
vt 0 0
vt 1 0
vt 0 1
vt 1 1
vt 0 0
vt 1 0
vt 0 1
vt 1 1
vt 0 0
vt 1 0
vt 0 1
vt 1 1
vt 0 0
vt 1 0
vt 0 1
vt 1 1
vt 0 0
vt 1 0
vt 0 1
vt 1 1
vt 0 0
vt 1 0
vt 0 1
vt 1 1
vt 0 0
vt 1 0
vt 0 1
vt 1 1
vt 0 0
vt 1 0
vt 0 1
vt 1 1
vt 0 0
vt 1 0
vt 0 1
vt 1 1
vt 0 0
vt 1 0
vt 0 1
vt 1 1
vt 0 0
vt 1 0
vt 0 1
vt 1 1
vt 0 0
vt 1 0
vt 0 1
vt 1 1
vt 0 0
vt 1 0
vt 0 1
vt 1 1
vt 0 0
vt 1 0
vt 0 1
vt 1 1
vt 0 0
vt 1 0
vt 0 1
vt 1 1
vt 0 0
vt 1 0
vt 0 1
vt 1 1
vt 0 0
vt 1 0
vt 0 1
vt 1 1
vt 0 0
vt 1 0
vt 0 1
vt 1 1
vt 0 0
vt 1 0
vt 0 1
vt 1 1
vt 0 0
vt 1 0
vt 0 1
vt 1 1
vt 0 0
vt 1 0
vt 0 1
vt 1 1
vt 0 0
vt 1 0
vt 0 1
vt 1 1
vt 0 0
vt 1 0
vt 0 1
vt 1 1
vt 0 0
vt 1 0
vt 0 1
vt 1 1
vt 0 0
vt 1 0
vt 0 1
vt 1 1
vt 0 0
vt 1 0
vt 0 1
vt 1 1
vt 0 0
vt 1 0
vt 0 1
vt 1 1
vt 0 0
vt 1 0
vt 0 1
vt 1 1
vt 0 0
vt 1 0
vt 0 1
vt 1 1
vt 0 0
vt 1 0
vt 0 1
vt 1 1
vt 0 0
vt 1 0
vt 0 1
vt 1 1
vt 0 0
vt 1 0
vt 0 1
vt 1 1
vt 0 0
vt 1 0
vt 0 1
vt 1 1
vt 0 0
vt 1 0
vt 0 1
vt 1 1
vt 0 0
vt 1 0
vt 0 1
vt 1 1
vt 0 0
vt 1 0
vt 0 1
vt 1 1
vt 0 0
vt 1 0
vt 0 1
vt 1 1
vt 0 0
vt 1 0
vt 0 1
vt 1 1
vt 0 0
vt 1 0
vt 0 1
vt 1 1
vt 0 0
vt 1 0
vt 0 1
vt 1 1
vt 0 0
vt 1 0
vt 0 1
vt 1 1
vt 0 0
vt 1 0
vt 0 1
vt 1 1
vt 0 0
vt 1 0
vt 0 1
vt 1 1
vt 0 0
vt 1 0
vt 0 1
vt 1 1
vt 0 0
vt 1 0
vt 0 1
vt 1 1
vt 0 0
vt 1 0
vt 0 1
vt 1 1
vt 0 0
vt 1 0
vt 0 1
vt 1 1
vt 0 0
vt 1 0
vt 0 1
vt 1 1
vt 0 0
vt 1 0
vt 0 1
vt 1 1
vt 0 0
vt 1 0
vt 0 1
vt 1 1
vt 0 0
vt 1 0
vt 0 1
vt 1 1
vt 0 0
vt 1 0
vt 0 1
vt 1 1
vt 0 0
vt 1 0
vt 0 1
vt 1 1
vt 0 0
vt 1 0
vt 0 1
vt 1 1
vt 0 0
vt 1 0
vt 0 1
vt 1 1
vt 0 0
vt 1 0
vt 0 1
vt 1 1
vt 0 0
vt 1 0
vt 0 1
vt 1 1
vt 0 0
vt 1 0
vt 0 1
vt 1 1
vt 0 0
vt 1 0
vt 0 1
vt 1 1
vt 0 0
vt 1 0
vt 0 1
vt 1 1
vt 0 0
vt 1 0
vt 0 1
vt 1 1
vt 0 0
vt 1 0
vt 0 1
vt 1 1
vt 0 0
vt 1 0
vt 0 1
vt 1 1
vt 0 0
vt 1 0
vt 0 1
vt 1 1
vt 0 0
vt 1 0
vt 0 1
vt 1 1
vt 0 0
vt 1 0
vt 0 1
vt 1 1
vt 0 0
vt 1 0
vt 0 1
vt 1 1
vt 0 0
vt 1 0
vt 0 1
vt 1 1
vt 0 0
vt 1 0
vt 0 1
vt 1 1
vt 0 0
vt 1 0
vt 0 1
vt 1 1
vt 0 0
vt 1 0
vt 0 1
vt 1 1
vt 0 0
vt 1 0
vt 0 1
vt 1 1
vt 0 0
vt 1 0
vt 0 1
vt 1 1
vt 0 0
vt 1 0
vt 0 1
vt 1 1
vt 0 0
vt 1 0
vt 0 1
vt 1 1
vt 0 0
vt 1 0
vt 0 1
vt 1 1
vt 0 0
vt 1 0
vt 0 1
vt 1 1
vt 0 0
vt 1 0
vt 0 1
vt 1 1
vt 0 0
vt 1 0
vt 0 1
vt 1 1
vt 0 0
vt 1 0
vt 0 1
vt 1 1
vt 0 0
vt 1 0
vt 0 1
vt 1 1
vt 0 0
vt 1 0
vt 0 1
vt 1 1
vt 0 0
vt 1 0
vt 0 1
vt 1 1
vt 0 0
vt 1 0
vt 0 1
vt 1 1
vt 0 0
vt 1 0
vt 0 1
vt 1 1
vt 0 0
vt 1 0
vt 0 1
vt 1 1
vt 0 0
vt 1 0
vt 0 1
vt 1 1
vt 0 0
vt 1 0
vt 0 1
vt 1 1
vt 0 0
vt 1 0
vt 0 1
vt 1 1
vt 0 0
vt 1 0
vt 0 1
vt 1 1
vt 0 0
vt 1 0
vt 0 1
vt 1 1
vt 0 0
vt 1 0
vt 0 1
vt 1 1
vt 0 0
vt 1 0
vt 0 1
vt 1 1
vt 0 0
vt 1 0
vt 0 1
vt 1 1
vt 0 0
vt 1 0
vt 0 1
vt 1 1
vt 0 0
vt 1 0
vt 0 1
vt 1 1
vt 0 0
vt 1 0
vt 0 1
vt 1 1
vt 0 0
vt 1 0
vt 0 1
vt 1 1
vt 0 0
vt 1 0
vt 0 1
vt 1 1
vt 0 0
vt 1 0
vt 0 1
vt 1 1
vt 0 0
vt 1 0
vt 0 1
vt 1 1
vt 0 0
vt 1 0
vt 0 1
vt 1 1
vt 0 0
vt 1 0
vt 0 1
vt 0.3 1
vt 0.6 1
vt 0 0
vt 0.3 0
vt 0.6 0
vt 0 1
vt 0.3 1
vt 0.6 1
vt 0 0
vt 0.3 0
vt 0.6 0
vt 0 1
vt 0.3 1
vt 0.6 1
vt 0 0
vt 0.3 0
vt 0.6 0
vt 0 1
vt 0.3 1
vt 0.6 1
vt 0 0
vt 0.3 0
vt 0.6 0
vt 0 1
vt 0.3 1
vt 0.6 1
vt 0 0
vt 0.3 0
vt 0.6 0
vt 0 1
vt 0.3 1
vt 0.6 1
vt 0 0
vt 0.3 0
vt 0.6 0
vt 0 1
vt 0.3 1
vt 0.6 1
vt 0 0
vt 0.3 0
vt 0.6 0
vt 0 1
vt 0.3 1
vt 0.6 1
vt 0 0
vt 0.3 0
vt 0.6 0
vt 0 1
vt 0.3 1
vt 0.6 1
vt 0 0
vt 0.3 0
vt 0.6 0
vt 0 1
vt 0.3 1
vt 0.6 1
vt 0 0
vt 0.3 0
vt 0.6 0
vt 0 1
vt 0.3 1
vt 0.6 1
vt 0 0
vt 0.3 0
vt 0.6 0
vt 0 1
vt 0.3 1
vt 0.6 1
vt 0 1
vt 0.3 1
vt 0.6 1
vt 0 0
vt 0.3 0
vt 0.6 0
vt 0 1
vt 0.3 1
vt 0.6 1
vt 0 0
vt 0.3 0
vt 0.6 0
vt 0 1
vt 0.3 1
vt 0.6 1
vt 0 0
vt 0.3 0
vt 0.6 0
vt 0 1
vt 0.3 1
vt 0.6 1
vt 0 0
vt 0.3 0
vt 0.6 0
vt 0 1
vt 0.3 1
vt 0.6 1
vt 0 0
vt 0.3 0
vt 0.6 0
vt 0 1
vt 0.3 1
vt 0.6 1
vt 0 0
vt 0.3 0
vt 0.6 0
vt 0 1
vt 0.3 1
vt 0.6 1
vt 0 0
vt 0.3 0
vt 0.6 0
vt 0 1
vt 0.3 1
vt 0.6 1
vt 0 0
vt 0.3 0
vt 0.6 0
vt 0 1
vt 0.3 1
vt 0.6 1
vt 0 0
vt 0.3 0
vt 0.6 0
vt 0 1
vt 0.3 1
vt 0.6 1
vt 0 0
vt 0.3 0
vt 0.6 0
vt 0 1
vt 0.3 1
vt 0.6 1
vt 0 1
vt 0.3 1
vt 0.6 1
usemtl leaf_adult
f 7/7/7 5/5/5 6/6/6
f 6/6/6 8/8/8 7/7/7
f 23/23/23 21/21/21 22/22/22
f 22/22/22 24/24/24 23/23/23
f 31/31/31 29/29/29 30/30/30
f 30/30/30 32/32/32 31/31/31
f 35/35/35 33/33/33 34/34/34
f 34/34/34 36/36/36 35/35/35
f 39/39/39 37/37/37 38/38/38
f 38/38/38 40/40/40 39/39/39
f 43/43/43 41/41/41 42/42/42
f 42/42/42 44/44/44 43/43/43
f 47/47/47 45/45/45 46/46/46
f 46/46/46 48/48/48 47/47/47
f 55/55/55 53/53/53 54/54/54
f 54/54/54 56/56/56 55/55/55
f 63/63/63 61/61/61 62/62/62
f 62/62/62 64/64/64 63/63/63
f 75/75/75 73/73/73 74/74/74
f 74/74/74 76/76/76 75/75/75
f 83/83/83 81/81/81 82/82/82
f 82/82/82 84/84/84 83/83/83
f 87/87/87 85/85/85 86/86/86
f 86/86/86 88/88/88 87/87/87
f 95/95/95 93/93/93 94/94/94
f 94/94/94 96/96/96 95/95/95
f 107/107/107 105/105/105 106/106/106
f 106/106/106 108/108/108 107/107/107
f 123/123/123 121/121/121 122/122/122
f 122/122/122 124/124/124 123/123/123
f 127/127/127 125/125/125 126/126/126
f 126/126/126 128/128/128 127/127/127
f 135/135/135 133/133/133 134/134/134
f 134/134/134 136/136/136 135/135/135
f 143/143/143 141/141/141 142/142/142
f 142/142/142 144/144/144 143/143/143
f 147/147/147 145/145/145 146/146/146
f 146/146/146 148/148/148 147/147/147
f 167/167/167 165/165/165 166/166/166
f 166/166/166 168/168/168 167/167/167
f 171/171/171 169/169/169 170/170/170
f 170/170/170 172/172/172 171/171/171
f 175/175/175 173/173/173 174/174/174
f 174/174/174 176/176/176 175/175/175
f 195/195/195 193/193/193 194/194/194
f 194/194/194 196/196/196 195/195/195
f 199/199/199 197/197/197 198/198/198
f 198/198/198 200/200/200 199/199/199
f 203/203/203 201/201/201 202/202/202
f 202/202/202 204/204/204 203/203/203
f 219/219/219 217/217/217 218/218/218
f 218/218/218 220/220/220 219/219/219
f 223/223/223 221/221/221 222/222/222
f 222/222/222 224/224/224 223/223/223
f 227/227/227 225/225/225 226/226/226
f 226/226/226 228/228/228 227/227/227
f 231/231/231 229/229/229 230/230/230
f 230/230/230 232/232/232 231/231/231
f 239/239/239 237/237/237 238/238/238
f 238/238/238 240/240/240 239/239/239
f 243/243/243 241/241/241 242/242/242
f 242/242/242 244/244/244 243/243/243
f 247/247/247 245/245/245 246/246/246
f 246/246/246 248/248/248 247/247/247
f 251/251/251 249/249/249 250/250/250
f 250/250/250 252/252/252 251/251/251
f 267/267/267 265/265/265 266/266/266
f 266/266/266 268/268/268 267/267/267
f 283/283/283 281/281/281 282/282/282
f 282/282/282 284/284/284 283/283/283
f 287/287/287 285/285/285 286/286/286
f 286/286/286 288/288/288 287/287/287
f 299/299/299 297/297/297 298/298/298
f 298/298/298 300/300/300 299/299/299
f 303/303/303 301/301/301 302/302/302
f 302/302/302 304/304/304 303/303/303
f 307/307/307 305/305/305 306/306/306
f 306/306/306 308/308/308 307/307/307
f 335/335/335 333/333/333 334/334/334
f 334/334/334 336/336/336 335/335/335
f 355/355/355 353/353/353 354/354/354
f 354/354/354 356/356/356 355/355/355
f 359/359/359 357/357/357 358/358/358
f 358/358/358 360/360/360 359/359/359
f 371/371/371 369/369/369 370/370/370
f 370/370/370 372/372/372 371/371/371
f 387/387/387 385/385/385 386/386/386
f 386/386/386 388/388/388 387/387/387
f 391/391/391 389/389/389 390/390/390
f 390/390/390 392/392/392 391/391/391
f 395/395/395 393/393/393 394/394/394
f 394/394/394 396/396/396 395/395/395
f 403/403/403 401/401/401 402/402/402
f 402/402/402 404/404/404 403/403/403
f 407/407/407 405/405/405 406/406/406
f 406/406/406 408/408/408 407/407/407
f 423/423/423 421/421/421 422/422/422
f 422/422/422 424/424/424 423/423/423
f 427/427/427 425/425/425 426/426/426
f 426/426/426 428/428/428 427/427/427
f 431/431/431 429/429/429 430/430/430
f 430/430/430 432/432/432 431/431/431
f 443/443/443 441/441/441 442/442/442
f 442/442/442 444/444/444 443/443/443
f 451/451/451 449/449/449 450/450/450
f 450/450/450 452/452/452 451/451/451
f 455/455/455 453/453/453 454/454/454
f 454/454/454 456/456/456 455/455/455
f 463/463/463 461/461/461 462/462/462
f 462/462/462 464/464/464 463/463/463
f 471/471/471 469/469/469 470/470/470
f 470/470/470 472/472/472 471/471/471
f 475/475/475 473/473/473 474/474/474
f 474/474/474 476/476/476 475/475/475
f 507/507/507 505/505/505 506/506/506
f 506/506/506 508/508/508 507/507/507
f 511/511/511 509/509/509 510/510/510
f 510/510/510 512/512/512 511/511/511
f 515/515/515 513/513/513 514/514/514
f 514/514/514 516/516/516 515/515/515
f 531/531/531 529/529/529 530/530/530
f 530/530/530 532/532/532 531/531/531
f 543/543/543 541/541/541 542/542/542
f 542/542/542 544/544/544 543/543/543
f 547/547/547 545/545/545 546/546/546
f 546/546/546 548/548/548 547/547/547
f 551/551/551 549/549/549 550/550/550
f 550/550/550 552/552/552 551/551/551
f 555/555/555 553/553/553 554/554/554
f 554/554/554 556/556/556 555/555/555
f 563/563/563 561/561/561 562/562/562
f 562/562/562 564/564/564 563/563/563
f 571/571/571 569/569/569 570/570/570
f 570/570/570 572/572/572 571/571/571
f 603/603/603 601/601/601 602/602/602
f 602/602/602 604/604/604 603/603/603
f 623/623/623 621/621/621 622/622/622
f 622/622/622 624/624/624 623/623/623
f 627/627/627 625/625/625 626/626/626
f 626/626/626 628/628/628 627/627/627
f 635/635/635 633/633/633 634/634/634
f 634/634/634 636/636/636 635/635/635
f 639/639/639 637/637/637 638/638/638
f 638/638/638 640/640/640 639/639/639
f 651/651/651 649/649/649 650/650/650
f 650/650/650 652/652/652 651/651/651
f 659/659/659 657/657/657 658/658/658
f 658/658/658 660/660/660 659/659/659
f 663/663/663 661/661/661 662/662/662
f 662/662/662 664/664/664 663/663/663
f 695/695/695 693/693/693 694/694/694
f 694/694/694 696/696/696 695/695/695
f 703/703/703 701/701/701 702/702/702
f 702/702/702 704/704/704 703/703/703
f 715/715/715 713/713/713 714/714/714
f 714/714/714 716/716/716 715/715/715
f 735/735/735 733/733/733 734/734/734
f 734/734/734 736/736/736 735/735/735
f 751/751/751 749/749/749 750/750/750
f 750/750/750 752/752/752 751/751/751
f 755/755/755 753/753/753 754/754/754
f 754/754/754 756/756/756 755/755/755
f 759/759/759 757/757/757 758/758/758
f 758/758/758 760/760/760 759/759/759
f 771/771/771 769/769/769 770/770/770
f 770/770/770 772/772/772 771/771/771
f 775/775/775 773/773/773 774/774/774
f 774/774/774 776/776/776 775/775/775
f 795/795/795 793/793/793 794/794/794
f 794/794/794 796/796/796 795/795/795
f 799/799/799 797/797/797 798/798/798
f 798/798/798 800/800/800 799/799/799
f 803/803/803 801/801/801 802/802/802
f 802/802/802 804/804/804 803/803/803
f 807/807/807 805/805/805 806/806/806
f 806/806/806 808/808/808 807/807/807
f 811/811/811 809/809/809 810/810/810
f 810/810/810 812/812/812 811/811/811
f 835/835/835 833/833/833 834/834/834
f 834/834/834 836/836/836 835/835/835
f 839/839/839 837/837/837 838/838/838
f 838/838/838 840/840/840 839/839/839
f 843/843/843 841/841/841 842/842/842
f 842/842/842 844/844/844 843/843/843
f 847/847/847 845/845/845 846/846/846
f 846/846/846 848/848/848 847/847/847
f 851/851/851 849/849/849 850/850/850
f 850/850/850 852/852/852 851/851/851
f 863/863/863 861/861/861 862/862/862
f 862/862/862 864/864/864 863/863/863
f 867/867/867 865/865/865 866/866/866
f 866/866/866 868/868/868 867/867/867
f 879/879/879 877/877/877 878/878/878
f 878/878/878 880/880/880 879/879/879
f 883/883/883 881/881/881 882/882/882
f 882/882/882 884/884/884 883/883/883
f 895/895/895 893/893/893 894/894/894
f 894/894/894 896/896/896 895/895/895
f 911/911/911 909/909/909 910/910/910
f 910/910/910 912/912/912 911/911/911
f 927/927/927 925/925/925 926/926/926
f 926/926/926 928/928/928 927/927/927
f 931/931/931 929/929/929 930/930/930
f 930/930/930 932/932/932 931/931/931
f 935/935/935 933/933/933 934/934/934
f 934/934/934 936/936/936 935/935/935
f 943/943/943 941/941/941 942/942/942
f 942/942/942 944/944/944 943/943/943
f 963/963/963 961/961/961 962/962/962
f 962/962/962 964/964/964 963/963/963
f 967/967/967 965/965/965 966/966/966
f 966/966/966 968/968/968 967/967/967
f 983/983/983 981/981/981 982/982/982
f 982/982/982 984/984/984 983/983/983
f 987/987/987 985/985/985 986/986/986
f 986/986/986 988/988/988 987/987/987
f 991/991/991 989/989/989 990/990/990
f 990/990/990 992/992/992 991/991/991
f 995/995/995 993/993/993 994/994/994
f 994/994/994 996/996/996 995/995/995
f 1007/1007/1007 1005/1005/1005 1006/1006/1006
f 1006/1006/1006 1008/1008/1008 1007/1007/1007
f 1031/1031/1031 1029/1029/1029 1030/1030/1030
f 1030/1030/1030 1032/1032/1032 1031/1031/1031
f 1039/1039/1039 1037/1037/1037 1038/1038/1038
f 1038/1038/1038 1040/1040/1040 1039/1039/1039
f 1043/1043/1043 1041/1041/1041 1042/1042/1042
f 1042/1042/1042 1044/1044/1044 1043/1043/1043
f 1047/1047/1047 1045/1045/1045 1046/1046/1046
f 1046/1046/1046 1048/1048/1048 1047/1047/1047
f 1051/1051/1051 1049/1049/1049 1050/1050/1050
f 1050/1050/1050 1052/1052/1052 1051/1051/1051
f 1055/1055/1055 1053/1053/1053 1054/1054/1054
f 1054/1054/1054 1056/1056/1056 1055/1055/1055
f 1075/1075/1075 1073/1073/1073 1074/1074/1074
f 1074/1074/1074 1076/1076/1076 1075/1075/1075
f 1079/1079/1079 1077/1077/1077 1078/1078/1078
f 1078/1078/1078 1080/1080/1080 1079/1079/1079
f 1083/1083/1083 1081/1081/1081 1082/1082/1082
f 1082/1082/1082 1084/1084/1084 1083/1083/1083
f 1087/1087/1087 1085/1085/1085 1086/1086/1086
f 1086/1086/1086 1088/1088/1088 1087/1087/1087
f 1091/1091/1091 1089/1089/1089 1090/1090/1090
f 1090/1090/1090 1092/1092/1092 1091/1091/1091
f 1095/1095/1095 1093/1093/1093 1094/1094/1094
f 1094/1094/1094 1096/1096/1096 1095/1095/1095
f 1099/1099/1099 1097/1097/1097 1098/1098/1098
f 1098/1098/1098 1100/1100/1100 1099/1099/1099
f 1111/1111/1111 1109/1109/1109 1110/1110/1110
f 1110/1110/1110 1112/1112/1112 1111/1111/1111
f 1115/1115/1115 1113/1113/1113 1114/1114/1114
f 1114/1114/1114 1116/1116/1116 1115/1115/1115
f 1131/1131/1131 1129/1129/1129 1130/1130/1130
f 1130/1130/1130 1132/1132/1132 1131/1131/1131
f 1139/1139/1139 1137/1137/1137 1138/1138/1138
f 1138/1138/1138 1140/1140/1140 1139/1139/1139
f 1155/1155/1155 1153/1153/1153 1154/1154/1154
f 1154/1154/1154 1156/1156/1156 1155/1155/1155
f 1163/1163/1163 1161/1161/1161 1162/1162/1162
f 1162/1162/1162 1164/1164/1164 1163/1163/1163
f 1179/1179/1179 1177/1177/1177 1178/1178/1178
f 1178/1178/1178 1180/1180/1180 1179/1179/1179
f 1191/1191/1191 1189/1189/1189 1190/1190/1190
f 1190/1190/1190 1192/1192/1192 1191/1191/1191
usemtl leaf_young
f 3/3/3 1/1/1 2/2/2
f 2/2/2 4/4/4 3/3/3
f 11/11/11 9/9/9 10/10/10
f 10/10/10 12/12/12 11/11/11
f 15/15/15 13/13/13 14/14/14
f 14/14/14 16/16/16 15/15/15
f 19/19/19 17/17/17 18/18/18
f 18/18/18 20/20/20 19/19/19
f 27/27/27 25/25/25 26/26/26
f 26/26/26 28/28/28 27/27/27
f 51/51/51 49/49/49 50/50/50
f 50/50/50 52/52/52 51/51/51
f 59/59/59 57/57/57 58/58/58
f 58/58/58 60/60/60 59/59/59
f 67/67/67 65/65/65 66/66/66
f 66/66/66 68/68/68 67/67/67
f 71/71/71 69/69/69 70/70/70
f 70/70/70 72/72/72 71/71/71
f 79/79/79 77/77/77 78/78/78
f 78/78/78 80/80/80 79/79/79
f 91/91/91 89/89/89 90/90/90
f 90/90/90 92/92/92 91/91/91
f 99/99/99 97/97/97 98/98/98
f 98/98/98 100/100/100 99/99/99
f 103/103/103 101/101/101 102/102/102
f 102/102/102 104/104/104 103/103/103
f 111/111/111 109/109/109 110/110/110
f 110/110/110 112/112/112 111/111/111
f 115/115/115 113/113/113 114/114/114
f 114/114/114 116/116/116 115/115/115
f 119/119/119 117/117/117 118/118/118
f 118/118/118 120/120/120 119/119/119
f 131/131/131 129/129/129 130/130/130
f 130/130/130 132/132/132 131/131/131
f 139/139/139 137/137/137 138/138/138
f 138/138/138 140/140/140 139/139/139
f 151/151/151 149/149/149 150/150/150
f 150/150/150 152/152/152 151/151/151
f 155/155/155 153/153/153 154/154/154
f 154/154/154 156/156/156 155/155/155
f 159/159/159 157/157/157 158/158/158
f 158/158/158 160/160/160 159/159/159
f 163/163/163 161/161/161 162/162/162
f 162/162/162 164/164/164 163/163/163
f 179/179/179 177/177/177 178/178/178
f 178/178/178 180/180/180 179/179/179
f 183/183/183 181/181/181 182/182/182
f 182/182/182 184/184/184 183/183/183
f 187/187/187 185/185/185 186/186/186
f 186/186/186 188/188/188 187/187/187
f 191/191/191 189/189/189 190/190/190
f 190/190/190 192/192/192 191/191/191
f 207/207/207 205/205/205 206/206/206
f 206/206/206 208/208/208 207/207/207
f 211/211/211 209/209/209 210/210/210
f 210/210/210 212/212/212 211/211/211
f 215/215/215 213/213/213 214/214/214
f 214/214/214 216/216/216 215/215/215
f 235/235/235 233/233/233 234/234/234
f 234/234/234 236/236/236 235/235/235
f 255/255/255 253/253/253 254/254/254
f 254/254/254 256/256/256 255/255/255
f 259/259/259 257/257/257 258/258/258
f 258/258/258 260/260/260 259/259/259
f 263/263/263 261/261/261 262/262/262
f 262/262/262 264/264/264 263/263/263
f 271/271/271 269/269/269 270/270/270
f 270/270/270 272/272/272 271/271/271
f 275/275/275 273/273/273 274/274/274
f 274/274/274 276/276/276 275/275/275
f 279/279/279 277/277/277 278/278/278
f 278/278/278 280/280/280 279/279/279
f 291/291/291 289/289/289 290/290/290
f 290/290/290 292/292/292 291/291/291
f 295/295/295 293/293/293 294/294/294
f 294/294/294 296/296/296 295/295/295
f 311/311/311 309/309/309 310/310/310
f 310/310/310 312/312/312 311/311/311
f 315/315/315 313/313/313 314/314/314
f 314/314/314 316/316/316 315/315/315
f 319/319/319 317/317/317 318/318/318
f 318/318/318 320/320/320 319/319/319
f 323/323/323 321/321/321 322/322/322
f 322/322/322 324/324/324 323/323/323
f 327/327/327 325/325/325 326/326/326
f 326/326/326 328/328/328 327/327/327
f 331/331/331 329/329/329 330/330/330
f 330/330/330 332/332/332 331/331/331
f 339/339/339 337/337/337 338/338/338
f 338/338/338 340/340/340 339/339/339
f 343/343/343 341/341/341 342/342/342
f 342/342/342 344/344/344 343/343/343
f 347/347/347 345/345/345 346/346/346
f 346/346/346 348/348/348 347/347/347
f 351/351/351 349/349/349 350/350/350
f 350/350/350 352/352/352 351/351/351
f 363/363/363 361/361/361 362/362/362
f 362/362/362 364/364/364 363/363/363
f 367/367/367 365/365/365 366/366/366
f 366/366/366 368/368/368 367/367/367
f 375/375/375 373/373/373 374/374/374
f 374/374/374 376/376/376 375/375/375
f 379/379/379 377/377/377 378/378/378
f 378/378/378 380/380/380 379/379/379
f 383/383/383 381/381/381 382/382/382
f 382/382/382 384/384/384 383/383/383
f 399/399/399 397/397/397 398/398/398
f 398/398/398 400/400/400 399/399/399
f 411/411/411 409/409/409 410/410/410
f 410/410/410 412/412/412 411/411/411
f 415/415/415 413/413/413 414/414/414
f 414/414/414 416/416/416 415/415/415
f 419/419/419 417/417/417 418/418/418
f 418/418/418 420/420/420 419/419/419
f 435/435/435 433/433/433 434/434/434
f 434/434/434 436/436/436 435/435/435
f 439/439/439 437/437/437 438/438/438
f 438/438/438 440/440/440 439/439/439
f 447/447/447 445/445/445 446/446/446
f 446/446/446 448/448/448 447/447/447
f 459/459/459 457/457/457 458/458/458
f 458/458/458 460/460/460 459/459/459
f 467/467/467 465/465/465 466/466/466
f 466/466/466 468/468/468 467/467/467
f 479/479/479 477/477/477 478/478/478
f 478/478/478 480/480/480 479/479/479
f 483/483/483 481/481/481 482/482/482
f 482/482/482 484/484/484 483/483/483
f 487/487/487 485/485/485 486/486/486
f 486/486/486 488/488/488 487/487/487
f 491/491/491 489/489/489 490/490/490
f 490/490/490 492/492/492 491/491/491
f 495/495/495 493/493/493 494/494/494
f 494/494/494 496/496/496 495/495/495
f 499/499/499 497/497/497 498/498/498
f 498/498/498 500/500/500 499/499/499
f 503/503/503 501/501/501 502/502/502
f 502/502/502 504/504/504 503/503/503
f 519/519/519 517/517/517 518/518/518
f 518/518/518 520/520/520 519/519/519
f 523/523/523 521/521/521 522/522/522
f 522/522/522 524/524/524 523/523/523
f 527/527/527 525/525/525 526/526/526
f 526/526/526 528/528/528 527/527/527
f 535/535/535 533/533/533 534/534/534
f 534/534/534 536/536/536 535/535/535
f 539/539/539 537/537/537 538/538/538
f 538/538/538 540/540/540 539/539/539
f 559/559/559 557/557/557 558/558/558
f 558/558/558 560/560/560 559/559/559
f 567/567/567 565/565/565 566/566/566
f 566/566/566 568/568/568 567/567/567
f 575/575/575 573/573/573 574/574/574
f 574/574/574 576/576/576 575/575/575
f 579/579/579 577/577/577 578/578/578
f 578/578/578 580/580/580 579/579/579
f 583/583/583 581/581/581 582/582/582
f 582/582/582 584/584/584 583/583/583
f 587/587/587 585/585/585 586/586/586
f 586/586/586 588/588/588 587/587/587
f 591/591/591 589/589/589 590/590/590
f 590/590/590 592/592/592 591/591/591
f 595/595/595 593/593/593 594/594/594
f 594/594/594 596/596/596 595/595/595
f 599/599/599 597/597/597 598/598/598
f 598/598/598 600/600/600 599/599/599
f 607/607/607 605/605/605 606/606/606
f 606/606/606 608/608/608 607/607/607
f 611/611/611 609/609/609 610/610/610
f 610/610/610 612/612/612 611/611/611
f 615/615/615 613/613/613 614/614/614
f 614/614/614 616/616/616 615/615/615
f 619/619/619 617/617/617 618/618/618
f 618/618/618 620/620/620 619/619/619
f 631/631/631 629/629/629 630/630/630
f 630/630/630 632/632/632 631/631/631
f 643/643/643 641/641/641 642/642/642
f 642/642/642 644/644/644 643/643/643
f 647/647/647 645/645/645 646/646/646
f 646/646/646 648/648/648 647/647/647
f 655/655/655 653/653/653 654/654/654
f 654/654/654 656/656/656 655/655/655
f 667/667/667 665/665/665 666/666/666
f 666/666/666 668/668/668 667/667/667
f 671/671/671 669/669/669 670/670/670
f 670/670/670 672/672/672 671/671/671
f 675/675/675 673/673/673 674/674/674
f 674/674/674 676/676/676 675/675/675
f 679/679/679 677/677/677 678/678/678
f 678/678/678 680/680/680 679/679/679
f 683/683/683 681/681/681 682/682/682
f 682/682/682 684/684/684 683/683/683
f 687/687/687 685/685/685 686/686/686
f 686/686/686 688/688/688 687/687/687
f 691/691/691 689/689/689 690/690/690
f 690/690/690 692/692/692 691/691/691
f 699/699/699 697/697/697 698/698/698
f 698/698/698 700/700/700 699/699/699
f 707/707/707 705/705/705 706/706/706
f 706/706/706 708/708/708 707/707/707
f 711/711/711 709/709/709 710/710/710
f 710/710/710 712/712/712 711/711/711
f 719/719/719 717/717/717 718/718/718
f 718/718/718 720/720/720 719/719/719
f 723/723/723 721/721/721 722/722/722
f 722/722/722 724/724/724 723/723/723
f 727/727/727 725/725/725 726/726/726
f 726/726/726 728/728/728 727/727/727
f 731/731/731 729/729/729 730/730/730
f 730/730/730 732/732/732 731/731/731
f 739/739/739 737/737/737 738/738/738
f 738/738/738 740/740/740 739/739/739
f 743/743/743 741/741/741 742/742/742
f 742/742/742 744/744/744 743/743/743
f 747/747/747 745/745/745 746/746/746
f 746/746/746 748/748/748 747/747/747
f 763/763/763 761/761/761 762/762/762
f 762/762/762 764/764/764 763/763/763
f 767/767/767 765/765/765 766/766/766
f 766/766/766 768/768/768 767/767/767
f 779/779/779 777/777/777 778/778/778
f 778/778/778 780/780/780 779/779/779
f 783/783/783 781/781/781 782/782/782
f 782/782/782 784/784/784 783/783/783
f 787/787/787 785/785/785 786/786/786
f 786/786/786 788/788/788 787/787/787
f 791/791/791 789/789/789 790/790/790
f 790/790/790 792/792/792 791/791/791
f 815/815/815 813/813/813 814/814/814
f 814/814/814 816/816/816 815/815/815
f 819/819/819 817/817/817 818/818/818
f 818/818/818 820/820/820 819/819/819
f 823/823/823 821/821/821 822/822/822
f 822/822/822 824/824/824 823/823/823
f 827/827/827 825/825/825 826/826/826
f 826/826/826 828/828/828 827/827/827
f 831/831/831 829/829/829 830/830/830
f 830/830/830 832/832/832 831/831/831
f 855/855/855 853/853/853 854/854/854
f 854/854/854 856/856/856 855/855/855
f 859/859/859 857/857/857 858/858/858
f 858/858/858 860/860/860 859/859/859
f 871/871/871 869/869/869 870/870/870
f 870/870/870 872/872/872 871/871/871
f 875/875/875 873/873/873 874/874/874
f 874/874/874 876/876/876 875/875/875
f 887/887/887 885/885/885 886/886/886
f 886/886/886 888/888/888 887/887/887
f 891/891/891 889/889/889 890/890/890
f 890/890/890 892/892/892 891/891/891
f 899/899/899 897/897/897 898/898/898
f 898/898/898 900/900/900 899/899/899
f 903/903/903 901/901/901 902/902/902
f 902/902/902 904/904/904 903/903/903
f 907/907/907 905/905/905 906/906/906
f 906/906/906 908/908/908 907/907/907
f 915/915/915 913/913/913 914/914/914
f 914/914/914 916/916/916 915/915/915
f 919/919/919 917/917/917 918/918/918
f 918/918/918 920/920/920 919/919/919
f 923/923/923 921/921/921 922/922/922
f 922/922/922 924/924/924 923/923/923
f 939/939/939 937/937/937 938/938/938
f 938/938/938 940/940/940 939/939/939
f 947/947/947 945/945/945 946/946/946
f 946/946/946 948/948/948 947/947/947
f 951/951/951 949/949/949 950/950/950
f 950/950/950 952/952/952 951/951/951
f 955/955/955 953/953/953 954/954/954
f 954/954/954 956/956/956 955/955/955
f 959/959/959 957/957/957 958/958/958
f 958/958/958 960/960/960 959/959/959
f 971/971/971 969/969/969 970/970/970
f 970/970/970 972/972/972 971/971/971
f 975/975/975 973/973/973 974/974/974
f 974/974/974 976/976/976 975/975/975
f 979/979/979 977/977/977 978/978/978
f 978/978/978 980/980/980 979/979/979
f 999/999/999 997/997/997 998/998/998
f 998/998/998 1000/1000/1000 999/999/999
f 1003/1003/1003 1001/1001/1001 1002/1002/1002
f 1002/1002/1002 1004/1004/1004 1003/1003/1003
f 1011/1011/1011 1009/1009/1009 1010/1010/1010
f 1010/1010/1010 1012/1012/1012 1011/1011/1011
f 1015/1015/1015 1013/1013/1013 1014/1014/1014
f 1014/1014/1014 1016/1016/1016 1015/1015/1015
f 1019/1019/1019 1017/1017/1017 1018/1018/1018
f 1018/1018/1018 1020/1020/1020 1019/1019/1019
f 1023/1023/1023 1021/1021/1021 1022/1022/1022
f 1022/1022/1022 1024/1024/1024 1023/1023/1023
f 1027/1027/1027 1025/1025/1025 1026/1026/1026
f 1026/1026/1026 1028/1028/1028 1027/1027/1027
f 1035/1035/1035 1033/1033/1033 1034/1034/1034
f 1034/1034/1034 1036/1036/1036 1035/1035/1035
f 1059/1059/1059 1057/1057/1057 1058/1058/1058
f 1058/1058/1058 1060/1060/1060 1059/1059/1059
f 1063/1063/1063 1061/1061/1061 1062/1062/1062
f 1062/1062/1062 1064/1064/1064 1063/1063/1063
f 1067/1067/1067 1065/1065/1065 1066/1066/1066
f 1066/1066/1066 1068/1068/1068 1067/1067/1067
f 1071/1071/1071 1069/1069/1069 1070/1070/1070
f 1070/1070/1070 1072/1072/1072 1071/1071/1071
f 1103/1103/1103 1101/1101/1101 1102/1102/1102
f 1102/1102/1102 1104/1104/1104 1103/1103/1103
f 1107/1107/1107 1105/1105/1105 1106/1106/1106
f 1106/1106/1106 1108/1108/1108 1107/1107/1107
f 1119/1119/1119 1117/1117/1117 1118/1118/1118
f 1118/1118/1118 1120/1120/1120 1119/1119/1119
f 1123/1123/1123 1121/1121/1121 1122/1122/1122
f 1122/1122/1122 1124/1124/1124 1123/1123/1123
f 1127/1127/1127 1125/1125/1125 1126/1126/1126
f 1126/1126/1126 1128/1128/1128 1127/1127/1127
f 1135/1135/1135 1133/1133/1133 1134/1134/1134
f 1134/1134/1134 1136/1136/1136 1135/1135/1135
f 1143/1143/1143 1141/1141/1141 1142/1142/1142
f 1142/1142/1142 1144/1144/1144 1143/1143/1143
f 1147/1147/1147 1145/1145/1145 1146/1146/1146
f 1146/1146/1146 1148/1148/1148 1147/1147/1147
f 1151/1151/1151 1149/1149/1149 1150/1150/1150
f 1150/1150/1150 1152/1152/1152 1151/1151/1151
f 1159/1159/1159 1157/1157/1157 1158/1158/1158
f 1158/1158/1158 1160/1160/1160 1159/1159/1159
f 1167/1167/1167 1165/1165/1165 1166/1166/1166
f 1166/1166/1166 1168/1168/1168 1167/1167/1167
f 1171/1171/1171 1169/1169/1169 1170/1170/1170
f 1170/1170/1170 1172/1172/1172 1171/1171/1171
f 1175/1175/1175 1173/1173/1173 1174/1174/1174
f 1174/1174/1174 1176/1176/1176 1175/1175/1175
f 1183/1183/1183 1181/1181/1181 1182/1182/1182
f 1182/1182/1182 1184/1184/1184 1183/1183/1183
f 1187/1187/1187 1185/1185/1185 1186/1186/1186
f 1186/1186/1186 1188/1188/1188 1187/1187/1187
f 1195/1195/1195 1193/1193/1193 1194/1194/1194
f 1194/1194/1194 1196/1196/1196 1195/1195/1195
usemtl branch
f 1199/1199/1199 1202/1202/1202 1198/1198/1198
f 1198/1198/1198 1202/1202/1202 1201/1201/1201
f 1198/1198/1198 1201/1201/1201 1197/1197/1197
f 1197/1197/1197 1201/1201/1201 1200/1200/1200
f 1197/1197/1197 1200/1200/1200 1202/1202/1202
f 1197/1197/1197 1202/1202/1202 1199/1199/1199
f 1202/1202/1202 1205/1205/1205 1201/1201/1201
f 1201/1201/1201 1205/1205/1205 1204/1204/1204
f 1201/1201/1201 1204/1204/1204 1200/1200/1200
f 1200/1200/1200 1204/1204/1204 1203/1203/1203
f 1200/1200/1200 1203/1203/1203 1205/1205/1205
f 1200/1200/1200 1205/1205/1205 1202/1202/1202
f 1205/1205/1205 1208/1208/1208 1204/1204/1204
f 1204/1204/1204 1208/1208/1208 1207/1207/1207
f 1204/1204/1204 1207/1207/1207 1203/1203/1203
f 1203/1203/1203 1207/1207/1207 1206/1206/1206
f 1203/1203/1203 1206/1206/1206 1208/1208/1208
f 1203/1203/1203 1208/1208/1208 1205/1205/1205
f 1208/1208/1208 1211/1211/1211 1207/1207/1207
f 1207/1207/1207 1211/1211/1211 1210/1210/1210
f 1207/1207/1207 1210/1210/1210 1206/1206/1206
f 1206/1206/1206 1210/1210/1210 1209/1209/1209
f 1206/1206/1206 1209/1209/1209 1211/1211/1211
f 1206/1206/1206 1211/1211/1211 1208/1208/1208
f 1211/1211/1211 1214/1214/1214 1210/1210/1210
f 1210/1210/1210 1214/1214/1214 1213/1213/1213
f 1210/1210/1210 1213/1213/1213 1209/1209/1209
f 1209/1209/1209 1213/1213/1213 1212/1212/1212
f 1209/1209/1209 1212/1212/1212 1214/1214/1214
f 1209/1209/1209 1214/1214/1214 1211/1211/1211
f 1214/1214/1214 1217/1217/1217 1213/1213/1213
f 1213/1213/1213 1217/1217/1217 1216/1216/1216
f 1213/1213/1213 1216/1216/1216 1212/1212/1212
f 1212/1212/1212 1216/1216/1216 1215/1215/1215
f 1212/1212/1212 1215/1215/1215 1217/1217/1217
f 1212/1212/1212 1217/1217/1217 1214/1214/1214
f 1217/1217/1217 1220/1220/1220 1216/1216/1216
f 1216/1216/1216 1220/1220/1220 1219/1219/1219
f 1216/1216/1216 1219/1219/1219 1215/1215/1215
f 1215/1215/1215 1219/1219/1219 1218/1218/1218
f 1215/1215/1215 1218/1218/1218 1220/1220/1220
f 1215/1215/1215 1220/1220/1220 1217/1217/1217
f 1220/1220/1220 1223/1223/1223 1219/1219/1219
f 1219/1219/1219 1223/1223/1223 1222/1222/1222
f 1219/1219/1219 1222/1222/1222 1218/1218/1218
f 1218/1218/1218 1222/1222/1222 1221/1221/1221
f 1218/1218/1218 1221/1221/1221 1223/1223/1223
f 1218/1218/1218 1223/1223/1223 1220/1220/1220
f 1223/1223/1223 1226/1226/1226 1222/1222/1222
f 1222/1222/1222 1226/1226/1226 1225/1225/1225
f 1222/1222/1222 1225/1225/1225 1221/1221/1221
f 1221/1221/1221 1225/1225/1225 1224/1224/1224
f 1221/1221/1221 1224/1224/1224 1226/1226/1226
f 1221/1221/1221 1226/1226/1226 1223/1223/1223
f 1226/1226/1226 1229/1229/1229 1225/1225/1225
f 1225/1225/1225 1229/1229/1229 1228/1228/1228
f 1225/1225/1225 1228/1228/1228 1224/1224/1224
f 1224/1224/1224 1228/1228/1228 1227/1227/1227
f 1224/1224/1224 1227/1227/1227 1229/1229/1229
f 1224/1224/1224 1229/1229/1229 1226/1226/1226
f 1229/1229/1229 1232/1232/1232 1228/1228/1228
f 1228/1228/1228 1232/1232/1232 1231/1231/1231
f 1228/1228/1228 1231/1231/1231 1227/1227/1227
f 1227/1227/1227 1231/1231/1231 1230/1230/1230
f 1227/1227/1227 1230/1230/1230 1232/1232/1232
f 1227/1227/1227 1232/1232/1232 1229/1229/1229
f 1232/1232/1232 1235/1235/1235 1231/1231/1231
f 1231/1231/1231 1235/1235/1235 1234/1234/1234
f 1231/1231/1231 1234/1234/1234 1230/1230/1230
f 1230/1230/1230 1234/1234/1234 1233/1233/1233
f 1230/1230/1230 1233/1233/1233 1235/1235/1235
f 1230/1230/1230 1235/1235/1235 1232/1232/1232
f 1235/1235/1235 1238/1238/1238 1234/1234/1234
f 1234/1234/1234 1238/1238/1238 1237/1237/1237
f 1234/1234/1234 1237/1237/1237 1233/1233/1233
f 1233/1233/1233 1237/1237/1237 1236/1236/1236
f 1233/1233/1233 1236/1236/1236 1238/1238/1238
f 1233/1233/1233 1238/1238/1238 1235/1235/1235
f 1241/1241/1241 1244/1244/1244 1240/1240/1240
f 1240/1240/1240 1244/1244/1244 1243/1243/1243
f 1240/1240/1240 1243/1243/1243 1239/1239/1239
f 1239/1239/1239 1243/1243/1243 1242/1242/1242
f 1239/1239/1239 1242/1242/1242 1244/1244/1244
f 1239/1239/1239 1244/1244/1244 1241/1241/1241
f 1244/1244/1244 1247/1247/1247 1243/1243/1243
f 1243/1243/1243 1247/1247/1247 1246/1246/1246
f 1243/1243/1243 1246/1246/1246 1242/1242/1242
f 1242/1242/1242 1246/1246/1246 1245/1245/1245
f 1242/1242/1242 1245/1245/1245 1247/1247/1247
f 1242/1242/1242 1247/1247/1247 1244/1244/1244
f 1247/1247/1247 1250/1250/1250 1246/1246/1246
f 1246/1246/1246 1250/1250/1250 1249/1249/1249
f 1246/1246/1246 1249/1249/1249 1245/1245/1245
f 1245/1245/1245 1249/1249/1249 1248/1248/1248
f 1245/1245/1245 1248/1248/1248 1250/1250/1250
f 1245/1245/1245 1250/1250/1250 1247/1247/1247
f 1250/1250/1250 1253/1253/1253 1249/1249/1249
f 1249/1249/1249 1253/1253/1253 1252/1252/1252
f 1249/1249/1249 1252/1252/1252 1248/1248/1248
f 1248/1248/1248 1252/1252/1252 1251/1251/1251
f 1248/1248/1248 1251/1251/1251 1253/1253/1253
f 1248/1248/1248 1253/1253/1253 1250/1250/1250
f 1253/1253/1253 1256/1256/1256 1252/1252/1252
f 1252/1252/1252 1256/1256/1256 1255/1255/1255
f 1252/1252/1252 1255/1255/1255 1251/1251/1251
f 1251/1251/1251 1255/1255/1255 1254/1254/1254
f 1251/1251/1251 1254/1254/1254 1256/1256/1256
f 1251/1251/1251 1256/1256/1256 1253/1253/1253
f 1256/1256/1256 1259/1259/1259 1255/1255/1255
f 1255/1255/1255 1259/1259/1259 1258/1258/1258
f 1255/1255/1255 1258/1258/1258 1254/1254/1254
f 1254/1254/1254 1258/1258/1258 1257/1257/1257
f 1254/1254/1254 1257/1257/1257 1259/1259/1259
f 1254/1254/1254 1259/1259/1259 1256/1256/1256
f 1259/1259/1259 1262/1262/1262 1258/1258/1258
f 1258/1258/1258 1262/1262/1262 1261/1261/1261
f 1258/1258/1258 1261/1261/1261 1257/1257/1257
f 1257/1257/1257 1261/1261/1261 1260/1260/1260
f 1257/1257/1257 1260/1260/1260 1262/1262/1262
f 1257/1257/1257 1262/1262/1262 1259/1259/1259
f 1262/1262/1262 1265/1265/1265 1261/1261/1261
f 1261/1261/1261 1265/1265/1265 1264/1264/1264
f 1261/1261/1261 1264/1264/1264 1260/1260/1260
f 1260/1260/1260 1264/1264/1264 1263/1263/1263
f 1260/1260/1260 1263/1263/1263 1265/1265/1265
f 1260/1260/1260 1265/1265/1265 1262/1262/1262
f 1268/1268/1268 1271/1271/1271 1267/1267/1267
f 1267/1267/1267 1271/1271/1271 1270/1270/1270
f 1267/1267/1267 1270/1270/1270 1266/1266/1266
f 1266/1266/1266 1270/1270/1270 1269/1269/1269
f 1266/1266/1266 1269/1269/1269 1271/1271/1271
f 1266/1266/1266 1271/1271/1271 1268/1268/1268
f 1271/1271/1271 1274/1274/1274 1270/1270/1270
f 1270/1270/1270 1274/1274/1274 1273/1273/1273
f 1270/1270/1270 1273/1273/1273 1269/1269/1269
f 1269/1269/1269 1273/1273/1273 1272/1272/1272
f 1269/1269/1269 1272/1272/1272 1274/1274/1274
f 1269/1269/1269 1274/1274/1274 1271/1271/1271
f 1274/1274/1274 1277/1277/1277 1273/1273/1273
f 1273/1273/1273 1277/1277/1277 1276/1276/1276
f 1273/1273/1273 1276/1276/1276 1272/1272/1272
f 1272/1272/1272 1276/1276/1276 1275/1275/1275
f 1272/1272/1272 1275/1275/1275 1277/1277/1277
f 1272/1272/1272 1277/1277/1277 1274/1274/1274
f 1277/1277/1277 1280/1280/1280 1276/1276/1276
f 1276/1276/1276 1280/1280/1280 1279/1279/1279
f 1276/1276/1276 1279/1279/1279 1275/1275/1275
f 1275/1275/1275 1279/1279/1279 1278/1278/1278
f 1275/1275/1275 1278/1278/1278 1280/1280/1280
f 1275/1275/1275 1280/1280/1280 1277/1277/1277
f 1280/1280/1280 1283/1283/1283 1279/1279/1279
f 1279/1279/1279 1283/1283/1283 1282/1282/1282
f 1279/1279/1279 1282/1282/1282 1278/1278/1278
f 1278/1278/1278 1282/1282/1282 1281/1281/1281
f 1278/1278/1278 1281/1281/1281 1283/1283/1283
f 1278/1278/1278 1283/1283/1283 1280/1280/1280
f 1283/1283/1283 1286/1286/1286 1282/1282/1282
f 1282/1282/1282 1286/1286/1286 1285/1285/1285
f 1282/1282/1282 1285/1285/1285 1281/1281/1281
f 1281/1281/1281 1285/1285/1285 1284/1284/1284
f 1281/1281/1281 1284/1284/1284 1286/1286/1286
f 1281/1281/1281 1286/1286/1286 1283/1283/1283
f 1286/1286/1286 1289/1289/1289 1285/1285/1285
f 1285/1285/1285 1289/1289/1289 1288/1288/1288
f 1285/1285/1285 1288/1288/1288 1284/1284/1284
f 1284/1284/1284 1288/1288/1288 1287/1287/1287
f 1284/1284/1284 1287/1287/1287 1289/1289/1289
f 1284/1284/1284 1289/1289/1289 1286/1286/1286
f 1292/1292/1292 1295/1295/1295 1291/1291/1291
f 1291/1291/1291 1295/1295/1295 1294/1294/1294
f 1291/1291/1291 1294/1294/1294 1290/1290/1290
f 1290/1290/1290 1294/1294/1294 1293/1293/1293
f 1290/1290/1290 1293/1293/1293 1295/1295/1295
f 1290/1290/1290 1295/1295/1295 1292/1292/1292
f 1295/1295/1295 1298/1298/1298 1294/1294/1294
f 1294/1294/1294 1298/1298/1298 1297/1297/1297
f 1294/1294/1294 1297/1297/1297 1293/1293/1293
f 1293/1293/1293 1297/1297/1297 1296/1296/1296
f 1293/1293/1293 1296/1296/1296 1298/1298/1298
f 1293/1293/1293 1298/1298/1298 1295/1295/1295
f 1298/1298/1298 1301/1301/1301 1297/1297/1297
f 1297/1297/1297 1301/1301/1301 1300/1300/1300
f 1297/1297/1297 1300/1300/1300 1296/1296/1296
f 1296/1296/1296 1300/1300/1300 1299/1299/1299
f 1296/1296/1296 1299/1299/1299 1301/1301/1301
f 1296/1296/1296 1301/1301/1301 1298/1298/1298
f 1301/1301/1301 1304/1304/1304 1300/1300/1300
f 1300/1300/1300 1304/1304/1304 1303/1303/1303
f 1300/1300/1300 1303/1303/1303 1299/1299/1299
f 1299/1299/1299 1303/1303/1303 1302/1302/1302
f 1299/1299/1299 1302/1302/1302 1304/1304/1304
f 1299/1299/1299 1304/1304/1304 1301/1301/1301
f 1304/1304/1304 1307/1307/1307 1303/1303/1303
f 1303/1303/1303 1307/1307/1307 1306/1306/1306
f 1303/1303/1303 1306/1306/1306 1302/1302/1302
f 1302/1302/1302 1306/1306/1306 1305/1305/1305
f 1302/1302/1302 1305/1305/1305 1307/1307/1307
f 1302/1302/1302 1307/1307/1307 1304/1304/1304
f 1310/1310/1310 1313/1313/1313 1309/1309/1309
f 1309/1309/1309 1313/1313/1313 1312/1312/1312
f 1309/1309/1309 1312/1312/1312 1308/1308/1308
f 1308/1308/1308 1312/1312/1312 1311/1311/1311
f 1308/1308/1308 1311/1311/1311 1313/1313/1313
f 1308/1308/1308 1313/1313/1313 1310/1310/1310
f 1313/1313/1313 1316/1316/1316 1312/1312/1312
f 1312/1312/1312 1316/1316/1316 1315/1315/1315
f 1312/1312/1312 1315/1315/1315 1311/1311/1311
f 1311/1311/1311 1315/1315/1315 1314/1314/1314
f 1311/1311/1311 1314/1314/1314 1316/1316/1316
f 1311/1311/1311 1316/1316/1316 1313/1313/1313
f 1316/1316/1316 1319/1319/1319 1315/1315/1315
f 1315/1315/1315 1319/1319/1319 1318/1318/1318
f 1315/1315/1315 1318/1318/1318 1314/1314/1314
f 1314/1314/1314 1318/1318/1318 1317/1317/1317
f 1314/1314/1314 1317/1317/1317 1319/1319/1319
f 1314/1314/1314 1319/1319/1319 1316/1316/1316
f 1322/1322/1322 1325/1325/1325 1321/1321/1321
f 1321/1321/1321 1325/1325/1325 1324/1324/1324
f 1321/1321/1321 1324/1324/1324 1320/1320/1320
f 1320/1320/1320 1324/1324/1324 1323/1323/1323
f 1320/1320/1320 1323/1323/1323 1325/1325/1325
f 1320/1320/1320 1325/1325/1325 1322/1322/1322
f 1325/1325/1325 1328/1328/1328 1324/1324/1324
f 1324/1324/1324 1328/1328/1328 1327/1327/1327
f 1324/1324/1324 1327/1327/1327 1323/1323/1323
f 1323/1323/1323 1327/1327/1327 1326/1326/1326
f 1323/1323/1323 1326/1326/1326 1328/1328/1328
f 1323/1323/1323 1328/1328/1328 1325/1325/1325
