mtllib tree.mtl
v -0.733755 0.995172 0.330535
v -0.7213 0.995931 0.333689
v -0.726871 0.9948 0.318657
v -0.710138 0.993616 0.323869
v -0.724537 1.00297 0.312681
v -0.717285 0.99603 0.328855
v -0.710678 1.00209 0.304838
v -0.701319 0.996856 0.317114
v -0.725519 1.03462 0.317801
v -0.714417 1.03803 0.3242
v -0.708606 1.03699 0.309945
v -0.699996 1.04146 0.319135
v -0.722455 1.02158 0.312558
v -0.714885 1.01711 0.3248
v -0.715146 1.02582 0.302697
v -0.701614 1.01842 0.318001
v -0.714288 1.02396 0.292249
v -0.704141 1.03228 0.302768
v -0.7077 1.02557 0.276562
v -0.69788 1.02703 0.290178
v -0.726955 1.03504 0.308325
v -0.722106 1.04079 0.326756
v -0.713731 1.03616 0.304162
v -0.705581 1.04279 0.311498
v -0.730234 1.0573 0.291729
v -0.721157 1.06031 0.306303
v -0.71519 1.05132 0.279468
v -0.700333 1.06066 0.296824
v -0.707186 1.04718 0.298258
v -0.700899 1.04703 0.31489
v -0.697931 1.05031 0.283179
v -0.686148 1.04828 0.304005
v -0.724323 1.04612 0.293829
v -0.70559 1.04596 0.306398
v -0.71161 1.0475 0.278491
v -0.692438 1.04249 0.289172
v -0.72106 1.05505 0.292529
v -0.703287 1.05592 0.308746
v -0.707831 1.06094 0.2804
v -0.696282 1.05352 0.292644
v -0.714267 1.06955 0.280862
v -0.697075 1.06647 0.294343
v -0.696214 1.07051 0.267311
v -0.682361 1.0711 0.283071
v -0.707843 1.06349 0.304205
v -0.690537 1.06558 0.311878
v -0.704181 1.06717 0.289497
v -0.686357 1.06759 0.299081
v -0.710106 1.0816 0.286347
v -0.700099 1.07841 0.300658
v -0.693937 1.08684 0.271842
v -0.68235 1.08512 0.288977
v -0.690406 1.07102 0.282905
v -0.674384 1.07384 0.291945
v -0.690318 1.07079 0.263659
v -0.670816 1.07394 0.274175
v -0.710182 1.09198 0.288163
v -0.696405 1.08247 0.299841
v -0.69425 1.08432 0.274322
v -0.679143 1.09009 0.286122
v -0.702662 1.06648 0.263159
v -0.689649 1.0702 0.279684
v -0.690052 1.06926 0.249298
v -0.676486 1.06955 0.261764
v -0.69306 1.09224 0.270128
v -0.683579 1.0901 0.277585
v -0.688521 1.09566 0.254483
v -0.674913 1.09059 0.269149
v -0.671535 1.09153 0.256008
v -0.660054 1.09265 0.26107
v -0.662187 1.09163 0.239285
v -0.655033 1.09463 0.248911
v -0.696261 1.0784 0.23649
v -0.689924 1.07455 0.248412
v -0.684229 1.07806 0.228969
v -0.679385 1.07798 0.246459
v -0.694508 1.09753 0.246082
v -0.69212 1.09869 0.257748
v -0.687335 1.09812 0.240956
v -0.681041 1.09778 0.256426
v -0.708559 0.995077 0.314296
v -0.702219 0.995703 0.326196
v -0.70422 0.998768 0.305038
v -0.694395 0.993325 0.312685
v -0.712484 1.00658 0.32124
v -0.707837 1.00386 0.328115
v -0.69856 1.0061 0.313596
v -0.692769 1.00531 0.323888
v -0.73578 1.02435 0.3044
v -0.72206 1.02893 0.314967
v -0.724043 1.02904 0.293429
v -0.714388 1.03137 0.297599
v -0.738384 1.02324 0.305407
v -0.732501 1.02114 0.318949
v -0.724105 1.02338 0.300084
v -0.717051 1.01929 0.30963
v -0.712506 1.03265 0.300243
v -0.701045 1.03512 0.318174
v -0.694228 1.03292 0.298922
v -0.685733 1.03356 0.31003
v -0.708445 1.032 0.298655
v -0.701973 1.02585 0.312358
v -0.694538 1.02557 0.290581
v -0.683136 1.0291 0.302382
v -0.721113 1.04945 0.282025
v -0.709147 1.05087 0.29811
v -0.711673 1.0521 0.267891
v -0.69517 1.05031 0.282405
v -0.714106 1.07018 0.288663
v -0.705131 1.06199 0.304837
v -0.693432 1.06634 0.280089
v -0.688309 1.06099 0.295087
v -0.726761 1.04838 0.285528
v -0.706971 1.04846 0.29668
v -0.712341 1.05039 0.272202
v -0.696351 1.04856 0.282722
v -0.724463 1.05549 0.287678
v -0.706864 1.06162 0.299329
v -0.710273 1.0507 0.273751
v -0.690759 1.05912 0.283029
v -0.695824 1.07196 0.280944
v -0.681599 1.07451 0.295972
v -0.686703 1.06619 0.266022
v -0.668382 1.07437 0.279507
v -0.699814 1.06885 0.283013
v -0.683998 1.07296 0.29549
v -0.689649 1.07389 0.2626
v -0.66943 1.07442 0.281408
v -0.71316 1.07531 0.300399
v -0.702424 1.06932 0.316639
v -0.707419 1.07659 0.283033
v -0.693524 1.07074 0.293348
v -0.705532 1.06965 0.279874
v -0.698966 1.05871 0.293351
v -0.696064 1.06703 0.270553
v -0.680653 1.06392 0.278762
v -0.701397 1.07219 0.268145
v -0.681884 1.0745 0.277065
v -0.684781 1.06701 0.256095
v -0.673167 1.07277 0.265464
v -0.693703 1.07763 0.256106
v -0.681414 1.07719 0.274271
v -0.683383 1.07819 0.246008
v -0.663615 1.07516 0.261097
v -0.699205 1.09023 0.266246
v -0.691391 1.09112 0.27802
v -0.682654 1.09236 0.257111
v -0.683259 1.09259 0.270737
v -0.694302 1.09959 0.253042
v -0.680649 1.10483 0.267908
v -0.67601 1.09794 0.248248
v -0.671631 1.1008 0.262
v -0.686389 1.10028 0.247924
v -0.675758 1.09477 0.256815
v -0.677032 1.09872 0.23592
v -0.665057 1.09805 0.24782
v -0.707988 1.09051 0.236234
v -0.70117 1.09418 0.253044
v -0.696344 1.0954 0.23062
v -0.690084 1.09374 0.241249
v -0.729134 0.995074 0.314481
v -0.715302 0.990975 0.318481
v -0.725684 0.989489 0.302213
v -0.709711 0.990897 0.308534
v -0.713164 1.02594 0.315164
v -0.707506 1.02395 0.328459
v -0.701574 1.02411 0.314649
v -0.694007 1.01831 0.323696
v -0.71478 1.03892 0.315702
v -0.704456 1.03427 0.328203
v -0.709301 1.03493 0.30578
v -0.69283 1.03153 0.314401
v -0.735797 1.02299 0.308299
v -0.728488 1.02919 0.32253
v -0.717097 1.02682 0.300986
v -0.710408 1.02497 0.316436
v -0.723085 1.02619 0.313015
v -0.709608 1.02268 0.320215
v -0.711667 1.02185 0.305118
v -0.703434 1.01893 0.307814
v -0.711283 1.03778 0.317243
v -0.698377 1.02937 0.320471
v -0.69636 1.03572 0.300327
v -0.684707 1.02894 0.311733
v -0.724343 1.0476 0.291164
v -0.714373 1.04845 0.302049
v -0.720191 1.04803 0.277365
v -0.701048 1.04744 0.288788
v -0.71674 1.04109 0.283055
v -0.707755 1.05123 0.292756
v -0.705852 1.04453 0.267135
v -0.69273 1.04776 0.271928
v -0.714183 1.04317 0.281231
v -0.699667 1.04146 0.289261
v -0.702678 1.05051 0.27013
v -0.685853 1.03902 0.273787
v -0.703032 1.05928 0.30608
v -0.685883 1.06041 0.316005
v -0.698102 1.05266 0.2865
v -0.678703 1.05424 0.294822
v -0.709669 1.05416 0.295731
v -0.690318 1.05373 0.302633
v -0.700681 1.04924 0.277221
v -0.68575 1.05083 0.28688
v -0.690202 1.05889 0.284665
v -0.687923 1.05757 0.304403
v -0.678371 1.05347 0.270635
v -0.671845 1.05414 0.292137
v -0.715373 1.06737 0.297673
v -0.698137 1.06572 0.320397
v -0.698403 1.06618 0.284112
v -0.681307 1.06448 0.3011
v -0.69162 1.07773 0.293091
v -0.673861 1.07357 0.30185
v -0.676241 1.07411 0.275449
v -0.659628 1.07427 0.287555
v -0.696307 1.07575 0.265462
v -0.68931 1.06855 0.276693
v -0.686706 1.06864 0.252886
v -0.676932 1.07485 0.26745
v -0.699672 1.06181 0.275877
v -0.690665 1.06934 0.284007
v -0.691643 1.06362 0.261716
v -0.674793 1.06723 0.274619
v -0.704214 1.0802 0.265822
v -0.689895 1.07582 0.281624
v -0.69434 1.07916 0.258827
v -0.678649 1.07656 0.265117
v -0.676364 1.08816 0.244126
v -0.664114 1.09251 0.257543
v -0.671485 1.08702 0.234733
v -0.655618 1.08627 0.247926
v -0.701983 1.09518 0.249491
v -0.691565 1.0902 0.253827
v -0.691704 1.09272 0.234076
v -0.684376 1.088 0.239374
v -0.698444 1.09652 0.235826
v -0.686005 1.09388 0.245364
v -0.696517 1.09735 0.221744
v -0.681289 1.09687 0.228149
v -0.714345 0.99503 0.329108
v -0.707968 0.996664 0.336501
v -0.703351 0.99439 0.319867
v -0.692192 0.997006 0.329414
v -0.729764 1.01131 0.298606
v -0.718743 1.013 0.311899
v -0.720029 1.00827 0.294271
v -0.708149 1.01007 0.305462
v -0.717696 1.02339 0.296166
v -0.708537 1.03029 0.306422
v -0.704206 1.02815 0.286954
v -0.698889 1.02721 0.298895
v -0.712756 1.03222 0.317274
v -0.703589 1.0301 0.323457
v -0.708069 1.02797 0.307556
v -0.697652 1.03193 0.306951
v -0.725775 1.02862 0.323102
v -0.707433 1.02879 0.327123
v -0.714667 1.03096 0.305357
v -0.702295 1.03162 0.309748
v -0.713866 1.04511 0.295449
v -0.701679 1.04697 0.299861
v -0.702532 1.04023 0.283624
v -0.694793 1.04705 0.290249
v -0.719439 1.05016 0.281839
v -0.705877 1.04824 0.298198
v -0.710728 1.04577 0.274649
v -0.692399 1.0535 0.279392
v -0.71274 1.04402 0.298348
v -0.701854 1.0397 0.310888
v -0.699474 1.04846 0.282479
v -0.686461 1.03956 0.292944
v -0.697604 1.05479 0.299502
v -0.686426 1.04997 0.306155
v -0.691701 1.05851 0.278365
v -0.67779 1.0576 0.289527
v -0.708257 1.0712 0.282039
v -0.695498 1.07866 0.29245
v -0.701347 1.07819 0.268438
v -0.686136 1.07695 0.283756
v -0.686349 1.06852 0.300388
v -0.674827 1.06229 0.308233
v -0.675772 1.07309 0.279781
v -0.665086 1.06297 0.292008
v -0.698153 1.07459 0.292418
v -0.678905 1.08253 0.309588
v -0.676671 1.07363 0.287086
v -0.671115 1.07624 0.297839
v -0.68944 1.07947 0.292297
v -0.681449 1.08205 0.305321
v -0.680534 1.07405 0.274276
v -0.661311 1.08226 0.291535
v -0.704747 1.07814 0.278427
v -0.689657 1.08817 0.287523
v -0.699978 1.08232 0.26043
v -0.678522 1.08367 0.271843
v -0.691036 1.08848 0.282883
v -0.676962 1.08081 0.293728
v -0.684977 1.08455 0.266989
v -0.665294 1.08675 0.277517
v -0.686643 1.06657 0.26265
v -0.673064 1.07437 0.279008
v -0.669263 1.07454 0.255053
v -0.660493 1.06989 0.275134
v -0.696277 1.10149 0.262329
v -0.683248 1.09773 0.266704
v -0.688622 1.10046 0.243691
v -0.674439 1.09184 0.255543
v -0.688691 1.09458 0.270621
v -0.675343 1.10195 0.274327
v -0.677099 1.09559 0.256789
v -0.666073 1.10255 0.260588
v -0.702112 1.08664 0.249433
v -0.685964 1.09277 0.254928
v -0.696086 1.086 0.23591
v -0.68511 1.09122 0.24054
v -0.683004 1.07903 0.245466
v -0.67698 1.08032 0.259244
v -0.677636 1.07853 0.236434
v -0.667384 1.08021 0.248341
v -0.712824 1.01124 0.317434
v -0.702743 1.01332 0.324306
v -0.701543 1.00798 0.303873
v -0.69411 1.00927 0.318344
v -0.729042 1.01605 0.30097
v -0.720896 1.02508 0.313307
v -0.711799 1.01824 0.297207
v -0.704583 1.02178 0.308008
v -0.710155 1.01689 0.310809
v -0.695466 1.02224 0.316712
v -0.70619 1.0212 0.292592
v -0.689474 1.02372 0.302137
v -0.721811 1.04415 0.308273
v -0.70936 1.04088 0.312553
v -0.713502 1.04384 0.292123
v -0.695209 1.04232 0.304005
v -0.711133 1.0246 0.316427
v -0.704497 1.03155 0.320933
v -0.709343 1.0238 0.30092
v -0.694793 1.0317 0.307353
v -0.716442 1.0236 0.293555
v -0.707799 1.02425 0.306589
v -0.702026 1.02357 0.283866
v -0.699626 1.02691 0.294346
v -0.707828 1.05058 0.291594
v -0.694275 1.05686 0.307048
v -0.690889 1.05142 0.281372
v -0.681889 1.0579 0.296166
v -0.719137 1.05473 0.307297
v -0.700572 1.05903 0.313045
v -0.716177 1.0561 0.289195
v -0.693778 1.05995 0.295623
v -0.726896 1.05813 0.301936
v -0.707191 1.05528 0.313945
v -0.712909 1.05555 0.289334
v -0.698198 1.05723 0.291019
v -0.69991 1.07431 0.286076
v -0.686354 1.06844 0.292569
v -0.696358 1.07795 0.266502
v -0.681297 1.07128 0.276669
v -0.696075 1.0563 0.307094
v -0.683313 1.0541 0.318326
v -0.686376 1.06128 0.286216
v -0.66528 1.0533 0.299597
v -0.718572 1.07096 0.30016
v -0.701497 1.06799 0.308428
v -0.70436 1.0685 0.280066
v -0.687957 1.07178 0.293061
v -0.713252 1.06016 0.28756
v -0.689488 1.06668 0.295244
v -0.705695 1.06604 0.269039
v -0.684837 1.06823 0.283019
v -0.702389 1.09362 0.276725
v -0.695505 1.08834 0.292404
v -0.67926 1.09244 0.265344
v -0.676904 1.08878 0.288069
v -0.705864 1.07588 0.29699
v -0.688961 1.07999 0.310418
v -0.692954 1.07489 0.277944
v -0.678649 1.0775 0.297232
v -0.696289 1.09511 0.264426
v -0.685853 1.09009 0.271551
v -0.684682 1.0888 0.248653
v -0.675566 1.09218 0.265129
v -0.680402 1.08163 0.264114
v -0.662323 1.07885 0.274238
v -0.676099 1.07666 0.252404
v -0.656857 1.07702 0.255068
v -0.688718 1.08989 0.243232
v -0.673435 1.08637 0.251687
v -0.674437 1.09122 0.230807
v -0.661936 1.08671 0.241635
v -0.677736 1.08892 0.239057
v -0.66663 1.09521 0.247747
v -0.673419 1.08984 0.224873
v -0.659022 1.09102 0.237609
v -0.694978 1.0787 0.248165
v -0.683931 1.07143 0.255354
v -0.688739 1.07551 0.234892
v -0.676712 1.07067 0.24551
v -0.731844 1.01365 0.317966
v -0.717399 1.01125 0.328305
v -0.717969 1.01025 0.30681
v -0.712113 1.01624 0.32004
v -0.710405 1.02134 0.302337
v -0.700938 1.01989 0.320554
v -0.694034 1.01918 0.30034
v -0.690475 1.01638 0.309754
v -0.714069 1.03087 0.305896
v -0.700427 1.0297 0.30978
v -0.704538 1.03178 0.289895
v -0.69403 1.03126 0.304371
v -0.732921 1.02441 0.314123
v -0.72498 1.01694 0.322071
v -0.72382 1.02533 0.301986
v -0.713169 1.01787 0.314005
v -0.729956 1.02352 0.291428
v -0.722918 1.02519 0.306584
v -0.721047 1.02461 0.280339
v -0.70839 1.02326 0.297197
v -0.728858 1.03953 0.300182
v -0.719018 1.04141 0.312521
v -0.721133 1.04007 0.286082
v -0.707078 1.04494 0.294046
v -0.705507 1.05176 0.288105
v -0.69606 1.0519 0.300689
v -0.694499 1.04728 0.271931
v -0.682122 1.04711 0.289797
v -0.704384 1.05735 0.304122
v -0.6895 1.06464 0.310324
v -0.695946 1.05791 0.283391
v -0.68423 1.0581 0.297711
v -0.718858 1.04352 0.292548
v -0.715162 1.04483 0.301545
v -0.708125 1.04055 0.276774
v -0.693538 1.04463 0.295493
v -0.723634 1.05621 0.287644
v -0.704463 1.06634 0.290087
v -0.71477 1.05694 0.265663
v -0.699209 1.06186 0.27891
v -0.696636 1.0484 0.306407
v -0.680322 1.05453 0.316734
v -0.69067 1.05013 0.292264
v -0.6732 1.05668 0.29554
v -0.700343 1.061 0.304679
v -0.683737 1.0598 0.309218
v -0.686362 1.05405 0.290424
v -0.674466 1.0625 0.296517
v -0.694644 1.07702 0.289317
v -0.687626 1.08235 0.314038
v -0.67177 1.08375 0.282691
v -0.668343 1.0822 0.29767
v -0.685909 1.07209 0.299172
v -0.66977 1.07062 0.307748
v -0.677487 1.07516 0.284557
v -0.668655 1.07194 0.291539
v -0.714698 1.08001 0.289389
v -0.693428 1.07878 0.305061
v -0.702954 1.08641 0.277915
v -0.684577 1.07709 0.291365
v -0.681207 1.08072 0.264057
v -0.674456 1.0888 0.278961
v -0.666703 1.08181 0.254992
v -0.661186 1.08252 0.275401
v -0.704954 1.07869 0.251535
v -0.691971 1.07905 0.263541
v -0.692774 1.07703 0.24431
v -0.679945 1.07937 0.253601
v -0.67544 1.07383 0.259602
v -0.659265 1.07892 0.260771
v -0.674013 1.07687 0.240232
v -0.653806 1.07882 0.245864
v -0.695629 1.09612 0.246139
v -0.687211 1.09552 0.254331
v -0.679791 1.09559 0.239488
v -0.677732 1.09697 0.254152
v -0.705367 1.08812 0.251761
v -0.689661 1.08379 0.257916
v -0.695339 1.08593 0.242956
v -0.686045 1.08284 0.245467
v -0.735338 1.0087 0.319576
v -0.718927 1.01167 0.33119
v -0.721347 1.00941 0.308511
v -0.709632 1.01313 0.320852
v -0.708365 1.01179 0.327703
v -0.697892 1.01252 0.334318
v -0.702883 1.01209 0.31418
v -0.687624 1.01564 0.321497
v -0.712911 1.02095 0.3001
v -0.709715 1.0216 0.307593
v -0.704722 1.02277 0.285762
v -0.691338 1.02137 0.300464
v -0.712892 1.02618 0.291228
v -0.707219 1.0269 0.302649
v -0.705758 1.02959 0.279093
v -0.694093 1.0233 0.287955
v -0.725686 1.02852 0.295458
v -0.714031 1.02488 0.29735
v -0.720948 1.02892 0.276094
v -0.712126 1.02765 0.285232
v -0.721607 1.05059 0.292101
v -0.715834 1.05076 0.307538
v -0.712111 1.04922 0.286416
v -0.700824 1.054 0.295985
v -0.710024 1.0403 0.288458
v -0.706609 1.03978 0.301688
v -0.696836 1.03507 0.276331
v -0.686832 1.03476 0.2956
v -0.704168 1.05136 0.291253
v -0.684058 1.05033 0.298763
v -0.688812 1.04583 0.276018
v -0.676922 1.04373 0.288797
v -0.71695 1.06389 0.299669
v -0.709236 1.0627 0.313205
v -0.708069 1.06434 0.281641
v -0.697776 1.06293 0.296187
v -0.704781 1.06659 0.276356
v -0.691746 1.06079 0.294291
v -0.694695 1.05775 0.26353
v -0.68392 1.06391 0.277259
v -0.696738 1.05526 0.295233
v -0.691408 1.05185 0.30507
v -0.686085 1.05184 0.287062
v -0.67882 1.05088 0.299952
v -0.692269 1.06666 0.302949
v -0.680902 1.06864 0.31249
v -0.681441 1.05981 0.283071
v -0.663653 1.06859 0.301255
v -0.715235 1.07892 0.298875
v -0.70817 1.07856 0.315025
v -0.70074 1.07186 0.287809
v -0.687619 1.07753 0.303123
v -0.701546 1.08454 0.300922
v -0.684361 1.09127 0.308727
v -0.685179 1.08864 0.280033
v -0.675071 1.08622 0.295283
v -0.71303 1.08809 0.290862
v -0.692287 1.08857 0.304268
v -0.698738 1.08894 0.278525
v -0.686328 1.09115 0.284008
v -0.712016 1.06879 0.272059
v -0.695284 1.06697 0.286302
v -0.699142 1.07078 0.26041
v -0.679405 1.07326 0.273299
v -0.693317 1.08557 0.248472
v -0.688491 1.0816 0.254939
v -0.687488 1.08747 0.237783
v -0.677797 1.08281 0.247738
v -0.67739 1.08788 0.254228
v -0.660496 1.09034 0.259896
v -0.673102 1.08931 0.236854
v -0.655008 1.09442 0.241023
v -0.704448 1.08678 0.252048
v -0.69333 1.09378 0.262752
v -0.695596 1.08757 0.23976
v -0.678838 1.08947 0.251518
v -0.679159 1.08775 0.251656
v -0.667628 1.08195 0.255101
v -0.675124 1.08698 0.239265
v -0.6591 1.08126 0.247333
v -0.715947 1.00277 0.314442
v -0.704717 1.00677 0.319727
v -0.710057 1.0003 0.299694
v -0.693355 1.00826 0.306146
v -0.701853 1.01602 0.315326
v -0.695155 1.00945 0.32362
v -0.694124 1.013 0.306351
v -0.686677 1.01431 0.312108
v -0.730509 1.02024 0.314175
v -0.717605 1.01751 0.319657
v -0.723074 1.01827 0.301741
v -0.711226 1.01711 0.308357
v -0.722383 1.03549 0.292946
v -0.717581 1.03909 0.302548
v -0.715287 1.03597 0.284629
v -0.702259 1.04115 0.293225
v -0.716612 1.03241 0.313879
v -0.706283 1.04099 0.326434
v -0.706411 1.03499 0.306628
v -0.698688 1.03439 0.314419
v -0.711392 1.04983 0.300945
v -0.700569 1.04447 0.319185
v -0.692344 1.04743 0.294758
v -0.685126 1.04883 0.304435
v -0.713189 1.04324 0.293751
v -0.694478 1.04136 0.294226
v -0.70722 1.03742 0.276923
v -0.688821 1.04263 0.279264
v -0.715536 1.06252 0.304469
v -0.700465 1.0625 0.314405
v -0.70667 1.06446 0.282312
v -0.695712 1.0646 0.296476
v -0.715765 1.0469 0.2831
v -0.70283 1.04046 0.291818
v -0.710031 1.04115 0.265572
v -0.691505 1.04183 0.27466
v -0.698788 1.05244 0.293704
v -0.682553 1.05366 0.303216
v -0.690477 1.04896 0.271448
v -0.675686 1.04804 0.285261
v -0.699487 1.07029 0.29973
v -0.683496 1.07221 0.322162
v -0.6811 1.06516 0.295074
v -0.66832 1.07443 0.309611
v -0.715731 1.0582 0.295913
v -0.699186 1.06319 0.309487
v -0.700608 1.057 0.284375
v -0.689085 1.06358 0.29334
v -0.691356 1.07217 0.279972
v -0.684028 1.0706 0.293671
v -0.676039 1.06755 0.269329
v -0.67267 1.07829 0.285597
v -0.695379 1.0661 0.284311
v -0.682575 1.06192 0.299071
v -0.682643 1.06654 0.27525
v -0.66732 1.06586 0.286152
v -0.699948 1.08359 0.284268
v -0.67783 1.0901 0.296182
v -0.688842 1.08433 0.272766
v -0.67491 1.09545 0.273329
v -0.706869 1.08697 0.279233
v -0.695524 1.0929 0.288937
v -0.685609 1.09089 0.266427
v -0.679614 1.08774 0.278275
v -0.688946 1.09375 0.269615
v -0.678062 1.09579 0.282655
v -0.685672 1.09262 0.254346
v -0.672804 1.09243 0.267308
v -0.689429 1.08156 0.245734
v -0.674535 1.07902 0.253657
v -0.678533 1.08175 0.23467
v -0.668143 1.07968 0.24296
v -0.696192 1.09371 0.260795
v -0.684143 1.09658 0.268734
v -0.686445 1.09446 0.245358
v -0.679635 1.09527 0.251967
v -0.698294 1.08239 0.250154
v -0.68671 1.07943 0.263844
v -0.687787 1.07841 0.24381
v -0.673808 1.07741 0.250486
v -0.715295 1.00806 0.311266
v -0.704409 1.00739 0.321783
v -0.699574 1.00745 0.304489
v -0.696399 1.01013 0.318886
v -0.714845 1.00786 0.297817
v -0.703416 1.00156 0.311693
v -0.702388 1.01066 0.294107
v -0.692681 1.00519 0.299992
v -0.722608 1.04027 0.311593
v -0.711578 1.03747 0.329194
v -0.709636 1.03579 0.307492
v -0.701691 1.03395 0.319778
v -0.720799 1.01815 0.31079
v -0.71227 1.02247 0.328008
v -0.710776 1.01585 0.306163
v -0.704944 1.02229 0.312886
v -0.726032 1.0272 0.288079
v -0.710518 1.02355 0.303614
v -0.713844 1.02903 0.280221
v -0.704642 1.02277 0.287291
v -0.717013 1.04669 0.291052
v -0.706035 1.05115 0.308386
v -0.706806 1.04508 0.284628
v -0.691429 1.04858 0.293361
v -0.705072 1.04002 0.299891
v -0.692851 1.0392 0.312131
v -0.69188 1.03548 0.290237
v -0.679081 1.04052 0.296581
v -0.704053 1.05069 0.292152
v -0.685499 1.05331 0.309694
v -0.68845 1.05837 0.282292
v -0.678961 1.05131 0.294617
v -0.719626 1.04823 0.296393
v -0.711 1.04255 0.303311
v -0.7154 1.05022 0.275314
v -0.698391 1.04951 0.290928
v -0.705283 1.05709 0.298156
v -0.697158 1.05914 0.317742
v -0.689382 1.0638 0.291893
v -0.674448 1.06585 0.306425
v -0.710469 1.0668 0.283253
v -0.696167 1.07551 0.293984
v -0.694377 1.06855 0.271583
v -0.677338 1.07321 0.276567
v -0.701907 1.05739 0.296507
v -0.691688 1.05242 0.317816
v -0.692471 1.06304 0.289438
v -0.673191 1.05629 0.301325
v -0.71543 1.08712 0.294239
v -0.701825 1.08913 0.310925
v -0.693653 1.08449 0.283395
v -0.681565 1.09214 0.294694
v -0.707217 1.08511 0.277357
v -0.701652 1.08188 0.29709
v -0.686757 1.09189 0.268554
v -0.679114 1.08375 0.285155
v -0.703276 1.06518 0.278018
v -0.688677 1.06641 0.283995
v -0.704922 1.0672 0.261691
v -0.681853 1.06527 0.265134
v -0.699352 1.06885 0.258469
v -0.684562 1.06667 0.273467
v -0.686216 1.07537 0.245293
v -0.673771 1.07383 0.262349
v -0.706428 1.09197 0.25047
v -0.693243 1.0881 0.26865
v -0.693784 1.08987 0.245464
v -0.679746 1.08783 0.252695
v -0.684991 1.09429 0.269387
v -0.677163 1.09799 0.275873
v -0.674194 1.09785 0.25341
v -0.664384 1.09229 0.27125
v -0.697384 1.09552 0.2565
v -0.687679 1.09358 0.262497
v -0.68752 1.09788 0.244303
v -0.677039 1.09152 0.255599
v -0.69899 1.0771 0.23844
v -0.687118 1.07464 0.24141
v -0.694506 1.08026 0.225183
v -0.678105 1.07579 0.232991
v -0.733949 1.01009 0.327594
v -0.717718 1.00639 0.333965
v -0.724133 1.01032 0.316144
v -0.714883 1.00301 0.325973
v -0.707348 1.00723 0.310256
v -0.698474 1.00639 0.320072
v -0.705751 1.00583 0.300056
v -0.69143 1.00745 0.307166
v -0.736817 1.03484 0.313817
v -0.723637 1.03323 0.322681
v -0.723484 1.0346 0.300841
v -0.717721 1.03248 0.309177
v -0.736214 1.02159 0.295284
v -0.723602 1.01939 0.304189
v -0.72386 1.02254 0.287639
v -0.716652 1.02216 0.295207
v -0.71488 1.02708 0.306676
v -0.703683 1.03235 0.31916
v -0.696674 1.02288 0.301913
v -0.693813 1.02959 0.309744
v -0.712459 1.0261 0.307398
v -0.706788 1.02567 0.317529
v -0.705189 1.023 0.294021
v -0.692018 1.01965 0.306144
v -0.72246 1.0356 0.291644
v -0.720187 1.03386 0.310182
v -0.707003 1.03692 0.283529
v -0.703051 1.04061 0.297931
v -0.701486 1.05125 0.300999
v -0.687212 1.05142 0.313181
v -0.694673 1.05218 0.282204
v -0.677765 1.05405 0.295477
v -0.729904 1.05741 0.299713
v -0.712562 1.05695 0.309459
v -0.717635 1.06173 0.278181
v -0.700117 1.05316 0.292163
v -0.722121 1.07018 0.285558
v -0.708422 1.06613 0.293447
v -0.705832 1.07315 0.273874
v -0.688749 1.06734 0.282182
v -0.697525 1.05523 0.279131
v -0.690679 1.05804 0.300538
v -0.673015 1.05217 0.277543
v -0.671829 1.05376 0.294212
v -0.696495 1.08306 0.291375
v -0.676622 1.07772 0.294404
v -0.68759 1.08347 0.272013
v -0.670644 1.07496 0.285514
v -0.693499 1.06699 0.273378
v -0.690885 1.07441 0.297055
v -0.676381 1.07451 0.269261
v -0.670669 1.07181 0.290966
v -0.701057 1.06675 0.267955
v -0.692025 1.07028 0.284374
v -0.682185 1.06247 0.265004
v -0.671366 1.07146 0.278169
v -0.697411 1.07666 0.268785
v -0.684879 1.08939 0.282655
v -0.684172 1.08515 0.258058
v -0.673652 1.08313 0.266999
v -0.687615 1.08509 0.281363
v -0.675929 1.07743 0.290479
v -0.672743 1.08227 0.270301
v -0.667047 1.0775 0.281023
v -0.682345 1.08315 0.253546
v -0.671562 1.08148 0.266271
v -0.665401 1.08344 0.249032
v -0.656452 1.08908 0.260317
v -0.691982 1.09398 0.253169
v -0.684834 1.10177 0.259163
v -0.679661 1.0993 0.237365
v -0.6733 1.10346 0.249984
v -0.68019 1.07774 0.245242
v -0.672789 1.07681 0.25922
v -0.6674 1.07499 0.240635
v -0.658477 1.07179 0.248746
v -0.700249 1.08166 0.227972
v -0.690161 1.08078 0.240406
v -0.691492 1.07899 0.220149
v -0.683644 1.08196 0.236485
v -0.723147 1.01456 0.326156
v -0.718196 1.01193 0.333992
v -0.706878 1.014 0.314726
v -0.700579 1.0111 0.333444
v -0.713466 1.03049 0.321239
v -0.700992 1.02394 0.328962
v -0.701195 1.02726 0.312417
v -0.691969 1.02551 0.321746
v -0.724151 1.05104 0.316841
v -0.715839 1.045 0.327118
v -0.709988 1.05379 0.303851
v -0.698987 1.047 0.315023
v -0.723755 1.0441 0.292127
v -0.712685 1.04564 0.303674
v -0.71729 1.03793 0.280043
v -0.70256 1.04468 0.285179
v -0.743587 1.06437 0.308384
v -0.737594 1.06698 0.322517
v -0.732643 1.06526 0.294732
v -0.723418 1.06881 0.313006
v -0.748677 1.07067 0.303164
v -0.74547 1.06853 0.313342
v -0.736776 1.0695 0.289078
v -0.731246 1.06199 0.307215
v -0.756817 1.05794 0.293992
v -0.746549 1.05442 0.306398
v -0.75199 1.05307 0.279507
v -0.734165 1.05561 0.294833
v -0.737798 1.07993 0.295531
v -0.726577 1.08454 0.309952
v -0.722849 1.07906 0.278643
v -0.718825 1.08016 0.295522
v -0.76577 1.0747 0.285141
v -0.755724 1.07998 0.296362
v -0.752366 1.07349 0.264558
v -0.737147 1.08137 0.276463
v -0.774579 1.07091 0.305544
v -0.755879 1.08185 0.308962
v -0.766022 1.07665 0.286347
v -0.747447 1.07379 0.29336
v -0.758473 1.08881 0.276503
v -0.745346 1.08762 0.293023
v -0.744404 1.08799 0.265732
v -0.729493 1.08625 0.280537
v -0.765321 1.07331 0.305683
v -0.755071 1.08466 0.315219
v -0.765178 1.07624 0.285687
v -0.74108 1.07858 0.297771
v -0.787065 1.07812 0.269317
v -0.779385 1.08067 0.287419
v -0.767864 1.07827 0.264922
v -0.760277 1.08443 0.27345
v -0.777575 1.10424 0.289887
v -0.769198 1.09921 0.29609
v -0.772755 1.09938 0.272837
v -0.761357 1.09883 0.279616
v -0.795884 1.09435 0.278479
v -0.778851 1.09136 0.291037
v -0.782607 1.09598 0.263549
v -0.771869 1.09162 0.275808
v -0.803734 1.08154 0.292337
v -0.782798 1.08142 0.302787
v -0.796516 1.08186 0.277653
v -0.780871 1.08074 0.290393
v -0.807598 1.083 0.297653
v -0.797945 1.08224 0.308027
v -0.799832 1.07987 0.282806
v -0.784649 1.08031 0.291372
v -0.796813 1.10023 0.302365
v -0.789078 1.10347 0.311458
v -0.781747 1.09968 0.29067
v -0.774962 1.10252 0.304298
v -0.727245 1.00589 0.328223
v -0.709464 1.01015 0.333125
v -0.720293 1.00861 0.318044
v -0.706599 1.00691 0.324974
v -0.728359 1.03345 0.297781
v -0.722765 1.0315 0.30774
v -0.718047 1.03563 0.289699
v -0.705374 1.03387 0.30197
v -0.710391 1.05057 0.30689
v -0.702241 1.05101 0.321935
v -0.700946 1.05156 0.297107
v -0.694912 1.05044 0.312642
v -0.721137 1.05043 0.315005
v -0.708261 1.04504 0.321718
v -0.714122 1.04885 0.305885
v -0.696483 1.04798 0.313226
v -0.725312 1.05349 0.295501
v -0.7154 1.05446 0.303027
v -0.722702 1.05094 0.281368
v -0.705401 1.04912 0.294914
v -0.72761 1.06579 0.286838
v -0.724644 1.06006 0.302539
v -0.712193 1.06925 0.280052
v -0.707517 1.06327 0.288111
v -0.757262 1.0756 0.291368
v -0.741022 1.07114 0.300797
v -0.739619 1.07517 0.280662
v -0.732282 1.06825 0.294574
v -0.735252 1.06141 0.289595
v -0.72935 1.06153 0.311243
v -0.721507 1.06613 0.27999
v -0.715439 1.062 0.297092
v -0.757181 1.07841 0.281795
v -0.739579 1.07698 0.283252
v -0.748467 1.0848 0.264859
v -0.73286 1.07562 0.267456
v -0.773313 1.08188 0.298667
v -0.760576 1.08243 0.313056
v -0.763792 1.08349 0.282892
v -0.749786 1.08627 0.291554
v -0.777377 1.0862 0.278552
v -0.763561 1.08044 0.292627
v -0.760098 1.08389 0.269879
v -0.749888 1.07672 0.28596
v -0.776069 1.09274 0.276706
v -0.761335 1.09256 0.288055
v -0.762394 1.09277 0.265239
v -0.751758 1.0889 0.280405
v -0.775977 1.07357 0.288213
v -0.766609 1.07597 0.30729
v -0.757314 1.07843 0.278056
v -0.751964 1.07647 0.291069
v -0.779819 1.07421 0.286923
v -0.769318 1.07309 0.30035
v -0.764167 1.06808 0.269491
v -0.751916 1.07577 0.288987
v -0.79967 1.08833 0.273905
v -0.791754 1.09112 0.287224
v -0.78151 1.08237 0.265573
v -0.777639 1.0897 0.282311
v -0.776986 1.09664 0.289945
v -0.764492 1.09378 0.301822
v -0.760383 1.09227 0.279151
v -0.750659 1.08683 0.29252
v -0.791888 1.08872 0.31314
v -0.783769 1.09558 0.320914
v -0.788733 1.09078 0.301877
v -0.778905 1.09042 0.307213
v -0.809787 1.09169 0.290531
v -0.803097 1.09094 0.303373
v -0.796513 1.09647 0.2797
v -0.79051 1.0951 0.294118
v -0.711175 1.01278 0.304073
v -0.702102 1.0122 0.310837
v -0.706458 1.0079 0.289769
v -0.693317 1.00722 0.301777
v -0.734291 1.02437 0.311326
v -0.720676 1.02911 0.324405
v -0.724799 1.02532 0.303893
v -0.710888 1.0311 0.311748
v -0.71262 1.03213 0.293016
v -0.706552 1.03095 0.302704
v -0.700865 1.03202 0.288351
v -0.693393 1.03058 0.299847
v -0.719165 1.05898 0.31023
v -0.711389 1.05471 0.319896
v -0.712187 1.05501 0.297525
v -0.696659 1.05676 0.307279
v -0.726243 1.04693 0.310252
v -0.710144 1.04296 0.318878
v -0.719876 1.05011 0.29742
v -0.703277 1.04337 0.307995
v -0.725556 1.05564 0.29984
v -0.715824 1.05773 0.317474
v -0.716062 1.05917 0.295589
v -0.702153 1.0547 0.305911
v -0.761297 1.07607 0.289331
v -0.751704 1.07786 0.309463
v -0.738484 1.07001 0.283071
v -0.733548 1.07703 0.303124
v -0.752486 1.065 0.297981
v -0.747448 1.06259 0.313103
v -0.742935 1.06828 0.29132
v -0.734164 1.05722 0.30437
v -0.761863 1.08083 0.303121
v -0.742389 1.0728 0.31487
v -0.751063 1.07673 0.286867
v -0.728415 1.07512 0.296104
v -0.759179 1.06395 0.296233
v -0.744426 1.07042 0.305781
v -0.74366 1.06297 0.275141
v -0.726444 1.07043 0.286383
v -0.767904 1.1019 0.283047
v -0.751272 1.10452 0.298757
v -0.757129 1.10509 0.26771
v -0.735747 1.09825 0.279629
v -0.758584 1.07975 0.279253
v -0.748105 1.08766 0.293375
v -0.749825 1.0799 0.260516
v -0.737623 1.08913 0.272156
v -0.78397 1.08595 0.277084
v -0.767197 1.09567 0.283968
v -0.770438 1.09229 0.259526
v -0.757778 1.09845 0.270514
v -0.792319 1.08555 0.279665
v -0.783849 1.07882 0.290036
v -0.770859 1.08311 0.272909
v -0.769569 1.08237 0.283349
v -0.780529 1.08366 0.283251
v -0.765357 1.07496 0.292567
v -0.767667 1.08165 0.264214
v -0.758898 1.07553 0.27681
v -0.782293 1.09506 0.277345
v -0.777674 1.10001 0.293752
v -0.764748 1.10121 0.271997
v -0.763898 1.09654 0.282457
v -0.799298 1.10378 0.296379
v -0.789028 1.09761 0.300737
v -0.787155 1.1007 0.283001
v -0.779706 1.09632 0.290436
v -0.80879 1.07405 0.300084
v -0.804695 1.07406 0.308549
v -0.797832 1.07828 0.289993
v -0.787721 1.07315 0.304233
v -0.711615 1.01887 0.312379
v -0.698409 1.02181 0.316168
v -0.702961 1.01736 0.297788
v -0.690407 1.02558 0.309383
v -0.703076 1.02646 0.303913
v -0.698906 1.02975 0.317838
v -0.69464 1.02592 0.293716
v -0.683921 1.03381 0.309127
v -0.72999 1.04947 0.299804
v -0.711817 1.05459 0.307536
v -0.721592 1.04652 0.286666
v -0.709584 1.05072 0.292666
v -0.720897 1.03714 0.311868
v -0.710054 1.04164 0.318819
v -0.708451 1.03903 0.302541
v -0.697327 1.03684 0.308126
v -0.721686 1.06408 0.297099
v -0.709343 1.06187 0.310275
v -0.716081 1.06535 0.286424
v -0.698749 1.05677 0.299428
v -0.747971 1.07055 0.308182
v -0.73962 1.06961 0.31807
v -0.728156 1.06904 0.296967
v -0.718548 1.06744 0.311652
v -0.749259 1.0723 0.292979
v -0.734342 1.07484 0.303259
v -0.735888 1.07208 0.275361
v -0.72032 1.07928 0.283747
v -0.742248 1.07191 0.29747
v -0.730277 1.07172 0.316693
v -0.724783 1.06854 0.292498
v -0.713591 1.06862 0.298495
v -0.744955 1.06903 0.282772
v -0.729318 1.06261 0.297346
v -0.742644 1.07302 0.268167
v -0.723207 1.07099 0.276369
v -0.77527 1.06392 0.292891
v -0.760597 1.07646 0.308293
v -0.754844 1.0651 0.276889
v -0.743436 1.07534 0.292102
v -0.770256 1.09725 0.277454
v -0.753172 1.09854 0.285797
v -0.75521 1.09858 0.260484
v -0.743153 1.09183 0.26837
v -0.764926 1.09391 0.302664
v -0.742932 1.09101 0.310302
v -0.750011 1.08709 0.287533
v -0.731521 1.09071 0.296026
v -0.789647 1.08203 0.287534
v -0.777963 1.07966 0.300344
v -0.776792 1.07537 0.276485
v -0.762339 1.07537 0.287574
v -0.785459 1.07972 0.27801
v -0.779596 1.08426 0.294648
v -0.771876 1.07585 0.272709
v -0.763556 1.08346 0.287245
v -0.793522 1.07496 0.283997
v -0.782245 1.07372 0.288026
v -0.781547 1.08006 0.268848
v -0.770736 1.07389 0.273113
v -0.793592 1.10362 0.293609
v -0.781066 1.10081 0.302103
v -0.779474 1.10293 0.285184
v -0.768531 1.10128 0.301517
v -0.802224 1.07775 0.286722
v -0.794584 1.07606 0.296861
v -0.79316 1.07577 0.281084
v -0.782573 1.08193 0.289658
v -0.792983 1.09188 0.308663
v -0.791702 1.09174 0.324495
v -0.781701 1.08896 0.30197
v -0.776966 1.09213 0.317866
v -0.712669 1.02562 0.319638
v -0.704144 1.02496 0.330805
v -0.70239 1.02519 0.309732
v -0.696982 1.01938 0.31992
v -0.715735 1.03741 0.292591
v -0.710787 1.03637 0.30506
v -0.70248 1.03876 0.288131
v -0.69986 1.03568 0.297596
v -0.710128 1.05105 0.306654
v -0.702383 1.05332 0.318028
v -0.705514 1.05098 0.298896
v -0.694352 1.04888 0.305201
v -0.719537 1.03858 0.310311
v -0.70962 1.03855 0.322254
v -0.710972 1.04001 0.301231
v -0.697074 1.03491 0.308728
v -0.742893 1.0659 0.31054
v -0.732635 1.07157 0.313374
v -0.741116 1.06545 0.29099
v -0.723476 1.06524 0.298868
v -0.724008 1.06129 0.308115
v -0.711702 1.06555 0.312953
v -0.719898 1.06614 0.291949
v -0.699646 1.07215 0.2948
v -0.752689 1.05459 0.297838
v -0.732826 1.05595 0.297862
v -0.740527 1.05664 0.275711
v -0.722717 1.05371 0.282495
v -0.742234 1.06288 0.295278
v -0.729472 1.06367 0.317779
v -0.72824 1.06576 0.294596
v -0.713845 1.06091 0.310759
v -0.75447 1.07866 0.303114
v -0.739324 1.06833 0.31236
v -0.746586 1.07174 0.290949
v -0.730559 1.0768 0.297704
v -0.774952 1.08987 0.299017
v -0.759782 1.08736 0.310925
v -0.75618 1.08984 0.29012
v -0.742856 1.08736 0.302821
v -0.762622 1.08374 0.268201
v -0.751802 1.09145 0.283991
v -0.75171 1.08622 0.261352
v -0.738566 1.08353 0.278069
v -0.765422 1.0727 0.28733
v -0.743533 1.07005 0.29812
v -0.750313 1.0716 0.266757
v -0.735444 1.07099 0.273552
v -0.792217 1.08471 0.301567
v -0.773893 1.08327 0.303412
v -0.779149 1.08423 0.280364
v -0.76285 1.08306 0.287862
v -0.785618 1.09404 0.300139
v -0.770166 1.09853 0.315898
v -0.771781 1.09924 0.28936
v -0.760053 1.09272 0.302443
v -0.796561 1.0977 0.295525
v -0.777378 1.0937 0.298663
v -0.781461 1.09993 0.276717
v -0.771803 1.10004 0.286471
v -0.795717 1.10184 0.284023
v -0.784552 1.10559 0.299999
v -0.781745 1.10174 0.275356
v -0.778835 1.10441 0.288037
v -0.784825 1.09349 0.285028
v -0.774206 1.09285 0.303216
v -0.77186 1.09398 0.280426
v -0.760736 1.09282 0.292882
v -0.812937 1.1059 0.295772
v -0.805782 1.10138 0.305814
v -0.799382 1.10654 0.289064
v -0.791656 1.09631 0.298763
v -0.728792 1.02459 0.31947
v -0.714369 1.02563 0.328731
v -0.71965 1.0253 0.310308
v -0.707314 1.02076 0.322676
v -0.731077 1.02682 0.2965
v -0.722681 1.03069 0.309149
v -0.715831 1.0321 0.289223
v -0.711199 1.02482 0.299846
v -0.705832 1.03269 0.3105
v -0.69528 1.02999 0.310672
v -0.70086 1.03522 0.293511
v -0.688128 1.03002 0.30262
v -0.741773 1.04523 0.289093
v -0.737615 1.04729 0.304799
v -0.723434 1.05027 0.285662
v -0.717782 1.04867 0.299837
v -0.747152 1.05159 0.314297
v -0.730855 1.05245 0.32101
v -0.737986 1.0504 0.305407
v -0.723128 1.05419 0.30779
v -0.730089 1.07107 0.299156
v -0.717333 1.07849 0.307177
v -0.721663 1.07005 0.282729
v -0.710673 1.07482 0.294417
v -0.733669 1.07005 0.299111
v -0.719749 1.06397 0.304174
v -0.718483 1.06476 0.281211
v -0.707134 1.06468 0.298156
v -0.741399 1.08126 0.299868
v -0.740168 1.08136 0.313099
v -0.734091 1.08279 0.287357
v -0.723341 1.07917 0.306216
v -0.763399 1.08248 0.291898
v -0.760759 1.09113 0.303708
v -0.745258 1.08233 0.278589
v -0.738012 1.0879 0.292764
v -0.772523 1.07387 0.290091
v -0.755498 1.07027 0.298774
v -0.761968 1.06836 0.269112
v -0.750484 1.07653 0.276412
v -0.763917 1.08444 0.301922
v -0.743442 1.0809 0.309817
v -0.750585 1.07622 0.283733
v -0.732684 1.081 0.292716
v -0.767024 1.07223 0.301909
v -0.750461 1.07542 0.309419
v -0.755547 1.07848 0.288234
v -0.741301 1.08066 0.296422
v -0.770728 1.07963 0.284418
v -0.75903 1.07685 0.302782
v -0.748855 1.07739 0.278471
v -0.743939 1.0829 0.290819
v -0.764031 1.08282 0.294666
v -0.751239 1.07904 0.300293
v -0.760309 1.0833 0.284988
v -0.745861 1.07288 0.285418
v -0.786915 1.08182 0.27681
v -0.770526 1.07746 0.284368
v -0.774904 1.08107 0.265557
v -0.758201 1.07945 0.272924
v -0.799921 1.08391 0.289905
v -0.794869 1.08333 0.299037
v -0.785583 1.08654 0.276259
v -0.782457 1.08223 0.289419
v -0.807857 1.08354 0.281733
v -0.796782 1.07907 0.297507
v -0.79658 1.08305 0.277375
v -0.784616 1.08562 0.289939
v -0.816893 1.09748 0.299118
v -0.80204 1.09538 0.304514
v -0.813119 1.09349 0.290409
v -0.795633 1.09163 0.296385
v -0.714678 1.00938 0.330557
v -0.705001 1.01081 0.339416
v -0.712282 1.01086 0.31868
v -0.697611 1.00624 0.327429
v -0.704054 1.03256 0.313035
v -0.699073 1.02443 0.322144
v -0.693006 1.03211 0.303477
v -0.68922 1.02491 0.315392
v -0.729152 1.03198 0.309211
v -0.724252 1.03634 0.318484
v -0.721681 1.03391 0.303857
v -0.71548 1.03756 0.31499
v -0.733735 1.04189 0.316242
v -0.721987 1.04354 0.318515
v -0.730876 1.04105 0.299329
v -0.716222 1.04646 0.308579
v -0.740121 1.05964 0.29509
v -0.720918 1.0567 0.302722
v -0.728276 1.05563 0.28285
v -0.712911 1.05913 0.287719
v -0.749902 1.05807 0.304767
v -0.738741 1.06181 0.311088
v -0.736561 1.05481 0.293345
v -0.725672 1.05866 0.306423
v -0.758952 1.06227 0.301391
v -0.750482 1.05869 0.307023
v -0.748135 1.06529 0.282593
v -0.738688 1.06105 0.291702
v -0.745742 1.07911 0.28622
v -0.738771 1.08289 0.297279
v -0.732336 1.08157 0.277343
v -0.720382 1.08287 0.293028
v -0.761207 1.08279 0.274241
v -0.758967 1.08062 0.28875
v -0.742125 1.08244 0.266138
v -0.742491 1.08296 0.279972
v -0.767136 1.07305 0.281843
v -0.761854 1.06777 0.295755
v -0.750451 1.06894 0.263995
v -0.746662 1.06904 0.283631
v -0.759911 1.09519 0.295068
v -0.747945 1.09741 0.30637
v -0.750742 1.09424 0.276577
v -0.7323 1.0979 0.283143
v -0.753969 1.09252 0.286955
v -0.741258 1.08135 0.295012
v -0.750126 1.09003 0.275529
v -0.726285 1.08647 0.281049
v -0.791936 1.09245 0.277154
v -0.777821 1.09008 0.286788
v -0.781583 1.08798 0.265522
v -0.765184 1.09124 0.277528
v -0.791053 1.0896 0.297115
v -0.781008 1.08897 0.30949
v -0.7749 1.08353 0.282493
v -0.76827 1.09235 0.295338
v -0.790154 1.08883 0.276029
v -0.775122 1.09325 0.287044
v -0.772197 1.09354 0.261196
v -0.76252 1.09749 0.275633
v -0.782189 1.07312 0.28604
v -0.772919 1.07567 0.299626
v -0.778168 1.0749 0.277555
v -0.763921 1.08174 0.285692
v -0.796038 1.08293 0.285656
v -0.78382 1.07744 0.292083
v -0.786341 1.08689 0.271293
v -0.773794 1.07965 0.285657
v -0.807112 1.08531 0.322421
v -0.79055 1.08974 0.328623
v -0.797567 1.088 0.309766
v -0.782683 1.08584 0.31276
v -0.730555 1.00736 0.31183
v -0.713827 1.00594 0.31533
v -0.724721 1.00709 0.298138
v -0.711691 1.00742 0.304173
v -0.717401 1.04194 0.322531
v -0.706298 1.04075 0.326494
v -0.712055 1.0415 0.310966
v -0.698547 1.03968 0.317135
v -0.722353 1.0303 0.293888
v -0.712002 1.02611 0.306838
v -0.706127 1.03436 0.286811
v -0.70288 1.02524 0.295845
v -0.726772 1.03641 0.307592
v -0.713809 1.03466 0.31602
v -0.715961 1.03995 0.293195
v -0.705608 1.03408 0.300496
v -0.750749 1.06026 0.310401
v -0.739272 1.05743 0.324707
v -0.73517 1.0567 0.304904
v -0.722817 1.05487 0.315776
v -0.72584 1.05387 0.299598
v -0.723375 1.05106 0.321151
v -0.711798 1.05273 0.292543
v -0.704915 1.05023 0.313551
v -0.762913 1.06283 0.310643
v -0.748834 1.06675 0.31802
v -0.750572 1.0641 0.297166
v -0.731926 1.06252 0.302835
v -0.741724 1.06019 0.309469
v -0.727056 1.0635 0.313657
v -0.732162 1.06341 0.291586
v -0.717714 1.05912 0.303577
v -0.747611 1.07549 0.271963
v -0.73547 1.07517 0.285879
v -0.733535 1.07524 0.262773
v -0.720665 1.08073 0.276883
v -0.769891 1.06745 0.287087
v -0.753627 1.068 0.299019
v -0.755128 1.06766 0.27068
v -0.746814 1.06815 0.277407
v -0.759811 1.08435 0.29632
v -0.744262 1.09032 0.31276
v -0.745193 1.08491 0.284675
v -0.733561 1.08812 0.30122
v -0.764773 1.09214 0.280349
v -0.748429 1.09153 0.284227
v -0.757195 1.08638 0.2638
v -0.743707 1.09094 0.27214
v -0.787404 1.08061 0.29721
v -0.770147 1.08246 0.305393
v -0.777911 1.07698 0.284218
v -0.758185 1.07994 0.295137
v -0.768643 1.08173 0.304207
v -0.759524 1.0775 0.309992
v -0.7608 1.08513 0.293271
v -0.748953 1.0771 0.295836
v -0.796656 1.0961 0.279425
v -0.786894 1.10006 0.290168
v -0.776367 1.09973 0.272603
v -0.773222 1.09697 0.283055
v -0.793422 1.07549 0.293489
v -0.780255 1.07739 0.298144
v -0.786909 1.07899 0.275872
v -0.771136 1.07699 0.287634
v -0.789418 1.07505 0.303325
v -0.783229 1.0767 0.316471
v -0.775379 1.07461 0.294617
v -0.770866 1.07455 0.305636
v -0.79117 1.09492 0.311129
v -0.782906 1.09919 0.317916
v -0.784778 1.09362 0.30374
v -0.772675 1.09917 0.309867
v -0.724755 1.00437 0.304048
v -0.724199 1.00847 0.313362
v -0.717373 1.0029 0.293892
v -0.705006 1.00734 0.308943
v -0.720681 1.03939 0.317103
v -0.707759 1.04027 0.325529
v -0.709852 1.03373 0.309225
v -0.699498 1.03911 0.313968
v -0.730487 1.03057 0.303216
v -0.726274 1.02826 0.320386
v -0.715449 1.0315 0.297653
v -0.712622 1.0296 0.30784
v -0.744291 1.05003 0.299616
v -0.736104 1.05119 0.311954
v -0.725126 1.05105 0.294307
v -0.723362 1.05478 0.305893
v -0.744583 1.06257 0.297726
v -0.736066 1.06858 0.309767
v -0.733866 1.06405 0.29062
v -0.724402 1.06801 0.301125
v -0.747701 1.05222 0.311264
v -0.730339 1.05302 0.320004
v -0.743486 1.05372 0.296772
v -0.729295 1.05225 0.302907
v -0.740113 1.07286 0.285261
v -0.730882 1.06179 0.299694
v -0.722831 1.07189 0.273686
v -0.716191 1.06259 0.294311
v -0.764718 1.06518 0.298112
v -0.751924 1.06351 0.312457
v -0.745858 1.06632 0.289188
v -0.734139 1.06557 0.300076
v -0.759596 1.07805 0.276621
v -0.749907 1.07826 0.289103
v -0.746069 1.07265 0.26021
v -0.732083 1.086 0.276921
v -0.774664 1.08593 0.294816
v -0.759015 1.08918 0.305534
v -0.754955 1.08774 0.285578
v -0.750798 1.08703 0.29676
v -0.75952 1.09163 0.298889
v -0.745476 1.0958 0.309027
v -0.749272 1.08676 0.278467
v -0.733137 1.09226 0.295592
v -0.765329 1.07635 0.276378
v -0.754995 1.07598 0.294625
v -0.745103 1.07114 0.262366
v -0.732746 1.07542 0.279487
v -0.776475 1.09277 0.294281
v -0.767522 1.09658 0.313383
v -0.756952 1.09442 0.281185
v -0.748271 1.09778 0.304334
v -0.773359 1.07337 0.288581
v -0.767169 1.06897 0.300159
v -0.759139 1.07903 0.280263
v -0.75799 1.07246 0.296243
v -0.77133 1.09271 0.284152
v -0.76552 1.08709 0.294101
v -0.763587 1.08993 0.26928
v -0.750907 1.08551 0.280244
v -0.790016 1.10689 0.291045
v -0.779572 1.10442 0.297348
v -0.772533 1.104 0.281129
v -0.769362 1.09916 0.291343
v -0.800063 1.09771 0.30107
v -0.794529 1.10128 0.31575
v -0.792141 1.09272 0.294819
v -0.783123 1.09526 0.304523
v -0.810422 1.07994 0.287485
v -0.804481 1.07705 0.302158
v -0.796202 1.07844 0.28262
v -0.793748 1.07811 0.298284
v -0.715281 1.01505 0.298859
v -0.706223 1.02101 0.308561
v -0.706961 1.01611 0.287842
v -0.696915 1.0215 0.301825
v -0.730847 1.03429 0.311833
v -0.718151 1.0309 0.319197
v -0.722464 1.03048 0.299587
v -0.711085 1.03573 0.302672
v -0.726273 1.04709 0.297537
v -0.719077 1.05195 0.30456
v -0.719439 1.04542 0.288214
v -0.708249 1.05335 0.297274
v -0.718119 1.0555 0.307697
v -0.7096 1.06296 0.311074
v -0.716845 1.06138 0.295288
v -0.704598 1.06067 0.298966
v -0.725788 1.06557 0.297152
v -0.71646 1.06256 0.310005
v -0.719346 1.06622 0.287374
v -0.710122 1.06253 0.294098
v -0.728161 1.06681 0.297782
v -0.712407 1.0783 0.303153
v -0.71963 1.07343 0.280772
v -0.704275 1.07866 0.291457
v -0.752995 1.06378 0.286938
v -0.737953 1.05924 0.296774
v -0.737177 1.06288 0.27122
v -0.725881 1.05386 0.285462
v -0.7383 1.08479 0.289559
v -0.727549 1.08167 0.3022
v -0.725866 1.0851 0.275229
v -0.713134 1.07996 0.296797
v -0.766065 1.07101 0.279117
v -0.755676 1.07296 0.296242
v -0.75492 1.06866 0.267607
v -0.741687 1.06836 0.281658
v -0.772638 1.06331 0.284061
v -0.759589 1.07068 0.299915
v -0.756278 1.06444 0.274
v -0.747893 1.06991 0.289049
v -0.764442 1.10635 0.288576
v -0.7541 1.10193 0.303184
v -0.749521 1.1045 0.277041
v -0.737381 1.09298 0.297621
v -0.771917 1.07798 0.303237
v -0.760615 1.07682 0.31555
v -0.756968 1.07892 0.281423
v -0.739912 1.07662 0.30179
v -0.780656 1.09849 0.280721
v -0.765818 1.10054 0.299232
v -0.764962 1.10277 0.278309
v -0.751433 1.10654 0.288635
v -0.781696 1.09693 0.304988
v -0.768919 1.10021 0.311111
v -0.776103 1.09977 0.288581
v -0.756782 1.10328 0.290979
v -0.795503 1.09596 0.293473
v -0.780927 1.09286 0.306282
v -0.780522 1.10314 0.280935
v -0.772392 1.09367 0.293239
v -0.798903 1.08223 0.287073
v -0.78535 1.08023 0.291141
v -0.788333 1.08224 0.275001
v -0.776414 1.08185 0.277361
v -0.807852 1.0838 0.311048
v -0.791327 1.09077 0.317515
v -0.797759 1.08234 0.298548
v -0.788077 1.08807 0.304949
v -0.798302 1.09096 0.293045
v -0.791633 1.09613 0.29787
v -0.78545 1.09386 0.283881
v -0.78204 1.0942 0.292316
v -0.725109 1.0376 0.309431
v -0.71473 1.03717 0.31334
v -0.718276 1.03862 0.300165
v -0.710678 1.03747 0.301782
v -0.732149 1.03843 0.295771
v -0.717805 1.03883 0.305393
v -0.719564 1.03806 0.28948
v -0.706642 1.04017 0.294511
v -0.722617 1.05363 0.285478
v -0.712054 1.05906 0.298746
v -0.716277 1.05448 0.277023
v -0.703691 1.05678 0.293548
v -0.730708 1.04349 0.297528
v -0.726658 1.04996 0.308059
v -0.721513 1.04861 0.283518
v -0.709184 1.04588 0.29606
v -0.707822 1.06638 0.27738
v -0.700945 1.06181 0.293895
v -0.697716 1.06979 0.270389
v -0.68308 1.06107 0.282532
v -0.713586 1.06359 0.283734
v -0.70787 1.06196 0.296427
v -0.702926 1.06408 0.276589
v -0.692372 1.05417 0.286965
v -0.724465 1.07991 0.282795
v -0.714313 1.06615 0.296548
v -0.707686 1.07363 0.274714
v -0.699237 1.06728 0.285482
v -0.699158 1.07515 0.290913
v -0.689713 1.07524 0.301754
v -0.688721 1.078 0.280391
v -0.676683 1.07593 0.290224
v -0.706144 1.09712 0.287391
v -0.697247 1.0912 0.305275
v -0.687664 1.09324 0.272842
v -0.679286 1.08712 0.295295
v -0.713312 1.09039 0.287938
v -0.695598 1.09591 0.303553
v -0.693851 1.0941 0.276513
v -0.685303 1.09538 0.283776
v -0.679129 1.09313 0.275093
v -0.668288 1.08372 0.275462
v -0.680102 1.09267 0.254465
v -0.656286 1.08537 0.260129
v -0.696074 1.09986 0.287743
v -0.681899 1.10284 0.29663
v -0.686431 1.10448 0.26994
v -0.673612 1.09965 0.277757
v -0.677378 1.0983 0.271651
v -0.664063 1.09287 0.273284
v -0.66776 1.09539 0.250915
v -0.654205 1.0936 0.257588
v -0.677468 1.09707 0.278669
v -0.662655 1.09696 0.287878
v -0.670583 1.10145 0.270805
v -0.655725 1.09927 0.278553
v -0.68863 1.12106 0.261002
v -0.679526 1.12326 0.271595
v -0.682263 1.12086 0.253369
v -0.670465 1.12086 0.26056
v -0.688351 1.09399 0.259661
v -0.677349 1.09538 0.270848
v -0.681609 1.08782 0.249775
v -0.671195 1.09101 0.254703
v -0.728118 1.02168 0.295956
v -0.72259 1.01958 0.308151
v -0.717555 1.02082 0.293813
v -0.706659 1.01985 0.299467
v -0.712585 1.03611 0.295404
v -0.698063 1.04639 0.302875
v -0.705462 1.04243 0.281926
v -0.692135 1.04186 0.291146
v -0.728674 1.05213 0.294773
v -0.721622 1.05093 0.30152
v -0.725219 1.05373 0.27896
v -0.711682 1.05604 0.287272
v -0.723646 1.05194 0.305045
v -0.712352 1.0596 0.321598
v -0.705069 1.05618 0.300727
v -0.703795 1.05436 0.315088
v -0.723398 1.07437 0.290268
v -0.714162 1.06602 0.303966
v -0.711984 1.06829 0.275322
v -0.704825 1.06765 0.288369
v -0.701616 1.06902 0.31156
v -0.692846 1.06811 0.322405
v -0.695818 1.07384 0.298539
v -0.682521 1.06165 0.305048
v -0.711302 1.08644 0.294405
v -0.696481 1.09514 0.316592
v -0.69582 1.08759 0.292289
v -0.681883 1.09612 0.306968
v -0.708192 1.09672 0.297116
v -0.682769 1.09477 0.304107
v -0.700011 1.09787 0.283786
v -0.679396 1.09842 0.290713
v -0.697869 1.0942 0.292958
v -0.672448 1.09574 0.296425
v -0.691016 1.09825 0.275674
v -0.668142 1.0914 0.278485
v -0.711914 1.07967 0.268627
v -0.700244 1.08629 0.288609
v -0.694976 1.08354 0.256322
v -0.684425 1.08068 0.280222
v -0.682459 1.09837 0.262964
v -0.669151 1.10632 0.280156
v -0.672 1.09635 0.253922
v -0.660886 1.10858 0.267175
v -0.689064 1.07919 0.267802
v -0.674663 1.08521 0.28068
v -0.669487 1.07768 0.257632
v -0.665775 1.08473 0.272673
v -0.698236 1.09939 0.282554
v -0.692802 1.10632 0.295149
v -0.677508 1.10048 0.274622
v -0.671458 1.1068 0.287054
v -0.698547 1.11388 0.275155
v -0.687221 1.11365 0.289591
v -0.682537 1.10997 0.265076
v -0.672459 1.11209 0.276282
v -0.683593 1.09754 0.272085
v -0.674092 1.09487 0.279635
v -0.676381 1.09928 0.260071
v -0.669309 1.09214 0.267524
v -0.698189 1.09664 0.255985
v -0.693927 1.09826 0.271093
v -0.68579 1.09213 0.254164
v -0.67617 1.09553 0.261741
v -0.732383 1.03452 0.309526
v -0.719772 1.03294 0.318347
v -0.721974 1.03639 0.298877
v -0.709753 1.03685 0.314347
v -0.717694 1.03201 0.317792
v -0.711576 1.03045 0.323555
v -0.712994 1.03389 0.305317
v -0.699529 1.03121 0.312117
v -0.729368 1.0554 0.311118
v -0.721645 1.05776 0.320494
v -0.716513 1.05814 0.29924
v -0.707708 1.06362 0.311995
v -0.723137 1.06621 0.29487
v -0.715027 1.06052 0.302955
v -0.717856 1.06134 0.277946
v -0.703772 1.0633 0.283857
v -0.722176 1.0626 0.310619
v -0.706192 1.05464 0.314405
v -0.713432 1.05816 0.297789
v -0.696971 1.05956 0.306657
v -0.70641 1.05768 0.291274
v -0.688431 1.06353 0.301125
v -0.69826 1.05938 0.27821
v -0.68083 1.06667 0.284365
v -0.71255 1.08656 0.270498
v -0.701904 1.09433 0.28909
v -0.688849 1.08816 0.265927
v -0.68195 1.08909 0.28722
v -0.697359 1.08406 0.295054
v -0.681744 1.09549 0.308548
v -0.685239 1.09262 0.279337
v -0.664975 1.09469 0.290266
v -0.711432 1.09576 0.285234
v -0.699458 1.08483 0.301908
v -0.702523 1.09005 0.267711
v -0.692182 1.08589 0.281331
v -0.713905 1.09002 0.281161
v -0.704079 1.08924 0.290447
v -0.709879 1.09302 0.259114
v -0.692859 1.0868 0.274956
v -0.705635 1.10494 0.261287
v -0.697402 1.10607 0.269619
v -0.685304 1.10206 0.246764
v -0.682484 1.10231 0.26608
v -0.678218 1.08635 0.271387
v -0.663535 1.08411 0.28119
v -0.667881 1.08316 0.254349
v -0.651029 1.08713 0.268322
v -0.697319 1.08777 0.269083
v -0.687065 1.08624 0.275443
v -0.682465 1.09107 0.255782
v -0.675601 1.08004 0.269985
v -0.676979 1.10564 0.268991
v -0.663803 1.1035 0.279928
v -0.659457 1.1035 0.255066
v -0.653814 1.10381 0.267786
v -0.701147 1.11447 0.256263
v -0.697925 1.11197 0.271772
v -0.688693 1.11023 0.25302
v -0.683805 1.11433 0.262827
v -0.674959 1.09394 0.251644
v -0.668018 1.1006 0.263607
v -0.663457 1.09947 0.249656
v -0.661083 1.09934 0.259774
v -0.720904 1.03383 0.292195
v -0.714109 1.03271 0.303913
v -0.708841 1.03298 0.28586
v -0.706183 1.03361 0.298031
v -0.726863 1.03065 0.308337
v -0.719768 1.03393 0.325664
v -0.709649 1.03132 0.302644
v -0.704078 1.03362 0.319677
v -0.710091 1.05028 0.31225
v -0.708855 1.04524 0.321109
v -0.703155 1.05316 0.306029
v -0.690976 1.04474 0.313752
v -0.709675 1.06084 0.297297
v -0.693434 1.05391 0.299812
v -0.701807 1.06054 0.279197
v -0.686628 1.0558 0.293153
v -0.707706 1.06446 0.311504
v -0.694208 1.0694 0.31241
v -0.696582 1.06789 0.295562
v -0.683739 1.06484 0.297063
v -0.702428 1.08231 0.297955
v -0.69841 1.08379 0.309189
v -0.689468 1.08866 0.286446
v -0.683752 1.0776 0.300698
v -0.712805 1.06678 0.303407
v -0.704168 1.06631 0.313257
v -0.708895 1.06558 0.286884
v -0.686088 1.06829 0.293229
v -0.698854 1.0924 0.269828
v -0.692142 1.0911 0.282474
v -0.690038 1.09718 0.257435
v -0.673944 1.09566 0.271999
v -0.705292 1.09964 0.280825
v -0.695129 1.10116 0.299035
v -0.693619 1.1001 0.276849
v -0.677794 1.09938 0.291903
v -0.703421 1.08428 0.258357
v -0.692119 1.08249 0.280354
v -0.689233 1.08116 0.254613
v -0.673333 1.08399 0.271491
v -0.686268 1.10404 0.264856
v -0.666978 1.1027 0.280195
v -0.673599 1.10474 0.256542
v -0.664761 1.1022 0.262319
v -0.682345 1.08373 0.266488
v -0.670659 1.08575 0.274743
v -0.671582 1.08861 0.255434
v -0.656265 1.07997 0.261548
v -0.678018 1.09367 0.271737
v -0.660453 1.10193 0.278241
v -0.666292 1.09192 0.261933
v -0.654033 1.09678 0.266882
v -0.691282 1.10944 0.258648
v -0.685882 1.11316 0.272489
v -0.676728 1.11053 0.249489
v -0.671025 1.11769 0.264273
v -0.692614 1.09334 0.255669
v -0.681093 1.09332 0.268833
v -0.681964 1.09149 0.251039
v -0.673205 1.09418 0.255669
v -0.690754 1.09024 0.261485
v -0.675812 1.09644 0.268395
v -0.681183 1.08988 0.249453
v -0.673519 1.09722 0.255489
v -0.722598 1.03209 0.292863
v -0.711613 1.0268 0.305093
v -0.710825 1.02695 0.288637
v -0.700677 1.03146 0.298391
v -0.713996 1.03333 0.296451
v -0.70601 1.03009 0.306684
v -0.70737 1.02945 0.288084
v -0.695102 1.02496 0.293768
v -0.725947 1.06213 0.292092
v -0.715618 1.06334 0.303422
v -0.716832 1.06567 0.284398
v -0.704358 1.05836 0.299504
v -0.708887 1.05983 0.29534
v -0.694584 1.05998 0.303256
v -0.699344 1.06687 0.281398
v -0.691263 1.05639 0.28973
v -0.724023 1.06666 0.298608
v -0.71251 1.07593 0.310575
v -0.71417 1.07082 0.282711
v -0.697842 1.07112 0.301229
v -0.695669 1.06551 0.295209
v -0.681268 1.06077 0.301333
v -0.686664 1.06148 0.281835
v -0.67532 1.05631 0.287942
v -0.701705 1.0733 0.296548
v -0.682605 1.07203 0.309025
v -0.686661 1.07613 0.276709
v -0.66949 1.07502 0.294339
v -0.719711 1.09046 0.278478
v -0.707016 1.10325 0.296646
v -0.699967 1.08948 0.269914
v -0.691504 1.10315 0.290007
v -0.692965 1.08322 0.265557
v -0.677257 1.08397 0.279197
v -0.684128 1.08863 0.250779
v -0.667624 1.08798 0.256852
v -0.711785 1.08469 0.275067
v -0.709928 1.08959 0.29203
v -0.694871 1.08985 0.267026
v -0.691651 1.0879 0.282277
v -0.702742 1.10698 0.278348
v -0.686834 1.10841 0.288529
v -0.691344 1.10621 0.263723
v -0.676966 1.10941 0.274804
v -0.700484 1.08413 0.282964
v -0.682429 1.08759 0.288212
v -0.692632 1.08138 0.267335
v -0.68014 1.08263 0.26755
v -0.686877 1.10081 0.28174
v -0.682229 1.1058 0.292596
v -0.678095 1.10143 0.274491
v -0.66988 1.10359 0.28803
v -0.687438 1.09568 0.255716
v -0.679676 1.1016 0.268321
v -0.67557 1.09711 0.243843
v -0.666504 1.09728 0.261358
v -0.680459 1.11565 0.272857
v -0.665441 1.10839 0.276217
v -0.675297 1.11624 0.259332
v -0.661312 1.11017 0.267148
v -0.694499 1.11842 0.258383
v -0.680987 1.10988 0.270809
v -0.687776 1.11733 0.251373
v -0.671604 1.10974 0.256666
v -0.716024 1.02818 0.295202
v -0.704114 1.02741 0.301863
v -0.709644 1.02979 0.287725
v -0.70136 1.0244 0.289681
v -0.706914 1.05175 0.30298
v -0.700748 1.05224 0.3171
v -0.69747 1.04715 0.298829
v -0.686195 1.05231 0.308531
v -0.736755 1.05224 0.311023
v -0.722981 1.05044 0.320726
v -0.723758 1.05244 0.30146
v -0.711334 1.0486 0.31092
v -0.709927 1.05694 0.287161
v -0.701206 1.05362 0.300498
v -0.692545 1.05659 0.282391
v -0.688859 1.05869 0.291143
v -0.729805 1.05907 0.301844
v -0.719657 1.0566 0.308861
v -0.711997 1.05732 0.289918
v -0.701115 1.05727 0.298687
v -0.721748 1.07931 0.300387
v -0.712498 1.0711 0.31941
v -0.702598 1.07879 0.289425
v -0.692916 1.07512 0.31365
v -0.722312 1.09198 0.287267
v -0.711359 1.08235 0.300342
v -0.708859 1.08701 0.272911
v -0.701601 1.08165 0.292759
v -0.699714 1.10237 0.29429
v -0.685541 1.09687 0.297879
v -0.691674 1.0995 0.271625
v -0.669585 1.09104 0.285452
v -0.693557 1.08394 0.281283
v -0.678647 1.08943 0.291627
v -0.68191 1.07874 0.271218
v -0.669997 1.08871 0.274641
v -0.702477 1.11319 0.268153
v -0.687811 1.10707 0.278171
v -0.684664 1.11052 0.258372
v -0.670704 1.10633 0.26317
v -0.682988 1.09452 0.276642
v -0.67746 1.09916 0.286239
v -0.667475 1.09723 0.263119
v -0.659665 1.10401 0.276259
v -0.699177 1.08811 0.278361
v -0.682979 1.08974 0.291426
v -0.688973 1.09093 0.272645
v -0.672424 1.09164 0.283379
v -0.683547 1.10516 0.272115
v -0.678336 1.10835 0.286183
v -0.667604 1.10478 0.269298
v -0.665849 1.11144 0.280034
v -0.696139 1.10214 0.254183
v -0.688701 1.09978 0.272579
v -0.681854 1.10306 0.24749
v -0.67988 1.1038 0.263693
v -0.68673 1.11781 0.268644
v -0.668508 1.11873 0.277283
v -0.678994 1.11815 0.25447
v -0.663339 1.12294 0.260704
v -0.680876 1.10573 0.256564
v -0.671958 1.10773 0.262274
v -0.672635 1.10592 0.242649
v -0.660161 1.11098 0.250022
v -0.717505 1.02203 0.323633
v -0.701954 1.02235 0.330221
v -0.710325 1.02256 0.310363
v -0.699054 1.01876 0.316738
v -0.714382 1.05506 0.298375
v -0.709438 1.05041 0.306381
v -0.708404 1.05017 0.285773
v -0.69332 1.04928 0.295073
v -0.73411 1.05083 0.295827
v -0.728504 1.04963 0.30886
v -0.719699 1.05206 0.289751
v -0.717789 1.04566 0.299159
v -0.711105 1.05598 0.291182
v -0.69624 1.04885 0.300747
v -0.700952 1.05676 0.276893
v -0.686176 1.04956 0.286953
v -0.731023 1.06009 0.292167
v -0.724103 1.05869 0.301821
v -0.709469 1.05894 0.280923
v -0.709707 1.06343 0.29727
v -0.712997 1.0836 0.277427
v -0.702581 1.07637 0.298175
v -0.696981 1.08167 0.26798
v -0.690621 1.07683 0.288322
v -0.723516 1.0863 0.30326
v -0.706195 1.08851 0.312967
v -0.71022 1.0813 0.2848
v -0.696039 1.08145 0.291427
v -0.697014 1.07946 0.294138
v -0.681741 1.07643 0.305638
v -0.693563 1.07348 0.274501
v -0.675119 1.07702 0.288802
v -0.717569 1.08605 0.264708
v -0.699625 1.08655 0.279705
v -0.703319 1.0853 0.257168
v -0.686645 1.08882 0.27438
v -0.688101 1.10115 0.28972
v -0.673764 1.09895 0.294133
v -0.680435 1.10044 0.268897
v -0.66883 1.09365 0.283907
v -0.686942 1.08228 0.277215
v -0.679263 1.08168 0.285291
v -0.673947 1.08419 0.264331
v -0.66681 1.0792 0.275197
v -0.697419 1.08972 0.282919
v -0.687232 1.08797 0.287692
v -0.694187 1.09171 0.266123
v -0.680107 1.08677 0.27615
v -0.678041 1.10471 0.264327
v -0.670459 1.09835 0.277022
v -0.666032 1.10331 0.253332
v -0.655571 1.10018 0.259457
v -0.686767 1.11296 0.272898
v -0.674048 1.11771 0.28318
v -0.674155 1.11649 0.26345
v -0.66305 1.11684 0.264921
v -0.694497 1.11759 0.279267
v -0.679382 1.11785 0.286232
v -0.685526 1.11682 0.267119
v -0.669653 1.11298 0.275157
v -0.689617 1.11172 0.254817
v -0.676871 1.11098 0.260399
v -0.680187 1.11139 0.243374
v -0.668087 1.11171 0.248951
v -0.730037 1.02785 0.304313
v -0.721851 1.02577 0.314873
v -0.718852 1.02317 0.29115
v -0.71131 1.02515 0.305739
v -0.719993 1.03431 0.312213
v -0.70949 1.02599 0.322533
v -0.708661 1.03265 0.306999
v -0.695516 1.02753 0.319887
v -0.70722 1.0477 0.292951
v -0.69914 1.05535 0.30944
v -0.699201 1.04762 0.289332
v -0.690989 1.05149 0.300494
v -0.716665 1.06485 0.288617
v -0.705938 1.06303 0.297837
v -0.700406 1.05995 0.280613
v -0.691499 1.0606 0.293027
v -0.714995 1.06098 0.277923
v -0.696895 1.06469 0.289562
v -0.706589 1.06244 0.270207
v -0.68733 1.06506 0.27645
v -0.722582 1.07984 0.296652
v -0.702891 1.07889 0.306971
v -0.715767 1.08015 0.28344
v -0.697947 1.07464 0.293272
v -0.707978 1.07008 0.301896
v -0.69697 1.07038 0.311078
v -0.693056 1.07062 0.290773
v -0.680933 1.06547 0.299473
v -0.715033 1.07649 0.281818
v -0.704669 1.07935 0.287723
v -0.699188 1.07699 0.263086
v -0.692652 1.07801 0.276711
v -0.69597 1.08189 0.262679
v -0.683165 1.084 0.283288
v -0.689903 1.0791 0.253146
v -0.674346 1.08121 0.266703
v -0.710774 1.09914 0.287412
v -0.694018 1.0916 0.295868
v -0.695171 1.09606 0.272368
v -0.686773 1.09492 0.282237
v -0.707824 1.10899 0.26307
v -0.700195 1.10397 0.275775
v -0.694159 1.10247 0.256145
v -0.68474 1.10279 0.266486
v -0.686119 1.07473 0.267518
v -0.670452 1.08651 0.278995
v -0.673496 1.07596 0.253184
v -0.663678 1.0817 0.270555
v -0.699442 1.09398 0.263853
v -0.685486 1.08773 0.274726
v -0.684331 1.0928 0.252474
v -0.671481 1.08874 0.258474
v -0.684156 1.09132 0.261646
v -0.672639 1.08817 0.269633
v -0.680457 1.08852 0.248461
v -0.667791 1.09005 0.26227
v -0.699237 1.10301 0.26582
v -0.698011 1.09706 0.280334
v -0.688589 1.10056 0.262865
v -0.684721 1.10209 0.271603
v -0.678078 1.11105 0.253276
v -0.670608 1.10926 0.264333
v -0.668607 1.11184 0.244187
v -0.663438 1.10503 0.250571
v -0.719321 1.01552 0.308094
v -0.716709 1.01491 0.326146
v -0.705812 1.01311 0.306217
v -0.703256 1.01239 0.320723
v -0.725773 1.0408 0.299058
v -0.719071 1.03853 0.305447
v -0.715944 1.04101 0.28641
v -0.708393 1.03466 0.291757
v -0.717905 1.03706 0.307043
v -0.70576 1.04505 0.322952
v -0.706649 1.04149 0.299915
v -0.696747 1.04562 0.310109
v -0.710409 1.04972 0.294888
v -0.696473 1.05456 0.294877
v -0.699376 1.0472 0.280544
v -0.685998 1.05505 0.286787
v -0.728536 1.05422 0.290094
v -0.710694 1.05538 0.297355
v -0.711801 1.05718 0.276996
v -0.70078 1.05362 0.287781
v -0.712134 1.07693 0.307039
v -0.700352 1.07567 0.316205
v -0.693162 1.08107 0.294613
v -0.684323 1.07667 0.309143
v -0.716841 1.08093 0.301317
v -0.702865 1.08517 0.31759
v -0.706428 1.08393 0.284895
v -0.689977 1.09005 0.296365
v -0.698388 1.07324 0.28102
v -0.684322 1.08302 0.302706
v -0.67763 1.08084 0.276577
v -0.668545 1.0856 0.295788
v -0.711568 1.08064 0.273145
v -0.703869 1.07945 0.289812
v -0.705787 1.08652 0.259538
v -0.685265 1.0799 0.27599
v -0.702662 1.10799 0.277065
v -0.688353 1.10109 0.296488
v -0.680274 1.11274 0.272586
v -0.669269 1.10554 0.286213
v -0.695007 1.0995 0.249328
v -0.683227 1.09701 0.264419
v -0.677499 1.10517 0.247913
v -0.66855 1.09923 0.261616
v -0.688797 1.08832 0.259196
v -0.672933 1.08921 0.268501
v -0.678192 1.08754 0.247985
v -0.665514 1.0847 0.261623
v -0.679888 1.08633 0.272816
v -0.673633 1.08543 0.282434
v -0.664498 1.08586 0.263067
v -0.663331 1.08272 0.275201
v -0.689056 1.10294 0.250503
v -0.679229 1.09942 0.268022
v -0.676036 1.10257 0.248097
v -0.665654 1.10124 0.261894
v -0.698791 1.11259 0.263439
v -0.695864 1.12189 0.273323
v -0.684129 1.1127 0.256362
v -0.68293 1.11841 0.272193
v -0.699604 1.09577 0.255769
v -0.691338 1.10146 0.266231
v -0.686855 1.09847 0.253827
v -0.680367 1.10328 0.264392
v -0.71361 1.0331 0.301945
v -0.702623 1.03164 0.308036
v -0.702463 1.0371 0.289742
v -0.688726 1.03203 0.297769
v -0.721663 1.02817 0.309691
v -0.718262 1.02957 0.318795
v -0.711665 1.02822 0.300463
v -0.708366 1.02523 0.314182
v -0.736409 1.0495 0.29716
v -0.719807 1.04828 0.307935
v -0.727954 1.04893 0.284211
v -0.712709 1.04872 0.292346
v -0.717836 1.03968 0.28435
v -0.707845 1.03713 0.297296
v -0.70079 1.04532 0.282627
v -0.693502 1.037 0.295207
v -0.704454 1.06508 0.297845
v -0.692043 1.06116 0.309078
v -0.687849 1.06451 0.293101
v -0.67931 1.05639 0.306139
v -0.719178 1.08029 0.28206
v -0.711999 1.08043 0.297007
v -0.710722 1.07864 0.274918
v -0.693962 1.08301 0.29061
v -0.708345 1.08753 0.294137
v -0.689391 1.09011 0.299723
v -0.699453 1.09319 0.277277
v -0.683566 1.09321 0.277697
v -0.702179 1.08206 0.267856
v -0.685541 1.07526 0.28837
v -0.676309 1.0794 0.262698
v -0.676602 1.07404 0.279159
v -0.716513 1.08019 0.271134
v -0.701093 1.08287 0.28157
v -0.696023 1.08165 0.256239
v -0.69326 1.08344 0.27594
v -0.691051 1.09051 0.265739
v -0.688171 1.08349 0.287717
v -0.672065 1.08701 0.262061
v -0.673594 1.08543 0.277898
v -0.698116 1.10831 0.26396
v -0.6813 1.10739 0.275705
v -0.691454 1.10732 0.250037
v -0.675278 1.11333 0.258779
v -0.691994 1.09865 0.264116
v -0.680623 1.10141 0.270605
v -0.685549 1.09856 0.248958
v -0.666802 1.09952 0.250536
v -0.679799 1.10641 0.28458
v -0.670433 1.10594 0.295239
v -0.674311 1.10823 0.275239
v -0.658406 1.10229 0.276904
v -0.694398 1.10862 0.258427
v -0.686933 1.1044 0.264184
v -0.678309 1.10469 0.245536
v -0.674866 1.10136 0.257443
v -0.67477 1.10525 0.25669
v -0.668588 1.10392 0.270399
v -0.663073 1.10884 0.249213
v -0.659158 1.10847 0.260905
v -0.677132 1.11119 0.255946
v -0.669049 1.11412 0.26578
v -0.661214 1.11037 0.249778
v -0.661271 1.11251 0.258706
v -0.71202 1.01644 0.314468
v -0.71011 1.01633 0.326914
v -0.704692 1.01675 0.306537
v -0.694609 1.01575 0.318774
v -0.736284 1.02684 0.321557
v -0.729647 1.03487 0.33393
v -0.730207 1.02695 0.314247
v -0.718127 1.02918 0.320195
v -0.745318 1.03812 0.303288
v -0.744993 1.0414 0.316474
v -0.738204 1.03755 0.30092
v -0.727981 1.03773 0.309127
v -0.727109 1.05358 0.32411
v -0.726004 1.05311 0.33496
v -0.716495 1.0488 0.315097
v -0.712225 1.04991 0.330552
v -0.73577 1.04199 0.332364
v -0.722955 1.03581 0.335818
v -0.72677 1.04075 0.318661
v -0.71404 1.03892 0.320416
v -0.749111 1.06136 0.304362
v -0.739837 1.0628 0.31792
v -0.731883 1.05789 0.296027
v -0.723033 1.05641 0.304745
v -0.750416 1.06045 0.304952
v -0.736468 1.05715 0.31829
v -0.738117 1.05455 0.291691
v -0.722404 1.05778 0.309536
v -0.760892 1.0633 0.305924
v -0.75244 1.05977 0.321403
v -0.739458 1.05959 0.299331
v -0.731162 1.05894 0.320622
v -0.76607 1.0663 0.335073
v -0.742498 1.06653 0.343968
v -0.754912 1.07226 0.31676
v -0.739786 1.07279 0.326009
v -0.756868 1.07962 0.327528
v -0.750781 1.0696 0.343557
v -0.744556 1.07829 0.315805
v -0.734089 1.07337 0.33824
v -0.777286 1.05596 0.335391
v -0.762217 1.06145 0.349928
v -0.772845 1.05784 0.322581
v -0.752444 1.06511 0.330714
v -0.785924 1.07396 0.339994
v -0.777537 1.07347 0.361571
v -0.769197 1.0724 0.338522
v -0.767128 1.07719 0.354304
v -0.769621 1.05811 0.345244
v -0.75873 1.05091 0.359371
v -0.763828 1.05718 0.334774
v -0.746651 1.0505 0.340162
v -0.776137 1.05082 0.372927
v -0.768492 1.05696 0.387254
v -0.768227 1.05054 0.366267
v -0.756575 1.05882 0.375763
v -0.731989 1.0187 0.298955
v -0.723895 1.01555 0.308341
v -0.717968 1.01891 0.293914
v -0.707038 1.01802 0.299879
v -0.741479 1.02353 0.316294
v -0.734004 1.0253 0.324932
v -0.73108 1.02442 0.304798
v -0.720847 1.02257 0.317072
v -0.730945 1.04219 0.333406
v -0.723543 1.03775 0.337254
v -0.725142 1.0432 0.322637
v -0.712621 1.04159 0.330847
v -0.75047 1.04363 0.306033
v -0.742289 1.03798 0.316528
v -0.730943 1.04305 0.301031
v -0.730093 1.04009 0.310196
v -0.740135 1.04827 0.335358
v -0.726052 1.05979 0.344743
v -0.729746 1.05445 0.323526
v -0.716221 1.05353 0.330245
v -0.753146 1.04392 0.305359
v -0.746343 1.04692 0.315972
v -0.739273 1.04393 0.292417
v -0.73644 1.05099 0.306771
v -0.75227 1.05065 0.306954
v -0.734906 1.04843 0.319954
v -0.739038 1.0455 0.296945
v -0.729246 1.04605 0.305562
v -0.740192 1.0541 0.316314
v -0.723368 1.04969 0.321802
v -0.732101 1.04689 0.296727
v -0.714141 1.04927 0.3061
v -0.748992 1.05372 0.344176
v -0.738221 1.05432 0.354544
v -0.731606 1.05836 0.325486
v -0.723263 1.05211 0.342598
v -0.764815 1.07653 0.335521
v -0.752998 1.07434 0.354134
v -0.747813 1.07591 0.322123
v -0.737881 1.0786 0.343417
v -0.773831 1.07348 0.335855
v -0.764297 1.07646 0.345485
v -0.758231 1.07912 0.317889
v -0.749862 1.07582 0.329855
v -0.783474 1.07805 0.357555
v -0.766666 1.08069 0.3634
v -0.767109 1.07631 0.339303
v -0.7598 1.07668 0.354885
v -0.779975 1.05997 0.340313
v -0.766267 1.05859 0.347296
v -0.777042 1.05928 0.325224
v -0.761889 1.05696 0.33896
v -0.791502 1.06116 0.373889
v -0.776296 1.06072 0.384608
v -0.781431 1.05629 0.362819
v -0.767746 1.05603 0.375571
v -0.71624 1.01408 0.315753
v -0.710412 1.01177 0.32535
v -0.711405 1.01608 0.303252
v -0.698055 1.015 0.311652
v -0.731011 1.0487 0.314166
v -0.720863 1.04691 0.323911
v -0.724934 1.04863 0.299951
v -0.714491 1.04156 0.313251
v -0.731792 1.03446 0.334829
v -0.719012 1.03072 0.340518
v -0.724699 1.03769 0.322097
v -0.711311 1.03314 0.327662
v -0.748154 1.05431 0.320292
v -0.740099 1.05022 0.337083
v -0.736877 1.04979 0.316553
v -0.72621 1.04656 0.324135
v -0.737023 1.03859 0.328486
v -0.725312 1.04259 0.338822
v -0.725068 1.03659 0.312166
v -0.713897 1.03625 0.324454
v -0.75106 1.06118 0.324306
v -0.739505 1.06319 0.336427
v -0.734125 1.05938 0.313596
v -0.726225 1.06415 0.323447
v -0.757955 1.0614 0.313747
v -0.739584 1.06035 0.329048
v -0.744683 1.06321 0.298106
v -0.731061 1.06524 0.310609
v -0.752358 1.03761 0.320192
v -0.744327 1.04056 0.332699
v -0.733083 1.04571 0.308901
v -0.725949 1.03753 0.32551
v -0.759512 1.0634 0.342238
v -0.744897 1.07086 0.354655
v -0.74625 1.07166 0.324257
v -0.73138 1.07152 0.340102
v -0.774883 1.07486 0.343764
v -0.760656 1.06877 0.356632
v -0.753938 1.06839 0.333609
v -0.748812 1.06808 0.347028
v -0.762607 1.07969 0.353627
v -0.745149 1.07713 0.364073
v -0.759035 1.07625 0.34415
v -0.746012 1.0759 0.346769
v -0.776243 1.05092 0.350242
v -0.764417 1.05221 0.36249
v -0.761837 1.0545 0.334277
v -0.747328 1.05591 0.352945
v -0.774477 1.07688 0.341116
v -0.769147 1.07272 0.352792
v -0.768396 1.07283 0.334448
v -0.758316 1.07663 0.34359
v -0.783542 1.05375 0.353364
v -0.77763 1.05027 0.36803
v -0.76852 1.05288 0.344319
v -0.764921 1.04763 0.360906
v -0.721617 1.01008 0.314479
v -0.711932 1.01056 0.324499
v -0.709775 1.01028 0.298263
v -0.701369 1.01089 0.309034
v -0.723974 1.01856 0.306854
v -0.719709 1.01688 0.314279
v -0.713328 1.01919 0.292792
v -0.703556 1.02015 0.304038
v -0.739134 1.03578 0.305344
v -0.726172 1.03539 0.310814
v -0.733325 1.03712 0.2972
v -0.726154 1.0352 0.29976
v -0.732435 1.05165 0.309793
v -0.721308 1.04668 0.31982
v -0.724607 1.04877 0.302572
v -0.712165 1.04361 0.307993
v -0.75037 1.06355 0.316932
v -0.743287 1.06251 0.328903
v -0.736287 1.05794 0.30511
v -0.723064 1.06139 0.31649
v -0.73586 1.05687 0.316574
v -0.721639 1.05765 0.319531
v -0.728009 1.05509 0.297859
v -0.708321 1.05934 0.311668
v -0.735872 1.06337 0.31528
v -0.726514 1.05905 0.325111
v -0.720924 1.05921 0.304276
v -0.713017 1.0615 0.322446
v -0.749556 1.04496 0.315066
v -0.732223 1.04949 0.323463
v -0.745787 1.04611 0.295341
v -0.72372 1.04906 0.307128
v -0.746904 1.06181 0.323439
v -0.724267 1.05872 0.337034
v -0.734681 1.05543 0.312345
v -0.720999 1.06053 0.317512
v -0.769616 1.07968 0.336582
v -0.755856 1.07845 0.341802
v -0.764645 1.07214 0.319938
v -0.741916 1.07245 0.328836
v -0.776293 1.0588 0.349738
v -0.775339 1.06048 0.364735
v -0.762484 1.0646 0.343299
v -0.758736 1.05805 0.359839
v -0.783826 1.06478 0.353737
v -0.779833 1.0584 0.363003
v -0.773933 1.0661 0.338777
v -0.763928 1.06019 0.359044
v -0.773719 1.05564 0.364884
v -0.757839 1.05839 0.374767
v -0.760285 1.05831 0.349091
v -0.75174 1.05841 0.36187
v -0.791374 1.05292 0.3719
v -0.778018 1.05386 0.376872
v -0.776919 1.05071 0.362231
v -0.766547 1.05375 0.371199
v -0.718401 1.03376 0.317417
v -0.711209 1.03673 0.332741
v -0.706827 1.03337 0.310162
v -0.700243 1.03215 0.328529
v -0.738782 1.03122 0.304754
v -0.735943 1.03076 0.315312
v -0.729915 1.03682 0.295667
v -0.719584 1.03259 0.306379
v -0.749359 1.04098 0.320994
v -0.741869 1.04237 0.333053
v -0.73178 1.0376 0.317873
v -0.726139 1.03829 0.330462
v -0.72385 1.04443 0.312395
v -0.710752 1.04094 0.320374
v -0.723336 1.04161 0.298356
v -0.708288 1.03929 0.308905
v -0.748904 1.0384 0.324305
v -0.73958 1.04012 0.338633
v -0.729023 1.0377 0.317681
v -0.726899 1.03588 0.327576
v -0.733955 1.04467 0.320462
v -0.714875 1.04689 0.324933
v -0.72392 1.03816 0.300934
v -0.709334 1.04128 0.31278
v -0.753057 1.05595 0.307559
v -0.746026 1.06402 0.320912
v -0.738242 1.05979 0.296871
v -0.733305 1.06561 0.311406
v -0.738883 1.06469 0.336224
v -0.720048 1.06007 0.337342
v -0.73442 1.06273 0.317111
v -0.711336 1.05839 0.327935
v -0.75062 1.07138 0.329783
v -0.744909 1.07537 0.346296
v -0.741538 1.07109 0.32266
v -0.723227 1.07003 0.337499
v -0.752968 1.05976 0.330493
v -0.74408 1.05752 0.344642
v -0.746567 1.05999 0.315664
v -0.728294 1.0589 0.332673
v -0.777707 1.08372 0.333979
v -0.763392 1.07647 0.34368
v -0.760999 1.08209 0.31905
v -0.75422 1.07966 0.332006
v -0.784286 1.07049 0.362529
v -0.766904 1.06906 0.365646
v -0.77084 1.06788 0.348126
v -0.757908 1.07019 0.356809
v -0.787113 1.07345 0.355445
v -0.774533 1.07259 0.373919
v -0.772206 1.0775 0.347817
v -0.76064 1.0679 0.362946
v -0.791818 1.07006 0.35725
v -0.781983 1.06846 0.365742
v -0.776989 1.07558 0.346656
v -0.772306 1.07265 0.363765
v -0.723388 1.01616 0.316621
v -0.714554 1.01976 0.329261
v -0.709672 1.01215 0.307778
v -0.698141 1.01499 0.323267
v -0.729986 1.03384 0.325291
v -0.713606 1.03588 0.336254
v -0.717142 1.03072 0.314044
v -0.709 1.03543 0.328161
v -0.745666 1.0422 0.325569
v -0.734588 1.04502 0.335064
v -0.728236 1.04627 0.320575
v -0.723188 1.04399 0.33339
v -0.736476 1.02566 0.320773
v -0.721905 1.02547 0.334499
v -0.723671 1.03009 0.309942
v -0.714334 1.02537 0.316519
v -0.754579 1.05352 0.327208
v -0.738629 1.05479 0.332063
v -0.743225 1.05142 0.312109
v -0.730705 1.05995 0.324019
v -0.735096 1.05387 0.3207
v -0.714421 1.05876 0.32991
v -0.723258 1.05694 0.307007
v -0.709626 1.05603 0.316819
v -0.7429 1.04885 0.30586
v -0.72605 1.05306 0.313335
v -0.73088 1.04194 0.293017
v -0.72012 1.04838 0.301604
v -0.755721 1.06038 0.306722
v -0.749402 1.05741 0.323616
v -0.745202 1.05453 0.294678
v -0.730686 1.06361 0.313639
v -0.770148 1.06414 0.322532
v -0.754008 1.0571 0.339077
v -0.760095 1.06216 0.312617
v -0.744048 1.0554 0.319073
v -0.766856 1.05139 0.329608
v -0.746273 1.05627 0.340725
v -0.753295 1.05308 0.314591
v -0.733341 1.0545 0.325559
v -0.764983 1.06221 0.339464
v -0.751158 1.06626 0.348596
v -0.759487 1.06116 0.323597
v -0.741588 1.06454 0.329072
v -0.785473 1.05779 0.345128
v -0.776021 1.0522 0.357709
v -0.771749 1.05735 0.334902
v -0.759137 1.05663 0.343333
v -0.772467 1.05256 0.36181
v -0.756079 1.05854 0.368746
v -0.758885 1.05163 0.343805
v -0.746375 1.05406 0.355908
v -0.770371 1.07407 0.359443
v -0.759176 1.0708 0.364674
v -0.765611 1.06896 0.34875
v -0.754271 1.07183 0.356067
v -0.715794 1.03893 0.304107
v -0.705567 1.03106 0.315082
v -0.703513 1.03744 0.28967
v -0.696343 1.03189 0.30112
v -0.741255 1.03574 0.305447
v -0.729107 1.03088 0.317916
v -0.733685 1.0357 0.293423
v -0.722627 1.03101 0.30439
v -0.745923 1.04758 0.325644
v -0.734733 1.04562 0.333485
v -0.735269 1.04676 0.311597
v -0.725147 1.04568 0.323758
v -0.735514 1.0276 0.317403
v -0.724024 1.02767 0.330913
v -0.71728 1.02543 0.310831
v -0.710388 1.02411 0.322453
v -0.730935 1.04235 0.32623
v -0.724796 1.03827 0.332074
v -0.721121 1.03754 0.314219
v -0.710379 1.0406 0.325961
v -0.755836 1.05211 0.322435
v -0.745733 1.05348 0.329896
v -0.747083 1.05027 0.308135
v -0.738316 1.05303 0.325249
v -0.743365 1.06852 0.328545
v -0.735417 1.06116 0.335872
v -0.735538 1.06377 0.311792
v -0.717763 1.0659 0.325557
v -0.748977 1.05246 0.304362
v -0.742773 1.05237 0.324208
v -0.739664 1.05243 0.29805
v -0.729779 1.05714 0.311518
v -0.749123 1.06887 0.34136
v -0.734568 1.06366 0.349991
v -0.736504 1.0679 0.329009
v -0.720974 1.06156 0.336496
v -0.769263 1.05927 0.326156
v -0.746895 1.05979 0.338382
v -0.76 1.06264 0.31329
v -0.73518 1.06507 0.318123
v -0.786404 1.06857 0.348776
v -0.777535 1.06051 0.368403
v -0.770468 1.06352 0.338955
v -0.756395 1.05937 0.35876
v -0.779053 1.05387 0.346024
v -0.760168 1.05382 0.352035
v -0.764127 1.05407 0.334463
v -0.751251 1.05066 0.345103
v -0.781761 1.05769 0.338325
v -0.781084 1.05524 0.351898
v -0.769634 1.05509 0.326692
v -0.764227 1.05964 0.340313
v -0.771303 1.06761 0.372934
v -0.765813 1.0654 0.384998
v -0.768241 1.06765 0.364446
v -0.754664 1.06211 0.370703
v -0.72852 1.04072 0.320339
v -0.71343 1.03701 0.325016
v -0.718072 1.04 0.305838
v -0.708542 1.0335 0.313027
v -0.717065 1.04199 0.31612
v -0.704622 1.04204 0.322273
v -0.713972 1.04325 0.303762
v -0.701746 1.04035 0.311399
v -0.74272 1.05206 0.303536
v -0.737951 1.04861 0.322863
v -0.733365 1.04775 0.301157
v -0.725717 1.0453 0.31269
v -0.738229 1.03021 0.307038
v -0.726445 1.03301 0.315632
v -0.725849 1.02998 0.295084
v -0.717668 1.0361 0.308169
v -0.734362 1.05503 0.32963
v -0.716645 1.06199 0.334141
v -0.725642 1.05792 0.309913
v -0.708042 1.0613 0.32493
v -0.761408 1.04861 0.313032
v -0.74853 1.05215 0.325917
v -0.743966 1.05336 0.298374
v -0.738218 1.05339 0.307622
v -0.753679 1.05406 0.308486
v -0.738336 1.05709 0.319667
v -0.741419 1.05461 0.297662
v -0.729974 1.05968 0.311859
v -0.763177 1.05453 0.314253
v -0.744411 1.06323 0.324226
v -0.748877 1.05835 0.300732
v -0.740961 1.05964 0.312125
v -0.750002 1.04573 0.338089
v -0.745638 1.0469 0.348289
v -0.732876 1.05222 0.324278
v -0.727641 1.04895 0.342869
v -0.769649 1.04807 0.325471
v -0.756471 1.05613 0.337995
v -0.758205 1.05113 0.313048
v -0.738871 1.05643 0.331744
v -0.7594 1.07525 0.340619
v -0.746153 1.07098 0.360274
v -0.74752 1.068 0.333543
v -0.739093 1.06824 0.344871
v -0.792717 1.06727 0.338402
v -0.772818 1.06851 0.35074
v -0.782274 1.07313 0.324901
v -0.765197 1.06278 0.333828
v -0.78275 1.06226 0.336006
v -0.776711 1.06136 0.347442
v -0.768263 1.06147 0.328392
v -0.760847 1.05824 0.337739
v -0.768017 1.0581 0.360546
v -0.757672 1.05714 0.369723
v -0.765047 1.05402 0.345371
v -0.754129 1.05703 0.356236
v -0.70852 1.02102 0.305246
v -0.694818 1.02707 0.310344
v -0.701173 1.02263 0.292856
v -0.689528 1.02625 0.295738
v -0.721094 1.02877 0.305332
v -0.709743 1.02488 0.316294
v -0.711599 1.02374 0.292225
v -0.69796 1.02005 0.303856
v -0.731725 1.02844 0.315141
v -0.714858 1.02879 0.323987
v -0.72116 1.03232 0.303954
v -0.70755 1.02618 0.306846
v -0.739786 1.02943 0.328945
v -0.725873 1.02807 0.329885
v -0.728541 1.02616 0.315326
v -0.718468 1.02414 0.321978
v -0.742005 1.04046 0.308465
v -0.731543 1.04128 0.323491
v -0.73428 1.03798 0.294923
v -0.720885 1.03582 0.305703
v -0.740663 1.03814 0.323718
v -0.721675 1.04299 0.33184
v -0.725564 1.03796 0.312762
v -0.713645 1.04049 0.316657
v -0.733728 1.04525 0.321172
v -0.72056 1.04906 0.335618
v -0.719699 1.04613 0.310591
v -0.712552 1.04558 0.329663
v -0.752926 1.04994 0.331245
v -0.743892 1.04529 0.342149
v -0.750842 1.05133 0.318655
v -0.734144 1.04604 0.324242
v -0.75514 1.04572 0.313222
v -0.752611 1.04891 0.329188
v -0.74278 1.05244 0.308402
v -0.733252 1.04877 0.325914
v -0.75502 1.06365 0.337086
v -0.738716 1.05817 0.350523
v -0.73318 1.0687 0.321537
v -0.728623 1.0613 0.340029
v -0.767087 1.08258 0.344842
v -0.752724 1.0755 0.3562
v -0.749724 1.08008 0.331319
v -0.740457 1.08235 0.347872
v -0.782149 1.05315 0.348927
v -0.773329 1.04999 0.357248
v -0.763442 1.05082 0.335175
v -0.758772 1.04754 0.349553
v -0.783041 1.07491 0.361127
v -0.769394 1.0725 0.367245
v -0.766974 1.07218 0.348657
v -0.754645 1.07618 0.35497
v -0.791256 1.07039 0.369789
v -0.780138 1.06689 0.376162
v -0.783497 1.0667 0.355627
v -0.774985 1.07202 0.362304
v -0.715834 1.01691 0.31805
v -0.70687 1.01775 0.330912
v -0.698902 1.02064 0.310203
v -0.692552 1.02233 0.322145
v -0.724195 1.04314 0.31199
v -0.710408 1.04146 0.320443
v -0.714284 1.04846 0.304642
v -0.706639 1.04434 0.308236
v -0.745792 1.04428 0.307395
v -0.730221 1.04663 0.315262
v -0.739327 1.04799 0.300759
v -0.72374 1.04607 0.301759
v -0.72828 1.03736 0.30335
v -0.723252 1.03612 0.320671
v -0.714058 1.03787 0.303112
v -0.71024 1.04065 0.310709
v -0.752259 1.06005 0.31204
v -0.743302 1.0617 0.333451
v -0.738284 1.05904 0.305769
v -0.726847 1.06459 0.321317
v -0.752178 1.04543 0.312061
v -0.743916 1.045 0.317187
v -0.741817 1.04311 0.299424
v -0.729721 1.03836 0.305453
v -0.735595 1.05306 0.304985
v -0.7293 1.05801 0.312945
v -0.730483 1.05744 0.294143
v -0.717024 1.05971 0.297776
v -0.739827 1.04269 0.327341
v -0.730524 1.04028 0.33609
v -0.725597 1.04892 0.314564
v -0.712815 1.0452 0.326332
v -0.755721 1.06125 0.34353
v -0.743009 1.06553 0.351721
v -0.750548 1.06449 0.331531
v -0.733329 1.05998 0.343249
v -0.767615 1.07391 0.333776
v -0.750696 1.07426 0.336683
v -0.751805 1.06984 0.314938
v -0.740067 1.07631 0.325767
v -0.788238 1.06156 0.3466
v -0.769737 1.05452 0.352496
v -0.774779 1.06357 0.332323
v -0.763235 1.06183 0.334233
v -0.788533 1.0609 0.33035
v -0.775679 1.05421 0.34936
v -0.77278 1.05639 0.321581
v -0.760596 1.06002 0.341358
v -0.775818 1.07292 0.351242
v -0.758586 1.07139 0.357469
v -0.765743 1.07637 0.33134
v -0.75092 1.07689 0.342562
v -0.774862 1.0575 0.353551
v -0.763459 1.05402 0.364119
v -0.7682 1.05762 0.343002
v -0.754549 1.0567 0.349468
v -0.734163 1.04211 0.295091
v -0.731353 1.04085 0.304203
v -0.724094 1.04303 0.283537
v -0.714625 1.0398 0.29359
v -0.721052 1.0653 0.291309
v -0.711667 1.06593 0.298593
v -0.717049 1.06471 0.279407
v -0.701495 1.06621 0.293056
v -0.737465 1.08225 0.314503
v -0.730512 1.08342 0.321702
v -0.725501 1.08146 0.302731
v -0.715653 1.08579 0.319695
v -0.742637 1.07665 0.332136
v -0.730924 1.07354 0.337701
v -0.730679 1.07184 0.31868
v -0.718784 1.07674 0.321721
v -0.726552 1.07305 0.327314
v -0.703221 1.07187 0.332443
v -0.713822 1.06905 0.31006
v -0.699648 1.06755 0.321704
v -0.729357 1.09009 0.312265
v -0.715607 1.0945 0.322022
v -0.720417 1.09178 0.294268
v -0.701614 1.0922 0.310463
v -0.734797 1.07614 0.315372
v -0.723108 1.06875 0.327072
v -0.71701 1.07385 0.297513
v -0.707423 1.06819 0.314583
v -0.722709 1.08132 0.301126
v -0.717305 1.08357 0.319944
v -0.706916 1.08736 0.2904
v -0.699993 1.08488 0.308484
v -0.706838 1.08932 0.321035
v -0.69907 1.09228 0.339001
v -0.688184 1.09002 0.311405
v -0.676288 1.09298 0.325577
v -0.70055 1.06902 0.322843
v -0.684072 1.07289 0.33073
v -0.693332 1.07458 0.309207
v -0.670095 1.06996 0.316957
v -0.701705 1.06803 0.327122
v -0.6895 1.06764 0.338075
v -0.694717 1.06537 0.316909
v -0.678028 1.06733 0.32986
v -0.673074 1.07176 0.324546
v -0.667167 1.07781 0.336366
v -0.665632 1.07534 0.316107
v -0.655551 1.07565 0.327258
v -0.696371 1.07507 0.336824
v -0.684525 1.07141 0.340221
v -0.684436 1.07261 0.320784
v -0.672197 1.07491 0.330033
v -0.738467 1.04658 0.287621
v -0.730054 1.04773 0.304338
v -0.724026 1.04588 0.281466
v -0.715394 1.05095 0.296168
v -0.725615 1.07598 0.312286
v -0.711779 1.06826 0.320892
v -0.71201 1.07116 0.304596
v -0.701704 1.06717 0.31383
v -0.720401 1.06998 0.292307
v -0.718509 1.07581 0.306198
v -0.708001 1.07443 0.283508
v -0.701206 1.0708 0.29943
v -0.730748 1.08175 0.323687
v -0.720544 1.09199 0.334881
v -0.720373 1.08716 0.317966
v -0.711087 1.0899 0.330741
v -0.747003 1.07166 0.322424
v -0.728346 1.07121 0.329693
v -0.738815 1.06914 0.305404
v -0.720668 1.07742 0.310694
v -0.715469 1.09217 0.329295
v -0.699657 1.08218 0.336248
v -0.714336 1.09277 0.311131
v -0.694443 1.0896 0.318286
v -0.717754 1.08661 0.298139
v -0.699086 1.08587 0.316219
v -0.707899 1.08944 0.285423
v -0.690292 1.08275 0.300998
v -0.719805 1.06817 0.304428
v -0.711832 1.07196 0.318545
v -0.696919 1.0694 0.290248
v -0.689033 1.07946 0.309681
v -0.719158 1.0925 0.316904
v -0.70618 1.08876 0.325362
v -0.708079 1.08989 0.298971
v -0.692445 1.09138 0.314447
v -0.715694 1.07281 0.308647
v -0.701356 1.07044 0.321954
v -0.702841 1.07966 0.292273
v -0.690993 1.07525 0.308109
v -0.702252 1.067 0.307337
v -0.699222 1.07332 0.321681
v -0.690608 1.06549 0.304803
v -0.686192 1.06729 0.320654
v -0.681481 1.09286 0.325544
v -0.668486 1.08926 0.341515
v -0.668846 1.09617 0.317399
v -0.656035 1.0925 0.329846
v -0.674859 1.08309 0.320535
v -0.66236 1.08748 0.333013
v -0.664089 1.08493 0.308235
v -0.655056 1.09062 0.322829
v -0.729838 1.05305 0.310121
v -0.71854 1.0552 0.325619
v -0.714127 1.05233 0.309965
v -0.71163 1.0544 0.321863
v -0.730015 1.04885 0.294539
v -0.719083 1.04378 0.31063
v -0.717655 1.04574 0.29058
v -0.707874 1.04294 0.302275
v -0.721627 1.06673 0.301396
v -0.715439 1.05736 0.308083
v -0.713791 1.06358 0.29299
v -0.702704 1.0585 0.295101
v -0.733607 1.06983 0.316551
v -0.718572 1.06404 0.32472
v -0.72554 1.06805 0.304112
v -0.71536 1.06204 0.310471
v -0.722486 1.0895 0.318232
v -0.709075 1.08929 0.318819
v -0.717598 1.08727 0.295445
v -0.701772 1.08464 0.305527
v -0.714236 1.07027 0.329993
v -0.702395 1.07169 0.337413
v -0.713823 1.07516 0.309422
v -0.695564 1.07846 0.317331
v -0.731335 1.07344 0.324248
v -0.713729 1.07323 0.340216
v -0.716474 1.07569 0.316124
v -0.704768 1.07782 0.32546
v -0.708723 1.09647 0.321306
v -0.701851 1.09214 0.331813
v -0.706216 1.1011 0.308433
v -0.690177 1.0924 0.318634
v -0.708877 1.07382 0.314855
v -0.68807 1.07331 0.316114
v -0.694945 1.07626 0.292936
v -0.6843 1.06582 0.302456
v -0.700718 1.06207 0.317436
v -0.692079 1.06668 0.333653
v -0.691707 1.0622 0.306681
v -0.673422 1.07068 0.317262
v -0.686674 1.0787 0.305346
v -0.678826 1.07937 0.320654
v -0.669956 1.07523 0.302139
v -0.667744 1.08279 0.310833
v -0.682758 1.08447 0.317739
v -0.674264 1.0846 0.32499
v -0.67457 1.08968 0.305705
v -0.659204 1.08354 0.313329
v -0.689505 1.06988 0.330873
v -0.681605 1.07374 0.348398
v -0.674855 1.0731 0.325063
v -0.668123 1.07404 0.334195
v -0.730714 1.03944 0.295926
v -0.725417 1.03998 0.30511
v -0.7272 1.03671 0.280753
v -0.711951 1.03869 0.289648
v -0.738234 1.06302 0.311526
v -0.737314 1.06494 0.324034
v -0.729697 1.06241 0.303983
v -0.722014 1.06641 0.31364
v -0.726371 1.05607 0.317187
v -0.723587 1.06188 0.325489
v -0.719566 1.05698 0.30379
v -0.708761 1.06002 0.319705
v -0.743897 1.0752 0.316288
v -0.738698 1.07404 0.331656
v -0.733061 1.08065 0.313706
v -0.727059 1.0793 0.326823
v -0.733016 1.06269 0.322714
v -0.719441 1.07186 0.337024
v -0.725591 1.06104 0.308992
v -0.71347 1.06467 0.322644
v -0.721751 1.09217 0.314176
v -0.706122 1.08929 0.327484
v -0.710561 1.09176 0.299495
v -0.69952 1.09201 0.310439
v -0.703707 1.08223 0.324884
v -0.689668 1.08541 0.329753
v -0.693263 1.08346 0.301296
v -0.682212 1.08365 0.310295
v -0.721265 1.09091 0.33155
v -0.706544 1.09035 0.343102
v -0.705338 1.08872 0.310817
v -0.694874 1.08839 0.332479
v -0.722896 1.08375 0.300365
v -0.701094 1.08619 0.312786
v -0.711969 1.08885 0.289446
v -0.696303 1.09092 0.302273
v -0.706058 1.06945 0.316719
v -0.681896 1.06441 0.324214
v -0.696734 1.06708 0.299189
v -0.674692 1.06814 0.310443
v -0.705459 1.08293 0.325546
v -0.693295 1.09001 0.333037
v -0.697675 1.08121 0.316956
v -0.683758 1.08679 0.318552
v -0.682045 1.09039 0.341748
v -0.669717 1.08845 0.344657
v -0.670045 1.08607 0.325424
v -0.658523 1.0869 0.33581
v -0.67243 1.07043 0.330418
v -0.669107 1.07752 0.341363
v -0.662158 1.07593 0.324189
v -0.652882 1.07423 0.337172
v -0.715954 1.05492 0.315464
v -0.709019 1.0507 0.323013
v -0.711478 1.05494 0.303478
v -0.698118 1.04959 0.306326
v -0.739533 1.04988 0.310442
v -0.725427 1.05073 0.317458
v -0.734034 1.04925 0.297409
v -0.723656 1.05049 0.304481
v -0.74065 1.08598 0.31127
v -0.724862 1.08395 0.317271
v -0.729561 1.08653 0.296819
v -0.720383 1.08537 0.308304
v -0.733158 1.0911 0.308126
v -0.724281 1.09061 0.319383
v -0.726031 1.09433 0.295399
v -0.714897 1.09332 0.312187
v -0.742105 1.09258 0.31644
v -0.729736 1.09223 0.331412
v -0.730222 1.08751 0.305242
v -0.715161 1.09308 0.317197
v -0.739529 1.09183 0.317673
v -0.725982 1.08931 0.327601
v -0.722566 1.09183 0.301363
v -0.709071 1.08439 0.308599
v -0.72887 1.07162 0.319783
v -0.720247 1.07675 0.330206
v -0.714902 1.07018 0.302657
v -0.702873 1.07475 0.327149
v -0.714298 1.09109 0.308057
v -0.705034 1.09801 0.323231
v -0.696202 1.09222 0.297192
v -0.681097 1.09667 0.317327
v -0.721899 1.08772 0.309526
v -0.705669 1.08742 0.310924
v -0.709347 1.08393 0.292196
v -0.691066 1.0834 0.30096
v -0.710883 1.07387 0.320807
v -0.701137 1.06987 0.337106
v -0.700008 1.06697 0.308644
v -0.686131 1.06921 0.32671
v -0.707419 1.07464 0.322057
v -0.695819 1.07737 0.337662
v -0.702222 1.07594 0.313497
v -0.6846 1.07325 0.322823
v -0.687671 1.09558 0.315546
v -0.6795 1.08716 0.323393
v -0.673499 1.0901 0.305982
v -0.668783 1.08537 0.321329
v -0.689202 1.08993 0.315141
v -0.681035 1.08694 0.325862
v -0.674295 1.09037 0.303744
v -0.66565 1.08364 0.314518
v -0.721579 1.05004 0.316151
v -0.703132 1.04567 0.324912
v -0.713502 1.05031 0.306899
v -0.702878 1.04685 0.308155
v -0.735287 1.07018 0.297727
v -0.72635 1.07076 0.308781
v -0.724658 1.07078 0.286747
v -0.717426 1.06768 0.29322
v -0.730406 1.05804 0.309059
v -0.718672 1.05956 0.313638
v -0.730326 1.05977 0.295349
v -0.71718 1.05675 0.303963
v -0.723741 1.08198 0.305414
v -0.712182 1.08691 0.313857
v -0.718141 1.08083 0.294877
v -0.705584 1.08182 0.303269
v -0.737222 1.0856 0.327344
v -0.723057 1.07799 0.33921
v -0.727485 1.08008 0.315685
v -0.716051 1.08452 0.32388
v -0.736034 1.08629 0.324296
v -0.732774 1.08247 0.336733
v -0.721476 1.08213 0.311509
v -0.71436 1.08917 0.327994
v -0.729754 1.07785 0.325068
v -0.714086 1.08613 0.337566
v -0.719548 1.07965 0.315724
v -0.703657 1.0865 0.31545
v -0.705341 1.07792 0.321938
v -0.690814 1.08229 0.335454
v -0.686859 1.0803 0.304957
v -0.673682 1.08218 0.324015
v -0.720292 1.08891 0.32688
v -0.697081 1.08021 0.336865
v -0.711097 1.08263 0.310932
v -0.693636 1.0792 0.318964
v -0.715658 1.08114 0.32303
v -0.703112 1.08465 0.336078
v -0.704624 1.07816 0.310427
v -0.688691 1.08214 0.323521
v -0.710046 1.0716 0.319523
v -0.692379 1.06556 0.330182
v -0.699253 1.06646 0.306883
v -0.681069 1.07036 0.318731
v -0.68579 1.08609 0.338616
v -0.684125 1.09019 0.347053
v -0.677605 1.08743 0.331691
v -0.666521 1.09409 0.34555
v -0.689426 1.09396 0.320322
v -0.679612 1.0912 0.332301
v -0.684278 1.08893 0.307077
v -0.670316 1.09165 0.315162
v -0.720101 1.05908 0.291464
v -0.71604 1.06056 0.302945
v -0.707839 1.05864 0.285325
v -0.703104 1.05958 0.301986
v -0.743189 1.05786 0.301381
v -0.735835 1.05139 0.315716
v -0.73291 1.05615 0.291423
v -0.724213 1.05128 0.30743
v -0.741071 1.06339 0.313831
v -0.723872 1.06193 0.322196
v -0.733728 1.06141 0.304827
v -0.716445 1.06148 0.308586
v -0.736277 1.06626 0.324239
v -0.723314 1.0703 0.335331
v -0.726375 1.07384 0.314495
v -0.715532 1.0715 0.323691
v -0.718666 1.07288 0.323307
v -0.710503 1.07184 0.337482
v -0.71551 1.07492 0.309474
v -0.701651 1.07465 0.322907
v -0.735781 1.08629 0.305858
v -0.722788 1.08705 0.315075
v -0.724759 1.07946 0.29501
v -0.706208 1.09121 0.300614
v -0.729629 1.07845 0.32085
v -0.717839 1.08203 0.338039
v -0.717192 1.0794 0.313485
v -0.7021 1.08262 0.322147
v -0.727598 1.07133 0.322178
v -0.708046 1.07131 0.323575
v -0.715263 1.07203 0.302141
v -0.704801 1.07315 0.307959
v -0.705366 1.09708 0.314691
v -0.689402 1.09121 0.33455
v -0.6864 1.09206 0.308745
v -0.680942 1.09256 0.322642
v -0.694706 1.0926 0.315134
v -0.676414 1.0842 0.322621
v -0.687789 1.09174 0.298353
v -0.673449 1.08571 0.312435
v -0.695463 1.08385 0.308906
v -0.68125 1.08399 0.322984
v -0.685716 1.08234 0.297563
v -0.672249 1.08772 0.306271
v -0.698878 1.06896 0.326043
v -0.687226 1.07352 0.335056
v -0.685027 1.06718 0.321128
v -0.680419 1.07309 0.326816
v -0.678344 1.07521 0.343505
v -0.665007 1.07095 0.344162
v -0.669416 1.07646 0.33023
v -0.660892 1.07308 0.337948
v -0.737208 1.06377 0.303477
v -0.72646 1.06075 0.316882
v -0.728953 1.0619 0.297138
v -0.715336 1.05677 0.301221
v -0.728081 1.04848 0.3149
v -0.71913 1.04948 0.321068
v -0.720728 1.0508 0.301745
v -0.707616 1.05107 0.311232
v -0.718015 1.07186 0.316859
v -0.708554 1.06879 0.327169
v -0.70787 1.06909 0.306927
v -0.695568 1.06972 0.320226
v -0.733329 1.09228 0.297465
v -0.727255 1.08001 0.311035
v -0.718116 1.08453 0.290878
v -0.711755 1.08152 0.310311
v -0.729483 1.084 0.310444
v -0.717743 1.0866 0.322146
v -0.717815 1.0854 0.291656
v -0.701945 1.08487 0.305265
v -0.720587 1.07009 0.308977
v -0.705979 1.07268 0.323398
v -0.704429 1.06896 0.29654
v -0.69081 1.07602 0.302063
v -0.71255 1.0687 0.32404
v -0.703705 1.06929 0.336958
v -0.692703 1.07144 0.31098
v -0.688824 1.07515 0.324031
v -0.705937 1.08794 0.311992
v -0.69199 1.08923 0.323941
v -0.692923 1.08264 0.300106
v -0.679515 1.09456 0.317646
v -0.723385 1.0875 0.304884
v -0.707611 1.08253 0.315577
v -0.706475 1.07964 0.291424
v -0.698389 1.08419 0.305484
v -0.718089 1.07264 0.327573
v -0.708923 1.08286 0.338857
v -0.705872 1.07991 0.31013
v -0.692982 1.08252 0.32041
v -0.707649 1.08995 0.314384
v -0.696582 1.08736 0.330421
v -0.692741 1.08506 0.30731
v -0.683691 1.08448 0.317424
v -0.689561 1.09499 0.343875
v -0.676548 1.09398 0.344701
v -0.684663 1.09597 0.330427
v -0.668648 1.09167 0.336493
v -0.685141 1.07508 0.311738
v -0.680041 1.0706 0.322825
v -0.673617 1.07865 0.303887
v -0.671546 1.07249 0.316396
v -0.73021 1.05728 0.309666
v -0.721664 1.05455 0.327276
v -0.721832 1.0579 0.306958
v -0.714154 1.05829 0.315208
v -0.729808 1.04672 0.305816
v -0.723047 1.04935 0.320484
v -0.723531 1.04629 0.300889
v -0.714055 1.04769 0.303649
v -0.723049 1.06482 0.293338
v -0.710659 1.07449 0.307577
v -0.707383 1.06602 0.285214
v -0.701062 1.07217 0.301338
v -0.746747 1.07294 0.321931
v -0.728888 1.07267 0.336446
v -0.737819 1.07575 0.311368
v -0.723343 1.06718 0.316558
v -0.733576 1.07075 0.328565
v -0.720633 1.06102 0.332628
v -0.720251 1.06943 0.315043
v -0.711166 1.06062 0.321172
v -0.731494 1.08844 0.312909
v -0.714661 1.0836 0.317081
v -0.723294 1.08761 0.291414
v -0.713054 1.08316 0.298027
v -0.72112 1.07963 0.3019
v -0.69575 1.07631 0.313065
v -0.705293 1.08025 0.284637
v -0.694469 1.07718 0.292229
v -0.725653 1.07234 0.328919
v -0.71154 1.07164 0.346289
v -0.712718 1.07427 0.317588
v -0.696832 1.07535 0.331043
v -0.699622 1.07724 0.326203
v -0.684655 1.07201 0.335967
v -0.695887 1.07484 0.310119
v -0.680078 1.07295 0.318923
v -0.714042 1.09249 0.328768
v -0.697759 1.09363 0.337646
v -0.705091 1.0922 0.313196
v -0.689523 1.09324 0.320588
v -0.691421 1.07386 0.314534
v -0.679684 1.07564 0.318879
v -0.67965 1.07399 0.295702
v -0.665105 1.07786 0.311419
v -0.67491 1.08422 0.334909
v -0.668192 1.08063 0.347491
v -0.664926 1.09045 0.328408
v -0.660449 1.08167 0.343029
v -0.672162 1.09303 0.334463
v -0.663202 1.09146 0.344416
v -0.661307 1.08971 0.32646
v -0.654307 1.09221 0.332718
v -0.71636 1.05705 0.312855
v -0.705916 1.05527 0.318174
v -0.71053 1.06111 0.298083
v -0.700757 1.05596 0.305838
v -0.738323 1.05074 0.304102
v -0.732905 1.0541 0.311695
v -0.723317 1.04633 0.296727
v -0.720395 1.05028 0.303731
v -0.735222 1.06452 0.324235
v -0.724768 1.07206 0.334019
v -0.726107 1.06706 0.307697
v -0.712531 1.07166 0.323584
v -0.726084 1.07475 0.320995
v -0.719137 1.06494 0.328568
v -0.708038 1.07589 0.311191
v -0.70526 1.07009 0.32512
v -0.731127 1.06965 0.314243
v -0.721299 1.06341 0.320749
v -0.719575 1.06369 0.302276
v -0.707608 1.06254 0.306976
v -0.73032 1.07683 0.29878
v -0.718813 1.07126 0.312334
v -0.714908 1.0708 0.288985
v -0.703741 1.07748 0.306494
v -0.72215 1.08098 0.305184
v -0.701752 1.06886 0.30923
v -0.710062 1.07289 0.286501
v -0.689329 1.07442 0.293737
v -0.705883 1.0924 0.328532
v -0.69317 1.0829 0.343722
v -0.700934 1.0859 0.316389
v -0.682588 1.08114 0.323108
v -0.722848 1.07856 0.320512
v -0.716836 1.08305 0.337215
v -0.709641 1.08468 0.304351
v -0.700049 1.07695 0.32308
v -0.716722 1.07149 0.311535
v -0.711977 1.07727 0.32757
v -0.709755 1.07303 0.303762
v -0.694273 1.07738 0.313452
v -0.689814 1.08706 0.309913
v -0.682862 1.08996 0.324534
v -0.672106 1.09293 0.303758
v -0.67064 1.08606 0.32059
v -0.677651 1.07194 0.327951
v -0.663723 1.07772 0.33534
v -0.663416 1.07333 0.315563
v -0.65514 1.07473 0.331054
v -0.672282 1.09274 0.322266
v -0.662038 1.09597 0.335789
v -0.666249 1.08858 0.3121
v -0.652097 1.09325 0.320985
v -0.71644 1.03033 0.303534
v -0.700448 1.03304 0.308104
v -0.710158 1.03026 0.290401
v -0.696641 1.03769 0.2954
v -0.703776 1.03941 0.317693
v -0.702434 1.04174 0.328488
v -0.696605 1.04076 0.311058
v -0.688963 1.04337 0.32399
v -0.700223 1.05469 0.324204
v -0.693735 1.05743 0.330711
v -0.696723 1.05723 0.313334
v -0.678434 1.05699 0.32281
v -0.724615 1.04685 0.30782
v -0.71531 1.04998 0.320442
v -0.707093 1.0461 0.301738
v -0.698613 1.04216 0.311519
v -0.699384 1.05959 0.305586
v -0.687764 1.06384 0.324238
v -0.678186 1.06236 0.2993
v -0.670561 1.06083 0.31612
v -0.714059 1.04938 0.310492
v -0.700219 1.04577 0.320925
v -0.708314 1.05066 0.290358
v -0.685385 1.0444 0.30361
v -0.7007 1.07908 0.303117
v -0.677644 1.07498 0.307301
v -0.68745 1.08154 0.288944
v -0.67076 1.0759 0.29545
v -0.706398 1.08873 0.293581
v -0.688326 1.08128 0.307986
v -0.68941 1.08958 0.278545
v -0.673901 1.08454 0.289986
v -0.698 1.05975 0.309279
v -0.68344 1.058 0.310986
v -0.693411 1.05828 0.294036
v -0.675528 1.06313 0.294559
v -0.693833 1.07533 0.300392
v -0.685481 1.07787 0.311242
v -0.683167 1.08036 0.289974
v -0.67082 1.07777 0.303092
v -0.702987 1.06369 0.294514
v -0.690929 1.07078 0.3025
v -0.688513 1.06707 0.281435
v -0.678357 1.07185 0.292877
v -0.708927 1.07796 0.29004
v -0.699953 1.07552 0.298595
v -0.699454 1.07423 0.279034
v -0.687425 1.07643 0.290896
v -0.709022 1.02397 0.316546
v -0.704583 1.02237 0.32579
v -0.695372 1.02132 0.308439
v -0.695163 1.02351 0.325422
v -0.720898 1.02348 0.314088
v -0.718433 1.02221 0.328216
v -0.71349 1.02431 0.304643
v -0.701355 1.02601 0.319965
v -0.700524 1.06045 0.304267
v -0.697658 1.05903 0.317175
v -0.691637 1.05687 0.296326
v -0.680414 1.05325 0.315202
v -0.69674 1.0533 0.316787
v -0.686672 1.06046 0.333925
v -0.68859 1.05049 0.310288
v -0.669157 1.05898 0.318592
v -0.692045 1.05636 0.300495
v -0.677436 1.0561 0.313693
v -0.684168 1.0522 0.289496
v -0.673476 1.05562 0.296845
v -0.723144 1.0722 0.303932
v -0.705312 1.06861 0.311308
v -0.710235 1.06663 0.281524
v -0.696546 1.06256 0.292928
v -0.719273 1.0776 0.281737
v -0.710853 1.07614 0.304518
v -0.706652 1.07827 0.278634
v -0.689698 1.0744 0.292812
v -0.689766 1.07898 0.289686
v -0.686228 1.08218 0.306806
v -0.680045 1.07441 0.278327
v -0.664221 1.07643 0.293752
v -0.695421 1.07521 0.305318
v -0.680469 1.07788 0.321071
v -0.689047 1.07103 0.296742
v -0.674812 1.07823 0.304647
v -0.719434 1.06286 0.305296
v -0.706946 1.06137 0.318478
v -0.706669 1.06335 0.297985
v -0.690658 1.06626 0.308561
v -0.698002 1.08465 0.29859
v -0.689506 1.08839 0.315374
v -0.680024 1.08397 0.292595
v -0.676231 1.08534 0.302039
v -0.717887 1.089 0.304623
v -0.708168 1.09508 0.313148
v -0.707124 1.09397 0.298256
v -0.698944 1.09148 0.30508
v -0.728838 1.03772 0.299641
v -0.712495 1.03171 0.310445
v -0.721654 1.03692 0.289182
v -0.710446 1.03358 0.299658
v -0.724153 1.05349 0.309725
v -0.709472 1.04751 0.321114
v -0.716707 1.04842 0.301233
v -0.70086 1.05063 0.308309
v -0.714353 1.05217 0.306033
v -0.707953 1.05183 0.311242
v -0.708046 1.05371 0.292077
v -0.696495 1.0548 0.301371
v -0.714725 1.05357 0.290933
v -0.707168 1.04874 0.30648
v -0.700566 1.05405 0.288938
v -0.688217 1.05466 0.304849
v -0.709795 1.0386 0.311621
v -0.698648 1.04396 0.326698
v -0.697784 1.04454 0.299199
v -0.692077 1.04546 0.314353
v -0.699052 1.06371 0.313215
v -0.691611 1.06411 0.321631
v -0.68994 1.069 0.295917
v -0.671082 1.06657 0.309797
v -0.697926 1.07251 0.289551
v -0.686845 1.07599 0.293232
v -0.692485 1.0723 0.266257
v -0.671187 1.07053 0.277443
v -0.706892 1.05335 0.290097
v -0.690166 1.06282 0.296976
v -0.700467 1.05561 0.271402
v -0.686636 1.05972 0.286263
v -0.715526 1.07019 0.305923
v -0.706961 1.07299 0.32069
v -0.698043 1.06958 0.293416
v -0.687319 1.07766 0.30723
v -0.720751 1.07887 0.311409
v -0.706836 1.07109 0.317554
v -0.71376 1.07441 0.292085
v -0.700077 1.07365 0.302711
v -0.709281 1.06816 0.304136
v -0.695785 1.0631 0.315775
v -0.691367 1.06614 0.298552
v -0.686735 1.06921 0.309256
v -0.718116 1.09395 0.291621
v -0.703882 1.09524 0.303251
v -0.705256 1.09742 0.282492
v -0.697652 1.09708 0.288808
v -0.717567 1.02981 0.304274
v -0.701762 1.02667 0.308228
v -0.714508 1.03255 0.287593
v -0.702053 1.02536 0.290904
v -0.706426 1.02255 0.317069
v -0.696962 1.03029 0.319343
v -0.704151 1.02742 0.304632
v -0.686932 1.02634 0.309507
v -0.72457 1.04487 0.321905
v -0.71515 1.04345 0.339543
v -0.708001 1.04286 0.313595
v -0.697645 1.04477 0.32381
v -0.697945 1.06376 0.302516
v -0.688304 1.05491 0.314871
v -0.693009 1.05934 0.291846
v -0.675171 1.0624 0.305373
v -0.705662 1.06905 0.317438
v -0.690927 1.06456 0.32424
v -0.695052 1.06904 0.304073
v -0.684046 1.07122 0.312846
v -0.703103 1.0583 0.295265
v -0.68435 1.04699 0.312708
v -0.693209 1.05521 0.281003
v -0.674045 1.05519 0.296866
v -0.699418 1.05866 0.281275
v -0.68696 1.06017 0.301743
v -0.69041 1.05745 0.270501
v -0.670617 1.06391 0.287009
v -0.705123 1.06029 0.291634
v -0.692136 1.05268 0.306417
v -0.695424 1.06336 0.285439
v -0.6811 1.05188 0.29934
v -0.695442 1.08397 0.300962
v -0.685282 1.07861 0.313232
v -0.682394 1.0827 0.293822
v -0.670675 1.08427 0.30833
v -0.70926 1.06118 0.285698
v -0.696541 1.06643 0.302374
v -0.702492 1.05827 0.274749
v -0.6923 1.06582 0.287531
v -0.697001 1.08343 0.28726
v -0.683423 1.08674 0.30077
v -0.686764 1.08099 0.276841
v -0.679339 1.08907 0.289063
v -0.700851 1.07946 0.316713
v -0.689517 1.08063 0.324804
v -0.693788 1.08102 0.304583
v -0.685636 1.07828 0.308575
v -0.73452 1.03189 0.302279
v -0.725031 1.02776 0.317233
v -0.723669 1.02927 0.294743
v -0.715101 1.03376 0.310342
v -0.72127 1.0284 0.307294
v -0.707261 1.02117 0.318269
v -0.710408 1.02368 0.297889
v -0.6983 1.02526 0.300505
v -0.717868 1.03649 0.304978
v -0.705093 1.0421 0.319424
v -0.704158 1.03944 0.292457
v -0.694252 1.03576 0.302709
v -0.72066 1.046 0.325689
v -0.701447 1.04135 0.33028
v -0.709877 1.05124 0.307297
v -0.696522 1.04538 0.321944
v -0.713292 1.06063 0.303394
v -0.69896 1.06067 0.30839
v -0.699493 1.06174 0.285115
v -0.685836 1.06533 0.290178
v -0.705117 1.07256 0.30529
v -0.690044 1.07308 0.323452
v -0.689017 1.07022 0.296294
v -0.675087 1.0721 0.314143
v -0.689611 1.07383 0.300403
v -0.67848 1.0639 0.31365
v -0.685169 1.06944 0.282265
v -0.66838 1.07036 0.299666
v -0.716929 1.07121 0.286111
v -0.703084 1.06481 0.298039
v -0.702378 1.06583 0.278293
v -0.688185 1.06513 0.287512
v -0.693245 1.07048 0.288267
v -0.683398 1.06804 0.296235
v -0.682816 1.06995 0.271062
v -0.672483 1.06758 0.286067
v -0.709845 1.08075 0.303652
v -0.701449 1.08114 0.31769
v -0.691348 1.0781 0.293658
v -0.685065 1.08477 0.315953
v -0.693659 1.0746 0.30971
v -0.688607 1.07297 0.31859
v -0.683158 1.07551 0.295574
v -0.674606 1.06609 0.307406
v -0.704892 1.10396 0.293124
v -0.697291 1.09705 0.306518
v -0.692334 1.10192 0.284037
v -0.684313 1.10154 0.292738
v -0.716477 1.01632 0.300373
v -0.706087 1.0179 0.311685
v -0.698751 1.0135 0.292863
v -0.697788 1.01883 0.307823
v -0.731211 1.03563 0.318078
v -0.722487 1.03825 0.328885
v -0.718886 1.03037 0.308266
v -0.713601 1.03476 0.318687
v -0.7028 1.04293 0.326746
v -0.690317 1.04452 0.336829
v -0.695319 1.04392 0.317876
v -0.684664 1.04184 0.320425
v -0.712684 1.04103 0.313339
v -0.705456 1.0413 0.327897
v -0.701357 1.0397 0.306489
v -0.691048 1.0439 0.327189
v -0.701916 1.04882 0.297144
v -0.693977 1.04918 0.303909
v -0.691904 1.04643 0.283756
v -0.677643 1.05197 0.288816
v -0.701489 1.06654 0.300252
v -0.681232 1.07708 0.312688
v -0.690251 1.06727 0.292137
v -0.675578 1.07338 0.301073
v -0.705537 1.05939 0.303121
v -0.691069 1.05939 0.315581
v -0.689382 1.05921 0.293728
v -0.67426 1.06011 0.308076
v -0.705675 1.0774 0.282278
v -0.69293 1.07498 0.293789
v -0.695629 1.07946 0.269999
v -0.681839 1.0705 0.278624
v -0.70107 1.08377 0.280691
v -0.694192 1.07732 0.301144
v -0.683991 1.0809 0.277721
v -0.676087 1.08317 0.289508
v -0.707976 1.08019 0.303269
v -0.694585 1.08185 0.322099
v -0.69785 1.08056 0.293194
v -0.683344 1.08248 0.303511
v -0.704284 1.07144 0.313008
v -0.691559 1.06256 0.319141
v -0.697297 1.07104 0.295464
v -0.681211 1.06485 0.308549
v -0.692725 1.09182 0.298816
v -0.686483 1.09602 0.313226
v -0.68557 1.09316 0.294852
v -0.673989 1.09076 0.304405
v -0.734746 1.02188 0.307727
v -0.718661 1.0263 0.314175
v -0.726445 1.02141 0.289701
v -0.716384 1.02603 0.301618
v -0.704679 1.03389 0.322559
v -0.693514 1.04104 0.33201
v -0.696264 1.03912 0.308163
v -0.688072 1.03798 0.323435
v -0.704632 1.04437 0.317858
v -0.690394 1.04192 0.331079
v -0.692042 1.04418 0.308576
v -0.68296 1.03863 0.314234
v -0.707263 1.06637 0.314982
v -0.696232 1.06072 0.319003
v -0.701291 1.07115 0.295503
v -0.686936 1.06138 0.309507
v -0.698373 1.06733 0.308535
v -0.685345 1.06416 0.318616
v -0.694169 1.06559 0.297618
v -0.672681 1.07157 0.305839
v -0.696793 1.05364 0.308787
v -0.683933 1.05325 0.31703
v -0.682168 1.0529 0.289786
v -0.675981 1.05629 0.30955
v -0.707496 1.074 0.284104
v -0.696782 1.08138 0.294705
v -0.695395 1.07459 0.268771
v -0.681897 1.08244 0.278689
v -0.695789 1.05888 0.291916
v -0.687449 1.0617 0.297422
v -0.686629 1.06175 0.275203
v -0.674367 1.06411 0.28601
v -0.698292 1.08139 0.282844
v -0.695404 1.07623 0.300023
v -0.686284 1.07605 0.269177
v -0.673186 1.07728 0.290306
v -0.721955 1.06597 0.287358
v -0.712494 1.06442 0.307458
v -0.700698 1.06884 0.282141
v -0.696008 1.06535 0.296287
v -0.694463 1.08038 0.309671
v -0.686497 1.08092 0.314468
v -0.680427 1.08167 0.298906
v -0.669987 1.08228 0.304825
v -0.714669 1.09702 0.29248
v -0.703763 1.09623 0.298018
v -0.705788 1.09819 0.280118
v -0.69323 1.09325 0.290716
v -0.70706 1.02076 0.299118
v -0.700549 1.02346 0.310653
v -0.696326 1.01938 0.296966
v -0.694029 1.02131 0.306334
v -0.722298 1.04431 0.327191
v -0.70956 1.03909 0.332603
v -0.715141 1.03976 0.31492
v -0.708046 1.03871 0.31927
v -0.701632 1.04939 0.313167
v -0.683214 1.05247 0.31946
v -0.690154 1.05047 0.304558
v -0.678427 1.05115 0.305163
v -0.709873 1.06462 0.307793
v -0.699982 1.06437 0.322035
v -0.699907 1.06997 0.293919
v -0.686302 1.06594 0.312124
v -0.696354 1.05434 0.299763
v -0.689116 1.05291 0.313107
v -0.683108 1.05965 0.281104
v -0.669914 1.05441 0.294011
v -0.711612 1.07774 0.307799
v -0.700291 1.0772 0.322043
v -0.698196 1.07482 0.298617
v -0.686282 1.06914 0.315906
v -0.716036 1.06008 0.294209
v -0.700185 1.06416 0.314945
v -0.69886 1.05987 0.292428
v -0.691739 1.06371 0.302471
v -0.712309 1.07836 0.303404
v -0.700327 1.08305 0.305568
v -0.701833 1.07937 0.286247
v -0.685649 1.08401 0.295447
v -0.692678 1.06645 0.29267
v -0.685363 1.05613 0.306756
v -0.685944 1.06165 0.279276
v -0.670127 1.06431 0.294312
v -0.718351 1.08104 0.299881
v -0.706465 1.07977 0.312935
v -0.701657 1.07991 0.290725
v -0.693349 1.08334 0.305098
v -0.694542 1.08308 0.300473
v -0.678733 1.0868 0.307881
v -0.689376 1.08899 0.284448
v -0.676412 1.08452 0.28892
v -0.699897 1.08892 0.313163
v -0.686704 1.08318 0.318566
v -0.698108 1.0879 0.30461
v -0.67982 1.08443 0.306289
v -0.716064 1.03254 0.314453
v -0.711461 1.03939 0.323631
v -0.705238 1.03255 0.304919
v -0.699648 1.03968 0.31374
v -0.719099 1.04654 0.304637
v -0.708998 1.04712 0.31639
v -0.707663 1.05178 0.293152
v -0.69681 1.05088 0.305718
v -0.705372 1.03483 0.315196
v -0.694214 1.03676 0.322536
v -0.704287 1.03604 0.296577
v -0.688093 1.04231 0.308299
v -0.706259 1.03584 0.315928
v -0.701349 1.04205 0.328148
v -0.69255 1.03462 0.302493
v -0.686073 1.04143 0.314393
v -0.705557 1.05124 0.296809
v -0.688883 1.04939 0.303076
v -0.694033 1.05125 0.281991
v -0.67799 1.04854 0.289693
v -0.710966 1.07415 0.287032
v -0.701342 1.07605 0.307537
v -0.695137 1.08203 0.283956
v -0.682168 1.0706 0.30148
v -0.703421 1.07631 0.289983
v -0.682897 1.08145 0.301606
v -0.686882 1.07511 0.269214
v -0.671863 1.07506 0.282212
v -0.713725 1.06433 0.306689
v -0.702059 1.07081 0.313598
v -0.712596 1.06169 0.283904
v -0.688367 1.06927 0.293424
v -0.707373 1.07676 0.281429
v -0.696698 1.07512 0.298153
v -0.693569 1.08197 0.276169
v -0.684572 1.07581 0.286124
v -0.719184 1.06323 0.297877
v -0.71519 1.06618 0.311141
v -0.710226 1.06555 0.289556
v -0.694224 1.06356 0.297888
v -0.711025 1.0648 0.292468
v -0.708745 1.06569 0.303292
v -0.69961 1.06425 0.282153
v -0.695135 1.06586 0.299144
v -0.722619 1.08765 0.288527
v -0.716803 1.08034 0.304956
v -0.708459 1.08503 0.288055
v -0.698524 1.08223 0.298696
v -0.729638 1.01413 0.298396
v -0.715429 1.01377 0.311472
v -0.716649 1.01153 0.291757
v -0.709989 1.01729 0.300511
v -0.710165 1.04102 0.325882
v -0.704145 1.03999 0.338692
v -0.69747 1.03712 0.317776
v -0.689185 1.04022 0.329287
v -0.720066 1.04607 0.302821
v -0.705895 1.04391 0.311895
v -0.708683 1.04243 0.296565
v -0.697707 1.04781 0.299356
v -0.6968 1.06183 0.30594
v -0.683962 1.0544 0.318709
v -0.685586 1.0599 0.291073
v -0.676966 1.05706 0.307239
v -0.702827 1.04627 0.296215
v -0.684465 1.05088 0.307656
v -0.685827 1.04673 0.284699
v -0.677942 1.04734 0.300122
v -0.702557 1.05799 0.291042
v -0.695221 1.04922 0.311814
v -0.693581 1.05421 0.278305
v -0.672812 1.04932 0.295198
v -0.718139 1.07303 0.286884
v -0.712643 1.0673 0.30835
v -0.706694 1.06733 0.27482
v -0.69486 1.06863 0.290684
v -0.697145 1.06763 0.296267
v -0.680589 1.0699 0.312672
v -0.682319 1.06323 0.28693
v -0.670199 1.06933 0.299642
v -0.710521 1.08719 0.289203
v -0.706449 1.08309 0.311344
v -0.701579 1.08437 0.284563
v -0.690283 1.08552 0.298997
v -0.697704 1.06192 0.293778
v -0.684574 1.06399 0.312414
v -0.677391 1.06821 0.288215
v -0.670133 1.06624 0.308204
v -0.698254 1.0685 0.301813
v -0.686803 1.06551 0.316164
v -0.683872 1.06801 0.293561
v -0.673382 1.06567 0.308306
v -0.69827 1.07583 0.303211
v -0.688487 1.07399 0.316977
v -0.690606 1.08113 0.293067
v -0.680343 1.07642 0.304728
v -0.719871 1.06038 0.287708
v -0.712978 1.04965 0.298973
v -0.705365 1.05569 0.280422
v -0.699463 1.05568 0.291578
v -0.722552 1.04727 0.314804
v -0.71179 1.04587 0.32835
v -0.71271 1.05118 0.309306
v -0.699384 1.04703 0.319416
v -0.722536 1.06889 0.326219
v -0.708795 1.06627 0.330264
v -0.714341 1.06543 0.308082
v -0.70434 1.06508 0.315915
v -0.730974 1.07081 0.305979
v -0.723938 1.06579 0.321159
v -0.719994 1.06851 0.299596
v -0.712459 1.06486 0.315399
v -0.724971 1.06959 0.306087
v -0.704401 1.06875 0.314291
v -0.718067 1.07397 0.284225
v -0.701406 1.07502 0.296231
v -0.726537 1.08209 0.312611
v -0.715896 1.07637 0.327667
v -0.71288 1.08684 0.297155
v -0.706455 1.07355 0.312066
v -0.725772 1.10366 0.310383
v -0.704279 1.10033 0.318431
v -0.713952 1.09633 0.296359
v -0.698069 1.0969 0.308646
v -0.720319 1.10476 0.31212
v -0.718929 1.11385 0.32814
v -0.706592 1.1049 0.301748
v -0.697093 1.11252 0.315084
v -0.719391 1.09081 0.329899
v -0.70823 1.08917 0.33245
v -0.716176 1.0974 0.314751
v -0.699743 1.08468 0.319831
v -0.720427 1.11515 0.335848
v -0.703221 1.11754 0.338984
v -0.712936 1.11349 0.317731
v -0.695893 1.11286 0.325211
v -0.720278 1.13032 0.323336
v -0.713885 1.12717 0.336753
v -0.715159 1.1335 0.313102
v -0.702348 1.12305 0.324529
v -0.718527 1.04986 0.289305
v -0.709973 1.05066 0.302112
v -0.702973 1.05166 0.276664
v -0.69904 1.0502 0.293537
v -0.731657 1.0567 0.306286
v -0.724622 1.0655 0.319847
v -0.720649 1.06214 0.298089
v -0.714721 1.06578 0.313535
v -0.715002 1.07005 0.319031
v -0.705687 1.07106 0.329668
v -0.709741 1.07412 0.308546
v -0.696148 1.07074 0.31378
v -0.730584 1.06538 0.306452
v -0.725089 1.0632 0.322803
v -0.713607 1.06943 0.30514
v -0.706522 1.06671 0.313652
v -0.735484 1.08844 0.321504
v -0.724238 1.09026 0.327262
v -0.72404 1.08867 0.303959
v -0.707419 1.08881 0.311922
v -0.730297 1.10556 0.313963
v -0.712737 1.10546 0.322971
v -0.713328 1.10164 0.299733
v -0.703926 1.1084 0.310082
v -0.751177 1.09546 0.311264
v -0.741724 1.10069 0.320687
v -0.733291 1.09412 0.300186
v -0.729046 1.09902 0.316193
v -0.730708 1.09217 0.315739
v -0.714445 1.08979 0.327951
v -0.72337 1.08841 0.30744
v -0.706201 1.08347 0.313733
v -0.724848 1.10873 0.315923
v -0.710117 1.1058 0.327651
v -0.703642 1.11243 0.305147
v -0.696505 1.10758 0.31616
v -0.724386 1.11576 0.313068
v -0.707899 1.11343 0.323862
v -0.710997 1.11071 0.304717
v -0.70278 1.11845 0.313905
v -0.713922 1.10785 0.311368
v -0.712803 1.10064 0.323264
v -0.703111 1.10983 0.31062
v -0.70295 1.1048 0.321729
v -0.733862 1.04922 0.305672
v -0.729172 1.04899 0.317623
v -0.71822 1.05338 0.305327
v -0.717069 1.04908 0.315373
v -0.726871 1.05222 0.321756
v -0.714555 1.05047 0.323124
v -0.722504 1.04998 0.30551
v -0.713628 1.05253 0.313277
v -0.732301 1.07747 0.306281
v -0.724917 1.0766 0.313725
v -0.717078 1.08075 0.295556
v -0.710896 1.07571 0.307536
v -0.722105 1.09401 0.307066
v -0.713615 1.08666 0.319791
v -0.713388 1.08768 0.295661
v -0.696496 1.08683 0.306843
v -0.716481 1.08619 0.305257
v -0.706807 1.08382 0.313368
v -0.703861 1.08078 0.288505
v -0.692443 1.08489 0.295751
v -0.751315 1.09139 0.298075
v -0.738404 1.09925 0.311121
v -0.730479 1.09067 0.285797
v -0.722068 1.09977 0.304155
v -0.722501 1.08396 0.311107
v -0.719646 1.08814 0.327004
v -0.705914 1.08503 0.300483
v -0.701718 1.09323 0.320999
v -0.728542 1.09683 0.330278
v -0.722135 1.10789 0.346179
v -0.719162 1.0995 0.313574
v -0.702584 1.10369 0.333823
v -0.735083 1.09663 0.312008
v -0.721568 1.10342 0.319759
v -0.724464 1.09619 0.297275
v -0.718131 1.10183 0.307338
v -0.72507 1.11597 0.332933
v -0.710803 1.11627 0.339685
v -0.716735 1.11707 0.320073
v -0.699411 1.11704 0.330373
v -0.731589 1.11286 0.335905
v -0.728667 1.11559 0.347226
v -0.717294 1.11494 0.324074
v -0.71524 1.11715 0.33723
v -0.713116 1.05371 0.285924
v -0.710914 1.05582 0.30288
v -0.705389 1.05453 0.283411
v -0.695869 1.05284 0.296029
v -0.724099 1.06809 0.315475
v -0.71586 1.06795 0.32879
v -0.714728 1.06666 0.307926
v -0.709718 1.06586 0.315124
v -0.737223 1.07371 0.313755
v -0.726075 1.06886 0.326624
v -0.719851 1.07403 0.303131
v -0.717861 1.0689 0.32017
v -0.729891 1.06198 0.305414
v -0.718287 1.06822 0.304656
v -0.723424 1.06559 0.290191
v -0.712395 1.07406 0.291473
v -0.734771 1.07531 0.315413
v -0.719868 1.07476 0.327979
v -0.721343 1.0759 0.310277
v -0.709523 1.07615 0.317342
v -0.735634 1.09015 0.321257
v -0.729594 1.08334 0.338071
v -0.716111 1.08495 0.310176
v -0.717621 1.08361 0.329503
v -0.736575 1.08097 0.320454
v -0.722865 1.08134 0.338308
v -0.717196 1.08425 0.310835
v -0.709399 1.0877 0.324179
v -0.736804 1.10497 0.298897
v -0.729065 1.11678 0.31362
v -0.720578 1.11206 0.293165
v -0.715911 1.1144 0.308358
v -0.741689 1.08642 0.323493
v -0.722916 1.09544 0.32757
v -0.727842 1.09061 0.305817
v -0.720187 1.09834 0.313846
v -0.730332 1.12004 0.338191
v -0.721387 1.12088 0.341015
v -0.722969 1.1156 0.318827
v -0.714307 1.11917 0.32573
v -0.716377 1.11675 0.321043
v -0.703617 1.12598 0.328666
v -0.709824 1.11753 0.309066
v -0.69263 1.12619 0.315032
v -0.731796 1.05328 0.286824
v -0.719079 1.05558 0.298318
v -0.715486 1.05239 0.282946
v -0.709888 1.05287 0.294735
v -0.727453 1.06635 0.316483
v -0.715688 1.07612 0.321029
v -0.720731 1.06602 0.301772
v -0.707783 1.07285 0.3092
v -0.730842 1.05815 0.291124
v -0.723403 1.05896 0.304266
v -0.721729 1.05916 0.288391
v -0.708899 1.0545 0.301041
v -0.721358 1.06287 0.289981
v -0.713597 1.06779 0.301851
v -0.706438 1.06866 0.285476
v -0.698266 1.07321 0.299175
v -0.741645 1.0768 0.315455
v -0.736154 1.08017 0.325896
v -0.720593 1.08071 0.302797
v -0.718912 1.07827 0.321381
v -0.743638 1.08738 0.32176
v -0.739269 1.09136 0.335013
v -0.723973 1.08241 0.306976
v -0.720464 1.09113 0.330445
v -0.738719 1.09994 0.321014
v -0.735384 1.0896 0.344574
v -0.721361 1.09846 0.321282
v -0.71841 1.09193 0.330162
v -0.733318 1.09956 0.302945
v -0.715399 1.10393 0.316414
v -0.724676 1.10309 0.285607
v -0.708886 1.1038 0.297221
v -0.734985 1.09711 0.333053
v -0.730862 1.0987 0.348889
v -0.716627 1.09647 0.324669
v -0.715062 1.09764 0.339049
v -0.718238 1.11108 0.315702
v -0.710998 1.11474 0.324531
v -0.7071 1.11103 0.305031
v -0.699014 1.11439 0.311203
v -0.711011 1.12194 0.328315
v -0.705007 1.11708 0.340877
v -0.695131 1.12009 0.320659
v -0.691639 1.11641 0.337591
v -0.72431 1.054 0.321169
v -0.714718 1.06248 0.323291
v -0.717661 1.05517 0.307434
v -0.704803 1.06242 0.308144
v -0.726882 1.04257 0.310231
v -0.715731 1.05114 0.322698
v -0.719631 1.04268 0.298807
v -0.709991 1.05215 0.309164
v -0.720309 1.07139 0.300422
v -0.710588 1.07755 0.305303
v -0.706436 1.07588 0.288094
v -0.700719 1.07371 0.29632
v -0.717562 1.06486 0.313447
v -0.701672 1.0675 0.325204
v -0.707697 1.06616 0.302824
v -0.696005 1.06983 0.305706
v -0.742115 1.08533 0.325996
v -0.719302 1.08429 0.326102
v -0.733056 1.08299 0.308859
v -0.718704 1.08465 0.315061
v -0.728559 1.09342 0.308175
v -0.713193 1.09965 0.318834
v -0.720316 1.09958 0.290096
v -0.700479 1.09999 0.296928
v -0.736813 1.11221 0.325369
v -0.728522 1.11204 0.334541
v -0.729836 1.10695 0.313646
v -0.709486 1.11247 0.32528
v -0.731047 1.11416 0.323104
v -0.709474 1.11858 0.332506
v -0.7205 1.11815 0.306472
v -0.69854 1.11815 0.312294
v -0.718934 1.10629 0.32773
v -0.717599 1.11185 0.340259
v -0.709848 1.10689 0.317186
v -0.696858 1.10985 0.338308
v -0.736362 1.10451 0.332162
v -0.729517 1.1068 0.345444
v -0.724175 1.10616 0.321356
v -0.720286 1.1026 0.332674
v -0.714731 1.12188 0.325711
v -0.709688 1.12354 0.340413
v -0.702636 1.12594 0.324145
v -0.69774 1.12501 0.333603
v -0.715581 1.04174 0.295057
v -0.703428 1.04248 0.299653
v -0.707478 1.04523 0.284314
v -0.691159 1.04112 0.292146
v -0.728892 1.06923 0.316076
v -0.716645 1.07136 0.325271
v -0.715806 1.06801 0.308344
v -0.708294 1.07062 0.316572
v -0.735099 1.07912 0.300285
v -0.725339 1.0751 0.315532
v -0.72345 1.08 0.2951
v -0.713973 1.07674 0.307386
v -0.734309 1.08558 0.31952
v -0.718087 1.08188 0.327206
v -0.729545 1.08488 0.303766
v -0.714003 1.0766 0.30928
v -0.742534 1.08364 0.315801
v -0.725223 1.08738 0.335389
v -0.727781 1.08301 0.301757
v -0.716458 1.08558 0.315558
v -0.749063 1.08028 0.304716
v -0.739734 1.07838 0.323683
v -0.731461 1.08045 0.297109
v -0.725309 1.083 0.313357
v -0.727736 1.10609 0.311922
v -0.707108 1.10491 0.328733
v -0.710643 1.10455 0.296808
v -0.693974 1.1012 0.309543
v -0.741706 1.09038 0.313662
v -0.727871 1.08329 0.322323
v -0.719659 1.09392 0.302078
v -0.715816 1.0828 0.31539
v -0.728755 1.08694 0.327242
v -0.723378 1.08732 0.336705
v -0.720773 1.08552 0.319898
v -0.710132 1.09416 0.331919
v -0.738863 1.11597 0.329665
v -0.730172 1.11839 0.338783
v -0.729656 1.11999 0.319868
v -0.720076 1.11512 0.329978
v -0.718441 1.09856 0.322641
v -0.712655 1.10477 0.328382
v -0.705024 1.09844 0.313392
v -0.701631 1.10207 0.326345
v -0.716179 1.04302 0.29272
v -0.710452 1.04189 0.303992
v -0.709351 1.03806 0.280448
v -0.698409 1.03731 0.28942
v -0.72958 1.06926 0.310898
v -0.722737 1.07011 0.318229
v -0.715329 1.0732 0.29947
v -0.707801 1.06558 0.310758
v -0.726677 1.07649 0.321614
v -0.714921 1.07034 0.323509
v -0.720585 1.08097 0.308365
v -0.710489 1.07722 0.310991
v -0.725661 1.06449 0.310237
v -0.720492 1.06062 0.327965
v -0.713292 1.07067 0.304396
v -0.703875 1.06502 0.319883
v -0.722524 1.08301 0.29702
v -0.713261 1.0773 0.311319
v -0.716406 1.07583 0.28173
v -0.69521 1.0816 0.293816
v -0.732459 1.10043 0.319279
v -0.721805 1.10089 0.335601
v -0.715818 1.09459 0.305806
v -0.704611 1.09353 0.329071
v -0.739716 1.1022 0.319978
v -0.739413 1.104 0.33884
v -0.723965 1.10751 0.313926
v -0.720537 1.11057 0.332207
v -0.729694 1.10792 0.308837
v -0.717642 1.11186 0.322752
v -0.713671 1.11092 0.301608
v -0.699385 1.1147 0.307699
v -0.743647 1.1057 0.315521
v -0.725024 1.11184 0.32493
v -0.731378 1.10835 0.300965
v -0.719907 1.10601 0.313041
v -0.731992 1.11534 0.329239
v -0.719921 1.12661 0.334942
v -0.72611 1.12129 0.314824
v -0.707888 1.12641 0.323623
v -0.711839 1.12976 0.327286
v -0.703978 1.12608 0.340576
v -0.703774 1.12965 0.324484
v -0.693973 1.12459 0.336071
v -0.716387 1.05944 0.30844
v -0.704601 1.05326 0.324216
v -0.700398 1.05644 0.302155
v -0.696001 1.05159 0.31106
v -0.717511 1.05539 0.317662
v -0.705319 1.05897 0.328077
v -0.707097 1.05736 0.308356
v -0.696621 1.06294 0.323907
v -0.729011 1.06365 0.312176
v -0.728494 1.05916 0.325935
v -0.721844 1.06304 0.307382
v -0.712495 1.0615 0.317923
v -0.729668 1.06108 0.302371
v -0.719151 1.05736 0.317244
v -0.715725 1.06593 0.293726
v -0.702171 1.06222 0.302335
v -0.720228 1.07583 0.305377
v -0.700931 1.07383 0.312485
v -0.706328 1.07453 0.292351
v -0.693865 1.07005 0.304656
v -0.742771 1.09196 0.298778
v -0.737136 1.09168 0.315438
v -0.731183 1.09671 0.289496
v -0.719181 1.08953 0.297315
v -0.721241 1.10137 0.313087
v -0.717215 1.10495 0.326471
v -0.705884 1.09971 0.298477
v -0.697886 1.10628 0.316258
v -0.717084 1.10803 0.317287
v -0.699612 1.09438 0.327976
v -0.713105 1.10248 0.306557
v -0.693383 1.10265 0.309265
v -0.722583 1.10605 0.326725
v -0.709644 1.10745 0.347
v -0.709829 1.10214 0.315613
v -0.696999 1.10942 0.327795
v -0.735239 1.09651 0.329588
v -0.724201 1.09312 0.342795
v -0.724305 1.09754 0.321603
v -0.7133 1.09582 0.336654
v -0.724499 1.11323 0.313969
v -0.716443 1.11713 0.32599
v -0.717237 1.11253 0.302265
v -0.7098 1.12071 0.311468
v -0.711332 1.04884 0.311407
v -0.698756 1.04512 0.320095
v -0.706586 1.04789 0.302694
v -0.690225 1.04469 0.310974
v -0.734758 1.06572 0.311437
v -0.724727 1.06385 0.317672
v -0.725064 1.06498 0.302965
v -0.713042 1.06161 0.312815
v -0.718136 1.06914 0.297517
v -0.701477 1.07069 0.306614
v -0.709656 1.07124 0.28582
v -0.694236 1.07697 0.295339
v -0.716015 1.08228 0.309024
v -0.7034 1.08275 0.317748
v -0.698204 1.08789 0.299176
v -0.688211 1.08302 0.316206
v -0.742603 1.07577 0.311896
v -0.732412 1.08325 0.330626
v -0.728025 1.07651 0.298876
v -0.720338 1.08287 0.309969
v -0.751465 1.0806 0.311598
v -0.732141 1.08603 0.320765
v -0.742264 1.08543 0.295818
v -0.721226 1.09401 0.30256
v -0.751562 1.10084 0.318233
v -0.736275 1.10705 0.331208
v -0.729962 1.10328 0.305572
v -0.717486 1.10534 0.326452
v -0.734606 1.08956 0.314195
v -0.712307 1.09378 0.32223
v -0.720633 1.09192 0.29637
v -0.708912 1.08864 0.306008
v -0.726652 1.08809 0.316306
v -0.715821 1.09656 0.320362
v -0.714659 1.0904 0.295978
v -0.699116 1.09668 0.313752
v -0.719972 1.09949 0.332542
v -0.703324 1.10129 0.338766
v -0.71215 1.09894 0.319692
v -0.700385 1.10385 0.329407
v -0.737929 1.11357 0.328973
v -0.725373 1.10832 0.337322
v -0.730288 1.11366 0.314967
v -0.713895 1.11113 0.326577
v -0.709082 1.04636 0.308717
v -0.707077 1.05353 0.323148
v -0.70255 1.04548 0.300836
v -0.695472 1.05283 0.315783
v -0.72467 1.05157 0.275075
v -0.712788 1.0509 0.289796
v -0.707408 1.05472 0.272062
v -0.704325 1.05386 0.287598
v -0.721066 1.08046 0.285628
v -0.71 1.07351 0.297356
v -0.705561 1.07394 0.280819
v -0.695933 1.07622 0.296349
v -0.715204 1.07299 0.300264
v -0.704634 1.07065 0.306953
v -0.713095 1.07964 0.284861
v -0.698845 1.07262 0.289815
v -0.727098 1.06679 0.306157
v -0.710856 1.06739 0.31305
v -0.71516 1.06654 0.29346
v -0.704813 1.06261 0.301498
v -0.708036 1.06982 0.289624
v -0.69214 1.06415 0.303263
v -0.699648 1.0692 0.273488
v -0.684884 1.06981 0.291344
v -0.726254 1.08144 0.2763
v -0.724274 1.07903 0.292231
v -0.711523 1.07927 0.268687
v -0.7023 1.08379 0.285649
v -0.728836 1.06317 0.269629
v -0.718594 1.06772 0.280393
v -0.710475 1.05975 0.256307
v -0.703335 1.068 0.270788
v -0.723375 1.06019 0.274177
v -0.704273 1.06188 0.279174
v -0.713621 1.05998 0.2609
v -0.697994 1.05649 0.267001
v -0.709394 1.07118 0.284229
v -0.697511 1.07244 0.292334
v -0.699678 1.07318 0.270011
v -0.68563 1.07096 0.275625
v -0.72025 1.03641 0.307443
v -0.711125 1.04194 0.317004
v -0.704032 1.03585 0.296977
v -0.70098 1.03576 0.306801
v -0.723469 1.07388 0.299776
v -0.71356 1.0713 0.305565
v -0.711324 1.07253 0.288795
v -0.705231 1.07195 0.296592
v -0.722161 1.05468 0.298317
v -0.715611 1.05939 0.313913
v -0.709363 1.05013 0.290706
v -0.701686 1.05517 0.309211
v -0.728505 1.0717 0.294839
v -0.721068 1.07307 0.31106
v -0.716757 1.07361 0.288042
v -0.703663 1.07293 0.30823
v -0.733019 1.07274 0.299412
v -0.72551 1.06139 0.310646
v -0.717738 1.07364 0.29058
v -0.707105 1.06631 0.302661
v -0.71963 1.06168 0.2786
v -0.705025 1.06495 0.283628
v -0.707241 1.06777 0.257358
v -0.692152 1.06188 0.273534
v -0.719735 1.06018 0.272797
v -0.700436 1.0664 0.28351
v -0.707472 1.06584 0.259448
v -0.696964 1.06286 0.263014
v -0.722221 1.08023 0.271989
v -0.708857 1.07939 0.276757
v -0.722371 1.07913 0.255067
v -0.700613 1.07859 0.267388
v -0.73325 1.07847 0.283044
v -0.715412 1.0843 0.28905
v -0.725323 1.07862 0.267329
v -0.706735 1.07963 0.27894
v -0.73442 1.0792 0.273467
v -0.723681 1.07794 0.28213
v -0.72239 1.07469 0.26348
v -0.714967 1.07831 0.276107
v -0.726595 1.04054 0.305446
v -0.713284 1.04518 0.315449
v -0.714175 1.04171 0.297761
v -0.706212 1.04223 0.304881
v -0.725397 1.06316 0.283709
v -0.715571 1.0696 0.298869
v -0.717703 1.06888 0.275167
v -0.70858 1.06961 0.289019
v -0.724238 1.06881 0.277887
v -0.709562 1.06528 0.291801
v -0.707703 1.0694 0.268663
v -0.695757 1.06146 0.28684
v -0.715714 1.05712 0.279922
v -0.707512 1.06111 0.29733
v -0.704666 1.05712 0.270883
v -0.692468 1.05343 0.285809
v -0.715853 1.06619 0.284262
v -0.703015 1.06178 0.296127
v -0.712994 1.06258 0.268993
v -0.690507 1.05927 0.275388
v -0.73132 1.05691 0.275959
v -0.716886 1.06323 0.28686
v -0.717659 1.06522 0.266687
v -0.707765 1.06547 0.281092
v -0.705261 1.06949 0.281289
v -0.7007 1.06874 0.28951
v -0.694279 1.06859 0.267546
v -0.68119 1.06939 0.283837
v -0.709073 1.06008 0.283575
v -0.699206 1.06368 0.292819
v -0.697383 1.05487 0.270504
v -0.692443 1.06017 0.283166
v -0.727738 1.08325 0.268622
v -0.71063 1.07434 0.279795
v -0.713333 1.0779 0.253762
v -0.700026 1.07807 0.264134
v -0.714389 1.0638 0.280077
v -0.699685 1.06059 0.289803
v -0.702048 1.06371 0.269188
v -0.690239 1.06236 0.27757
v -0.709626 1.03763 0.288375
v -0.699368 1.04053 0.29653
v -0.694138 1.03707 0.276998
v -0.688257 1.04172 0.2883
v -0.703021 1.05296 0.295306
v -0.698017 1.05665 0.309132
v -0.690715 1.05878 0.291577
v -0.688322 1.05936 0.307245
v -0.717416 1.05545 0.288995
v -0.706849 1.05413 0.302668
v -0.710394 1.05283 0.280502
v -0.694812 1.05116 0.291122
v -0.714105 1.05647 0.291794
v -0.708208 1.0588 0.310334
v -0.697626 1.0503 0.288414
v -0.692733 1.05833 0.300645
v -0.736692 1.05248 0.286191
v -0.732798 1.0552 0.295907
v -0.718375 1.04936 0.275578
v -0.715359 1.05765 0.289745
v -0.720551 1.06177 0.279831
v -0.704612 1.06013 0.29688
v -0.695213 1.05865 0.272071
v -0.688715 1.05383 0.293034
v -0.727382 1.05778 0.289442
v -0.711722 1.0629 0.306449
v -0.713421 1.06466 0.276084
v -0.700252 1.06329 0.294506
v -0.707663 1.05755 0.278509
v -0.702635 1.06675 0.294435
v -0.693385 1.05779 0.271503
v -0.681947 1.06134 0.283686
v -0.719273 1.05999 0.265005
v -0.711333 1.06143 0.280445
v -0.700829 1.06151 0.25298
v -0.692765 1.06195 0.271546
v -0.72772 1.07771 0.287069
v -0.716918 1.07839 0.294542
v -0.721223 1.07583 0.273726
v -0.70557 1.07515 0.281343
v -0.703312 1.05561 0.301385
v -0.698935 1.06023 0.309146
v -0.692654 1.05848 0.296266
v -0.687779 1.06093 0.303258
v -0.726112 1.06405 0.285202
v -0.713595 1.07019 0.295387
v -0.714441 1.06888 0.271937
v -0.704618 1.06683 0.284772
v -0.712714 1.07063 0.309316
v -0.703447 1.06377 0.32047
v -0.707689 1.0657 0.292303
v -0.692128 1.06944 0.300683
v -0.71968 1.05751 0.300601
v -0.71176 1.06601 0.312939
v -0.699265 1.05862 0.29465
v -0.693772 1.06183 0.311225
v -0.725704 1.06263 0.28368
v -0.717978 1.06376 0.292931
v -0.715358 1.05917 0.264027
v -0.700065 1.0669 0.274575
v -0.734403 1.0712 0.278068
v -0.721397 1.06142 0.293932
v -0.719624 1.07118 0.265817
v -0.710099 1.07077 0.278863
v -0.732556 1.07783 0.277472
v -0.713361 1.07236 0.285026
v -0.724503 1.07508 0.257197
v -0.704242 1.07103 0.268718
v -0.715577 1.07909 0.280107
v -0.705028 1.08055 0.289866
v -0.697849 1.08049 0.264163
v -0.692166 1.08301 0.27693
v -0.713864 1.08126 0.272814
v -0.706177 1.085 0.289675
v -0.70561 1.08159 0.264338
v -0.697663 1.08375 0.282683
v -0.705802 1.06875 0.280607
v -0.69506 1.06542 0.28858
v -0.697471 1.06959 0.262798
v -0.690201 1.06847 0.272731
v -0.708896 1.04284 0.305022
v -0.695615 1.046 0.319574
v -0.691656 1.0462 0.295848
v -0.68813 1.04465 0.3062
v -0.706027 1.05972 0.292816
v -0.69502 1.05493 0.306183
v -0.694446 1.05956 0.282577
v -0.686723 1.05711 0.296856
v -0.729638 1.0781 0.299904
v -0.716489 1.08336 0.312177
v -0.711442 1.07605 0.284653
v -0.705119 1.08313 0.300096
v -0.741482 1.07734 0.292672
v -0.725167 1.06489 0.305416
v -0.724126 1.0745 0.281872
v -0.712502 1.06864 0.28503
v -0.736445 1.06302 0.303392
v -0.725985 1.06629 0.316851
v -0.725529 1.06993 0.289559
v -0.708939 1.06542 0.2966
v -0.731781 1.06463 0.284826
v -0.724135 1.05347 0.304225
v -0.708852 1.05879 0.281701
v -0.706267 1.05493 0.292418
v -0.707679 1.07271 0.281047
v -0.699103 1.06884 0.294187
v -0.700797 1.07278 0.271557
v -0.679903 1.0699 0.28203
v -0.725227 1.06616 0.260225
v -0.714226 1.06634 0.280211
v -0.7086 1.06525 0.25503
v -0.69847 1.06462 0.268773
v -0.734093 1.07557 0.273287
v -0.716872 1.07691 0.280512
v -0.725853 1.08035 0.257917
v -0.707991 1.07994 0.267764
v -0.708537 1.06125 0.259778
v -0.702092 1.06453 0.269537
v -0.697272 1.06031 0.254135
v -0.692261 1.06485 0.266776
v -0.726214 1.04254 0.304639
v -0.715581 1.04476 0.317637
v -0.711464 1.03679 0.297581
v -0.706783 1.04443 0.306567
v -0.728388 1.04819 0.307158
v -0.717897 1.05295 0.312025
v -0.717426 1.05052 0.295814
v -0.70473 1.05477 0.302171
v -0.740211 1.06428 0.303844
v -0.723219 1.06307 0.313383
v -0.731442 1.06999 0.287076
v -0.719144 1.06644 0.297334
v -0.722199 1.05439 0.29477
v -0.714724 1.05458 0.308816
v -0.70419 1.0546 0.286377
v -0.692106 1.0588 0.305448
v -0.738953 1.06199 0.284509
v -0.724728 1.06102 0.298663
v -0.725308 1.05678 0.267161
v -0.708923 1.05517 0.27945
v -0.731726 1.0809 0.282018
v -0.706969 1.07954 0.289473
v -0.723151 1.07653 0.260345
v -0.706051 1.0782 0.268085
v -0.711661 1.07822 0.284961
v -0.699116 1.08267 0.292173
v -0.709086 1.07787 0.270437
v -0.686371 1.08185 0.279034
v -0.709788 1.05512 0.272658
v -0.701966 1.06348 0.288608
v -0.70404 1.05377 0.263238
v -0.692832 1.05842 0.274061
v -0.714277 1.07011 0.28709
v -0.710977 1.07278 0.302628
v -0.701216 1.06984 0.278979
v -0.693787 1.06777 0.289253
v -0.721065 1.06608 0.261088
v -0.714507 1.05605 0.26969
v -0.714502 1.0635 0.251971
v -0.70551 1.05578 0.263523
v -0.720101 1.03974 0.300359
v -0.717373 1.03825 0.317172
v -0.708649 1.03676 0.294872
v -0.701947 1.03827 0.310658
v -0.714976 1.05386 0.279095
v -0.703822 1.04471 0.294328
v -0.702846 1.05065 0.275117
v -0.695256 1.05013 0.286118
v -0.739724 1.06191 0.290255
v -0.725853 1.064 0.296725
v -0.727176 1.0552 0.277109
v -0.710448 1.05839 0.285092
v -0.71978 1.05921 0.308123
v -0.699843 1.05918 0.314286
v -0.7124 1.06736 0.292072
v -0.696773 1.05833 0.300955
v -0.725179 1.07483 0.289678
v -0.710669 1.07814 0.3
v -0.708161 1.0753 0.27486
v -0.694475 1.07264 0.280224
v -0.72555 1.06277 0.292404
v -0.709915 1.06352 0.307066
v -0.700814 1.05833 0.281131
v -0.698888 1.06078 0.297285
v -0.720506 1.08738 0.276907
v -0.710415 1.08624 0.296754
v -0.702707 1.0812 0.270146
v -0.694817 1.08103 0.287467
v -0.724304 1.08219 0.270131
v -0.70532 1.0776 0.283741
v -0.705009 1.0791 0.257728
v -0.693095 1.08342 0.269126
v -0.720689 1.05266 0.26764
v -0.715345 1.062 0.281723
v -0.707551 1.054 0.26093
v -0.700187 1.05495 0.272706
v -0.717889 1.08585 0.267204
v -0.706773 1.08118 0.272532
v -0.703412 1.08671 0.254392
v -0.699219 1.08545 0.268054
v -0.716573 1.03358 0.294534
v -0.707479 1.03547 0.306308
v -0.707475 1.03284 0.290668
v -0.696627 1.02894 0.297761
v -0.724306 1.07365 0.297197
v -0.705642 1.07128 0.305682
v -0.717598 1.07309 0.282115
v -0.699719 1.06946 0.291481
v -0.733208 1.07475 0.296901
v -0.727446 1.06984 0.317868
v -0.720365 1.06976 0.289472
v -0.710081 1.07207 0.303696
v -0.720764 1.05316 0.297319
v -0.71351 1.05031 0.310111
v -0.712198 1.0486 0.281117
v -0.695886 1.04958 0.29999
v -0.727458 1.07107 0.302888
v -0.728334 1.06417 0.315988
v -0.714816 1.06558 0.295542
v -0.709839 1.06129 0.311374
v -0.723177 1.08136 0.298172
v -0.710682 1.08019 0.30656
v -0.718891 1.08612 0.281581
v -0.6993 1.08288 0.294217
v -0.728972 1.07059 0.288464
v -0.713305 1.07727 0.304081
v -0.720771 1.0693 0.277919
v -0.708292 1.079 0.288208
v -0.731775 1.06253 0.292214
v -0.717505 1.07172 0.299591
v -0.728388 1.06304 0.271998
v -0.713483 1.06723 0.283871
v -0.736824 1.06894 0.286416
v -0.728924 1.06528 0.301358
v -0.720004 1.06439 0.277577
v -0.709044 1.06349 0.289189
v -0.731112 1.0738 0.268727
v -0.722441 1.06591 0.279034
v -0.724735 1.07375 0.259124
v -0.712116 1.0685 0.268069
v -0.717396 1.04844 0.309809
v -0.713606 1.04992 0.319166
v -0.710738 1.04513 0.298068
v -0.702956 1.0505 0.307123
v -0.731715 1.06242 0.293152
v -0.718474 1.06168 0.297241
v -0.723105 1.05953 0.282165
v -0.713699 1.06532 0.289884
v -0.713338 1.07278 0.299396
v -0.69917 1.0776 0.307948
v -0.70731 1.07471 0.280065
v -0.695247 1.07415 0.293927
v -0.728045 1.07003 0.279747
v -0.718821 1.06991 0.298758
v -0.713686 1.07568 0.268037
v -0.70297 1.07375 0.288074
v -0.728018 1.08102 0.285296
v -0.72144 1.07984 0.30373
v -0.714322 1.07724 0.283169
v -0.69923 1.07747 0.295417
v -0.718894 1.08114 0.299417
v -0.701326 1.07515 0.305534
v -0.703515 1.07579 0.285461
v -0.692061 1.07686 0.292027
v -0.711569 1.07496 0.283973
v -0.698985 1.07837 0.299224
v -0.698986 1.06859 0.274903
v -0.682738 1.07495 0.279462
v -0.712214 1.07349 0.296092
v -0.69869 1.06768 0.303202
v -0.707735 1.07108 0.276498
v -0.691358 1.06854 0.286233
v -0.728202 1.05719 0.26824
v -0.726665 1.05794 0.284594
v -0.714398 1.05823 0.26145
v -0.710243 1.05684 0.27062
v -0.716359 1.08514 0.263076
v -0.705928 1.08302 0.271016
v -0.704201 1.08053 0.254977
v -0.696689 1.07969 0.262188
v -0.744485 1.07311 0.307349
v -0.73623 1.07721 0.314612
v -0.726418 1.07041 0.297583
v -0.722426 1.07711 0.307644
v -0.732867 1.08712 0.295771
v -0.726054 1.08976 0.311378
v -0.725326 1.08255 0.289601
v -0.711679 1.09094 0.300181
v -0.735863 1.08729 0.292862
v -0.718009 1.09014 0.299001
v -0.722525 1.08984 0.276849
v -0.714293 1.08681 0.282444
v -0.738256 1.09881 0.293548
v -0.724108 1.09524 0.301008
v -0.72647 1.09984 0.278853
v -0.706925 1.09631 0.290692
v -0.752402 1.08911 0.285267
v -0.734781 1.08909 0.295747
v -0.739437 1.09443 0.270728
v -0.727561 1.09121 0.281193
v -0.739329 1.09455 0.287933
v -0.722229 1.09522 0.299244
v -0.721473 1.09613 0.274422
v -0.711814 1.089 0.282859
v -0.754012 1.10722 0.27381
v -0.733855 1.09883 0.288065
v -0.738295 1.10827 0.259712
v -0.723693 1.09804 0.270262
v -0.767668 1.09046 0.286401
v -0.75924 1.08755 0.292951
v -0.76415 1.09403 0.266716
v -0.746413 1.0931 0.27753
v -0.78365 1.10178 0.291775
v -0.776381 1.09948 0.302921
v -0.777487 1.10337 0.28529
v -0.767401 1.09841 0.290583
v -0.727899 1.07609 0.303115
v -0.719749 1.0724 0.30808
v -0.722351 1.07832 0.285687
v -0.715005 1.07269 0.2929
v -0.73599 1.06914 0.285072
v -0.733405 1.06154 0.296987
v -0.730321 1.06973 0.275969
v -0.72098 1.0645 0.290227
v -0.74391 1.08589 0.308929
v -0.737045 1.07495 0.319707
v -0.735757 1.08266 0.301542
v -0.725935 1.07736 0.304449
v -0.75183 1.07702 0.277002
v -0.737626 1.08542 0.296675
v -0.736661 1.07669 0.272684
v -0.725221 1.08574 0.282755
v -0.740094 1.09863 0.29447
v -0.736866 1.10405 0.309734
v -0.725183 1.10307 0.294362
v -0.721422 1.1051 0.311014
v -0.741254 1.0896 0.271819
v -0.734592 1.08459 0.294305
v -0.722661 1.08624 0.265933
v -0.718308 1.08233 0.277317
v -0.764216 1.0977 0.305912
v -0.742844 1.09788 0.311451
v -0.755377 1.10422 0.284403
v -0.740777 1.09314 0.296039
v -0.751537 1.10287 0.280121
v -0.738894 1.10117 0.286529
v -0.742885 1.10712 0.26256
v -0.730722 1.10539 0.272743
v -0.781215 1.10924 0.292738
v -0.772075 1.10196 0.305121
v -0.765487 1.10681 0.285701
v -0.761484 1.10699 0.303731
v -0.749026 1.05443 0.305368
v -0.736157 1.0502 0.308682
v -0.74044 1.05281 0.294511
v -0.72945 1.04964 0.299262
v -0.725234 1.0625 0.300255
v -0.713319 1.05785 0.31376
v -0.714148 1.06253 0.290173
v -0.706494 1.06041 0.304806
v -0.742315 1.08804 0.285944
v -0.74143 1.08629 0.300013
v -0.734171 1.09087 0.279189
v -0.723099 1.08573 0.293236
v -0.755544 1.08647 0.305945
v -0.739003 1.09069 0.312697
v -0.751673 1.08517 0.289441
v -0.73203 1.09328 0.29394
v -0.745689 1.09074 0.281113
v -0.729296 1.08906 0.295388
v -0.728468 1.08361 0.26352
v -0.716954 1.08924 0.283216
v -0.743131 1.0881 0.284099
v -0.732428 1.08529 0.30094
v -0.724825 1.08932 0.273379
v -0.71476 1.07895 0.295659
v -0.765778 1.10103 0.28244
v -0.749454 1.10082 0.284611
v -0.757644 1.10252 0.259818
v -0.74733 1.09505 0.269734
v -0.761292 1.08915 0.269947
v -0.75778 1.08142 0.29157
v -0.744663 1.08529 0.270145
v -0.743564 1.08542 0.281438
v -0.759259 1.11068 0.291787
v -0.747694 1.10947 0.302088
v -0.755052 1.10596 0.282158
v -0.743771 1.10672 0.289896
v -0.741371 1.05165 0.313125
v -0.72822 1.05012 0.321499
v -0.732224 1.058 0.298841
v -0.723627 1.05451 0.309414
v -0.746086 1.0847 0.298984
v -0.730979 1.084 0.310046
v -0.734122 1.08498 0.292286
v -0.72458 1.07842 0.299503
v -0.743779 1.06679 0.3058
v -0.740153 1.06944 0.318377
v -0.735333 1.06667 0.298513
v -0.72696 1.07015 0.310659
v -0.753122 1.09683 0.291712
v -0.747862 1.09773 0.309736
v -0.734724 1.10264 0.287244
v -0.732233 1.08931 0.304587
v -0.750152 1.09497 0.298288
v -0.735994 1.10361 0.314678
v -0.738467 1.10256 0.284108
v -0.729764 1.10558 0.30347
v -0.76143 1.10631 0.275648
v -0.745278 1.10186 0.297189
v -0.742293 1.10817 0.272562
v -0.728438 1.09874 0.284163
v -0.758118 1.09176 0.299326
v -0.751593 1.08851 0.30853
v -0.747281 1.09513 0.288342
v -0.734305 1.0935 0.294245
v -0.763278 1.09048 0.284027
v -0.747583 1.08029 0.291173
v -0.761897 1.08917 0.272176
v -0.743939 1.08056 0.2797
v -0.776663 1.08967 0.284016
v -0.767108 1.08915 0.293783
v -0.769522 1.08961 0.271738
v -0.756832 1.08688 0.281711
v -0.745854 1.07061 0.307345
v -0.741261 1.07125 0.315193
v -0.73356 1.06639 0.301854
v -0.728011 1.07603 0.3129
v -0.724991 1.08474 0.30161
v -0.716974 1.07812 0.310342
v -0.713244 1.07914 0.293281
v -0.700903 1.08313 0.302849
v -0.73216 1.08865 0.290095
v -0.725941 1.08776 0.298804
v -0.724833 1.08784 0.276472
v -0.711559 1.0902 0.291653
v -0.741528 1.07736 0.284469
v -0.726406 1.07545 0.295734
v -0.732087 1.0848 0.267899
v -0.717445 1.07581 0.285556
v -0.746293 1.10081 0.270274
v -0.740359 1.10069 0.294136
v -0.733786 1.10425 0.270344
v -0.720733 1.10057 0.28432
v -0.757773 1.08841 0.294422
v -0.746053 1.08439 0.314772
v -0.74311 1.08416 0.285951
v -0.725441 1.08505 0.303577
v -0.752119 1.1005 0.271342
v -0.735566 1.10972 0.287241
v -0.741371 1.09999 0.265773
v -0.727193 1.11188 0.272922
v -0.770821 1.10705 0.277917
v -0.755526 1.10829 0.288394
v -0.75574 1.10636 0.265531
v -0.746952 1.10388 0.282789
v -0.757345 1.10455 0.286564
v -0.758649 1.10915 0.300372
v -0.746474 1.10862 0.284646
v -0.743765 1.10988 0.297618
v -0.74372 1.05778 0.308875
v -0.73816 1.06231 0.319536
v -0.738111 1.05225 0.300218
v -0.723046 1.06029 0.309365
v -0.740786 1.06541 0.295725
v -0.733314 1.06482 0.30261
v -0.736518 1.06483 0.281708
v -0.724097 1.06409 0.289301
v -0.740285 1.06082 0.303633
v -0.71988 1.06242 0.308599
v -0.72913 1.06413 0.286682
v -0.718965 1.06566 0.298124
v -0.751846 1.08015 0.302479
v -0.739721 1.08563 0.313448
v -0.736953 1.07458 0.292253
v -0.727971 1.08456 0.299501
v -0.744732 1.08031 0.29764
v -0.730591 1.08751 0.305609
v -0.74376 1.07758 0.280115
v -0.719716 1.08085 0.290957
v -0.73854 1.0834 0.274214
v -0.732435 1.09372 0.290473
v -0.730737 1.08519 0.267677
v -0.71324 1.08707 0.275932
v -0.762253 1.10691 0.293747
v -0.751966 1.11325 0.300795
v -0.758017 1.10762 0.276042
v -0.740928 1.10969 0.287544
v -0.767291 1.10194 0.297595
v -0.752348 1.10371 0.312322
v -0.757255 1.10359 0.290155
v -0.747651 1.09884 0.299654
v -0.759434 1.08729 0.291847
v -0.752616 1.092 0.306656
v -0.747996 1.0837 0.283961
v -0.739874 1.08626 0.299404
v -0.743902 1.06927 0.295883
v -0.731839 1.07087 0.296544
v -0.737883 1.0726 0.278365
v -0.725246 1.06943 0.284583
v -0.747582 1.07706 0.303317
v -0.737585 1.07582 0.314047
v -0.734754 1.07671 0.29175
v -0.721624 1.07279 0.307179
v -0.741391 1.06504 0.284025
v -0.734601 1.0685 0.301124
v -0.727135 1.06895 0.275789
v -0.720366 1.06509 0.291977
v -0.733649 1.0802 0.293169
v -0.725161 1.08118 0.312958
v -0.713893 1.07992 0.289652
v -0.710452 1.08163 0.304017
v -0.747473 1.08441 0.307492
v -0.730782 1.08836 0.311345
v -0.738157 1.0898 0.286028
v -0.723042 1.09077 0.295459
v -0.746782 1.08556 0.272067
v -0.733407 1.09481 0.290102
v -0.734489 1.08815 0.265474
v -0.723669 1.09074 0.276961
v -0.74289 1.10139 0.292799
v -0.733832 1.10651 0.307516
v -0.735224 1.1033 0.280473
v -0.723859 1.10184 0.286086
v -0.759753 1.10167 0.275708
v -0.749289 1.09305 0.283321
v -0.756961 1.09923 0.259319
v -0.743507 1.09734 0.267917
v -0.757109 1.08598 0.301735
v -0.751026 1.09075 0.304935
v -0.75804 1.08516 0.28529
v -0.740419 1.08831 0.290195
v -0.731652 1.05339 0.295573
v -0.723578 1.0499 0.307736
v -0.716664 1.05145 0.285905
v -0.707596 1.05113 0.296296
v -0.743141 1.06117 0.30493
v -0.734264 1.0675 0.317733
v -0.732963 1.06163 0.295436
v -0.722891 1.06804 0.308418
v -0.729756 1.06957 0.286484
v -0.722975 1.07596 0.297491
v -0.727144 1.07161 0.271398
v -0.713022 1.07787 0.283629
v -0.735327 1.09511 0.299718
v -0.725743 1.09429 0.306412
v -0.722902 1.09922 0.282432
v -0.705848 1.0905 0.297002
v -0.742955 1.09953 0.302087
v -0.737611 1.09182 0.320981
v -0.726697 1.09408 0.295062
v -0.721968 1.08837 0.30627
v -0.745761 1.1049 0.29204
v -0.730496 1.11073 0.297235
v -0.727288 1.10268 0.270387
v -0.716612 1.1024 0.285322
v -0.751213 1.11242 0.286601
v -0.736455 1.10682 0.291664
v -0.744794 1.11255 0.267168
v -0.728997 1.11326 0.270076
v -0.770557 1.0954 0.295806
v -0.766162 1.09711 0.307585
v -0.7543 1.09873 0.285133
v -0.754217 1.1012 0.297621
v -0.759576 1.10585 0.292657
v -0.744036 1.10503 0.302645
v -0.751992 1.10945 0.281201
v -0.738167 1.10081 0.283814
v -0.750107 1.05938 0.302924
v -0.737024 1.06272 0.318451
v -0.73947 1.06415 0.296937
v -0.725858 1.06124 0.306007
v -0.72075 1.07237 0.307663
v -0.706663 1.07278 0.316974
v -0.714863 1.07941 0.29554
v -0.703551 1.07632 0.30292
v -0.732715 1.06669 0.303344
v -0.722008 1.06168 0.312436
v -0.721567 1.06356 0.292
v -0.715995 1.06581 0.297302
v -0.736344 1.07965 0.280138
v -0.735391 1.07937 0.298567
v -0.71876 1.07718 0.278922
v -0.714776 1.07911 0.287048
v -0.737469 1.0948 0.297536
v -0.725113 1.09499 0.315283
v -0.71702 1.08782 0.284323
v -0.713096 1.09006 0.307377
v -0.740365 1.08921 0.285083
v -0.716947 1.08233 0.296092
v -0.7309 1.0825 0.269502
v -0.715416 1.08594 0.282959
v -0.760011 1.08554 0.280065
v -0.749574 1.0839 0.286238
v -0.755256 1.08522 0.267489
v -0.737843 1.08601 0.280568
v -0.764049 1.10915 0.294177
v -0.753927 1.10038 0.31008
v -0.756134 1.10814 0.283838
v -0.743721 1.1017 0.295598
v -0.761657 1.09106 0.284273
v -0.753597 1.08552 0.291963
v -0.752404 1.08787 0.272937
v -0.742246 1.08272 0.288226
v -0.748089 1.05517 0.298652
v -0.743644 1.0631 0.306334
v -0.740529 1.05807 0.29011
v -0.732416 1.0625 0.30133
v -0.738021 1.07459 0.289559
v -0.726363 1.07548 0.293507
v -0.732137 1.07538 0.276196
v -0.721468 1.07218 0.281998
v -0.744703 1.06594 0.305447
v -0.740754 1.07531 0.315855
v -0.729245 1.063 0.299133
v -0.725444 1.07175 0.307075
v -0.753498 1.08972 0.276706
v -0.746649 1.08962 0.2924
v -0.734256 1.09419 0.274734
v -0.72663 1.08861 0.283213
v -0.747025 1.09906 0.288687
v -0.729848 1.11031 0.301522
v -0.738786 1.09911 0.272906
v -0.726746 1.1068 0.276876
v -0.754665 1.10276 0.270748
v -0.745737 1.09719 0.289145
v -0.742719 1.09636 0.264993
v -0.726172 1.09888 0.283351
v -0.769886 1.09288 0.277021
v -0.753732 1.09746 0.291287
v -0.764006 1.09423 0.262198
v -0.744911 1.09173 0.276627
v -0.753847 1.09036 0.284337
v -0.742634 1.0847 0.297514
v -0.740559 1.08631 0.274631
v -0.73237 1.08294 0.295297
v -0.76172 1.08067 0.288922
v -0.757251 1.0883 0.298253
v -0.756853 1.08564 0.275933
v -0.741813 1.08799 0.284485
v -0.728087 1.04 0.29747
v -0.723718 1.04214 0.310972
v -0.720252 1.04053 0.292611
v -0.713515 1.04395 0.304062
v -0.712577 1.05156 0.302028
v -0.703554 1.05912 0.310647
v -0.707004 1.05583 0.294321
v -0.696901 1.06042 0.305565
v -0.718301 1.06214 0.297794
v -0.711062 1.06143 0.317619
v -0.707083 1.06424 0.292422
v -0.699324 1.05921 0.314015
v -0.718133 1.04116 0.280296
v -0.70079 1.04864 0.295071
v -0.706851 1.04622 0.26871
v -0.695152 1.04626 0.271231
v -0.706684 1.06899 0.279598
v -0.692984 1.06525 0.289922
v -0.694194 1.06466 0.264022
v -0.683798 1.06544 0.27257
v -0.72442 1.05736 0.286785
v -0.714287 1.06361 0.295778
v -0.714341 1.06128 0.270126
v -0.699004 1.06412 0.291738
v -0.734399 1.08414 0.269503
v -0.720856 1.08158 0.283644
v -0.724515 1.08673 0.260209
v -0.712625 1.07957 0.265624
v -0.722794 1.0917 0.260754
v -0.710491 1.09418 0.273458
v -0.71613 1.09616 0.254098
v -0.706555 1.09457 0.260902
v -0.729898 1.02038 0.291437
v -0.728946 1.02232 0.306629
v -0.716033 1.02389 0.286633
v -0.714918 1.01918 0.303759
v -0.726013 1.03972 0.313614
v -0.716389 1.04008 0.326473
v -0.710466 1.04266 0.307462
v -0.701309 1.04311 0.318351
v -0.717696 1.04713 0.281331
v -0.701584 1.05172 0.29195
v -0.710742 1.04699 0.268651
v -0.693807 1.04646 0.281913
v -0.72384 1.04832 0.295514
v -0.710038 1.04172 0.311755
v -0.715961 1.04878 0.285558
v -0.696921 1.0457 0.291039
v -0.734604 1.07047 0.286799
v -0.722413 1.07115 0.298882
v -0.713644 1.07341 0.273768
v -0.705424 1.06792 0.288498
v -0.725724 1.06962 0.272725
v -0.719898 1.07432 0.28034
v -0.716004 1.07427 0.259409
v -0.700056 1.07521 0.266706
v -0.713176 1.07485 0.262305
v -0.705969 1.0707 0.277793
v -0.697291 1.07007 0.256998
v -0.68864 1.06659 0.266133
v -0.708417 1.09658 0.273814
v -0.698226 1.09394 0.28422
v -0.698632 1.09239 0.267262
v -0.685354 1.08867 0.273122
v -0.717214 1.03527 0.310929
v -0.708665 1.0407 0.324207
v -0.703971 1.04071 0.300032
v -0.696631 1.04324 0.310923
v -0.717847 1.03726 0.289754
v -0.710499 1.03239 0.302829
v -0.706973 1.03166 0.282239
v -0.702878 1.03337 0.295295
v -0.704713 1.04268 0.310097
v -0.698864 1.04687 0.318023
v -0.700942 1.04411 0.29616
v -0.68408 1.04508 0.306682
v -0.714812 1.04024 0.30025
v -0.699465 1.04101 0.309006
v -0.713786 1.0408 0.286944
v -0.694368 1.0408 0.291972
v -0.722057 1.0763 0.293245
v -0.705962 1.0675 0.305195
v -0.716755 1.0729 0.280184
v -0.702272 1.06614 0.286957
v -0.709896 1.07295 0.273303
v -0.688741 1.07857 0.286208
v -0.703068 1.07676 0.256715
v -0.681216 1.07349 0.271175
v -0.723863 1.08412 0.277316
v -0.713587 1.09186 0.287901
v -0.711403 1.08395 0.268567
v -0.700958 1.09174 0.282878
v -0.717125 1.07242 0.272045
v -0.713447 1.07362 0.288859
v -0.705881 1.07627 0.264646
v -0.696087 1.07493 0.279823
v -0.731997 1.03026 0.286143
v -0.725074 1.02852 0.29821
v -0.721015 1.03222 0.279074
v -0.710998 1.02638 0.295471
v -0.722249 1.04561 0.315037
v -0.716244 1.05097 0.319744
v -0.714647 1.04894 0.305761
v -0.707519 1.04916 0.311856
v -0.723181 1.04427 0.294536
v -0.724177 1.04207 0.307785
v -0.708817 1.04629 0.286928
v -0.701932 1.0455 0.30277
v -0.727686 1.04427 0.287378
v -0.714798 1.04938 0.291005
v -0.716607 1.04449 0.266094
v -0.700816 1.04297 0.275574
v -0.730373 1.05031 0.275177
v -0.717637 1.04753 0.285142
v -0.713238 1.0507 0.25789
v -0.696411 1.05195 0.277611
v -0.706365 1.0775 0.277871
v -0.699717 1.08077 0.296617
v -0.693731 1.08059 0.268929
v -0.686488 1.0823 0.278454
v -0.733451 1.08802 0.268105
v -0.720124 1.08212 0.284486
v -0.716846 1.08446 0.264801
v -0.7069 1.08585 0.277255
v -0.719845 1.09177 0.279284
v -0.705791 1.09074 0.28527
v -0.716301 1.09433 0.267534
v -0.699983 1.09296 0.277448
v -0.71698 1.04479 0.313717
v -0.704709 1.03858 0.315975
v -0.706526 1.04606 0.300054
v -0.695034 1.04049 0.308916
v -0.721379 1.02866 0.305714
v -0.708352 1.0296 0.314119
v -0.709766 1.02429 0.293367
v -0.699069 1.02754 0.297419
v -0.722905 1.04342 0.29304
v -0.714636 1.04521 0.303707
v -0.721701 1.03902 0.278284
v -0.706489 1.05124 0.287395
v -0.711587 1.05406 0.272745
v -0.703169 1.05459 0.294534
v -0.696896 1.0502 0.266347
v -0.68244 1.05094 0.28655
v -0.715349 1.06557 0.265521
v -0.694708 1.06673 0.281957
v -0.699743 1.06602 0.250293
v -0.684715 1.06539 0.263075
v -0.703213 1.07127 0.264844
v -0.701249 1.06515 0.283439
v -0.689542 1.07225 0.257948
v -0.677608 1.06176 0.271359
v -0.727078 1.08391 0.278883
v -0.710719 1.08952 0.286786
v -0.723179 1.09013 0.262566
v -0.70984 1.08659 0.270567
v -0.716158 1.0874 0.28349
v -0.711068 1.08933 0.293599
v -0.705939 1.08958 0.268463
v -0.696199 1.0867 0.279732
v -0.720412 1.03735 0.294043
v -0.711512 1.03201 0.300631
v -0.71543 1.03652 0.275844
v -0.701927 1.02893 0.284944
v -0.706368 1.03072 0.306539
v -0.703686 1.03618 0.320161
v -0.695123 1.03422 0.295995
v -0.690681 1.03948 0.311115
v -0.728833 1.05261 0.294571
v -0.714417 1.05691 0.304957
v -0.723241 1.05575 0.282315
v -0.708569 1.05867 0.296118
v -0.711549 1.04461 0.290164
v -0.695411 1.0448 0.302222
v -0.6979 1.0463 0.278051
v -0.68387 1.04648 0.285328
v -0.710455 1.0704 0.2792
v -0.692544 1.07178 0.286652
v -0.698112 1.06473 0.266309
v -0.677072 1.07109 0.272911
v -0.722139 1.0549 0.273563
v -0.708337 1.05055 0.282153
v -0.703666 1.05924 0.255876
v -0.690279 1.05578 0.269633
v -0.706392 1.07332 0.276938
v -0.698108 1.07418 0.29021
v -0.695815 1.06904 0.261994
v -0.687688 1.0727 0.278388
v -0.703872 1.0856 0.276863
v -0.696562 1.08239 0.291259
v -0.697599 1.08252 0.267332
v -0.688249 1.07858 0.27872
v -0.715123 1.04582 0.294499
v -0.703242 1.03965 0.304967
v -0.706038 1.04497 0.285378
v -0.692592 1.03724 0.293074
v -0.729005 1.05069 0.298354
v -0.716901 1.04662 0.302935
v -0.719217 1.04736 0.287055
v -0.709595 1.04663 0.290489
v -0.702322 1.0456 0.287203
v -0.695691 1.04943 0.302193
v -0.695044 1.04347 0.277349
v -0.685623 1.05074 0.287985
v -0.729334 1.0443 0.288023
v -0.717176 1.04035 0.309174
v -0.710795 1.04149 0.278277
v -0.697387 1.046 0.296129
v -0.72684 1.05313 0.2883
v -0.716982 1.06104 0.301699
v -0.714476 1.05967 0.273574
v -0.697914 1.05878 0.285295
v -0.729997 1.0764 0.279252
v -0.721341 1.06955 0.294285
v -0.711226 1.07546 0.270141
v -0.702882 1.07144 0.281472
v -0.709205 1.07818 0.265016
v -0.699506 1.07521 0.279779
v -0.691249 1.08157 0.261307
v -0.681824 1.07973 0.26978
v -0.723822 1.09315 0.264594
v -0.720436 1.09166 0.282179
v -0.708927 1.09303 0.263436
v -0.708233 1.09526 0.272858
v -0.716415 1.03427 0.311508
v -0.706812 1.03378 0.319221
v -0.702823 1.03548 0.305701
v -0.691327 1.03451 0.310608
v -0.726513 1.04188 0.308905
v -0.720555 1.04456 0.324031
v -0.720472 1.0446 0.298718
v -0.710436 1.04473 0.309264
v -0.710699 1.0656 0.283128
v -0.702252 1.06152 0.297891
v -0.696262 1.06371 0.278068
v -0.691415 1.05668 0.286096
v -0.712443 1.05432 0.296684
v -0.704801 1.04782 0.306924
v -0.695251 1.05607 0.284284
v -0.688778 1.05086 0.301589
v -0.724443 1.06939 0.291025
v -0.71658 1.06662 0.3049
v -0.718339 1.07349 0.277476
v -0.703326 1.06431 0.286994
v -0.715247 1.07956 0.288923
v -0.699906 1.07823 0.295893
v -0.699799 1.07407 0.27595
v -0.68505 1.08093 0.282284
v -0.71266 1.08064 0.293892
v -0.699921 1.07459 0.298205
v -0.70589 1.08284 0.279633
v -0.699002 1.0776 0.286943
v -0.723281 1.09254 0.281931
v -0.704766 1.09271 0.289135
v -0.718035 1.09397 0.267191
v -0.702726 1.09611 0.271285
v -0.711756 1.03219 0.310561
v -0.698505 1.03573 0.317313
v -0.699809 1.03033 0.294851
v -0.687175 1.03484 0.307835
v -0.7166 1.05097 0.286682
v -0.715035 1.04995 0.298659
v -0.704108 1.04751 0.277329
v -0.698814 1.04875 0.289097
v -0.711442 1.05566 0.306587
v -0.693854 1.0566 0.318728
v -0.694931 1.06031 0.297971
v -0.682554 1.05454 0.308473
v -0.707442 1.0509 0.28945
v -0.700095 1.05136 0.303694
v -0.690215 1.05041 0.27952
v -0.684704 1.05026 0.29344
v -0.715757 1.05729 0.291202
v -0.694668 1.05232 0.303771
v -0.705227 1.0492 0.27206
v -0.685085 1.05301 0.285756
v -0.724135 1.06317 0.27499
v -0.720697 1.05731 0.296749
v -0.705801 1.05818 0.269523
v -0.701733 1.05407 0.288973
v -0.720909 1.06992 0.292875
v -0.710693 1.06803 0.299245
v -0.715238 1.07595 0.275694
v -0.699645 1.06865 0.281007
v -0.708349 1.07384 0.274347
v -0.700632 1.07392 0.287314
v -0.691736 1.07627 0.262996
v -0.68681 1.07841 0.28134
v -0.7167 1.0183 0.301625
v -0.704764 1.02145 0.316271
v -0.705323 1.02344 0.293556
v -0.696752 1.01599 0.306265
v -0.712157 1.03475 0.286477
v -0.709485 1.03764 0.297879
v -0.704195 1.03832 0.276895
v -0.692732 1.03268 0.292048
v -0.724221 1.05176 0.285458
v -0.718779 1.04285 0.297716
v -0.714361 1.04698 0.273585
v -0.706823 1.04878 0.286573
v -0.709437 1.0527 0.281029
v -0.700117 1.04824 0.302761
v -0.692592 1.05421 0.278406
v -0.678118 1.04479 0.291379
v -0.729295 1.05683 0.27577
v -0.712026 1.06278 0.27908
v -0.716913 1.06327 0.254591
v -0.702777 1.06122 0.267807
v -0.725 1.07035 0.260872
v -0.708169 1.07038 0.273066
v -0.712071 1.07629 0.251122
v -0.696483 1.06988 0.267505
v -0.720148 1.05877 0.272214
v -0.711001 1.06295 0.280717
v -0.714371 1.06223 0.263619
v -0.69979 1.06219 0.268087
v -0.704721 1.0805 0.256287
v -0.697259 1.07814 0.268576
v -0.691912 1.08092 0.250548
v -0.683631 1.07356 0.262186
v -0.72234 1.05886 0.290639
v -0.708513 1.05962 0.296891
v -0.710989 1.05387 0.279455
v -0.70402 1.05501 0.285213
v -0.717854 1.0454 0.318635
v -0.698496 1.04518 0.325869
v -0.707102 1.04846 0.304579
v -0.698965 1.04175 0.310312
v -0.711552 1.07013 0.311671
v -0.697412 1.06618 0.317723
v -0.702866 1.07017 0.298708
v -0.68978 1.07099 0.30854
v -0.723966 1.06129 0.295958
v -0.712924 1.06029 0.312739
v -0.707414 1.0617 0.290639
v -0.69325 1.05955 0.306446
v -0.717567 1.05428 0.308942
v -0.704693 1.05036 0.325401
v -0.693832 1.05077 0.301625
v -0.683173 1.05216 0.318684
v -0.725735 1.06712 0.332353
v -0.712008 1.06526 0.340813
v -0.717602 1.06705 0.32283
v -0.703705 1.05912 0.326227
v -0.73226 1.08293 0.333522
v -0.723089 1.08483 0.339939
v -0.725562 1.08147 0.320243
v -0.714432 1.08318 0.33453
v -0.708861 1.03572 0.304574
v -0.703237 1.04193 0.312423
v -0.694757 1.04106 0.296707
v -0.685458 1.03866 0.309688
v -0.722934 1.05967 0.316268
v -0.716426 1.06067 0.323067
v -0.712942 1.05683 0.307035
v -0.701246 1.05668 0.312863
v -0.736005 1.05122 0.308175
v -0.715272 1.05389 0.316858
v -0.721836 1.05353 0.288043
v -0.712569 1.05037 0.300388
v -0.72321 1.07038 0.316578
v -0.710394 1.07799 0.33148
v -0.702132 1.07302 0.305501
v -0.696468 1.0738 0.316003
v -0.730026 1.05122 0.3331
v -0.709693 1.05057 0.342828
v -0.715778 1.05828 0.312421
v -0.706732 1.04919 0.325865
v -0.737134 1.05783 0.314408
v -0.727196 1.05443 0.331174
v -0.732661 1.06087 0.301749
v -0.717247 1.05076 0.309658
v -0.732782 1.08646 0.319498
v -0.723571 1.0818 0.322902
v -0.728336 1.09037 0.306311
v -0.715006 1.08733 0.31231
v -0.720734 1.05037 0.28217
v -0.717563 1.04826 0.293781
v -0.710356 1.05221 0.277125
v -0.706759 1.04863 0.290266
v -0.706271 1.05252 0.288696
v -0.70025 1.05726 0.305354
v -0.69879 1.05751 0.281472
v -0.68983 1.05452 0.293803
v -0.733249 1.06477 0.318603
v -0.719536 1.06369 0.328067
v -0.721666 1.06019 0.303276
v -0.706858 1.06836 0.312049
v -0.731444 1.0442 0.316374
v -0.72304 1.05254 0.322051
v -0.717488 1.04231 0.299245
v -0.706585 1.05411 0.309853
v -0.725319 1.07849 0.321065
v -0.704385 1.07004 0.322112
v -0.721397 1.07329 0.296208
v -0.696767 1.07318 0.308926
v -0.720988 1.06267 0.30675
v -0.712669 1.05664 0.321665
v -0.715508 1.06365 0.297465
v -0.70347 1.05504 0.305813
v -0.730818 1.08561 0.316074
v -0.714625 1.08248 0.319262
v -0.724281 1.08528 0.301847
v -0.712811 1.08196 0.310494
v -0.726432 1.04671 0.287526
v -0.710747 1.04153 0.296789
v -0.716865 1.04554 0.276561
v -0.701143 1.04673 0.286084
v -0.704677 1.04642 0.310678
v -0.698088 1.04891 0.321137
v -0.694271 1.04675 0.306259
v -0.683094 1.04956 0.314886
v -0.713552 1.06217 0.326263
v -0.694821 1.0574 0.331731
v -0.702554 1.06845 0.308631
v -0.691267 1.06148 0.319306
v -0.727293 1.06882 0.305006
v -0.718907 1.07624 0.319671
v -0.712878 1.06992 0.288704
v -0.695639 1.07219 0.304669
v -0.73291 1.06033 0.336886
v -0.715935 1.06139 0.345982
v -0.718036 1.05379 0.316968
v -0.70816 1.06081 0.324803
v -0.723936 1.04835 0.32009
v -0.720753 1.05995 0.334679
v -0.70814 1.04937 0.316682
v -0.703935 1.05379 0.328246
v -0.727435 1.06303 0.329084
v -0.719451 1.05701 0.33735
v -0.72128 1.06414 0.318388
v -0.70701 1.06266 0.328149
v -0.705515 1.05128 0.308791
v -0.695775 1.05046 0.317853
v -0.700831 1.05649 0.295846
v -0.688922 1.05679 0.305506
v -0.724655 1.05622 0.298309
v -0.720726 1.05523 0.307775
v -0.716589 1.0547 0.29406
v -0.708785 1.06086 0.303014
v -0.728986 1.04721 0.31099
v -0.720847 1.04404 0.316431
v -0.722371 1.04626 0.293987
v -0.70592 1.04835 0.309251
v -0.718355 1.04414 0.309594
v -0.700819 1.05588 0.3188
v -0.714264 1.04509 0.288752
v -0.699982 1.05258 0.302282
v -0.73248 1.06778 0.319651
v -0.720357 1.07061 0.327597
v -0.729776 1.06993 0.29512
v -0.714032 1.07037 0.307794
v -0.741691 1.06017 0.303207
v -0.726401 1.05524 0.317293
v -0.72611 1.06274 0.29375
v -0.716095 1.06005 0.307521
v -0.737589 1.08899 0.326782
v -0.723907 1.08369 0.338774
v -0.726494 1.09006 0.32235
v -0.716049 1.08803 0.329328
v -0.725667 1.04852 0.305044
v -0.711912 1.04954 0.315112
v -0.712627 1.05083 0.294996
v -0.70487 1.04723 0.309916
v -0.724678 1.05182 0.317723
v -0.712895 1.05088 0.326102
v -0.716678 1.04682 0.300934
v -0.707088 1.04793 0.309539
v -0.711471 1.05889 0.321398
v -0.700535 1.05611 0.333617
v -0.699019 1.05724 0.31186
v -0.690162 1.05556 0.322509
v -0.737601 1.04588 0.301774
v -0.721942 1.04934 0.314857
v -0.722296 1.05226 0.288207
v -0.712964 1.05317 0.302917
v -0.730939 1.06282 0.332157
v -0.72144 1.06349 0.342944
v -0.716796 1.06143 0.313826
v -0.703093 1.06374 0.332956
v -0.719089 1.07904 0.322255
v -0.701279 1.07767 0.332898
v -0.708263 1.07212 0.303915
v -0.699386 1.07476 0.31765
v -0.72532 1.08517 0.321515
v -0.708589 1.08619 0.330878
v -0.715068 1.08479 0.310457
v -0.702409 1.0837 0.312191
v -0.718415 1.03765 0.298252
v -0.711448 1.03594 0.315441
v -0.70698 1.03246 0.291844
v -0.695013 1.03706 0.304343
v -0.70109 1.04695 0.30975
v -0.69932 1.04348 0.323392
v -0.693936 1.04658 0.302916
v -0.682282 1.04513 0.315901
v -0.714826 1.04143 0.306781
v -0.701714 1.04296 0.31755
v -0.707779 1.04192 0.286962
v -0.694474 1.04103 0.297942
v -0.731928 1.06958 0.304408
v -0.709669 1.05988 0.311994
v -0.722691 1.0688 0.290251
v -0.706267 1.06603 0.29682
v -0.710365 1.06865 0.317326
v -0.694271 1.0694 0.331684
v -0.697639 1.06423 0.300745
v -0.689206 1.06614 0.312367
v -0.736654 1.05482 0.313314
v -0.732976 1.0541 0.327496
v -0.729068 1.05911 0.298284
v -0.717815 1.05741 0.311971
v -0.749409 1.06868 0.323825
v -0.73642 1.07161 0.334973
v -0.735161 1.06994 0.310485
v -0.728079 1.06707 0.320605
v -0.70505 1.03972 0.28824
v -0.695429 1.03766 0.30265
v -0.695186 1.03931 0.278403
v -0.686645 1.03749 0.288
v -0.716949 1.05845 0.299775
v -0.705339 1.06304 0.301475
v -0.706554 1.06024 0.282313
v -0.694743 1.06417 0.287235
v -0.725099 1.06583 0.322207
v -0.717073 1.06553 0.332586
v -0.717554 1.06616 0.309471
v -0.70339 1.0664 0.313315
v -0.722236 1.06845 0.302473
v -0.714031 1.06695 0.316664
v -0.708539 1.06503 0.28602
v -0.701883 1.06225 0.300895
v -0.721539 1.05333 0.313951
v -0.710666 1.04579 0.331213
v -0.706612 1.05219 0.302078
v -0.693417 1.04572 0.321611
v -0.739447 1.05301 0.328682
v -0.726365 1.06106 0.342977
v -0.723546 1.05136 0.311268
v -0.714026 1.06353 0.326902
v -0.725365 1.08133 0.337999
v -0.7086 1.07887 0.344354
v -0.712924 1.08155 0.322707
v -0.703869 1.08174 0.331996
v -0.71701 1.03796 0.305305
v -0.705167 1.03622 0.311313
v -0.713638 1.03859 0.293559
v -0.700538 1.03968 0.304335
v -0.711869 1.06786 0.297961
v -0.704404 1.06216 0.304422
v -0.695108 1.07067 0.290422
v -0.693131 1.06361 0.304232
v -0.733733 1.04972 0.323016
v -0.716379 1.05388 0.328785
v -0.726837 1.04951 0.303226
v -0.712464 1.0574 0.317076
v -0.740958 1.0516 0.316065
v -0.718507 1.05071 0.329848
v -0.719273 1.05087 0.301121
v -0.706967 1.04748 0.316865
v -0.722096 1.04975 0.314526
v -0.713742 1.04365 0.327551
v -0.706094 1.05326 0.298568
v -0.692142 1.04252 0.315156
v -0.740438 1.05041 0.317121
v -0.731386 1.06159 0.327979
v -0.7256 1.05478 0.308334
v -0.714259 1.05352 0.319935
v -0.732414 1.07671 0.338417
v -0.723639 1.08215 0.34608
v -0.721119 1.08045 0.324318
v -0.713094 1.07685 0.337495
v -0.698546 1.04555 0.294706
v -0.696171 1.0444 0.306682
v -0.690531 1.04448 0.281759
v -0.684257 1.04526 0.297937
v -0.716961 1.06502 0.30899
v -0.704655 1.06398 0.319663
v -0.703053 1.06301 0.304185
v -0.696541 1.05976 0.315966
v -0.725556 1.04535 0.29431
v -0.717086 1.05097 0.314883
v -0.709371 1.04447 0.286874
v -0.702215 1.04413 0.305833
v -0.722451 1.05688 0.298011
v -0.710562 1.06567 0.313609
v -0.710245 1.0592 0.279943
v -0.700303 1.06857 0.300899
v -0.73287 1.06507 0.31193
v -0.721526 1.06587 0.324051
v -0.723187 1.06326 0.287748
v -0.710686 1.06354 0.306929
v -0.727568 1.07214 0.300718
v -0.711254 1.07188 0.316846
v -0.712657 1.07383 0.293419
v -0.701233 1.06882 0.313064
v -0.724679 1.06541 0.317821
v -0.714838 1.06359 0.326319
v -0.718447 1.06753 0.306633
v -0.704165 1.06187 0.313098
v -0.721866 1.03258 0.316608
v -0.709448 1.0423 0.325703
v -0.716758 1.03707 0.307619
v -0.703924 1.0367 0.312792
v -0.732464 1.04526 0.31171
v -0.720169 1.05 0.316566
v -0.728319 1.04685 0.296668
v -0.715683 1.04507 0.306804
v -0.721295 1.03764 0.31634
v -0.711048 1.04573 0.333875
v -0.701405 1.03706 0.308803
v -0.694886 1.04452 0.325912
v -0.720003 1.05113 0.313706
v -0.707251 1.05041 0.337283
v -0.697856 1.05681 0.308608
v -0.690828 1.05428 0.319692
v -0.713941 1.07919 0.323193
v -0.70027 1.08174 0.326769
v -0.707518 1.08235 0.306037
v -0.688851 1.08008 0.315823
v -0.726227 1.075 0.312523
v -0.714501 1.07294 0.323084
v -0.711261 1.07594 0.299884
v -0.707364 1.0705 0.311904
v -0.713188 1.03229 0.315122
v -0.699153 1.03088 0.321586
v -0.705314 1.03587 0.303779
v -0.690599 1.03529 0.314245
v -0.731289 1.05667 0.297904
v -0.719198 1.05019 0.31398
v -0.717396 1.05331 0.29388
v -0.708416 1.05459 0.299969
v -0.724252 1.06116 0.314467
v -0.712514 1.06 0.327071
v -0.702093 1.0604 0.298981
v -0.690909 1.06021 0.316224
v -0.713606 1.07191 0.32382
v -0.700503 1.07053 0.337815
v -0.707847 1.07571 0.31256
v -0.69163 1.06409 0.321686
v -0.729977 1.07028 0.311247
v -0.713163 1.06474 0.317725
v -0.722853 1.06929 0.297175
v -0.709901 1.06488 0.310661
v -0.720356 1.07678 0.311014
v -0.71176 1.07745 0.321592
v -0.705816 1.08006 0.305998
v -0.700438 1.07738 0.316867
v -0.722453 1.04534 0.317559
v -0.714928 1.04475 0.320002
v -0.719721 1.04445 0.299762
v -0.706687 1.04549 0.306182
v -0.721593 1.04899 0.300835
v -0.710404 1.0429 0.304626
v -0.713225 1.05192 0.287068
v -0.704091 1.04379 0.292648
v -0.713727 1.05706 0.31494
v -0.707609 1.05768 0.322876
v -0.702293 1.06057 0.29523
v -0.694067 1.05826 0.306882
v -0.737448 1.07418 0.312269
v -0.719222 1.07034 0.324709
v -0.728333 1.06747 0.301762
v -0.712478 1.07135 0.317573
v -0.724301 1.08599 0.325055
v -0.711229 1.07843 0.341462
v -0.709002 1.08802 0.317006
v -0.702617 1.08119 0.327215
v -0.731384 1.06284 0.314331
v -0.721174 1.05828 0.323419
v -0.726516 1.05852 0.30553
v -0.710367 1.05847 0.313958
v -0.720004 1.03114 0.291642
v -0.711366 1.0259 0.300793
v -0.708842 1.029 0.280029
v -0.700584 1.02752 0.292938
v -0.730763 1.04554 0.299025
v -0.715298 1.04378 0.30213
v -0.725093 1.04261 0.28402
v -0.709742 1.04163 0.294404
v -0.7361 1.03794 0.314273
v -0.726597 1.04471 0.32804
v -0.725889 1.03604 0.297547
v -0.71495 1.04464 0.31421
v -0.734258 1.06613 0.334404
v -0.721059 1.07163 0.340205
v -0.729569 1.0699 0.318213
v -0.709955 1.06878 0.316163
v -0.727574 1.07456 0.316728
v -0.716838 1.0792 0.323477
v -0.723062 1.07553 0.304988
v -0.710732 1.0777 0.313032
v -0.718306 1.05779 0.31837
v -0.710198 1.06175 0.331544
v -0.710965 1.05202 0.308102
v -0.698911 1.05587 0.319847
v -0.709371 1.03545 0.296132
v -0.70202 1.03137 0.30316
v -0.701595 1.02948 0.284335
v -0.692367 1.02696 0.292284
v -0.716856 1.05297 0.319239
v -0.705899 1.05652 0.32609
v -0.710585 1.04891 0.303564
v -0.696782 1.05636 0.314672
v -0.733039 1.05551 0.299354
v -0.724211 1.05422 0.314016
v -0.71751 1.05146 0.293334
v -0.712589 1.04992 0.30703
v -0.733775 1.05866 0.325065
v -0.719062 1.05914 0.347004
v -0.714705 1.05558 0.314531
v -0.708175 1.05476 0.337188
v -0.732718 1.08318 0.326846
v -0.718377 1.07659 0.335747
v -0.718821 1.08347 0.316485
v -0.711097 1.07799 0.328901
v -0.717199 1.06418 0.329773
v -0.709207 1.0593 0.34163
v -0.700952 1.06132 0.319907
v -0.696832 1.06412 0.329184
v -0.709381 1.02656 0.292037
v -0.704665 1.02795 0.302303
v -0.695396 1.02802 0.28815
v -0.692764 1.02607 0.299057
v -0.71699 1.05359 0.299979
v -0.707664 1.05381 0.307672
v -0.705289 1.04966 0.288689
v -0.692562 1.05435 0.30517
v -0.734369 1.06797 0.302854
v -0.721415 1.06004 0.324321
v -0.715598 1.06222 0.292086
v -0.707397 1.06031 0.305592
v -0.716009 1.06519 0.322568
v -0.701371 1.06889 0.334647
v -0.708877 1.06688 0.312699
v -0.68928 1.06337 0.313846
v -0.715328 1.05646 0.329177
v -0.705864 1.052 0.329809
v -0.71032 1.05624 0.310439
v -0.699249 1.05496 0.322293
v -0.726371 1.08229 0.321004
v -0.719765 1.08429 0.326302
v -0.715549 1.07886 0.310199
v -0.707627 1.08125 0.317699
v -0.708771 1.04365 0.307573
v -0.701884 1.04651 0.318391
v -0.701026 1.04135 0.303595
v -0.693318 1.04773 0.311035
v -0.717837 1.03729 0.294536
v -0.712036 1.03387 0.309618
v -0.700842 1.03814 0.289476
v -0.694242 1.03297 0.299458
v -0.736935 1.0443 0.326892
v -0.722849 1.05018 0.34126
v -0.722458 1.04135 0.315994
v -0.706199 1.04833 0.332016
v -0.716565 1.05271 0.321692
v -0.710994 1.05142 0.338079
v -0.708091 1.04813 0.311314
v -0.694186 1.05352 0.323552
v -0.723692 1.0571 0.33681
v -0.713557 1.05818 0.341594
v -0.716366 1.05894 0.318575
v -0.706527 1.06187 0.328504
v -0.724132 1.06489 0.335338
v -0.710648 1.06568 0.344696
v -0.713103 1.06022 0.323237
v -0.702357 1.06235 0.339621
v -0.714268 1.04934 0.298857
v -0.698 1.05258 0.30944
v -0.70439 1.0473 0.286635
v -0.693878 1.05204 0.299555
v -0.71553 1.03681 0.298378
v -0.70539 1.03839 0.309669
v -0.703732 1.04281 0.287584
v -0.689396 1.0361 0.297487
v -0.728707 1.03491 0.304549
v -0.721486 1.04123 0.322228
v -0.720532 1.04193 0.292437
v -0.70301 1.04201 0.30263
v -0.732236 1.06459 0.325807
v -0.716432 1.06529 0.341701
v -0.71479 1.05992 0.316464
v -0.700548 1.06508 0.336774
v -0.734393 1.07055 0.322061
v -0.726818 1.06485 0.333794
v -0.722952 1.07245 0.307939
v -0.716166 1.06475 0.324916
v -0.738575 1.07125 0.332154
v -0.726473 1.07263 0.339057
v -0.727039 1.07392 0.317839
v -0.718235 1.07682 0.331301
v -0.702732 1.04129 0.306477
v -0.692485 1.03739 0.314965
v -0.697064 1.03929 0.297292
v -0.681234 1.03385 0.300264
v -0.72895 1.03977 0.295808
v -0.723195 1.04295 0.302862
v -0.722148 1.03823 0.285318
v -0.70989 1.04275 0.296107
v -0.733233 1.06221 0.308906
v -0.722715 1.05748 0.31416
v -0.724746 1.0604 0.295339
v -0.714755 1.05566 0.304589
v -0.728418 1.05385 0.307934
v -0.709208 1.05233 0.317918
v -0.706322 1.04856 0.294028
v -0.699813 1.05116 0.305048
v -0.725396 1.05495 0.328144
v -0.713998 1.06102 0.339549
v -0.716254 1.05499 0.31561
v -0.703474 1.06106 0.329443
v -0.712475 1.06994 0.325179
v -0.700204 1.07282 0.335572
v -0.701178 1.06988 0.319872
v -0.692754 1.07406 0.329897
v -0.709601 1.03061 0.294772
v -0.702126 1.02914 0.305744
v -0.697392 1.02869 0.285196
v -0.687392 1.0307 0.29525
v -0.716884 1.03291 0.308614
v -0.707638 1.03021 0.314029
v -0.707444 1.02782 0.294302
v -0.69543 1.03077 0.303283
v -0.737836 1.04001 0.320368
v -0.727051 1.04534 0.333116
v -0.724441 1.03974 0.312871
v -0.712243 1.03949 0.320867
v -0.734311 1.06317 0.314319
v -0.718284 1.06016 0.320655
v -0.733109 1.06468 0.295818
v -0.710652 1.06684 0.301608
v -0.736626 1.06529 0.331422
v -0.7187 1.06869 0.338372
v -0.727789 1.07166 0.318462
v -0.712993 1.07076 0.320027
v -0.711752 1.06658 0.328929
v -0.702606 1.06215 0.33972
v -0.703501 1.06194 0.318052
v -0.692577 1.06035 0.333722
v -0.72802 1.04236 0.29785
v -0.710143 1.04019 0.298231
v -0.719382 1.03907 0.283046
v -0.707806 1.04067 0.291308
v -0.721849 1.05677 0.305931
v -0.717554 1.06414 0.317786
v -0.712031 1.05565 0.295097
v -0.703213 1.06055 0.309544
v -0.736654 1.05941 0.294532
v -0.722388 1.05734 0.307432
v -0.721621 1.05672 0.28679
v -0.708452 1.05737 0.291726
v -0.727015 1.06636 0.304116
v -0.71028 1.06426 0.312291
v -0.71584 1.07291 0.289724
v -0.704086 1.0644 0.3059
v -0.731614 1.04915 0.305454
v -0.719478 1.04826 0.313284
v -0.719788 1.05041 0.298012
v -0.713767 1.05049 0.302997
v -0.710465 1.0404 0.298232
v -0.699487 1.04364 0.302715
v -0.699943 1.04036 0.286181
v -0.689968 1.04272 0.293274
v -0.7349 1.04747 0.316927
v -0.716737 1.04613 0.327012
v -0.724124 1.04617 0.307615
v -0.707927 1.04691 0.316828
v -0.73639 1.05001 0.306989
v -0.720263 1.04423 0.310623
v -0.727265 1.04914 0.284861
v -0.714442 1.04423 0.301493
v -0.734288 1.0445 0.311232
v -0.715624 1.04716 0.321054
v -0.724446 1.04327 0.295558
v -0.70901 1.04441 0.304944
v -0.725564 1.05304 0.310795
v -0.720639 1.0538 0.323915
v -0.715579 1.05005 0.302708
v -0.709178 1.04982 0.317574
v -0.707847 1.03105 0.296673
v -0.697735 1.03028 0.302259
v -0.696381 1.0323 0.28538
v -0.688551 1.0346 0.296946
v -0.707874 1.0449 0.292785
v -0.700758 1.0486 0.312068
v -0.695385 1.04319 0.281696
v -0.685357 1.05503 0.298689
v -0.718391 1.0411 0.299365
v -0.713951 1.0407 0.310545
v -0.70531 1.03548 0.288108
v -0.697864 1.04743 0.298597
v -0.71501 1.06144 0.302307
v -0.698715 1.06061 0.304045
v -0.711579 1.06326 0.278767
v -0.698221 1.06058 0.291527
v -0.715526 1.04437 0.298665
v -0.701706 1.04921 0.306396
v -0.708464 1.04691 0.282143
v -0.698356 1.04907 0.293066
v -0.727014 1.04845 0.302038
v -0.710592 1.04797 0.303375
v -0.720125 1.04759 0.286169
v -0.70319 1.04674 0.296226
v -0.727274 1.05899 0.30561
v -0.71671 1.06089 0.316256
v -0.722389 1.06154 0.294832
v -0.707391 1.05955 0.307088
v -0.730749 1.04421 0.300156
v -0.721366 1.04593 0.311895
v -0.725587 1.04155 0.282955
v -0.713686 1.04541 0.290364
v -0.736073 1.04989 0.309797
v -0.72298 1.05185 0.323112
v -0.726467 1.0558 0.301717
v -0.714068 1.05871 0.312341
v -0.70843 1.06375 0.306856
v -0.704584 1.06147 0.319873
v -0.701401 1.06417 0.298832
v -0.688038 1.0643 0.315192
v -0.720409 1.04111 0.312169
v -0.714634 1.04041 0.324313
v -0.703907 1.0428 0.309479
v -0.70029 1.03961 0.321865
v -0.709343 1.05704 0.298573
v -0.697253 1.05136 0.310454
v -0.696432 1.04989 0.288447
v -0.683415 1.05437 0.302146
v -0.723697 1.03477 0.315854
v -0.714543 1.03994 0.330739
v -0.709915 1.03877 0.29583
v -0.700894 1.04145 0.31367
v -0.739986 1.05476 0.310418
v -0.724375 1.05815 0.312477
v -0.73007 1.06141 0.289923
v -0.717109 1.06367 0.30321
v -0.72791 1.06533 0.309185
v -0.716405 1.06417 0.315972
v -0.726338 1.06624 0.301267
v -0.713511 1.06836 0.307585
v -0.716911 1.05021 0.308854
v -0.713292 1.049 0.324724
v -0.707622 1.05057 0.300662
v -0.702702 1.04721 0.31531
v -0.72028 1.03642 0.30108
v -0.707955 1.04489 0.302874
v -0.711096 1.04076 0.280726
v -0.703417 1.0432 0.28978
v -0.721026 1.05397 0.315297
v -0.70547 1.04858 0.326792
v -0.69812 1.05845 0.304228
v -0.694334 1.05111 0.319647
v -0.737117 1.05356 0.291311
v -0.720278 1.05899 0.303602
v -0.723738 1.05088 0.275583
v -0.708464 1.05725 0.292496
v -0.71727 1.07096 0.293141
v -0.712535 1.07281 0.302137
v -0.705482 1.06582 0.28419
v -0.703407 1.07307 0.299908
v -0.712641 1.04738 0.307783
v -0.705717 1.0479 0.317932
v -0.707448 1.04827 0.301329
v -0.698172 1.04834 0.310419
v -0.709683 1.04045 0.317939
v -0.697268 1.03659 0.330341
v -0.695493 1.04482 0.305075
v -0.688948 1.04222 0.318253
v -0.720117 1.04317 0.301932
v -0.703014 1.05529 0.310836
v -0.706146 1.04845 0.289483
v -0.690522 1.05382 0.289651
v -0.712734 1.04509 0.29205
v -0.708142 1.05051 0.310335
v -0.705896 1.04377 0.285173
v -0.696565 1.04606 0.296103
v -0.729793 1.04631 0.299424
v -0.717157 1.04475 0.311536
v -0.712498 1.04493 0.293352
v -0.705229 1.04416 0.302711
v -0.721418 1.02424 0.292071
v -0.706637 1.02774 0.30363
v -0.70516 1.02233 0.285439
v -0.695786 1.02725 0.294023
v -0.717255 1.03661 0.302785
v -0.708517 1.04324 0.310674
v -0.706065 1.03607 0.283544
v -0.694879 1.03536 0.295811
v -0.711692 1.05702 0.299186
v -0.702156 1.05051 0.318596
v -0.699105 1.05675 0.284573
v -0.685542 1.04668 0.306689
v -0.713968 1.06063 0.290083
v -0.710081 1.0551 0.302594
v -0.706224 1.05788 0.284227
v -0.69799 1.0561 0.295983
v -0.710325 1.06653 0.317514
v -0.69575 1.05808 0.323958
v -0.706322 1.06491 0.302181
v -0.691758 1.05746 0.30648
v -0.705539 1.04946 0.291667
v -0.699274 1.04513 0.304578
v -0.694769 1.0444 0.288859
v -0.69002 1.04478 0.30351
v -0.730236 1.05483 0.306191
v -0.727989 1.05589 0.3212
v -0.714108 1.06253 0.300403
v -0.704767 1.05246 0.312024
v -0.725163 1.03888 0.310583
v -0.717359 1.03932 0.329373
v -0.713743 1.04031 0.302477
v -0.702659 1.04436 0.31975
v -0.738327 1.0514 0.313799
v -0.725548 1.05084 0.319399
v -0.73141 1.05159 0.299939
v -0.713657 1.0499 0.308817
v -0.727668 1.05783 0.310605
v -0.726341 1.05845 0.325432
v -0.71361 1.0593 0.302962
v -0.710024 1.06233 0.315533
v -0.705099 1.04298 0.297523
v -0.697702 1.04864 0.305837
v -0.697958 1.04195 0.287467
v -0.685927 1.04765 0.297384
v -0.713536 1.03599 0.311416
v -0.701089 1.04087 0.315036
v -0.710413 1.03264 0.291505
v -0.68845 1.04057 0.300768
v -0.740875 1.05491 0.318577
v -0.725381 1.05693 0.327857
v -0.72503 1.05066 0.302876
v -0.705379 1.0559 0.315346
v -0.739343 1.06229 0.303121
v -0.731728 1.06298 0.320971
v -0.721145 1.05738 0.30039
v -0.71103 1.05724 0.315308
v -0.730989 1.06564 0.30831
v -0.722713 1.05944 0.313884
v -0.729269 1.06056 0.296667
v -0.716427 1.06283 0.298971
v -0.710411 1.06235 0.293861
v -0.70221 1.06154 0.308785
v -0.701801 1.06202 0.28332
v -0.68944 1.06498 0.297887
v -0.718007 1.06215 0.303626
v -0.707603 1.06467 0.305909
v -0.714238 1.06847 0.287783
v -0.700402 1.06138 0.291193
v -0.713242 1.06148 0.288255
v -0.69677 1.06039 0.303017
v -0.696069 1.05582 0.275879
v -0.683493 1.05968 0.290156
v -0.692071 1.05642 0.285881
v -0.690246 1.05426 0.295132
v -0.679874 1.05393 0.276832
v -0.677165 1.05391 0.290079
v -0.702393 1.04199 0.307375
v -0.696644 1.04971 0.315413
v -0.696547 1.04156 0.296975
v -0.688162 1.0444 0.310365
v -0.717342 1.06617 0.294958
v -0.700917 1.06292 0.300207
v -0.708984 1.06708 0.279086
v -0.695125 1.06393 0.285101
v -0.699273 1.05138 0.2866
v -0.685975 1.05264 0.301461
v -0.687311 1.05136 0.274136
v -0.666341 1.05848 0.289823
v -0.686286 1.0527 0.29233
v -0.674023 1.05359 0.297373
v -0.680927 1.04854 0.284388
v -0.666013 1.0547 0.284363
v -0.72205 1.03789 0.299885
v -0.706401 1.03493 0.306658
v -0.717411 1.03696 0.286723
v -0.70482 1.03833 0.293787
v -0.701414 1.04542 0.298389
v -0.686077 1.04532 0.310205
v -0.690928 1.04388 0.292277
v -0.678364 1.0445 0.301158
v -0.697552 1.05246 0.284289
v -0.691686 1.05481 0.302669
v -0.687381 1.05844 0.274022
v -0.66913 1.05275 0.29027
v -0.700096 1.05094 0.306598
v -0.690471 1.04728 0.310078
v -0.695573 1.05667 0.293324
v -0.681468 1.04967 0.302654
v -0.709162 1.051 0.30623
v -0.699366 1.05075 0.314864
v -0.692124 1.04886 0.299306
v -0.688118 1.05054 0.310923
v -0.712701 1.04019 0.293243
v -0.697701 1.03898 0.300059
v -0.697643 1.0418 0.277473
v -0.688301 1.04465 0.285492
v -0.71025 1.04823 0.292893
v -0.694989 1.04281 0.301894
v -0.701645 1.05258 0.273763
v -0.687943 1.04922 0.291966
v -0.703837 1.07097 0.308871
v -0.69524 1.06817 0.31895
v -0.690849 1.06959 0.301159
v -0.680022 1.06782 0.307614
v -0.722778 1.04622 0.291316
v -0.713336 1.04821 0.294418
v -0.717239 1.04161 0.280666
v -0.705373 1.04353 0.284704
v -0.697317 1.06822 0.295338
v -0.684231 1.05688 0.300408
v -0.692116 1.06328 0.282204
v -0.680652 1.06186 0.282303
v -0.699521 1.05984 0.285862
v -0.686769 1.0678 0.299156
v -0.678001 1.06335 0.277024
v -0.671171 1.06673 0.294938
v -0.689027 1.04481 0.289769
v -0.677432 1.04869 0.299909
v -0.680598 1.04982 0.279121
v -0.667146 1.04919 0.289697
v -0.711052 1.06221 0.292339
v -0.700513 1.06105 0.29944
v -0.707411 1.05897 0.283096
v -0.693914 1.05741 0.28618
v -0.718773 1.06032 0.286858
v -0.707777 1.06573 0.303361
v -0.701147 1.06264 0.277504
v -0.697344 1.06328 0.292409
v -0.71876 1.06529 0.296183
v -0.697496 1.06414 0.306885
v -0.7063 1.06722 0.277904
v -0.685453 1.06434 0.286664
v -0.68296 1.06949 0.301309
v -0.674122 1.06888 0.316002
v -0.673285 1.07175 0.291116
v -0.666735 1.07226 0.302159
v -0.725091 1.059 0.295282
v -0.710461 1.05998 0.302586
v -0.713204 1.0572 0.289115
v -0.702107 1.06078 0.291074
v -0.720598 1.04408 0.288796
v -0.699759 1.04512 0.300404
v -0.708613 1.04711 0.278036
v -0.697045 1.04728 0.279111
v -0.709979 1.04917 0.30444
v -0.703061 1.04583 0.320829
v -0.690943 1.05054 0.293158
v -0.68405 1.04584 0.310587
v -0.69015 1.06296 0.284255
v -0.683381 1.06473 0.297577
v -0.682863 1.06304 0.27798
v -0.670432 1.06548 0.289135
v -0.711226 1.03659 0.290967
v -0.700042 1.03315 0.306429
v -0.702603 1.03371 0.285995
v -0.691642 1.02951 0.291977
v -0.699615 1.06643 0.306322
v -0.690665 1.06063 0.315023
v -0.692584 1.06393 0.289275
v -0.679639 1.06149 0.302411
v -0.708121 1.06444 0.295563
v -0.691325 1.07149 0.304848
v -0.695697 1.06665 0.281868
v -0.675837 1.07154 0.285111
v -0.682832 1.05317 0.296708
v -0.677767 1.05042 0.307543
v -0.667596 1.04885 0.285105
v -0.660136 1.05365 0.297634
v -0.719784 1.05313 0.300414
v -0.71882 1.05733 0.317831
v -0.710954 1.05649 0.294458
v -0.706426 1.05716 0.311137
v -0.710229 1.05295 0.307108
v -0.702957 1.05477 0.315802
v -0.698372 1.05222 0.294591
v -0.691482 1.05461 0.313723
v -0.718183 1.06212 0.309497
v -0.698626 1.05978 0.319433
v -0.703543 1.06667 0.295668
v -0.692142 1.0676 0.302908
v -0.687319 1.06772 0.289443
v -0.675738 1.06372 0.300447
v -0.674222 1.06556 0.280747
v -0.663124 1.06339 0.289371
v -0.714071 1.0589 0.301579
v -0.706842 1.05642 0.312581
v -0.70506 1.06211 0.293493
v -0.691652 1.06158 0.306219
v -0.708183 1.06852 0.290628
v -0.703486 1.06728 0.301634
v -0.699029 1.06457 0.285573
v -0.691642 1.07246 0.301086
v -0.692887 1.07052 0.298914
v -0.684176 1.06758 0.314062
v -0.679959 1.07611 0.288494
v -0.671409 1.06636 0.303036
v -0.701313 1.06565 0.289032
v -0.690346 1.06637 0.298456
v -0.691348 1.0642 0.28036
v -0.681857 1.06541 0.284191
v -0.726653 1.06134 0.31506
v -0.713699 1.06733 0.324807
v -0.712451 1.05869 0.302814
v -0.702999 1.06724 0.316312
v -0.72038 1.06945 0.306109
v -0.705419 1.06489 0.315725
v -0.714423 1.07035 0.286873
v -0.700317 1.06887 0.305244
v -0.736276 1.07531 0.307779
v -0.722504 1.06923 0.316095
v -0.728525 1.07307 0.296197
v -0.712608 1.06863 0.302889
v -0.735065 1.05685 0.289403
v -0.723939 1.05598 0.30274
v -0.720059 1.05713 0.285161
v -0.717036 1.05729 0.295964
v -0.738895 1.07816 0.293779
v -0.725146 1.07664 0.315144
v -0.716708 1.07923 0.292621
v -0.707548 1.0772 0.307521
v -0.740917 1.06302 0.322192
v -0.727392 1.06773 0.327875
v -0.726399 1.06156 0.312525
v -0.716422 1.06719 0.318354
v -0.73135 1.05373 0.289005
v -0.719241 1.05177 0.304816
v -0.719398 1.05489 0.28129
v -0.711904 1.05172 0.29302
v -0.741994 1.06383 0.301069
v -0.727746 1.05857 0.316089
v -0.727749 1.0598 0.291054
v -0.719157 1.05931 0.299013
v -0.720401 1.08635 0.317915
v -0.715686 1.08256 0.326945
v -0.714188 1.08975 0.305209
v -0.700422 1.08384 0.319782
v -0.743088 1.05428 0.310343
v -0.736016 1.05504 0.328483
v -0.73438 1.05436 0.30611
v -0.724964 1.05275 0.315087
v -0.736628 1.08241 0.321499
v -0.716186 1.07192 0.331993
v -0.722174 1.08188 0.30989
v -0.709125 1.07846 0.321094
v -0.72331 1.07794 0.302866
v -0.7122 1.07864 0.315627
v -0.715508 1.08208 0.295863
v -0.702476 1.07784 0.303171
v -0.746551 1.06364 0.314562
v -0.733247 1.05477 0.323605
v -0.733478 1.05872 0.308288
v -0.724473 1.05407 0.317833
v -0.724237 1.05819 0.314368
v -0.712702 1.0638 0.332801
v -0.708769 1.06575 0.308301
v -0.701865 1.05954 0.320031
v -0.727898 1.06722 0.309036
v -0.717141 1.06602 0.321754
v -0.711431 1.06357 0.301015
v -0.703597 1.06826 0.307929
v -0.744489 1.06575 0.312352
v -0.73228 1.0666 0.320402
v -0.734243 1.06076 0.298679
v -0.72835 1.0695 0.309353
v -0.74045 1.0856 0.316894
v -0.727524 1.07484 0.329998
v -0.726251 1.08638 0.29948
v -0.715208 1.07813 0.316879
v -0.74224 1.08294 0.306211
v -0.737492 1.0843 0.316642
v -0.733166 1.07741 0.297325
v -0.725302 1.08187 0.308426
v -0.733905 1.06967 0.302104
v -0.72431 1.07124 0.304462
v -0.729478 1.06959 0.288948
v -0.71839 1.06751 0.289637
v -0.740458 1.073 0.326914
v -0.727779 1.07438 0.339306
v -0.726598 1.06638 0.309698
v -0.717299 1.07733 0.324938
v -0.718493 1.07531 0.325041
v -0.713679 1.07288 0.336382
v -0.71355 1.07831 0.313242
v -0.70427 1.07328 0.326362
v -0.729281 1.06721 0.319258
v -0.718203 1.06303 0.323457
v -0.725718 1.07062 0.308767
v -0.711024 1.0649 0.31037
v -0.741171 1.05725 0.308377
v -0.731685 1.0514 0.319181
v -0.717778 1.05605 0.297729
v -0.7084 1.05029 0.308276
v -0.733598 1.08894 0.309269
v -0.722187 1.09017 0.315906
v -0.724398 1.08864 0.298675
v -0.716905 1.08524 0.303666
v -0.734805 1.07373 0.315395
v -0.721985 1.06437 0.320726
v -0.730265 1.07144 0.306689
v -0.717251 1.06609 0.314758
v -0.730392 1.07384 0.310547
v -0.712029 1.07575 0.327301
v -0.717363 1.07331 0.29554
v -0.703939 1.07778 0.313464
v -0.727107 1.07358 0.307935
v -0.711891 1.07448 0.312571
v -0.713969 1.07263 0.292959
v -0.703515 1.07398 0.303684
v -0.721434 1.0477 0.303458
v -0.708953 1.05639 0.314662
v -0.711393 1.04834 0.296476
v -0.700154 1.05326 0.307101
v -0.737425 1.06027 0.307396
v -0.726197 1.06052 0.315481
v -0.736189 1.06055 0.290414
v -0.712651 1.05769 0.29797
v -0.720558 1.07823 0.300824
v -0.716452 1.06716 0.31658
v -0.708822 1.07826 0.300294
v -0.705419 1.06779 0.309318
v -0.706259 1.06655 0.280575
v -0.704235 1.0667 0.292642
v -0.69739 1.07127 0.270362
v -0.685857 1.06608 0.283807
v -0.706795 1.06922 0.289814
v -0.697644 1.06502 0.295967
v -0.701084 1.0687 0.277137
v -0.691046 1.06791 0.287985
v -0.718284 1.04726 0.297729
v -0.704422 1.04294 0.303783
v -0.704128 1.04898 0.288205
v -0.693893 1.04317 0.293981
v -0.691155 1.05602 0.281954
v -0.685229 1.05198 0.287931
v -0.6826 1.05738 0.269912
v -0.672416 1.0507 0.277889
v -0.708515 1.04333 0.298718
v -0.696974 1.0419 0.306493
v -0.69925 1.04887 0.290399
v -0.692538 1.04566 0.299357
v -0.698132 1.04767 0.293465
v -0.687731 1.0515 0.306318
v -0.686339 1.05275 0.284622
v -0.677993 1.05764 0.294319
v -0.714321 1.06171 0.280177
v -0.704227 1.06157 0.28695
v -0.707867 1.06346 0.272482
v -0.695657 1.06073 0.278368
v -0.690386 1.05669 0.28234
v -0.679974 1.05682 0.287313
v -0.687908 1.05798 0.272884
v -0.674719 1.06321 0.275994
v -0.718031 1.04307 0.285199
v -0.704733 1.04278 0.293327
v -0.711741 1.04455 0.273502
v -0.696011 1.04123 0.276796
v -0.698749 1.04281 0.274228
v -0.693447 1.04462 0.287296
v -0.685956 1.04521 0.272683
v -0.682201 1.04571 0.282133
v -0.721223 1.04423 0.283774
v -0.706119 1.0422 0.29122
v -0.713535 1.04974 0.275687
v -0.698886 1.04372 0.277715
v -0.720483 1.05892 0.292462
v -0.707648 1.05728 0.299088
v -0.707043 1.06368 0.284367
v -0.694803 1.05985 0.289769
v -0.700125 1.0656 0.281678
v -0.696378 1.06585 0.29341
v -0.687717 1.06851 0.274191
v -0.684946 1.06516 0.291377
v -0.697387 1.06713 0.282745
v -0.683077 1.07057 0.294332
v -0.688995 1.0664 0.269303
v -0.67603 1.06772 0.27592
v -0.719031 1.06092 0.300385
v -0.7061 1.06611 0.30625
v -0.70944 1.06613 0.286937
v -0.695701 1.06297 0.300238
v -0.701186 1.06802 0.283027
v -0.686763 1.0678 0.285696
v -0.692866 1.06257 0.271871
v -0.681287 1.06807 0.272085
v -0.718712 1.065 0.287355
v -0.708972 1.0609 0.295853
v -0.717406 1.06605 0.274008
v -0.700956 1.0622 0.277022
v -0.709535 1.06765 0.294857
v -0.699445 1.06342 0.303088
v -0.700048 1.06857 0.286236
v -0.694842 1.06052 0.296117
v -0.700853 1.05805 0.285118
v -0.691085 1.06582 0.2887
v -0.691849 1.06205 0.268057
v -0.67885 1.06152 0.27734
v -0.702546 1.04611 0.271161
v -0.691297 1.04454 0.28667
v -0.688471 1.04591 0.264077
v -0.683586 1.04901 0.278223
v -0.705226 1 0.326954
v -0.711337 0.995167 0.306226
v -0.725778 1.0048 0.319977
v -0.700503 1.01347 0.305388
v -0.720337 1.0102 0.309756
v -0.707572 1.01671 0.324516
v -0.701518 1.02583 0.306985
v -0.718522 1.01698 0.308037
v -0.716494 1.03462 0.315349
v -0.708803 1.02904 0.312066
v -0.709909 1.02498 0.29421
v -0.724075 1.03307 0.3026
v -0.714392 1.03165 0.312674
v -0.706057 1.02541 0.297946
v -0.719016 1.03785 0.296301
v -0.699148 1.03706 0.307397
v -0.709141 1.03264 0.294045
v -0.715902 1.04144 0.30725
v -0.696818 1.04783 0.301048
v -0.707489 1.04118 0.291257
v -0.71128 1.05443 0.299263
v -0.700987 1.05455 0.279592
v -0.708254 1.05332 0.292267
v -0.693798 1.05578 0.292376
v -0.704582 1.05596 0.295759
v -0.693851 1.0522 0.286741
v -0.70521 1.05969 0.281692
v -0.699969 1.06396 0.297148
v -0.694441 1.05723 0.286797
v -0.696012 1.07064 0.286006
v -0.682594 1.06497 0.294577
v -0.692441 1.06049 0.287892
v -0.69436 1.06941 0.296756
v -0.694372 1.0676 0.285586
v -0.690683 1.06509 0.297078
v -0.682759 1.07008 0.28906
v -0.685191 1.07387 0.295521
v -0.69353 1.06824 0.289739
v -0.69491 1.07946 0.292358
v -0.682472 1.07547 0.285226
v -0.691761 1.07004 0.287237
v -0.691333 1.08086 0.288856
v -0.686121 1.0767 0.282912
v -0.69268 1.07172 0.277066
v -0.693833 1.08164 0.278568
v -0.680087 1.0786 0.272937
v -0.687077 1.07435 0.269117
v -0.688064 1.08282 0.272093
v -0.679035 1.08305 0.2636
v -0.681024 1.07979 0.256938
v -0.684451 1.08629 0.259171
v -0.672621 1.08687 0.255399
v -0.678161 1.08347 0.257787
v -0.678611 1.09025 0.256426
v -0.675899 1.08515 0.24672
v -0.680727 1.08226 0.248938
v -0.679707 1.08802 0.25048
v -0.699843 1.01347 0.313324
v -0.714128 1.0111 0.30519
v -0.714395 1.01582 0.321111
v -0.701417 1.02697 0.305198
v -0.716589 1.02395 0.304839
v -0.71026 1.02997 0.317611
v -0.709711 1.03945 0.296466
v -0.718339 1.03504 0.307097
v -0.707333 1.04382 0.310019
v -0.721792 1.04849 0.295716
v -0.721668 1.0442 0.30848
v -0.712174 1.05274 0.304207
v -0.71798 1.05691 0.303168
v -0.729786 1.05258 0.302603
v -0.726707 1.06121 0.311232
v -0.725623 1.06334 0.293245
v -0.728261 1.05742 0.303202
v -0.726819 1.06921 0.303554
v -0.730479 1.06448 0.294756
v -0.741188 1.06169 0.296016
v -0.735935 1.06725 0.304113
v -0.732801 1.0713 0.29191
v -0.742481 1.0675 0.293426
v -0.738796 1.07506 0.299728
v -0.742396 1.07919 0.282472
v -0.742568 1.0744 0.290778
v -0.741653 1.08395 0.29081
v -0.748387 1.08001 0.28373
v -0.755236 1.07757 0.288867
v -0.748623 1.08242 0.292328
v -0.75852 1.08728 0.283042
v -0.75097 1.08487 0.285167
v -0.755294 1.08966 0.290233
v -0.755477 1.08462 0.283058
v -0.75776 1.08083 0.289651
v -0.755343 1.08838 0.290083
v -0.769938 1.08787 0.284704
v -0.763776 1.08449 0.285655
v -0.764452 1.09123 0.287759
v -0.766254 1.08654 0.286136
v -0.767566 1.08318 0.291838
v -0.768326 1.08988 0.291655
v -0.777631 1.08558 0.284869
v -0.775932 1.08374 0.290411
v -0.772293 1.08741 0.287201
v -0.779807 1.09009 0.287185
v -0.77617 1.08739 0.290526
v -0.777465 1.09276 0.291573
v -0.787023 1.08719 0.293338
v -0.784672 1.0848 0.296831
v -0.783958 1.08956 0.29627
v -0.70136 1.02697 0.312079
v -0.711003 1.02505 0.301068
v -0.71586 1.02888 0.314472
v -0.703038 1.03986 0.30011
v -0.715307 1.03664 0.304885
v -0.706448 1.04306 0.312887
v -0.706107 1.05028 0.305718
v -0.714538 1.04439 0.298642
v -0.716662 1.05612 0.302335
v -0.706438 1.05256 0.302932
v -0.706687 1.04882 0.291659
v -0.715069 1.05627 0.295589
v -0.70364 1.06101 0.300094
v -0.698195 1.05861 0.290965
v -0.707971 1.06338 0.290335
v -0.693287 1.07011 0.295575
v -0.700351 1.0687 0.288668
v -0.702933 1.07151 0.29789
v -0.693549 1.08001 0.293852
v -0.699013 1.07635 0.287641
v -0.701718 1.08364 0.292265
v -0.68928 1.08639 0.284904
v -0.695473 1.08299 0.281
v -0.696639 1.08976 0.285246
v -0.69353 1.09273 0.277698
v -0.687649 1.09102 0.274276
v -0.69277 1.09443 0.270905
v -0.687183 1.0957 0.277918
v -0.691523 1.09234 0.274054
v -0.691126 1.09902 0.27359
v -0.684768 1.09491 0.272397
v -0.683911 1.09197 0.26732
v -0.68301 1.09783 0.267517
v -0.681079 1.09398 0.271616
v -0.676103 1.09193 0.271755
v -0.677221 1.09601 0.268426
v -0.67443 1.09602 0.272529
v -0.679061 1.09497 0.270674
v -0.678604 1.09706 0.275301
v -0.6754 1.10194 0.26886
v -0.679571 1.10034 0.269476
v -0.67797 1.10353 0.272231
v -0.680377 1.10709 0.267983
v -0.681514 1.10565 0.264596
v -0.678938 1.10851 0.26469
v -0.715729 1.02583 0.301215
v -0.715643 1.01971 0.316653
v -0.705141 1.03191 0.312568
v -0.7218 1.03172 0.304268
v -0.72087 1.02575 0.318673
v -0.711605 1.03765 0.314603
v -0.735309 1.0402 0.315893
v -0.723251 1.03324 0.318366
v -0.722913 1.04709 0.315552
v -0.725525 1.04086 0.312103
v -0.734618 1.03828 0.322105
v -0.722255 1.04342 0.325278
v -0.724645 1.0492 0.314833
v -0.735144 1.04332 0.319015
v -0.732378 1.05504 0.323181
v -0.738761 1.05125 0.319628
v -0.728214 1.04662 0.315778
v -0.733302 1.05585 0.309743
v -0.737538 1.0529 0.312218
v -0.731002 1.04743 0.320466
v -0.728011 1.05832 0.316856
v -0.740921 1.05588 0.317327
v -0.734821 1.0504 0.324658
v -0.733829 1.06133 0.323811
v -0.747831 1.05713 0.324888
v -0.743949 1.0528 0.33279
v -0.740404 1.06142 0.329722
v -0.75575 1.06357 0.333144
v -0.752995 1.05986 0.340014
v -0.749962 1.06725 0.337837
v -0.762582 1.06944 0.339987
v -0.759627 1.06706 0.345635
v -0.764494 1.07179 0.346104
v -0.768852 1.06609 0.34289
v -0.76332 1.06322 0.343612
v -0.764207 1.06893 0.346049
v -0.771015 1.06279 0.350024
v -0.766556 1.0601 0.351323
v -0.766592 1.06546 0.351551
v -0.72556 1.04849 0.297938
v -0.719215 1.04739 0.311223
v -0.710841 1.04957 0.299263
v -0.727056 1.0607 0.302448
v -0.717373 1.05855 0.311352
v -0.714274 1.06284 0.299118
v -0.726588 1.07177 0.304704
v -0.719373 1.06741 0.313206
v -0.715446 1.0761 0.305959
v -0.727331 1.07907 0.320019
v -0.723151 1.07374 0.31168
v -0.721717 1.08436 0.312483
v -0.719679 1.07853 0.322354
v -0.721289 1.07338 0.313543
v -0.722394 1.08365 0.313747
v -0.714799 1.07911 0.320772
v -0.716611 1.07423 0.312563
v -0.716584 1.08395 0.312492
v -0.710708 1.07907 0.316034
v -0.703726 1.07501 0.313065
v -0.705341 1.08309 0.310596
v -0.700758 1.08077 0.320434
v -0.704741 1.07691 0.314634
v -0.70642 1.0846 0.316172
v -0.702251 1.0827 0.315471
v -0.698714 1.07934 0.310132
v -0.696785 1.08604 0.312048
v -0.697302 1.08056 0.319731
v -0.695395 1.07735 0.314319
v -0.693983 1.08374 0.314998
v -0.687492 1.07776 0.323779
v -0.683739 1.07532 0.321115
v -0.685077 1.08019 0.319823
v -0.677414 1.08164 0.33068
v -0.678134 1.07966 0.327334
v -0.678504 1.0836 0.327409
v -0.717584 1.02583 0.318052
v -0.703142 1.02257 0.310529
v -0.715692 1.02907 0.301808
v -0.712421 1.0375 0.320276
v -0.700407 1.03375 0.312549
v -0.711308 1.04123 0.30597
v -0.698164 1.04869 0.322411
v -0.702095 1.04293 0.311573
v -0.706963 1.05441 0.314844
v -0.690104 1.05214 0.313322
v -0.699954 1.04658 0.309986
v -0.700555 1.05765 0.314007
v -0.690234 1.05432 0.304303
v -0.700716 1.05161 0.303264
v -0.697385 1.057 0.312102
v -0.692626 1.06258 0.304016
v -0.699359 1.05885 0.298449
v -0.701413 1.06627 0.304011
v -0.695967 1.07029 0.297299
v -0.692564 1.06667 0.291413
v -0.695092 1.07389 0.290508
v -0.696169 1.07112 0.291748
v -0.690822 1.06746 0.295237
v -0.690303 1.07475 0.29439
v -0.696711 1.07144 0.293297
v -0.691597 1.06798 0.296625
v -0.692374 1.07488 0.297653
v -0.696013 1.07058 0.303067
v -0.693603 1.07002 0.297235
v -0.699795 1.07113 0.297985
v -0.695669 1.07802 0.29628
v -0.697353 1.07713 0.30116
v -0.692489 1.07891 0.300374
v -0.719869 1.05028 0.305186
v -0.706527 1.0468 0.306367
v -0.710849 1.05374 0.295201
v -0.70885 1.05977 0.300304
v -0.716042 1.05597 0.309785
v -0.706364 1.06355 0.312002
v -0.712755 1.06618 0.312499
v -0.711293 1.06431 0.301239
v -0.721462 1.06802 0.305139
v -0.71552 1.07517 0.300135
v -0.714115 1.07185 0.309827
v -0.707357 1.07846 0.305637
v -0.719369 1.08219 0.303412
v -0.719331 1.07904 0.312076
v -0.713107 1.08532 0.309466
v -0.72868 1.09024 0.311667
v -0.721624 1.08781 0.314171
v -0.722116 1.09266 0.307988
v -0.723006 1.09706 0.320458
v -0.721218 1.09516 0.31417
v -0.726794 1.09896 0.315092
v -0.723781 1.10215 0.316437
v -0.718641 1.09915 0.31532
v -0.718486 1.10513 0.316221
v -0.720837 1.10116 0.325143
v -0.716539 1.10047 0.3222
v -0.721067 1.10185 0.319919
v -0.719161 1.10808 0.325389
v -0.715907 1.10643 0.322979
v -0.71831 1.10973 0.321406
v -0.697444 1.04783 0.291532
v -0.71346 1.04418 0.293974
v -0.704729 1.05146 0.306082
v -0.711082 1.0578 0.285697
v -0.711281 1.05286 0.298921
v -0.70185 1.06271 0.295267
v -0.7073 1.06449 0.294298
v -0.717077 1.05882 0.29841
v -0.717981 1.07011 0.29438
v -0.711226 1.0635 0.29867
v -0.719171 1.05884 0.291981
v -0.71359 1.06813 0.288492
v -0.707669 1.06232 0.295179
v -0.713795 1.0594 0.286615
v -0.718238 1.06523 0.294722
v -0.705562 1.07174 0.287343
v -0.712887 1.06756 0.287449
v -0.712837 1.07588 0.286098
v -0.706904 1.0705 0.281872
v -0.71289 1.06821 0.279933
v -0.709703 1.07276 0.276199
v -0.708338 1.06967 0.275166
v -0.709185 1.0665 0.280712
v -0.710447 1.07281 0.280409
v -0.71014 1.06887 0.279013
v -0.714171 1.06624 0.276249
v -0.714937 1.07148 0.277908
v -0.721059 1.06334 0.306217
v -0.72506 1.05977 0.292463
v -0.73456 1.06688 0.30124
v -0.72417 1.07248 0.28905
v -0.727525 1.068 0.300871
v -0.718025 1.07692 0.299766
v -0.724948 1.07762 0.290949
v -0.734056 1.07444 0.297987
v -0.725004 1.08078 0.302514
v -0.727652 1.08679 0.296753
v -0.734259 1.08427 0.289409
v -0.737534 1.08929 0.297655
v -0.729367 1.0943 0.28609
v -0.731709 1.09003 0.293421
v -0.733746 1.09854 0.292487
v -0.735511 1.09276 0.283766
v -0.739313 1.0893 0.289665
v -0.735791 1.09619 0.290825
v -0.748984 1.09826 0.282526
v -0.7446 1.09551 0.28546
v -0.746248 1.10099 0.287079
v -0.750488 1.09662 0.284845
v -0.749128 1.09398 0.289198
v -0.748711 1.09923 0.289082
v -0.711845 1.03165 0.311827
v -0.706257 1.02834 0.296542
v -0.721366 1.03494 0.298542
v -0.701351 1.04276 0.306081
v -0.708919 1.03822 0.29468
v -0.714967 1.04726 0.304143
v -0.697856 1.05143 0.293618
v -0.708957 1.04592 0.294035
v -0.707329 1.0569 0.29956
v -0.700595 1.0553 0.288636
v -0.710042 1.05088 0.285495
v -0.710059 1.05968 0.291914
v -0.704592 1.06299 0.282456
v -0.704621 1.06162 0.27404
v -0.711711 1.06436 0.277903
v -0.702418 1.06857 0.274034
v -0.709369 1.06731 0.276433
v -0.704205 1.06982 0.281199
v -0.704529 1.07751 0.276128
v -0.708599 1.07547 0.272629
v -0.709915 1.07954 0.276458
v -0.714771 1.04783 0.297823
v -0.700108 1.04123 0.301974
v -0.700652 1.05438 0.291853
v -0.711832 1.05286 0.299268
v -0.702176 1.04582 0.307377
v -0.700279 1.05985 0.304547
v -0.710488 1.05492 0.303974
v -0.713018 1.05068 0.315078
v -0.7044 1.05913 0.313671
v -0.720311 1.06079 0.313883
v -0.712116 1.05577 0.31108
v -0.712217 1.06577 0.310621
v -0.713962 1.06102 0.31174
v -0.715561 1.05782 0.319626
v -0.709789 1.06421 0.318673
v -0.72123 1.06569 0.315107
v -0.718152 1.0634 0.320779
v -0.714966 1.06796 0.316793
v -0.714369 1.03706 0.295683
v -0.708906 1.0306 0.309976
v -0.700913 1.04346 0.303155
v -0.720641 1.04236 0.304254
v -0.711012 1.03753 0.313561
v -0.707187 1.04714 0.303783
v -0.721746 1.05138 0.317017
v -0.711257 1.04955 0.318632
v -0.714635 1.0532 0.309081
v -0.718375 1.06084 0.320881
v -0.710847 1.05883 0.31946
v -0.714943 1.06284 0.313993
v -0.712134 1.07008 0.319677
v -0.710864 1.06764 0.323716
v -0.711349 1.0725 0.323871
v -0.717393 1.03706 0.300664
v -0.70524 1.03387 0.311525
v -0.701528 1.04022 0.296636
v -0.708922 1.04801 0.300736
v -0.71128 1.04266 0.310536
v -0.707193 1.05331 0.310738
v -0.709857 1.05022 0.307408
v -0.717232 1.04687 0.304225
v -0.717576 1.05355 0.309794
v -0.714766 1.05344 0.307064
v -0.712211 1.05126 0.301492
v -0.717058 1.05559 0.301344
v -0.701634 1.04783 0.306123
v -0.701648 1.04176 0.290664
v -0.71226 1.05386 0.294777
v -0.703406 1.05397 0.300673
v -0.693812 1.04904 0.294185
v -0.700116 1.05887 0.289497
v -0.693078 1.05999 0.303999
v -0.692767 1.05584 0.296847
v -0.69325 1.0641 0.296788
v -0.733025 1.05691 0.307992
v -0.718925 1.05369 0.310949
v -0.72244 1.06011 0.298125
v -0.728794 1.06678 0.311048
v -0.720311 1.06444 0.313812
v -0.72143 1.06911 0.305938
v -0.697377 1.05455 0.296961
v -0.700228 1.04669 0.282613
v -0.705373 1.06236 0.284588
vn -0.0461555 0.997251 -0.05796
vn 0.0296321 0.995859 -0.0859428
vn 0.0296321 0.995859 -0.0859428
vn 0.105226 0.987966 -0.113365
vn 0.226393 0.927842 0.296404
vn 0.192699 0.937554 0.289585
vn 0.192699 0.937554 0.289585
vn 0.15876 0.946069 0.282397
vn -0.207484 0.965873 -0.155047
vn -0.248106 0.953573 -0.170708
vn -0.248106 0.953573 -0.170708
vn -0.288219 0.939322 -0.18602
vn -0.045029 0.929253 0.366691
vn 0.0253063 0.930182 0.366226
vn 0.0253063 0.930182 0.366226
vn 0.0955165 0.926508 0.363949
vn -0.536625 0.832127 -0.139995
vn -0.163191 0.960909 -0.223659
vn -0.163191 0.960909 -0.223659
vn 0.23685 0.933026 -0.270859
vn -0.160625 0.953518 -0.254956
vn -0.28487 0.912797 -0.292662
vn -0.28487 0.912797 -0.292662
vn -0.403841 0.855173 -0.324949
vn 0.143869 0.947515 -0.285511
vn -0.0150708 0.947062 -0.320698
vn -0.0150708 0.947062 -0.320698
vn -0.173611 0.921511 -0.347386
vn -0.195683 0.977172 0.0827238
vn -0.102778 0.990368 0.0927837
vn -0.102778 0.990368 0.0927837
vn -0.00895709 0.994742 0.102017
vn -0.0329587 0.997533 0.06198
vn 0.11139 0.993305 0.0306091
vn 0.11139 0.993305 0.0306091
vn 0.253306 0.967385 -0.00143022
vn -0.234299 0.950134 0.205789
vn 0.131508 0.979537 0.152355
vn 0.131508 0.979537 0.152355
vn 0.479228 0.87422 0.0779674
vn 0.0598611 0.986962 0.149407
vn -0.0703633 0.98689 0.145247
vn -0.0703633 0.98689 0.145247
vn -0.199393 0.970065 0.138621
vn -0.200745 0.960878 0.190829
vn -0.146114 0.976466 0.158634
vn -0.146114 0.976466 0.158634
vn -0.0908607 0.987891 0.125762
vn -0.0733259 0.961234 0.265806
vn -0.139532 0.957959 0.25069
vn -0.139532 0.957959 0.25069
vn -0.205093 0.950256 0.234415
vn -0.166616 0.985941 -0.0126468
vn -0.156884 0.987448 -0.0182915
vn -0.156884 0.987448 -0.0182915
vn -0.147132 0.988827 -0.0239339
vn 0.503387 0.85769 0.104732
vn 0.0687614 0.994582 0.077964
vn 0.0687614 0.994582 0.077964
vn -0.380191 0.924247 0.0349518
vn -0.243725 0.969475 -0.0267568
vn -0.119277 0.992434 -0.0291156
vn -0.119277 0.992434 -0.0291156
vn 0.00708264 0.999494 -0.0310081
vn 0.0430298 0.973413 0.224981
vn 0.093046 0.972384 0.214036
vn 0.093046 0.972384 0.214036
vn 0.142818 0.968806 0.202529
vn -0.0800532 0.996029 -0.0389517
vn -0.23219 0.9724 -0.0229417
vn -0.23219 0.9724 -0.0229417
vn -0.378763 0.925472 -0.00638194
vn 0.165739 0.960835 0.222097
vn -0.0659545 0.985134 0.158622
vn -0.0659545 0.985134 0.158622
vn -0.293803 0.951999 0.0858986
vn -0.132187 0.988654 -0.0713471
vn -0.0258146 0.99881 -0.0413793
vn -0.0258146 0.99881 -0.0413793
vn 0.0808752 0.996665 -0.0109018
vn -0.4049 0.898709 0.168458
vn 0.0128548 0.989762 0.142147
vn 0.0128548 0.989762 0.142147
vn 0.428251 0.899192 0.0897527
vn 0.174421 0.950187 0.258305
vn 0.0557965 0.980731 0.187226
vn 0.0557965 0.980731 0.187226
vn -0.0639475 0.991604 0.112392
vn -0.341005 0.939362 0.036245
vn -0.294125 0.955231 0.0320102
vn -0.294125 0.955231 0.0320102
vn -0.246518 0.968742 0.0276963
vn 0.0405948 0.989901 0.135824
vn 0.144423 0.973002 0.180026
vn 0.144423 0.973002 0.180026
vn 0.24637 0.943435 0.221885
vn -0.023477 0.992275 -0.121818
vn 0.0133491 0.993955 -0.108971
vn 0.0133491 0.993955 -0.108971
vn 0.0501549 0.994121 -0.0959575
vn 0.487668 0.859068 0.155505
vn 0.147814 0.988292 0.0378141
vn 0.147814 0.988292 0.0378141
vn -0.213628 0.973175 -0.0853991
vn -0.191153 0.979983 0.0556263
vn -0.0571606 0.997344 0.0451286
vn -0.0571606 0.997344 0.0451286
vn 0.0778817 0.996389 0.0338022
vn 0.292396 0.908632 0.298149
vn 0.251183 0.926033 0.281728
vn 0.251183 0.926033 0.281728
vn 0.209399 0.941331 0.264666
vn -0.0551982 0.994385 0.0902833
vn 0.00869231 0.997034 0.0764743
vn 0.00869231 0.997034 0.0764743
vn 0.0725456 0.995415 0.062338
vn -0.0662783 0.92082 -0.384315
vn -0.144199 0.916866 -0.372241
vn -0.144199 0.916866 -0.372241
vn -0.221222 0.907197 -0.357846
vn 0.132501 0.948976 -0.286162
vn -0.0652405 0.964284 -0.25671
vn -0.0652405 0.964284 -0.25671
vn -0.260359 0.940825 -0.216937
vn -0.309177 0.947629 0.080051
vn -0.187229 0.98048 0.0600315
vn -0.187229 0.98048 0.0600315
vn -0.0622198 0.997299 0.0390304
vn 0.280746 0.945845 0.162972
vn 0.279221 0.946242 0.163284
vn 0.279221 0.946242 0.163284
vn 0.277695 0.946637 0.163597
vn 0.551652 0.758443 0.347051
vn 0.291463 0.886052 0.360502
vn 0.291463 0.886052 0.360502
vn 0.00674463 0.939087 0.343612
vn 0.0449075 0.938888 -0.341281
vn -0.0867246 0.942002 -0.324207
vn -0.0867246 0.942002 -0.324207
vn -0.216828 0.928511 -0.301418
vn -0.0188545 0.999148 0.0367002
vn 0.0568978 0.997887 0.0313765
vn 0.0568978 0.997887 0.0313765
vn 0.132322 0.990869 0.0258718
vn -0.123484 0.992322 0.00691898
vn -0.162145 0.986721 -0.00956776
vn -0.162145 0.986721 -0.00956776
vn -0.200515 0.979345 -0.0260373
vn -0.00152758 0.943601 -0.33108
vn 0.120338 0.94538 -0.302946
vn 0.120338 0.94538 -0.302946
vn 0.240321 0.932366 -0.270072
vn 0.350695 0.923887 0.153122
vn 0.110215 0.977843 0.177975
vn 0.110215 0.977843 0.177975
vn -0.137028 0.9718 0.191908
vn -0.401962 0.914914 -0.0368544
vn -0.144011 0.989316 0.0226964
vn -0.144011 0.989316 0.0226964
vn 0.124831 0.988904 0.0805308
vn 0.350533 0.885637 -0.304587
vn 0.145307 0.972587 -0.181549
vn 0.145307 0.972587 -0.181549
vn -0.0693371 0.996498 -0.0467426
vn 0.158821 0.984066 0.0799349
vn 0.301351 0.943081 0.140663
vn 0.301351 0.943081 0.140663
vn 0.436142 0.877875 0.197778
vn 0.487839 0.869286 -0.0797182
vn 0.353239 0.934264 -0.0487129
vn 0.353239 0.934264 -0.0487129
vn 0.21041 0.977473 -0.0165726
vn -0.288577 0.923085 -0.254238
vn -0.0293058 0.99176 -0.124713
vn -0.0293058 0.99176 -0.124713
vn 0.232565 0.972451 0.0158759
vn 0.296813 0.950407 -0.092886
vn 0.329675 0.939124 -0.0967455
vn 0.329675 0.939124 -0.0967455
vn 0.362134 0.926694 -0.100487
vn 0.464358 0.83029 0.308204
vn 0.349543 0.882981 0.313312
vn 0.349543 0.882981 0.313312
vn 0.229141 0.921557 0.313411
vn -0.0896016 0.995969 0.00426409
vn -0.0208593 0.99971 -0.0120009
vn -0.0208593 0.99971 -0.0120009
vn 0.0479873 0.99845 -0.0282058
vn -0.59807 0.763365 -0.244103
vn -0.381151 0.887097 -0.260351
vn -0.381151 0.887097 -0.260351
vn -0.140362 0.955272 -0.260295
vn -0.140013 0.886438 0.441162
vn 0.184858 0.899384 0.396151
vn 0.184858 0.899384 0.396151
vn 0.489814 0.815435 0.308461
vn 0.107711 0.949693 -0.294079
vn 0.0723561 0.956881 -0.281325
vn 0.0723561 0.956881 -0.281325
vn 0.0368957 0.962668 -0.268159
vn 0.0970966 0.972593 -0.211269
vn 0.0538569 0.979357 -0.194831
vn 0.0538569 0.979357 -0.194831
vn 0.0104996 0.983981 -0.177967
vn 0.42715 0.904114 0.0109615
vn 0.292613 0.955649 -0.0333574
vn 0.292613 0.955649 -0.0333574
vn 0.151428 0.985471 -0.0769185
vn 0.0796125 0.996753 0.0120423
vn 0.0833259 0.99645 0.0120113
vn 0.0833259 0.99645 0.0120113
vn 0.0870381 0.996133 0.0119801
vn 0.228487 0.973547 -0.000385731
vn 0.102056 0.994713 0.0114488
vn 0.102056 0.994713 0.0114488
vn -0.0260658 0.999393 0.0230936
vn 0.654509 0.752402 0.0742316
vn 0.105303 0.994327 0.0150301
vn 0.105303 0.994327 0.0150301
vn -0.482197 0.874655 -0.0496372
vn -0.52312 0.830752 -0.190256
vn -0.28027 0.932678 -0.22707
vn -0.28027 0.932678 -0.22707
vn -0.0175997 0.968644 -0.247827
vn 0.179502 0.977751 0.108544
vn 0.146943 0.98237 0.115571
vn 0.146943 0.98237 0.115571
vn 0.114219 0.985878 0.122468
vn -0.138226 0.972075 -0.189643
vn 0.0854649 0.961955 -0.259496
vn 0.0854649 0.961955 -0.259496
vn 0.304454 0.898909 -0.315073
vn 0.389418 0.913979 0.113996
vn 0.436673 0.892752 0.110952
vn 0.436673 0.892752 0.110952
vn 0.482752 0.869121 0.107608
vn 0.149252 0.985671 0.0785956
vn 0.0567967 0.991082 0.120539
vn 0.0567967 0.991082 0.120539
vn -0.036246 0.98625 0.161237
vn -0.0728126 0.985237 -0.154939
vn -0.0830616 0.984001 -0.157615
vn -0.0830616 0.984001 -0.157615
vn -0.0933012 0.982653 -0.160273
vn 0.176727 0.947223 -0.267461
vn 0.140801 0.953489 -0.266523
vn 0.140801 0.953489 -0.266523
vn 0.104688 0.958485 -0.26523
vn -0.441496 0.875897 -0.194643
vn -0.0912447 0.987438 -0.128995
vn -0.0912447 0.987438 -0.128995
vn 0.271729 0.961304 -0.0453613
vn 0.360212 0.905936 -0.222549
vn 0.00195718 0.991114 -0.132998
vn 0.00195718 0.991114 -0.132998
vn -0.356579 0.933948 -0.0243457
vn -0.0335343 0.993346 0.110178
vn -0.0664889 0.990443 0.120841
vn -0.0664889 0.990443 0.120841
vn -0.0993632 0.986343 0.131359
vn -0.00259434 0.923579 -0.383399
vn -0.236009 0.901771 -0.36209
vn -0.236009 0.901771 -0.36209
vn -0.456347 0.829993 -0.320717
vn 0.331294 0.928859 -0.165729
vn -0.0287321 0.994724 -0.0984847
vn -0.0287321 0.994724 -0.0984847
vn -0.384779 0.922841 -0.0176024
vn 0.0360881 0.95411 0.297273
vn 0.201204 0.931173 0.30403
vn 0.201204 0.931173 0.30403
vn 0.360719 0.882316 0.302326
vn 0.261494 0.935397 0.238018
vn 0.0326927 0.957041 0.288104
vn 0.0326927 0.957041 0.288104
vn -0.197918 0.925734 0.322251
vn -0.574154 0.809292 0.124072
vn -0.23803 0.970473 0.0390426
vn -0.23803 0.970473 0.0390426
vn 0.132891 0.989782 -0.0516941
vn 0.261716 0.905097 0.335119
vn 0.356568 0.877251 0.321389
vn 0.356568 0.877251 0.321389
vn 0.447868 0.840666 0.304458
vn -0.0506326 0.926986 -0.371663
vn 0.0883346 0.929243 -0.358755
vn 0.0883346 0.929243 -0.358755
vn 0.225581 0.913394 -0.338857
vn 0.0892426 0.965176 -0.245909
vn -0.0465605 0.967026 -0.250386
vn -0.0465605 0.967026 -0.250386
vn -0.181504 0.951019 -0.250239
vn -0.569462 0.821054 0.0397926
vn -0.270586 0.957124 -0.103421
vn -0.270586 0.957124 -0.103421
vn 0.0630192 0.970346 -0.233361
vn 0.493902 0.869109 -0.0266544
vn 0.151625 0.984146 0.0920091
vn 0.151625 0.984146 0.0920091
vn -0.212556 0.957006 0.19738
vn -0.438416 0.896552 -0.0631379
vn -0.0473851 0.998877 -0.000356129
vn -0.0473851 0.998877 -0.000356129
vn 0.351575 0.934072 0.0624852
vn 0.260148 0.964057 0.0540183
vn 0.401992 0.915518 0.015119
vn 0.401992 0.915518 0.015119
vn 0.534194 0.845017 -0.024143
vn -0.404779 0.871931 -0.275483
vn -0.426586 0.863167 -0.270124
vn -0.426586 0.863167 -0.270124
vn -0.448145 0.853903 -0.264607
vn -0.296075 0.938706 -0.176551
vn -0.340831 0.928241 -0.149004
vn -0.340831 0.928241 -0.149004
vn -0.384609 0.915111 -0.121029
vn -0.0368722 0.996325 -0.0773144
vn -0.0558295 0.99549 -0.0767028
vn -0.0558295 0.99549 -0.0767028
vn -0.0747666 0.994296 -0.0760636
vn -0.0259564 0.966856 -0.253999
vn 0.128592 0.961343 -0.243483
vn 0.128592 0.961343 -0.243483
vn 0.28005 0.932732 -0.227118
vn -0.212882 0.850256 -0.481401
vn -0.0707033 0.903125 -0.423517
vn -0.0707033 0.903125 -0.423517
vn 0.0733393 0.932187 -0.354469
vn -0.385792 0.913093 0.132008
vn -0.278536 0.956882 0.0824279
vn -0.278536 0.956882 0.0824279
vn -0.166858 0.985476 0.0315384
vn 0.221956 0.970367 0.095519
vn 0.105503 0.986965 0.121532
vn 0.105503 0.986965 0.121532
vn -0.0124825 0.989238 0.145782
vn -0.680265 0.723805 -0.115524
vn -0.535583 0.823062 -0.188994
vn -0.535583 0.823062 -0.188994
vn -0.371523 0.892539 -0.255626
vn -0.0211488 0.999155 -0.0352318
vn -0.273854 0.956747 -0.0981779
vn -0.273854 0.956747 -0.0981779
vn -0.507494 0.847729 -0.154289
vn -0.184091 0.956347 -0.226959
vn -0.234302 0.944313 -0.231032
vn -0.234302 0.944313 -0.231032
vn -0.283884 0.929746 -0.234484
vn -0.235821 0.971172 0.0348305
vn -0.200945 0.979541 0.0109822
vn -0.200945 0.979541 0.0109822
vn -0.165696 0.986093 -0.0128865
vn 0.158225 0.987065 -0.0258456
vn 0.0206437 0.999767 0.00625933
vn 0.0206437 0.999767 0.00625933
vn -0.117353 0.992354 0.0382383
vn 0.293835 0.928703 0.226211
vn 0.2712 0.933022 0.236475
vn 0.2712 0.933022 0.236475
vn 0.248393 0.936747 0.246587
vn -0.026181 0.975029 0.22053
vn 0.107741 0.972357 0.207158
vn 0.107741 0.972357 0.207158
vn 0.23971 0.952065 0.190032
vn 0.171357 0.985209 0.000225782
vn -0.0282692 0.999388 0.0206258
vn -0.0282692 0.999388 0.0206258
vn -0.226751 0.973123 0.0401912
vn -0.311529 0.934911 0.169976
vn -0.231452 0.965453 0.119707
vn -0.231452 0.965453 0.119707
vn -0.14909 0.986465 0.068256
vn 0.170038 0.954023 0.246835
vn 0.091936 0.974831 0.203105
vn 0.091936 0.974831 0.203105
vn 0.0130573 0.987407 0.15766
vn -0.128834 0.981935 -0.138582
vn -0.0474537 0.987625 -0.149484
vn -0.0474537 0.987625 -0.149484
vn 0.0342485 0.986624 -0.159374
vn 0.448706 0.893265 -0.0272064
vn 0.111819 0.99247 -0.0500027
vn 0.111819 0.99247 -0.0500027
vn -0.238917 0.968753 -0.0666061
vn 0.296652 0.913405 -0.278727
vn 0.148076 0.970416 -0.190701
vn 0.148076 0.970416 -0.190701
vn -0.00539748 0.995331 -0.0963682
vn 0.101363 0.970141 0.220343
vn 0.13115 0.967052 0.218196
vn 0.13115 0.967052 0.218196
vn 0.160819 0.963091 0.215853
vn -0.444934 0.892208 -0.0774554
vn -0.149113 0.971573 -0.18388
vn -0.149113 0.971573 -0.18388
vn 0.162386 0.948791 -0.270973
vn 0.528243 0.847908 0.0448565
vn 0.404508 0.910445 0.0863914
vn 0.404508 0.910445 0.0863914
vn 0.2723 0.953911 0.126117
vn 0.19875 0.978755 -0.0503765
vn -0.282784 0.958482 -0.0366745
vn -0.282784 0.958482 -0.0366745
vn -0.698578 0.715388 -0.0144467
vn 0.131585 0.991252 0.0102226
vn 0.278055 0.958601 0.0613912
vn 0.278055 0.958601 0.0613912
vn 0.417534 0.901854 0.111017
vn 0.0588034 0.994033 0.091873
vn -0.0357379 0.993141 0.111329
vn -0.0357379 0.993141 0.111329
vn -0.129946 0.982995 0.129747
vn 0.411022 0.832531 0.37142
vn 0.304212 0.872654 0.382007
vn 0.304212 0.872654 0.382007
vn 0.193408 0.901319 0.387578
vn -0.162004 0.98623 -0.0332319
vn -0.0197633 0.999531 -0.0233826
vn -0.0197633 0.999531 -0.0233826
vn 0.122883 0.992335 -0.0130538
vn -0.140072 0.989376 -0.0389232
vn -0.228986 0.972937 -0.03098
vn -0.228986 0.972937 -0.03098
vn -0.316012 0.948482 -0.0227816
vn 0.18062 0.972568 -0.146584
vn 0.200332 0.968949 -0.144932
vn 0.200332 0.968949 -0.144932
vn 0.219962 0.964937 -0.143222
vn -0.390193 0.910927 -0.134023
vn -0.0163606 0.971006 -0.238494
vn -0.0163606 0.971006 -0.238494
vn 0.359995 0.881284 -0.306173
vn 0.0387264 0.986453 -0.159407
vn -0.00163728 0.985325 -0.170679
vn -0.00163728 0.985325 -0.170679
vn -0.0419981 0.982466 -0.181651
vn -0.446791 0.88183 -0.150845
vn -0.222468 0.937666 -0.267005
vn -0.222468 0.937666 -0.267005
vn 0.0167459 0.930742 -0.365293
vn -0.336347 0.94135 -0.0270432
vn -0.341884 0.939426 -0.0243559
vn -0.341884 0.939426 -0.0243559
vn -0.347407 0.937464 -0.0216676
vn 0.152025 0.938976 -0.308566
vn -0.1862 0.946484 -0.263624
vn -0.1862 0.946484 -0.263624
vn -0.502738 0.843753 -0.187978
vn -0.310822 0.943462 -0.115191
vn -0.118564 0.992822 -0.015742
vn -0.118564 0.992822 -0.015742
vn 0.0795377 0.993245 0.084483
vn -0.0154745 0.980281 0.196999
vn 0.129843 0.980329 0.148646
vn 0.129843 0.980329 0.148646
vn 0.272115 0.957383 0.0968067
vn -0.186545 0.926814 0.32591
vn 0.0973038 0.966512 0.237457
vn 0.0973038 0.966512 0.237457
vn 0.372398 0.919254 0.127639
vn -0.287191 0.890577 -0.352696
vn 0.056615 0.963221 -0.262678
vn 0.056615 0.963221 -0.262678
vn 0.392971 0.909122 -0.138096
vn 0.071411 0.99168 -0.107108
vn -0.0186062 0.994441 -0.103641
vn -0.0186062 0.994441 -0.103641
vn -0.108472 0.989124 -0.099333
vn -0.306175 0.943657 0.125569
vn -0.197845 0.979235 0.0442281
vn -0.197845 0.979235 0.0442281
vn -0.0856336 0.995602 -0.0379807
vn 0.0452284 0.99862 0.0266769
vn -0.0535161 0.998309 -0.0226885
vn -0.0535161 0.998309 -0.0226885
vn -0.151608 0.985831 -0.0717774
vn 0.249333 0.967424 0.0438553
vn 0.280512 0.959354 0.0308666
vn 0.280512 0.959354 0.0308666
vn 0.311353 0.950127 0.0178407
vn -0.117966 0.98929 -0.0859643
vn -0.175457 0.981309 -0.0790358
vn -0.175457 0.981309 -0.0790358
vn -0.232349 0.969976 -0.0718373
vn -0.0666455 0.997766 -0.00453253
vn -0.156015 0.987594 0.0178316
vn -0.156015 0.987594 0.0178316
vn -0.244045 0.968937 0.0400426
vn -0.209109 0.977881 0.0047312
vn -0.0870055 0.995641 0.0336135
vn -0.0870055 0.995641 0.0336135
vn 0.0364953 0.997411 0.061956
vn -0.301569 0.949242 0.0894242
vn 0.0490914 0.99203 0.116044
vn 0.0490914 0.99203 0.116044
vn 0.393591 0.910317 0.1281
vn 0.283184 0.954895 0.0893404
vn 0.104496 0.98272 0.152782
vn 0.104496 0.98272 0.152782
vn -0.0780299 0.974451 0.210612
vn 0.111648 0.992342 -0.0528422
vn -0.0954437 0.991423 -0.0892802
vn -0.0954437 0.991423 -0.0892802
vn -0.298315 0.946668 -0.121771
vn 0.330164 0.94271 -0.047856
vn 0.273921 0.959011 -0.07256
vn 0.273921 0.959011 -0.07256
vn 0.216572 0.971439 -0.0969709
vn 0.131209 0.966949 -0.218616
vn 0.285914 0.926923 -0.243039
vn 0.285914 0.926923 -0.243039
vn 0.433147 0.862673 -0.26111
vn 0.0598984 0.996732 0.0541963
vn 0.0599006 0.996732 0.0541964
vn 0.0599006 0.996732 0.0541964
vn 0.0599029 0.996732 0.0541964
vn 0.55102 0.823606 -0.134351
vn 0.0572302 0.992953 -0.10377
vn 0.0572302 0.992953 -0.10377
vn -0.452209 0.890786 -0.0448131
vn 0.380743 0.917888 0.11188
vn 0.236971 0.969038 0.0693509
vn 0.236971 0.969038 0.0693509
vn 0.087251 0.995871 0.0250819
vn 0.0760459 0.954651 -0.287851
vn -0.0521844 0.956766 -0.286139
vn -0.0521844 0.956766 -0.286139
vn -0.179556 0.943142 -0.279719
vn 0.350701 0.92705 -0.132615
vn 0.126409 0.970652 -0.204584
vn 0.126409 0.970652 -0.204584
vn -0.105137 0.958551 -0.264813
vn -0.333012 0.939793 -0.0767655
vn 0.01703 0.995625 -0.0918767
vn 0.01703 0.995625 -0.0918767
vn 0.364928 0.926133 -0.0954229
vn -0.0383418 0.998978 0.0239534
vn -0.121127 0.991635 0.0445924
vn -0.121127 0.991635 0.0445924
vn -0.203023 0.977021 0.0649044
vn -0.018913 0.988773 0.148224
vn -0.127667 0.978349 0.162896
vn -0.127667 0.978349 0.162896
vn -0.234869 0.956036 0.175588
vn 0.3028 0.896072 0.324603
vn 0.209617 0.921211 0.327766
vn 0.209617 0.921211 0.327766
vn 0.11448 0.93776 0.327872
vn -0.157604 0.986602 0.0421524
vn -0.227216 0.970473 0.0809592
vn -0.227216 0.970473 0.0809592
vn -0.295326 0.947928 0.119231
vn -0.369183 0.905718 -0.208279
vn -0.149233 0.958191 -0.244131
vn -0.149233 0.958191 -0.244131
vn 0.0785387 0.960439 -0.267187
vn 0.427859 0.900008 0.0832021
vn 0.338809 0.931087 0.13522
vn 0.338809 0.931087 0.13522
vn 0.245829 0.951365 0.185669
vn -0.219785 0.94397 -0.246203
vn -0.289659 0.930718 -0.223297
vn -0.289659 0.930718 -0.223297
vn -0.357915 0.912271 -0.199144
vn 0.548597 0.811839 0.199896
vn 0.137744 0.968463 0.20762
vn 0.137744 0.968463 0.20762
vn -0.299747 0.937795 0.175192
vn 0.217372 0.975781 -0.0245039
vn 0.153657 0.988114 -0.00452316
vn 0.153657 0.988114 -0.00452316
vn 0.0892332 0.99589 0.0154784
vn -0.298391 0.933212 -0.200198
vn -0.2729 0.941373 -0.198351
vn -0.2729 0.941373 -0.198351
vn -0.247213 0.948856 -0.196362
vn -0.407985 0.874532 -0.262188
vn -0.0335288 0.9566 -0.289469
vn -0.0335288 0.9566 -0.289469
vn 0.345879 0.897381 -0.273997
vn 0.179807 0.967553 0.177514
vn -0.0300559 0.993479 0.109985
vn -0.0300559 0.993479 0.109985
vn -0.238438 0.970451 0.037036
vn 0.102967 0.95067 -0.292616
vn -0.0859322 0.983218 -0.160931
vn -0.0859322 0.983218 -0.160931
vn -0.270184 0.96259 -0.020543
vn -0.0448693 0.996584 0.0693276
vn -0.0832941 0.993579 0.0765743
vn -0.0832941 0.993579 0.0765743
vn -0.121591 0.989045 0.0837031
vn 0.5043 0.855682 -0.116141
vn 0.234302 0.971379 -0.0390601
vn 0.234302 0.971379 -0.0390601
vn -0.0573048 0.997489 0.0416232
vn 0.0134174 0.988665 -0.14954
vn 0.131538 0.975375 -0.177035
vn 0.131538 0.975375 -0.177035
vn 0.247701 0.947567 -0.201895
vn 0.207161 0.95105 -0.229323
vn -0.0746781 0.963395 -0.257473
vn -0.0746781 0.963395 -0.257473
vn -0.350514 0.898306 -0.264928
vn -0.100381 0.967375 -0.232615
vn -0.23285 0.947265 -0.22016
vn -0.23285 0.947265 -0.22016
vn -0.361102 0.910002 -0.203718
vn 0.267496 0.962994 -0.0329856
vn -0.235898 0.951648 -0.196769
vn -0.235898 0.951648 -0.196769
vn -0.673156 0.673498 -0.305387
vn 0.100475 0.976801 0.189117
vn 0.00454331 0.981707 0.190343
vn 0.00454331 0.981707 0.190343
vn -0.0914303 0.977554 0.189812
vn -0.209593 0.967695 -0.140136
vn -0.430945 0.902159 -0.0198812
vn -0.430945 0.902159 -0.0198812
vn -0.6231 0.7755 0.101721
vn -0.301193 0.928904 -0.215453
vn 0.0265455 0.996667 -0.0771367
vn 0.0265455 0.996667 -0.0771367
vn 0.350803 0.933731 0.0712954
vn -0.0779494 0.992872 -0.0901638
vn 0.0467727 0.991241 -0.123508
vn 0.0467727 0.991241 -0.123508
vn 0.170715 0.973085 -0.154794
vn 0.104704 0.9872 0.120306
vn 0.102295 0.987387 0.120841
vn 0.102295 0.987387 0.120841
vn 0.0998853 0.987568 0.121374
vn -0.187048 0.979807 -0.0706557
vn -0.11095 0.99067 -0.0791357
vn -0.11095 0.99067 -0.0791357
vn -0.0341891 0.995609 -0.0871424
vn 0.318798 0.945569 -0.06533
vn 0.209922 0.975812 -0.0610154
vn 0.209922 0.975812 -0.0610154
vn 0.098363 0.993578 -0.0559206
vn 0.0461824 0.998799 0.016368
vn -0.157108 0.98675 -0.0405102
vn -0.157108 0.98675 -0.0405102
vn -0.353374 0.930587 -0.0955773
vn -0.064023 0.88773 0.455891
vn 0.0729533 0.883914 0.461924
vn 0.0729533 0.883914 0.461924
vn 0.208557 0.863469 0.459265
vn 0.312897 0.948712 -0.0451765
vn 0.303708 0.951643 -0.0462251
vn 0.303708 0.951643 -0.0462251
vn 0.29449 0.954485 -0.0472694
vn 0.0879033 0.954911 -0.28358
vn -0.244987 0.923018 -0.296681
vn -0.244987 0.923018 -0.296681
vn -0.550437 0.787742 -0.276553
vn 0.000258331 0.973616 0.228191
vn 0.251101 0.949738 0.186938
vn 0.251101 0.949738 0.186938
vn 0.485574 0.863943 0.133497
vn -0.00294556 0.968939 -0.247282
vn -0.0419611 0.968392 -0.245876
vn -0.0419611 0.968392 -0.245876
vn -0.0809127 0.96637 -0.244096
vn 0.219358 0.963434 -0.153875
vn -0.0344154 0.985049 -0.168801
vn -0.0344154 0.985049 -0.168801
vn -0.285949 0.942547 -0.172739
vn -0.324795 0.923204 0.205433
vn 0.0979544 0.98048 0.170483
vn 0.0979544 0.98048 0.170483
vn 0.502757 0.858113 0.104296
vn 0.441798 0.880499 0.171861
vn 0.113928 0.962583 0.245875
vn 0.113928 0.962583 0.245875
vn -0.227581 0.929432 0.290454
vn -0.36933 0.927585 0.0564089
vn -0.302524 0.949736 0.0805047
vn -0.302524 0.949736 0.0805047
vn -0.234044 0.966631 0.104155
vn -0.318551 0.897707 -0.304381
vn -0.243588 0.920515 -0.305478
vn -0.243588 0.920515 -0.305478
vn -0.167128 0.937671 -0.304699
vn -0.279423 0.896734 0.343206
vn -0.0847264 0.932459 0.351199
vn -0.0847264 0.932459 0.351199
vn 0.113296 0.931588 0.345409
vn 0.0428512 0.987185 -0.153716
vn -0.150461 0.966567 -0.207627
vn -0.150461 0.966567 -0.207627
vn -0.33765 0.906609 -0.253087
vn -0.221097 0.950585 0.217955
vn -0.0467344 0.94999 0.308762
vn -0.0467344 0.94999 0.308762
vn 0.129434 0.91268 0.387636
vn -0.138513 0.981039 0.135557
vn -0.0256104 0.998216 0.0539301
vn -0.0256104 0.998216 0.0539301
vn 0.0877973 0.995723 -0.0287596
vn -0.165777 0.939467 0.299867
vn -0.231379 0.925633 0.299446
vn -0.231379 0.925633 0.299446
vn -0.29594 0.907638 0.297678
vn 0.190791 0.979112 0.070269
vn 0.148716 0.98627 0.0717952
vn 0.148716 0.98627 0.0717952
vn 0.106369 0.991629 0.0731905
vn -0.387622 0.920066 -0.0568073
vn 0.0187855 0.999817 -0.00357095
vn 0.0187855 0.999817 -0.00357095
vn 0.421918 0.905238 0.050288
vn 0.0518147 0.971828 0.229926
vn 0.188491 0.955421 0.227247
vn 0.188491 0.955421 0.227247
vn 0.321594 0.920903 0.220261
vn 0.129721 0.953805 0.270978
vn 0.130408 0.9538 0.270663
vn 0.130408 0.9538 0.270663
vn 0.131096 0.953795 0.270349
vn 0.160407 0.974483 0.157013
vn 0.433874 0.899987 0.0421557
vn 0.433874 0.899987 0.0421557
vn 0.666763 0.741318 -0.0766445
vn 0.205663 0.97328 -0.102122
vn 0.0432081 0.998107 -0.0437597
vn 0.0432081 0.998107 -0.0437597
vn -0.120561 0.992578 0.0159338
vn 0.0792247 0.994873 0.0628539
vn 0.172278 0.983047 0.062765
vn 0.172278 0.983047 0.062765
vn 0.263816 0.96257 0.0621238
vn 0.0396694 0.981712 0.186191
vn -0.0527915 0.980851 0.187471
vn -0.0527915 0.980851 0.187471
vn -0.144801 0.971601 0.187147
vn 0.0863882 0.887509 -0.452621
vn -0.114007 0.850389 -0.513655
vn -0.114007 0.850389 -0.513655
vn -0.309242 0.774779 -0.55144
vn 0.240477 0.966141 -0.0935046
vn 0.279912 0.955831 -0.0896494
vn 0.279912 0.955831 -0.0896494
vn 0.318878 0.943918 -0.085644
vn -0.0338521 0.994653 0.0975674
vn -0.239157 0.970958 -0.00670736
vn -0.239157 0.970958 -0.00670736
vn -0.431646 0.895234 -0.110623
vn -0.0409991 0.998563 0.0345061
vn -0.0997989 0.993822 0.0485502
vn -0.0997989 0.993822 0.0485502
vn -0.158232 0.985427 0.0624158
vn -0.0640596 0.98486 0.161083
vn 0.166161 0.978428 0.122757
vn 0.166161 0.978428 0.122757
vn 0.387325 0.91866 0.0777391
vn 0.0771152 0.935161 0.345727
vn 0.110678 0.930723 0.348575
vn 0.110678 0.930723 0.348575
vn 0.144112 0.925211 0.351022
vn 0.111871 0.980028 -0.164406
vn 0.148933 0.979479 -0.135796
vn 0.148933 0.979479 -0.135796
vn 0.185669 0.976781 -0.106889
vn 0.238765 0.962331 0.130042
vn 0.341086 0.937157 0.0734601
vn 0.341086 0.937157 0.0734601
vn 0.438529 0.898578 0.0158277
vn -0.436656 0.871174 -0.22447
vn -0.151508 0.985589 -0.0752358
vn -0.151508 0.985589 -0.0752358
vn 0.151317 0.985013 0.0827766
vn 0.167437 0.940887 -0.294442
vn -0.00850618 0.925864 -0.377761
vn -0.00850618 0.925864 -0.377761
vn -0.184125 0.875543 -0.446679
vn -0.617265 0.772167 -0.150805
vn -0.173982 0.969597 -0.172084
vn -0.173982 0.969597 -0.172084
vn 0.310349 0.938268 -0.152762
vn 0.370886 0.888114 0.271471
vn 0.323288 0.907387 0.268575
vn 0.323288 0.907387 0.268575
vn 0.274836 0.92426 0.264969
vn 0.0144961 0.992905 0.118026
vn -0.235868 0.971434 0.0261036
vn -0.235868 0.971434 0.0261036
vn -0.469346 0.880416 -0.0676881
vn -0.620897 0.748714 -0.232194
vn -0.457625 0.864808 -0.206606
vn -0.457625 0.864808 -0.206606
vn -0.275685 0.945627 -0.17259
vn 0.196497 0.979728 -0.0390213
vn 0.266015 0.963814 -0.0173059
vn 0.266015 0.963814 -0.0173059
vn 0.334054 0.942543 0.00450562
vn 0.207801 0.973077 -0.0996983
vn -0.00572112 0.996129 -0.0877127
vn -0.00572112 0.996129 -0.0877127
vn -0.218978 0.973094 -0.0716689
vn 0.180381 0.961115 0.209095
vn 0.116097 0.97803 0.173143
vn 0.116097 0.97803 0.173143
vn 0.051149 0.98936 0.136201
vn 0.368097 0.912485 0.17854
vn 0.181143 0.96467 0.191308
vn 0.181143 0.96467 0.191308
vn -0.0126648 0.980355 0.196837
vn 0.179238 0.904664 0.386596
vn 0.173961 0.906038 0.385787
vn 0.173961 0.906038 0.385787
vn 0.168679 0.907385 0.384968
vn 0.229855 0.911163 -0.341977
vn -0.0560011 0.952384 -0.299713
vn -0.0560011 0.952384 -0.299713
vn -0.337086 0.912463 -0.231914
vn -0.198972 0.975307 -0.095849
vn -0.194201 0.976345 -0.0950633
vn -0.194201 0.976345 -0.0950633
vn -0.189426 0.977359 -0.0942753
vn 0.24356 0.961719 0.125599
vn 0.365405 0.915668 0.167425
vn 0.365405 0.915668 0.167425
vn 0.480411 0.852479 0.206117
vn 0.466486 0.87367 -0.13817
vn 0.182132 0.97951 -0.0859493
vn 0.182132 0.97951 -0.0859493
vn -0.119485 0.992506 -0.0255813
vn -0.156196 0.969569 -0.188517
vn 0.0690767 0.984001 -0.164224
vn 0.0690767 0.984001 -0.164224
vn 0.290789 0.947712 -0.131466
vn -0.251047 0.942901 -0.21889
vn -0.278995 0.934712 -0.22017
vn -0.278995 0.934712 -0.22017
vn -0.306706 0.925729 -0.221263
vn -0.508941 0.860255 0.0306629
vn -0.135919 0.977141 -0.163469
vn -0.135919 0.977141 -0.163469
vn 0.262995 0.907886 -0.326461
vn 0.0697068 0.997441 0.0158816
vn 0.0845958 0.996281 0.0163797
vn 0.0845958 0.996281 0.0163797
vn 0.099466 0.994898 0.0168743
vn -0.774242 0.626993 0.0861911
vn -0.411876 0.903732 -0.116734
vn -0.411876 0.903732 -0.116734
vn 0.0530761 0.955376 -0.290584
vn -0.0361189 0.99156 -0.124517
vn -0.214859 0.953366 -0.211965
vn -0.214859 0.953366 -0.211965
vn -0.384778 0.876033 -0.290711
vn 0.555764 0.827596 -0.0788101
vn 0.313693 0.948644 -0.0408792
vn 0.313693 0.948644 -0.0408792
vn 0.0481922 0.998838 0.000105033
vn 0.0568657 0.985855 0.157656
vn 0.150874 0.978081 0.143509
vn 0.150874 0.978081 0.143509
vn 0.24351 0.961408 0.128056
vn -0.00418338 0.999795 0.0198092
vn 0.0492302 0.998744 -0.00936048
vn 0.0492302 0.998744 -0.00936048
vn 0.102461 0.993992 -0.0384955
vn 0.191182 0.975842 -0.105739
vn 0.108543 0.98897 -0.100785
vn 0.108543 0.98897 -0.100785
vn 0.0251404 0.995148 -0.0951226
vn -0.138931 0.964405 -0.224993
vn -0.0847121 0.974514 -0.207719
vn -0.0847121 0.974514 -0.207719
vn -0.03021 0.981367 -0.189751
vn -0.254091 0.963517 0.084102
vn 0.000926888 0.994764 -0.102194
vn 0.000926888 0.994764 -0.102194
vn 0.255851 0.925822 -0.278197
vn -0.0389215 0.976237 0.213184
vn -0.0517788 0.976362 0.20985
vn -0.0517788 0.976362 0.20985
vn -0.064627 0.976314 0.206479
vn -0.085982 0.996141 0.0176149
vn 0.0129357 0.999655 0.0228543
vn 0.0129357 0.999655 0.0228543
vn 0.111726 0.993348 0.0278691
vn 0.339742 0.93528 0.0991279
vn 0.144399 0.972918 0.180498
vn 0.144399 0.972918 0.180498
vn -0.0576152 0.96561 0.253529
vn 0.0334986 0.984602 -0.17157
vn 0.164189 0.963341 -0.21217
vn 0.164189 0.963341 -0.21217
vn 0.291731 0.923602 -0.2487
vn -0.0552287 0.934669 0.351204
vn 0.0974094 0.901306 0.422089
vn 0.0974094 0.901306 0.422089
vn 0.24718 0.841412 0.48055
vn 0.147293 0.967877 0.203759
vn 0.295211 0.932731 0.207035
vn 0.295211 0.932731 0.207035
vn 0.436301 0.876014 0.205524
vn -0.278947 0.957694 0.0707933
vn -0.0654776 0.989476 0.129037
vn -0.0654776 0.989476 0.129037
vn 0.151264 0.971812 0.180833
vn 0.0442241 0.926897 0.372702
vn 0.274146 0.925583 0.261037
vn 0.274146 0.925583 0.261037
vn 0.486156 0.863797 0.132318
vn -0.0938065 0.994572 0.0450258
vn -0.161808 0.985454 0.0519536
vn -0.161808 0.985454 0.0519536
vn -0.229041 0.971649 0.0586343
vn 0.217589 0.959481 0.179027
vn 0.281079 0.941496 0.185956
vn 0.281079 0.941496 0.185956
vn 0.343331 0.919366 0.192066
vn 0.00553801 0.999945 0.00885981
vn 0.181239 0.983439 0.000554169
vn 0.181239 0.983439 0.000554169
vn 0.351283 0.936237 -0.00776877
vn -0.251193 0.967936 0.00159701
vn -0.0821899 0.994951 0.0576013
vn -0.0821899 0.994951 0.0576013
vn 0.0894783 0.989701 0.111738
vn 0.249094 0.961683 -0.114532
vn -0.0133696 0.986635 -0.162399
vn -0.0133696 0.986635 -0.162399
vn -0.274874 0.940745 -0.198605
vn 0.171039 0.938975 -0.298448
vn 0.0641623 0.935449 -0.34759
vn 0.0641623 0.935449 -0.34759
vn -0.0436032 0.918967 -0.391917
vn 0.241427 0.970194 -0.020885
vn 0.354351 0.935111 0.00191917
vn 0.354351 0.935111 0.00191917
vn 0.462136 0.886465 0.0246955
vn -0.626532 0.778709 -0.0327022
vn -0.242612 0.953854 -0.176926
vn -0.242612 0.953854 -0.176926
vn 0.189557 0.939304 -0.285964
vn -0.211201 0.963239 0.166027
vn -0.202018 0.964704 0.168923
vn -0.202018 0.964704 0.168923
vn -0.192815 0.966078 0.171803
vn 0.240773 0.94003 -0.241602
vn 0.256945 0.935131 -0.243946
vn 0.256945 0.935131 -0.243946
vn 0.273042 0.929959 -0.246219
vn -0.204998 0.969017 -0.137772
vn -0.267662 0.955667 -0.12271
vn -0.267662 0.955667 -0.12271
vn -0.329166 0.938177 -0.107116
vn 0.046058 0.994635 0.0926323
vn 0.0469599 0.99456 0.0929841
vn 0.0469599 0.99456 0.0929841
vn 0.0478618 0.994484 0.0933358
vn 0.486713 0.873543 -0.00570114
vn 0.191464 0.98148 0.00626483
vn 0.191464 0.98148 0.00626483
vn -0.122734 0.992283 0.0176108
vn 0.0860167 0.956337 0.279323
vn 0.172592 0.955373 0.23974
vn 0.172592 0.955373 0.23974
vn 0.257604 0.94575 0.197984
vn -0.321722 0.944568 0.0654749
vn -0.0299679 0.997385 0.0657717
vn -0.0299679 0.997385 0.0657717
vn 0.264421 0.962521 0.0602864
vn 0.205375 0.961435 -0.18293
vn 0.0700394 0.965228 -0.251851
vn 0.0700394 0.965228 -0.251851
vn -0.0669127 0.946743 -0.31496
vn -0.180092 0.960241 0.213318
vn 0.186156 0.940563 0.284055
vn 0.186156 0.940563 0.284055
vn 0.52643 0.78965 0.315158
vn 0.373769 0.927407 0.014577
vn 0.198339 0.977189 0.0759123
vn 0.198339 0.977189 0.0759123
vn 0.0155677 0.9908 0.134438
vn -0.259317 0.936895 -0.234485
vn -0.256526 0.937635 -0.234595
vn -0.256526 0.937635 -0.234595
vn -0.253733 0.938367 -0.234704
vn -0.207617 0.976554 0.0568992
vn 0.0619425 0.998059 0.00643627
vn 0.0619425 0.998059 0.00643627
vn 0.326814 0.94404 -0.0445137
vn -0.417395 0.889039 -0.188127
vn -0.449037 0.874561 -0.183052
vn -0.449037 0.874561 -0.183052
vn -0.480125 0.859002 -0.177751
vn -0.483027 0.873764 -0.0567587
vn -0.432842 0.898984 -0.066902
vn -0.432842 0.898984 -0.066902
vn -0.381246 0.921276 -0.0768273
vn 0.225144 0.891096 0.394027
vn 0.0139093 0.967383 0.252937
vn 0.0139093 0.967383 0.252937
vn -0.198304 0.975617 0.094055
vn 0.404464 0.896918 0.178736
vn 0.38767 0.903711 0.181708
vn 0.38767 0.903711 0.181708
vn 0.370745 0.9102 0.184619
vn -0.372073 0.912343 -0.170856
vn 0.0587355 0.994241 0.0896366
vn 0.0587355 0.994241 0.0896366
vn 0.474264 0.817477 0.32681
vn 0.441272 0.875024 0.19903
vn 0.393374 0.897817 0.197942
vn 0.393374 0.897817 0.197942
vn 0.344369 0.918084 0.196298
vn -0.256367 0.958699 0.123175
vn -0.0707697 0.978004 0.196215
vn -0.0707697 0.978004 0.196215
vn 0.11767 0.958038 0.261377
vn -0.159781 0.967715 -0.194931
vn -0.328146 0.933443 -0.144929
vn -0.328146 0.933443 -0.144929
vn -0.486002 0.869282 -0.0902871
vn -0.158101 0.97049 -0.182083
vn -0.264116 0.944228 -0.196661
vn -0.264116 0.944228 -0.196661
vn -0.366923 0.906503 -0.208851
vn -0.138466 0.943796 -0.300127
vn -0.165743 0.94342 -0.287206
vn -0.165743 0.94342 -0.287206
vn -0.192868 0.942185 -0.274023
vn -0.276942 0.944062 -0.179023
vn -0.012264 0.987062 -0.159868
vn -0.012264 0.987062 -0.159868
vn 0.253301 0.958727 -0.12916
vn 0.0325811 0.99027 0.135295
vn 0.241981 0.967545 0.0728152
vn 0.241981 0.967545 0.0728152
vn 0.439701 0.898118 0.00682096
vn 0.0872309 0.995976 0.0205757
vn 0.0999927 0.994607 0.0275447
vn 0.0999927 0.994607 0.0275447
vn 0.112733 0.993026 0.034508
vn -0.105376 0.990146 -0.0922322
vn -0.249082 0.965023 -0.0817816
vn -0.249082 0.965023 -0.0817816
vn -0.387459 0.919257 -0.0695815
vn 0.16348 0.982266 -0.0918077
vn 0.109784 0.988414 -0.104808
vn 0.109784 0.988414 -0.104808
vn 0.0557491 0.991509 -0.117485
vn 0.129792 0.951185 0.280004
vn 0.0383019 0.946592 0.32015
vn 0.0383019 0.946592 0.32015
vn -0.053571 0.932531 0.357093
vn -0.343091 0.861491 -0.374329
vn -0.318505 0.871292 -0.373369
vn -0.318505 0.871292 -0.373369
vn -0.293697 0.880482 -0.372147
vn -0.0791597 0.996831 0.00786664
vn 0.22456 0.974319 -0.0166221
vn 0.22456 0.974319 -0.0166221
vn 0.507316 0.860851 -0.0395591
vn 0.204727 0.952008 -0.227525
vn 0.0360896 0.982928 -0.180415
vn 0.0360896 0.982928 -0.180415
vn -0.133689 0.982774 -0.127602
vn 0.350549 0.924603 -0.149082
vn 0.241991 0.956958 -0.160226
vn 0.241991 0.956958 -0.160226
vn 0.130297 0.976914 -0.169295
vn 0.147111 0.939742 -0.308614
vn 0.00488119 0.934258 -0.356564
vn 0.00488119 0.934258 -0.356564
vn -0.137459 0.907698 -0.39647
vn -0.00760758 0.949572 0.313456
vn 0.189739 0.930191 0.314235
vn 0.189739 0.930191 0.314235
vn 0.379625 0.874233 0.302657
vn 0.128884 0.982396 0.135227
vn 0.048979 0.990471 0.128717
vn 0.048979 0.990471 0.128717
vn -0.0312445 0.992115 0.121372
vn 0.214488 0.976726 0.00118323
vn -0.13413 0.990493 -0.0305407
vn -0.13413 0.990493 -0.0305407
vn -0.466285 0.882697 -0.0585163
vn 0.244944 0.969472 -0.0112131
vn 0.0737555 0.993193 -0.0901523
vn 0.0737555 0.993193 -0.0901523
vn -0.100096 0.98106 -0.165837
vn 0.0570673 0.99825 0.015504
vn 0.386746 0.921224 0.0421249
vn 0.386746 0.921224 0.0421249
vn 0.671822 0.737953 0.0638875
vn -0.0651234 0.99197 0.108421
vn 0.0819521 0.980437 0.17896
vn 0.0819521 0.980437 0.17896
vn 0.226836 0.942688 0.244713
vn -0.146479 0.984479 -0.0966689
vn 0.0626396 0.989337 -0.131486
vn 0.0626396 0.989337 -0.131486
vn 0.268941 0.949708 -0.160392
vn -0.0866873 0.993448 0.0744774
vn 0.120489 0.99084 0.060973
vn 0.120489 0.99084 0.060973
vn 0.322471 0.945517 0.04484
vn -0.469503 0.880668 -0.0631725
vn -0.169158 0.965068 -0.200074
vn -0.169158 0.965068 -0.200074
vn 0.150821 0.93745 -0.313752
vn -0.382976 0.907048 0.174911
vn -0.341968 0.926086 0.159443
vn -0.341968 0.926086 0.159443
vn -0.300178 0.943011 0.143611
vn -0.0683875 0.996147 0.0549052
vn 0.0529517 0.998515 0.0127892
vn 0.0529517 0.998515 0.0127892
vn 0.173417 0.984405 -0.0295379
vn -0.197589 0.977212 0.0775551
vn 0.00944481 0.995875 0.0902374
vn 0.00944481 0.995875 0.0902374
vn 0.216069 0.971345 0.099006
vn 0.592194 0.802495 -0.0728637
vn 0.117287 0.986123 0.117494
vn 0.117287 0.986123 0.117494
vn -0.392277 0.878361 0.273132
vn 0.0625705 0.989696 0.128789
vn 0.0618254 0.989759 0.128667
vn 0.0618254 0.989759 0.128667
vn 0.0610802 0.989821 0.128546
vn -0.34158 0.915401 -0.212988
vn 0.0509839 0.973088 -0.224722
vn 0.0509839 0.973088 -0.224722
vn 0.435514 0.877444 -0.201047
vn 0.107354 0.993884 0.0258616
vn 0.0639576 0.997324 0.0354123
vn 0.0639576 0.997324 0.0354123
vn 0.0204344 0.998783 0.0448927
vn 0.0755952 0.996842 0.0243336
vn 0.0673435 0.997385 0.0262379
vn 0.0673435 0.997385 0.0262379
vn 0.0590869 0.997856 0.0281404
vn -0.320825 0.946065 0.045095
vn 0.0937198 0.995373 0.0212002
vn 0.0937198 0.995373 0.0212002
vn 0.491877 0.870641 -0.00640145
vn 0.159912 0.956988 0.242079
vn -0.0865365 0.953991 0.287076
vn -0.0865365 0.953991 0.287076
vn -0.327553 0.891112 0.314053
vn -0.0948954 0.981842 -0.16426
vn -0.123673 0.978176 -0.166965
vn -0.123673 0.978176 -0.166965
vn -0.152345 0.973679 -0.169528
vn -0.0207878 0.998646 0.0476791
vn 0.0114341 0.998633 0.0509956
vn 0.0114341 0.998633 0.0509956
vn 0.043644 0.997573 0.0542586
vn 0.120729 0.934678 0.334367
vn 0.309596 0.868889 0.386241
vn 0.309596 0.868889 0.386241
vn 0.485247 0.766007 0.421626
vn -0.0736624 0.997277 0.00339528
vn 0.20725 0.975274 -0.0767372
vn 0.20725 0.975274 -0.0767372
vn 0.470376 0.869575 -0.150284
vn -0.350124 0.935143 -0.0540364
vn 0.143582 0.982454 0.119028
vn 0.143582 0.982454 0.119028
vn 0.597669 0.758671 0.259248
vn 0.239075 0.947694 0.211469
vn 0.237231 0.948002 0.212162
vn 0.237231 0.948002 0.212162
vn 0.235387 0.948307 0.212855
vn -0.273999 0.960246 -0.0533997
vn -0.157561 0.986815 0.0370246
vn -0.157561 0.986815 0.0370246
vn -0.0375875 0.991239 0.126618
vn 0.00138391 0.991395 -0.130894
vn -0.122873 0.989669 -0.0738812
vn -0.122873 0.989669 -0.0738812
vn -0.244832 0.969442 -0.0154869
vn -0.368103 0.897003 -0.244715
vn -0.225456 0.932477 -0.282235
vn -0.225456 0.932477 -0.282235
vn -0.0776205 0.94649 -0.31326
vn 0.383402 0.922052 0.053128
vn 0.175369 0.983528 0.0437947
vn 0.175369 0.983528 0.0437947
vn -0.0409316 0.998637 0.0323968
vn -0.188082 0.9821 0.0102308
vn -0.0111558 0.998537 0.0529065
vn -0.0111558 0.998537 0.0529065
vn 0.166143 0.981629 0.0938155
vn -0.358781 0.789496 -0.497968
vn -0.200678 0.879327 -0.431871
vn -0.200678 0.879327 -0.431871
vn -0.0350635 0.93624 -0.349607
vn 0.26283 0.957477 -0.11899
vn -0.196333 0.980327 -0.0202933
vn -0.196333 0.980327 -0.0202933
vn -0.612088 0.786434 0.08289
vn 0.253645 0.937676 -0.237544
vn 0.0279719 0.982566 -0.183797
vn 0.0279719 0.982566 -0.183797
vn -0.199263 0.972597 -0.119788
vn -0.272377 0.94088 0.201382
vn -0.265699 0.943062 0.200094
vn -0.265699 0.943062 0.200094
vn -0.259008 0.945196 0.198796
vn 0.120948 0.989979 0.072895
vn -0.19559 0.978859 -0.0598314
vn -0.19559 0.978859 -0.0598314
vn -0.489061 0.852296 -0.185502
vn 0.22577 0.964826 0.134683
vn 0.415859 0.909405 0.00661583
vn 0.415859 0.909405 0.00661583
vn 0.582823 0.803416 -0.121819
vn 0.19272 0.971045 0.141178
vn 0.103537 0.981037 0.163848
vn 0.103537 0.981037 0.163848
vn 0.0134669 0.982625 0.185114
vn -0.080186 0.991035 0.106867
vn 0.0966548 0.979395 0.177325
vn 0.0966548 0.979395 0.177325
vn 0.26998 0.932131 0.241333
vn 0.117474 0.973979 0.193819
vn -0.135353 0.972225 0.19094
vn -0.135353 0.972225 0.19094
vn -0.379527 0.908314 0.175855
vn 0.244194 0.917238 -0.314711
vn 0.220048 0.929071 -0.29733
vn 0.220048 0.929071 -0.29733
vn 0.195676 0.939952 -0.279644
vn -0.215276 0.973447 0.0778286
vn 0.0792479 0.996528 -0.0255348
vn 0.0792479 0.996528 -0.0255348
vn 0.366008 0.921988 -0.126397
vn 0.428956 0.777797 0.459379
vn 0.345404 0.823066 0.450842
vn 0.345404 0.823066 0.450842
vn 0.258708 0.860843 0.438201
vn -0.386875 0.896251 -0.216936
vn -0.300414 0.930962 -0.207511
vn -0.300414 0.930962 -0.207511
vn -0.211318 0.957509 -0.196266
vn -0.12551 0.989614 -0.0700763
vn -0.25333 0.967347 -0.00797595
vn -0.25333 0.967347 -0.00797595
vn -0.375909 0.925065 0.0542894
vn 0.198679 0.971967 -0.125725
vn -0.0172602 0.998736 -0.0472061
vn -0.0172602 0.998736 -0.0472061
vn -0.232276 0.972061 0.0338387
vn -0.0966599 0.921801 -0.37542
vn 0.000484991 0.930287 -0.366832
vn 0.000484991 0.930287 -0.366832
vn 0.0976252 0.929858 -0.354729
vn 0.213954 0.937718 0.273693
vn 0.188933 0.943335 0.272805
vn 0.188933 0.943335 0.272805
vn 0.163787 0.948331 0.271738
vn -0.274728 0.94951 -0.151513
vn -0.146345 0.982841 -0.112281
vn -0.146345 0.982841 -0.112281
vn -0.0151617 0.997368 -0.0709015
vn 0.0759539 0.987784 0.136064
vn -0.0438168 0.997902 0.0476701
vn -0.0438168 0.997902 0.0476701
vn -0.162612 0.985805 -0.0417847
vn 0.413527 0.892242 0.181382
vn 0.17506 0.979569 0.0989888
vn 0.17506 0.979569 0.0989888
vn -0.0758843 0.997071 0.0095396
vn -0.0920739 0.991037 -0.0967878
vn -0.127669 0.987441 -0.0930638
vn -0.127669 0.987441 -0.0930638
vn -0.1631 0.982567 -0.0892194
vn 0.64177 0.765338 0.0488885
vn 0.368055 0.90001 0.233489
vn 0.368055 0.90001 0.233489
vn 0.0475476 0.920261 0.388405
vn 0.256473 0.956361 -0.139984
vn 0.0577585 0.992428 -0.108405
vn 0.0577585 0.992428 -0.108405
vn -0.14337 0.987025 -0.0722957
vn 0.23375 0.961982 -0.141249
vn -0.158545 0.960272 -0.229656
vn -0.158545 0.960272 -0.229656
vn -0.525201 0.803272 -0.280924
vn -0.268847 0.962981 -0.0197304
vn -0.30546 0.951903 -0.0239968
vn -0.30546 0.951903 -0.0239968
vn -0.34162 0.939414 -0.0282277
vn -0.324934 0.944698 0.0443175
vn -0.397745 0.915354 0.0626553
vn -0.397745 0.915354 0.0626553
vn -0.467971 0.880062 0.080586
vn 0.201932 0.900626 0.384832
vn 0.131163 0.908418 0.396956
vn 0.131163 0.908418 0.396956
vn 0.0597089 0.911471 0.407009
vn -0.261228 0.965242 0.00826527
vn -0.0459812 0.996147 -0.0746736
vn -0.0459812 0.996147 -0.0746736
vn 0.171756 0.973097 -0.153568
vn 0.0812654 0.99658 0.0149502
vn 0.00125764 0.997837 0.0657301
vn 0.00125764 0.997837 0.0657301
vn -0.0787614 0.990131 0.11592
vn 0.103005 0.994627 0.0103285
vn 0.118698 0.992921 0.00442681
vn 0.118698 0.992921 0.00442681
vn 0.134357 0.990932 -0.0014761
vn -0.0751334 0.929642 0.360722
vn 0.283955 0.854439 0.435091
vn 0.283955 0.854439 0.435091
vn 0.603253 0.659502 0.44849
vn -0.0166255 0.97368 0.227311
vn 0.191594 0.959936 0.204485
vn 0.191594 0.959936 0.204485
vn 0.391371 0.903892 0.172649
vn 0.226626 0.97392 0.0109406
vn 0.188953 0.981982 0.00283847
vn 0.188953 0.981982 0.00283847
vn 0.150986 0.988522 -0.00526806
vn 0.137181 0.984105 0.112778
vn 0.109681 0.988728 0.101918
vn 0.109681 0.988728 0.101918
vn 0.0820832 0.992465 0.0909662
vn -0.214969 0.970887 -0.105671
vn -0.0460014 0.991418 -0.122371
vn -0.0460014 0.991418 -0.122371
vn 0.124312 0.982949 -0.135491
vn -0.233787 0.971012 0.0497986
vn 0.0593589 0.998072 -0.018143
vn 0.0593589 0.998072 -0.018143
vn 0.347086 0.934025 -0.0844285
vn 0.0207497 0.999773 0.00483256
vn -0.17618 0.984288 -0.0117073
vn -0.17618 0.984288 -0.0117073
vn -0.366187 0.930126 -0.0277872
vn -0.0257484 0.999609 -0.0109233
vn -0.0388369 0.999193 -0.010225
vn -0.0388369 0.999193 -0.010225
vn -0.0519188 0.998606 -0.00952486
vn -0.180863 0.966872 -0.18013
vn -0.0919901 0.978369 -0.185288
vn -0.0919901 0.978369 -0.185288
vn -0.00237632 0.981983 -0.188953
vn 0.103149 0.953056 -0.284685
vn -0.0687798 0.973929 -0.216175
vn -0.0687798 0.973929 -0.216175
vn -0.238322 0.961018 -0.140166
vn 0.0184715 0.966369 -0.256496
vn 0.00506051 0.967732 -0.251931
vn 0.00506051 0.967732 -0.251931
vn -0.00835152 0.968899 -0.247314
vn 0.164884 0.902073 0.398844
vn 0.325966 0.869285 0.371605
vn 0.325966 0.869285 0.371605
vn 0.477997 0.812361 0.334049
vn -0.223273 0.962879 -0.1517
vn 0.0382571 0.999258 0.00436734
vn 0.0382571 0.999258 0.00436734
vn 0.296188 0.941629 0.160023
vn -0.185562 0.974583 0.12552
vn -0.0462733 0.995272 0.0853986
vn -0.0462733 0.995272 0.0853986
vn 0.0940075 0.994623 0.0434465
vn -0.0353888 0.99354 -0.107827
vn 0.0475145 0.9958 -0.0782615
vn 0.0475145 0.9958 -0.0782615
vn 0.130049 0.990341 -0.048089
vn -0.199996 0.920603 -0.335397
vn -0.226877 0.916261 -0.330141
vn -0.226877 0.916261 -0.330141
vn -0.253583 0.911214 -0.324631
vn -0.327221 0.871937 -0.364214
vn -0.169752 0.930122 -0.325665
vn -0.169752 0.930122 -0.325665
vn -0.00724603 0.960711 -0.277455
vn 0.190986 0.90235 -0.386379
vn -0.0660912 0.929024 -0.364069
vn -0.0660912 0.929024 -0.364069
vn -0.31872 0.893177 -0.317258
vn -0.0116512 0.990689 0.135648
vn 0.0230848 0.988138 0.151824
vn 0.0230848 0.988138 0.151824
vn 0.0577868 0.98413 0.167776
vn -0.0664286 0.996571 -0.04933
vn -0.219392 0.964916 -0.144235
vn -0.219392 0.964916 -0.144235
vn -0.365027 0.901026 -0.234322
vn -0.294777 0.921793 -0.251801
vn -0.214588 0.944694 -0.248004
vn -0.214588 0.944694 -0.248004
vn -0.132903 0.961011 -0.242478
vn -0.0844185 0.993398 0.0776742
vn 0.0173059 0.999644 0.0203008
vn 0.0173059 0.999644 0.0203008
vn 0.118794 0.992216 -0.0373502
vn 0.3346 0.838811 0.429464
vn 0.214455 0.886198 0.410684
vn 0.214455 0.886198 0.410684
vn 0.0906574 0.918491 0.38491
vn -0.00391655 0.992909 0.118811
vn -0.0211746 0.993215 0.11435
vn -0.0211746 0.993215 0.11435
vn -0.0384259 0.993205 0.109851
vn 0.188801 0.968395 -0.162991
vn -0.174778 0.961945 -0.210035
vn -0.174778 0.961945 -0.210035
vn -0.514859 0.826167 -0.228841
vn -0.137039 0.98558 -0.0992582
vn 0.0471676 0.996923 -0.0626074
vn 0.0471676 0.996923 -0.0626074
vn 0.229704 0.972971 -0.02374
vn -0.0874769 0.958128 -0.272652
vn -0.058759 0.959205 -0.276538
vn -0.058759 0.959205 -0.276538
vn -0.0299916 0.959476 -0.280191
vn 0.190897 0.977646 -0.0881319
vn 0.0482868 0.989845 -0.133696
vn 0.0482868 0.989845 -0.133696
vn -0.0954134 0.979712 -0.176243
vn -0.162592 0.979499 -0.118938
vn -0.136422 0.984449 -0.110678
vn -0.136422 0.984449 -0.110678
vn -0.110147 0.988633 -0.102332
vn -0.120842 0.904742 0.408459
vn -0.150422 0.90546 0.396883
vn -0.150422 0.90546 0.396883
vn -0.17985 0.905263 0.384906
vn 0.55775 0.818642 0.136896
vn 0.398501 0.907236 0.134612
vn 0.398501 0.907236 0.134612
vn 0.226015 0.965696 0.127858
vn 0.195263 0.978951 0.0593906
vn 0.378123 0.915046 0.140409
vn 0.378123 0.915046 0.140409
vn 0.544312 0.8108 0.215237
vn 0.302574 0.893808 -0.330992
vn 0.217017 0.911964 -0.348175
vn 0.217017 0.911964 -0.348175
vn 0.129737 0.922874 -0.362591
vn 0.149125 0.979827 0.133046
vn 0.0319268 0.995909 0.0845308
vn 0.0319268 0.995909 0.0845308
vn -0.0857937 0.995711 0.0346336
vn -0.380258 0.902974 -0.200104
vn -0.295197 0.932069 -0.210015
vn -0.295197 0.932069 -0.210015
vn -0.20772 0.953539 -0.218209
vn 0.303389 0.948844 -0.0874653
vn -0.071012 0.997456 -0.00618005
vn -0.071012 0.997456 -0.00618005
vn -0.434822 0.897301 0.076027
vn -0.262165 0.898065 -0.353199
vn -0.302668 0.887294 -0.347996
vn -0.302668 0.887294 -0.347996
vn -0.342631 0.874941 -0.342172
vn -0.692127 0.677179 0.249778
vn -0.334826 0.940404 0.0594272
vn -0.334826 0.940404 0.0594272
vn 0.100552 0.984341 -0.144782
vn 0.118895 0.982511 0.143306
vn 0.207716 0.969528 0.129882
vn 0.207716 0.969528 0.129882
vn 0.294826 0.948559 0.115388
vn -0.592595 0.805341 0.0160139
vn -0.423006 0.904125 -0.0602088
vn -0.423006 0.904125 -0.0602088
vn -0.234664 0.962829 -0.133763
vn 0.198347 0.969456 0.14427
vn 0.357579 0.922951 0.142477
vn 0.357579 0.922951 0.142477
vn 0.506969 0.851045 0.136763
vn 0.128683 0.982723 0.133025
vn 0.147769 0.979921 0.13386
vn 0.147769 0.979921 0.13386
vn 0.166799 0.976754 0.134645
vn 0.0572832 0.987497 -0.146863
vn 0.114927 0.982788 -0.144633
vn 0.114927 0.982788 -0.144633
vn 0.172186 0.974788 -0.141919
vn -0.221681 0.94127 -0.254694
vn -0.19618 0.947392 -0.252907
vn -0.19618 0.947392 -0.252907
vn -0.170542 0.95286 -0.250946
vn 0.223152 0.965551 0.133844
vn 0.370687 0.915766 0.154801
vn 0.370687 0.915766 0.154801
vn 0.509071 0.843377 0.171937
vn 0.0316305 0.997388 0.0649313
vn 0.0428845 0.996891 0.0661034
vn 0.0428845 0.996891 0.0661034
vn 0.054133 0.996265 0.0672671
vn -0.248529 0.964178 0.0927041
vn -0.288768 0.953171 0.089883
vn -0.288768 0.953171 0.089883
vn -0.328502 0.940497 0.0869048
vn -0.279596 0.957542 0.0702787
vn -0.231908 0.971193 0.0548031
vn -0.231908 0.971193 0.0548031
vn -0.183594 0.982221 0.0391795
vn -0.130162 0.919609 0.370644
vn 0.164837 0.913174 0.372749
vn 0.164837 0.913174 0.372749
vn 0.445485 0.827229 0.342397
vn 0.115156 0.988142 0.101562
vn 0.0618548 0.991796 0.111865
vn 0.0618548 0.991796 0.111865
vn 0.00837082 0.992515 0.121838
vn -0.260453 0.911915 -0.317136
vn -0.302647 0.904773 -0.29965
vn -0.302647 0.904773 -0.29965
vn -0.344194 0.895698 -0.281524
vn -0.422113 0.846608 -0.324153
vn -0.14742 0.963886 -0.221791
vn -0.14742 0.963886 -0.221791
vn 0.141969 0.985076 -0.0973189
vn 0.00074818 0.993983 0.109533
vn 0.0674476 0.993516 0.0915273
vn 0.0674476 0.993516 0.0915273
vn 0.133825 0.988306 0.0730848
vn 0.00509018 0.998782 -0.0490776
vn -0.0723446 0.996561 -0.0404095
vn -0.0723446 0.996561 -0.0404095
vn -0.14934 0.988284 -0.031496
vn -0.31034 0.940578 -0.137848
vn -0.0966454 0.97756 -0.187181
vn -0.0966454 0.97756 -0.187181
vn 0.12183 0.966185 -0.227254
vn -0.674447 0.715817 -0.180905
vn -0.256424 0.960647 -0.106792
vn -0.256424 0.960647 -0.106792
vn 0.223187 0.97475 -0.00702954
vn -0.107168 0.945905 0.306232
vn 0.0751076 0.941112 0.329646
vn 0.0751076 0.941112 0.329646
vn 0.254845 0.904514 0.341919
vn 0.0305572 0.993051 0.11365
vn 0.298246 0.938398 0.174523
vn 0.298246 0.938398 0.174523
vn 0.542567 0.810222 0.221723
vn 0.48666 0.77059 0.411525
vn 0.350411 0.848385 0.396806
vn 0.350411 0.848385 0.396806
vn 0.205461 0.905113 0.372232
vn -0.146956 0.981807 0.120241
vn -0.0421427 0.991095 0.126314
vn -0.0421427 0.991095 0.126314
vn 0.0631391 0.989372 0.130984
vn 0.31637 0.936313 0.152405
vn 0.306249 0.940115 0.149654
vn 0.306249 0.940115 0.149654
vn 0.29609 0.943799 0.146884
vn -0.231783 0.969488 -0.0798077
vn -0.160306 0.984124 -0.0761675
vn -0.160306 0.984124 -0.0761675
vn -0.0879745 0.993508 -0.0721209
vn 0.65562 0.753589 -0.0476099
vn 0.457642 0.881246 0.118196
vn 0.457642 0.881246 0.118196
vn 0.221687 0.935774 0.274193
vn -0.266209 0.958281 0.104069
vn 0.0460287 0.997509 0.0534536
vn 0.0460287 0.997509 0.0534536
vn 0.35359 0.935397 -0.00259264
vn 0.37275 0.926958 0.042502
vn 0.230444 0.970498 0.0709161
vn 0.230444 0.970498 0.0709161
vn 0.0828492 0.991761 0.0977023
vn -0.201623 0.920048 0.335946
vn -0.0951729 0.950861 0.294629
vn -0.0951729 0.950861 0.294629
vn 0.0126081 0.968373 0.249189
vn -0.106411 0.987777 -0.113901
vn -0.00954286 0.991605 -0.128952
vn -0.00954286 0.991605 -0.128952
vn 0.0874166 0.985889 -0.142761
vn 0.266229 0.888955 -0.372667
vn 0.0639265 0.935182 -0.34835
vn 0.0639265 0.935182 -0.34835
vn -0.141166 0.940584 -0.308826
vn 0.104902 0.986973 0.12198
vn 0.0709066 0.991352 0.110421
vn 0.0709066 0.991352 0.110421
vn 0.0368188 0.994434 0.0987172
vn -0.597075 0.799965 0.0596493
vn -0.212221 0.971163 -0.108646
vn -0.212221 0.971163 -0.108646
vn 0.216296 0.94255 -0.254588
vn 0.0612856 0.991674 0.113258
vn -0.101298 0.985186 0.138374
vn -0.101298 0.985186 0.138374
vn -0.261137 0.951993 0.159739
vn -0.269796 0.930867 -0.246367
vn 0.15719 0.981893 -0.105722
vn 0.15719 0.981893 -0.105722
vn 0.551999 0.831924 0.0565642
vn 0.573512 0.81207 0.107822
vn 0.277876 0.955737 0.0966993
vn 0.277876 0.955737 0.0966993
vn -0.0478165 0.996028 0.0751173
vn -0.215622 0.942977 0.253578
vn 0.239897 0.950264 0.198614
vn 0.239897 0.950264 0.198614
vn 0.6449 0.757453 0.101827
vn -0.110854 0.948258 -0.297518
vn -0.18357 0.937349 -0.296107
vn -0.18357 0.937349 -0.296107
vn -0.255294 0.921369 -0.293095
vn 0.0446514 0.992537 0.113471
vn -0.0302446 0.983977 0.175713
vn -0.0302446 0.983977 0.175713
vn -0.104851 0.966012 0.236277
vn -0.0858771 0.977051 0.194927
vn 0.111376 0.993569 0.0204152
vn 0.111376 0.993569 0.0204152
vn 0.300873 0.940898 -0.155518
vn -0.310255 0.941584 -0.131005
vn 0.00554278 0.996436 -0.0841691
vn 0.00554278 0.996436 -0.0841691
vn 0.320758 0.946732 -0.0285017
vn -0.115519 0.932692 -0.341674
vn -0.359241 0.884728 -0.296988
vn -0.359241 0.884728 -0.296988
vn -0.580081 0.780409 -0.233384
vn -0.098484 0.939252 -0.328796
vn -0.185349 0.9211 -0.342375
vn -0.185349 0.9211 -0.342375
vn -0.270721 0.895524 -0.353195
vn -0.201563 0.892303 -0.403939
vn -0.183324 0.901139 -0.392862
vn -0.183324 0.901139 -0.392862
vn -0.164987 0.909494 -0.381576
vn 0.166828 0.979262 -0.114956
vn 0.0659462 0.988563 -0.135627
vn 0.0659462 0.988563 -0.135627
vn -0.0356407 0.987295 -0.154848
vn 0.108938 0.972356 0.206534
vn 0.402416 0.902008 0.15634
vn 0.402416 0.902008 0.15634
vn 0.658229 0.747234 0.091513
vn 0.311862 0.931444 -0.187492
vn 0.13531 0.950621 -0.279304
vn 0.13531 0.950621 -0.279304
vn -0.0466513 0.931803 -0.359953
vn 0.0013394 0.984733 0.174064
vn -0.143995 0.971524 0.188166
vn -0.143995 0.971524 0.188166
vn -0.286234 0.937431 0.198224
vn 0.0814489 0.98055 0.178572
vn 0.0935198 0.979673 0.177469
vn 0.0935198 0.979673 0.177469
vn 0.105577 0.978651 0.176339
vn -0.244728 0.968682 -0.041985
vn -0.339632 0.938279 -0.0654358
vn -0.339632 0.938279 -0.0654358
vn -0.430977 0.898042 -0.0882007
vn 0.601665 0.797643 -0.0420223
vn 0.240942 0.97053 0.00440967
vn 0.240942 0.97053 0.00440967
vn -0.158854 0.986029 0.0501266
vn 0.446736 0.894652 -0.00497223
vn 0.111486 0.980904 0.159371
vn 0.111486 0.980904 0.159371
vn -0.240134 0.923119 0.300312
vn -0.283203 0.957652 -0.0519485
vn -0.33478 0.94191 -0.0269749
vn -0.33478 0.94191 -0.0269749
vn -0.385175 0.922842 -0.00190599
vn -0.125557 0.938846 -0.32063
vn 0.0592276 0.972458 -0.225427
vn 0.0592276 0.972458 -0.225427
vn 0.241386 0.962953 -0.120229
vn -0.585134 0.81088 -0.00958557
vn -0.332529 0.941623 -0.0526425
vn -0.332529 0.941623 -0.0526425
vn -0.0524051 0.99444 -0.091343
vn 0.623276 0.779454 0.0630737
vn 0.432785 0.896159 0.097957
vn 0.432785 0.896159 0.097957
vn 0.220167 0.96705 0.127832
vn -0.0411818 0.99101 0.127289
vn 0.127286 0.987243 0.0956503
vn 0.127286 0.987243 0.0956503
vn 0.292013 0.954454 0.0611999
vn 0.0258753 0.986884 -0.159342
vn 0.13077 0.985979 -0.10366
vn 0.13077 0.985979 -0.10366
vn 0.233821 0.971166 -0.0465147
vn 0.193591 0.978871 -0.0658284
vn -0.0195321 0.999296 -0.0320414
vn -0.0195321 0.999296 -0.0320414
vn -0.231737 0.972773 0.00325083
vn -0.00295005 0.971266 0.237979
vn 0.294542 0.909784 0.292468
vn 0.294542 0.909784 0.292468
vn 0.563978 0.761646 0.319099
vn 0.14018 0.98983 0.0242185
vn 0.0508177 0.998671 0.00859554
vn 0.0508177 0.998671 0.00859554
vn -0.0389671 0.999215 -0.00709883
vn 0.339984 0.93699 0.080377
vn 0.0194596 0.996364 -0.0829456
vn 0.0194596 0.996364 -0.0829456
vn -0.303652 0.923286 -0.235242
vn -0.453237 0.864255 -0.218265
vn -0.15313 0.979684 -0.129504
vn -0.15313 0.979684 -0.129504
vn 0.164016 0.986106 -0.0263325
vn 0.0915372 0.994918 0.0419406
vn -0.0191849 0.999769 0.00970506
vn -0.0191849 0.999769 0.00970506
vn -0.129652 0.991301 -0.0226597
vn -0.0876876 0.984722 -0.150443
vn -0.0578336 0.988773 -0.13778
vn -0.0578336 0.988773 -0.13778
vn -0.0279178 0.991768 -0.124969
vn 0.0735012 0.871092 0.485588
vn 0.155786 0.848921 0.505039
vn 0.155786 0.848921 0.505039
vn 0.23688 0.820263 0.520631
vn 0.369431 0.917844 0.145199
vn 0.200594 0.953435 0.225218
vn 0.200594 0.953435 0.225218
vn 0.0244992 0.954535 0.29709
vn -0.341498 0.93918 -0.0363377
vn -0.0518663 0.995267 -0.0821834
vn -0.0518663 0.995267 -0.0821834
vn 0.242389 0.962641 -0.120704
vn -0.418685 0.907645 0.0297272
vn 0.0682399 0.969724 0.234476
vn 0.0682399 0.969724 0.234476
vn 0.535862 0.757495 0.372899
vn 0.10715 0.99315 -0.0465945
vn -0.00443513 0.999632 -0.0267764
vn -0.00443513 0.999632 -0.0267764
vn -0.115963 0.993231 -0.00661329
vn -0.217038 0.952664 0.212899
vn -0.165144 0.961553 0.219416
vn -0.165144 0.961553 0.219416
vn -0.112784 0.967736 0.225316
vn -0.0567561 0.99705 -0.0516764
vn 0.014267 0.998796 -0.0469269
vn 0.014267 0.998796 -0.0469269
vn 0.0852178 0.995479 -0.0419396
vn 0.207911 0.977762 -0.0274699
vn 0.0500469 0.997678 -0.0462052
vn 0.0500469 0.997678 -0.0462052
vn -0.109102 0.991984 -0.0637545
vn 0.00102358 0.996333 0.0855595
vn 0.137713 0.989371 0.0466985
vn 0.137713 0.989371 0.0466985
vn 0.271614 0.962381 0.0068923
vn -0.272768 0.949701 0.153836
vn 0.0979269 0.985102 0.141364
vn 0.0979269 0.985102 0.141364
vn 0.455027 0.883748 0.109268
vn -0.241783 0.863318 -0.442971
vn -0.196194 0.865602 -0.460696
vn -0.196194 0.865602 -0.460696
vn -0.150135 0.865811 -0.477317
vn -0.189078 0.964331 -0.185244
vn -0.302858 0.925818 -0.226136
vn -0.302858 0.925818 -0.226136
vn -0.411762 0.872398 -0.263388
vn 0.124133 0.986417 -0.107572
vn -0.0638717 0.993031 -0.0990438
vn -0.0638717 0.993031 -0.0990438
vn -0.249612 0.96443 -0.087003
vn -0.273037 0.930282 -0.245001
vn -0.479465 0.862306 -0.162915
vn -0.479465 0.862306 -0.162915
vn -0.660015 0.747791 -0.0720363
vn 0.408363 0.912385 0.0281582
vn 0.00597978 0.999935 0.00973147
vn 0.00597978 0.999935 0.00973147
vn -0.39742 0.917579 -0.0103488
vn 0.443702 0.893942 -0.0632192
vn 0.405675 0.911975 -0.0610597
vn 0.405675 0.911975 -0.0610597
vn 0.366928 0.92839 -0.0587918
vn -0.258863 0.956649 0.133461
vn 0.0897496 0.98928 0.115194
vn 0.0897496 0.98928 0.115194
vn 0.42733 0.900299 0.0827665
vn -0.194009 0.922677 0.333207
vn 0.347108 0.913441 0.212465
vn 0.347108 0.913441 0.212465
vn 0.781499 0.623347 0.0263953
vn -0.543912 0.83053 -0.119913
vn -0.187931 0.967996 -0.16633
vn -0.187931 0.967996 -0.16633
vn 0.195821 0.962417 -0.188167
vn 0.334058 0.940754 -0.0581994
vn 0.395195 0.915444 -0.0760404
vn 0.395195 0.915444 -0.0760404
vn 0.454476 0.885836 -0.0935243
vn -0.0175682 0.991618 0.128007
vn -0.0459931 0.990262 0.131402
vn -0.0459931 0.990262 0.131402
vn -0.0743803 0.988092 0.13469
vn -0.168404 0.857576 -0.486008
vn -0.186312 0.852624 -0.48818
vn -0.186312 0.852624 -0.48818
vn -0.204154 0.847375 -0.490181
vn -0.228939 0.950272 0.211115
vn -0.12629 0.973604 0.190119
vn -0.12629 0.973604 0.190119
vn -0.0221852 0.985719 0.166933
vn -0.378384 0.899498 -0.21847
vn -0.124117 0.990175 -0.0644112
vn -0.124117 0.990175 -0.0644112
vn 0.14214 0.985193 0.0958698
vn -0.0372614 0.995988 -0.0813638
vn -0.107129 0.991896 -0.068299
vn -0.107129 0.991896 -0.068299
vn -0.176454 0.982777 -0.0548879
vn -0.118644 0.966047 -0.229515
vn -0.105438 0.966025 -0.235962
vn -0.105438 0.966025 -0.235962
vn -0.0922087 0.965795 -0.242358
vn -0.302058 0.908635 -0.288346
vn -0.105535 0.960874 -0.256093
vn -0.105535 0.960874 -0.256093
vn 0.0954619 0.972381 -0.212983
vn -0.334519 0.915419 -0.223842
vn -0.0474449 0.981077 -0.187716
vn -0.0474449 0.981077 -0.187716
vn 0.243806 0.960373 -0.135065
vn 0.39266 0.899973 0.189384
vn 0.317377 0.917089 0.241287
vn 0.317377 0.917089 0.241287
vn 0.239347 0.926268 0.291103
vn 0.372141 0.902688 0.216021
vn 0.362292 0.905589 0.220573
vn 0.362292 0.905589 0.220573
vn 0.352399 0.908376 0.225098
vn -0.0375002 0.982967 0.179914
vn 0.275236 0.959874 0.0537256
vn 0.275236 0.959874 0.0537256
vn 0.556524 0.827105 -0.0786016
vn 0.360971 0.913117 -0.189518
vn 0.095646 0.963227 -0.25109
vn 0.095646 0.963227 -0.25109
vn -0.177015 0.939458 -0.293402
vn 0.0588496 0.993146 0.10098
vn 0.144969 0.984706 0.0966305
vn 0.144969 0.984706 0.0966305
vn 0.230001 0.968874 0.0915552
vn 0.073395 0.978022 0.195159
vn -0.174395 0.981642 0.0772319
vn -0.174395 0.981642 0.0772319
vn -0.409049 0.911326 -0.0465124
vn 0.166599 0.980462 0.104588
vn 0.0736326 0.994995 0.0675485
vn 0.0736326 0.994995 0.0675485
vn -0.0200863 0.999354 0.0298182
vn 0.200081 0.931118 0.304938
vn 0.0307088 0.965687 0.257886
vn 0.0307088 0.965687 0.257886
vn -0.139649 0.969262 0.202556
vn 0.511611 0.838177 0.188979
vn 0.365762 0.911494 0.188138
vn 0.365762 0.911494 0.188138
vn 0.210167 0.960522 0.182282
vn 0.359715 0.933013 0.00955465
vn 0.355329 0.93468 0.0107462
vn 0.355329 0.93468 0.0107462
vn 0.350935 0.936324 0.0119376
vn -0.00488333 0.88608 -0.463506
vn -0.292106 0.865548 -0.406818
vn -0.292106 0.865548 -0.406818
vn -0.55417 0.770464 -0.315089
vn 0.254111 0.945181 0.205086
vn 0.235901 0.950319 0.203088
vn 0.235901 0.950319 0.203088
vn 0.217606 0.955113 0.201015
vn -0.35922 0.904335 -0.230521
vn -0.368341 0.89974 -0.234077
vn -0.368341 0.89974 -0.234077
vn -0.377419 0.895041 -0.237606
vn -0.198732 0.972039 0.125083
vn -0.152142 0.982123 0.110852
vn -0.152142 0.982123 0.110852
vn -0.105175 0.989776 0.0963466
vn -0.0150245 0.976224 -0.216241
vn -0.219359 0.916856 -0.333552
vn -0.219359 0.916856 -0.333552
vn -0.410742 0.803358 -0.43117
vn -0.00331243 0.991681 0.128675
vn -0.210586 0.97507 0.0699355
vn -0.210586 0.97507 0.0699355
vn -0.408028 0.912935 0.00793108
vn -0.0495545 0.998768 -0.00277798
vn -0.196099 0.97842 0.0651064
vn -0.196099 0.97842 0.0651064
vn -0.337447 0.932148 0.131266
vn -0.166213 0.982446 -0.0846899
vn -0.252361 0.964316 -0.0800483
vn -0.252361 0.964316 -0.0800483
vn -0.336547 0.938692 -0.0747846
vn -0.0307086 0.999252 0.0234907
vn 0.187105 0.979946 -0.0685325
vn 0.187105 0.979946 -0.0685325
vn 0.394388 0.905485 -0.156698
vn 0.663388 0.747867 0.0247435
vn 0.384484 0.92309 0.00875524
vn 0.384484 0.92309 0.00875524
vn 0.0637695 0.997931 -0.00818515
vn -0.0394201 0.993359 0.108093
vn 0.299574 0.919392 0.254901
vn 0.299574 0.919392 0.254901
vn 0.596047 0.714925 0.365527
vn 0.282122 0.925872 0.251332
vn 0.281057 0.926117 0.251624
vn 0.281057 0.926117 0.251624
vn 0.279992 0.92636 0.251915
vn 0.0933779 0.992645 0.0770441
vn -0.146298 0.985058 -0.0908723
vn -0.146298 0.985058 -0.0908723
vn -0.373436 0.893053 -0.251001
vn 0.238549 0.947997 0.210704
vn 0.180841 0.962432 0.202535
vn 0.180841 0.962432 0.202535
vn 0.122481 0.973398 0.193635
vn 0.0170777 0.967996 -0.250383
vn 0.0644614 0.964459 -0.256249
vn 0.0644614 0.964459 -0.256249
vn 0.111697 0.958711 -0.261527
vn 0.345041 0.913052 -0.217445
vn 0.0930623 0.987294 -0.128801
vn 0.0930623 0.987294 -0.128801
vn -0.166069 0.98565 -0.0302566
vn 0.0217399 0.998036 -0.058746
vn -0.0807706 0.995855 -0.0418216
vn -0.0807706 0.995855 -0.0418216
vn -0.182409 0.982919 -0.0244454
vn 0.146008 0.989083 0.0199135
vn 0.390209 0.919435 -0.0487538
vn 0.390209 0.919435 -0.0487538
vn 0.607407 0.786161 -0.114047
vn -0.0368903 0.993282 0.109679
vn 0.155594 0.97537 0.156348
vn 0.155594 0.97537 0.156348
vn 0.341925 0.918882 0.196833
vn 0.104785 0.985026 0.136911
vn 0.194264 0.975167 0.106349
vn 0.194264 0.975167 0.106349
vn 0.281988 0.956496 0.0748268
vn 0.33786 0.906573 0.252935
vn 0.246422 0.938334 0.242498
vn 0.246422 0.938334 0.242498
vn 0.152647 0.961201 0.229764
vn -0.30842 0.949548 -0.0568873
vn -0.16745 0.984067 -0.0597805
vn -0.16745 0.984067 -0.0597805
vn -0.0229509 0.997848 -0.0614141
vn 0.00905388 0.998338 -0.0569147
vn 0.157798 0.981996 -0.103847
vn 0.157798 0.981996 -0.103847
vn 0.302661 0.941502 -0.148226
vn 0.0518923 0.998559 0.0136667
vn 0.00536335 0.999727 0.0227562
vn 0.00536335 0.999727 0.0227562
vn -0.0411777 0.998646 0.0317945
vn 0.320812 0.945037 -0.0631283
vn 0.142916 0.985628 -0.0900682
vn 0.142916 0.985628 -0.0900682
vn -0.039842 0.992688 -0.113944
vn 0.306096 0.8689 0.388996
vn 0.141511 0.907033 0.396568
vn 0.141511 0.907033 0.396568
vn -0.027122 0.919225 0.392799
vn -0.151104 0.92284 -0.354309
vn -0.0519243 0.932198 -0.358205
vn -0.0519243 0.932198 -0.358205
vn 0.0477717 0.932291 -0.358541
vn 0.244489 0.965083 -0.0940214
vn 0.182622 0.976328 -0.115902
vn 0.182622 0.976328 -0.115902
vn 0.119946 0.983245 -0.137268
vn -0.188545 0.981867 -0.0197036
vn -0.152452 0.987563 -0.0384443
vn -0.152452 0.987563 -0.0384443
vn -0.116102 0.991593 -0.0571202
vn 0.028443 0.998871 0.0380413
vn 0.202116 0.977635 -0.0581266
vn 0.202116 0.977635 -0.0581266
vn 0.367733 0.917429 -0.151977
vn -0.0323194 0.999461 0.00578822
vn 0.158246 0.986491 0.0423612
vn 0.158246 0.986491 0.0423612
vn 0.342826 0.936211 0.077332
vn -0.190593 0.97229 -0.135378
vn -0.0811443 0.990304 -0.112751
vn -0.0811443 0.990304 -0.112751
vn 0.029344 0.995628 -0.0886791
vn 0.146947 0.970581 -0.190733
vn 0.0773941 0.98118 -0.176909
vn 0.0773941 0.98118 -0.176909
vn 0.00744286 0.986734 -0.162175
vn 0.336961 0.927883 0.159656
vn 0.12627 0.975699 0.179071
vn 0.12627 0.975699 0.179071
vn -0.0903618 0.977605 0.19006
vn 0.459712 0.884999 0.0737691
vn 0.255269 0.966859 0.00465426
vn 0.255269 0.966859 0.00465426
vn 0.0372257 0.99721 -0.0647085
vn -0.423261 0.855034 -0.299612
vn -0.138261 0.922359 -0.360747
vn -0.138261 0.922359 -0.360747
vn 0.159112 0.907137 -0.389597
vn 0.244873 0.942499 0.22745
vn 0.220138 0.948557 0.227547
vn 0.220138 0.948557 0.227547
vn 0.195261 0.954001 0.227497
vn 0.330067 0.937971 -0.10614
vn 0.0547456 0.998494 -0.00344688
vn 0.0547456 0.998494 -0.00344688
vn -0.225503 0.969142 0.0995564
vn 0.299714 0.891213 0.340457
vn -0.0312334 0.983098 0.180396
vn -0.0312334 0.983098 0.180396
vn -0.357696 0.933821 -0.00556885
vn 0.0433975 0.990398 0.131255
vn 0.404317 0.901271 0.155684
vn 0.404317 0.901271 0.155684
vn 0.709116 0.687045 0.158505
vn 0.176924 0.984193 0.00789781
vn 0.183368 0.982977 0.0115311
vn 0.183368 0.982977 0.0115311
vn 0.189802 0.981705 0.0151638
vn 0.179727 0.971307 0.155758
vn 0.370593 0.911322 0.17931
vn 0.370593 0.911322 0.17931
vn 0.54642 0.814353 0.195586
vn -0.429338 0.894877 -0.121922
vn -0.344739 0.929575 -0.130557
vn -0.344739 0.929575 -0.130557
vn -0.257233 0.956432 -0.138091
vn -0.302798 0.871395 -0.385986
vn -0.317452 0.868202 -0.381379
vn -0.317452 0.868202 -0.381379
vn -0.332029 0.864795 -0.376677
vn -0.102143 0.990393 0.0932073
vn 0.070761 0.99394 0.0841199
vn 0.070761 0.99394 0.0841199
vn 0.241543 0.967677 0.0725097
vn -0.0673763 0.97299 0.220795
vn -0.00688678 0.970661 0.240355
vn -0.00688678 0.970661 0.240355
vn 0.0536306 0.964403 0.258943
vn -0.284496 0.958662 -0.00546392
vn -0.317661 0.948203 -0.00145182
vn -0.317661 0.948203 -0.00145182
vn -0.350437 0.936583 0.00256205
vn -0.370756 0.912822 -0.171161
vn -0.295297 0.942856 -0.154342
vn -0.295297 0.942856 -0.154342
vn -0.217807 0.966405 -0.136461
vn -0.365778 0.90093 0.233521
vn -0.117991 0.965327 0.232857
vn -0.117991 0.965327 0.232857
vn 0.13753 0.96645 0.216931
vn -0.111529 0.907649 0.40464
vn -0.0398685 0.903458 0.426819
vn -0.0398685 0.903458 0.426819
vn 0.032017 0.894167 0.446588
vn -0.262602 0.897996 0.353049
vn -0.159624 0.905745 0.392616
vn -0.159624 0.905745 0.392616
vn -0.054693 0.902416 0.42738
vn -0.00960598 0.996852 -0.0787046
vn 0.193727 0.972558 -0.128845
vn 0.193727 0.972558 -0.128845
vn 0.38845 0.905035 -0.173259
vn 0.0630613 0.996678 0.0515293
vn 0.223489 0.966458 0.126538
vn 0.223489 0.966458 0.126538
vn 0.376704 0.905043 0.197462
vn 0.0588214 0.984529 0.165055
vn -0.00386148 0.987823 0.155531
vn -0.00386148 0.987823 0.155531
vn -0.0665288 0.987137 0.14538
vn -0.29809 0.737595 -0.605885
vn -0.0431175 0.865614 -0.498853
vn -0.0431175 0.865614 -0.498853
vn 0.215859 0.913255 -0.345499
vn -0.24171 0.91977 -0.30919
vn -0.223348 0.926094 -0.30408
vn -0.223348 0.926094 -0.30408
vn -0.204896 0.932045 -0.298847
vn -0.0312254 0.957847 0.285578
vn 0.0759732 0.955287 0.285753
vn 0.0759732 0.955287 0.285753
vn 0.182298 0.941743 0.282642
vn -0.108099 0.987861 -0.111561
vn 0.171246 0.985169 -0.0108344
vn 0.171246 0.985169 -0.0108344
vn 0.43549 0.895598 0.0908475
vn 0.0711511 0.997462 0.00264111
vn 0.0351444 0.999269 0.0150553
vn 0.0351444 0.999269 0.0150553
vn -0.000913337 0.999623 0.0274475
vn -0.256641 0.891192 0.374049
vn -0.0884278 0.887244 0.452746
vn -0.0884278 0.887244 0.452746
vn 0.0828364 0.852682 0.515821
vn 0.0989629 0.968483 0.228575
vn 0.249418 0.93268 0.260575
vn 0.249418 0.93268 0.260575
vn 0.393651 0.873613 0.286075
vn 0.131668 0.988658 -0.0722409
vn -0.0204264 0.996451 -0.0816607
vn -0.0204264 0.996451 -0.0816607
vn -0.172045 0.981044 -0.0891792
vn -0.194481 0.956297 0.21834
vn -0.100165 0.978713 0.179133
vn -0.100165 0.978713 0.179133
vn -0.00475248 0.990426 0.137966
vn 0.140837 0.968202 0.206761
vn 0.281546 0.926247 0.250595
vn 0.281546 0.926247 0.250595
vn 0.415644 0.862544 0.288546
vn -0.122974 0.989781 -0.0721841
vn -0.123333 0.989732 -0.0722535
vn -0.123333 0.989732 -0.0722535
vn -0.123691 0.989682 -0.0723229
vn 0.224646 0.936476 0.269345
vn 0.0784506 0.979881 0.183517
vn 0.0784506 0.979881 0.183517
vn -0.0701472 0.993279 0.0920697
vn 0.0781766 0.996367 -0.033795
vn -0.177936 0.98172 0.0675633
vn -0.177936 0.98172 0.0675633
vn -0.420511 0.892382 0.163781
vn -0.18779 0.978431 -0.086072
vn -0.114622 0.987953 -0.103976
vn -0.114622 0.987953 -0.103976
vn -0.0407921 0.99178 -0.12128
vn -0.102118 0.98586 0.132859
vn 0.125354 0.988111 0.0890141
vn 0.125354 0.988111 0.0890141
vn 0.346098 0.937328 0.0403921
vn 0.370798 0.909942 0.185782
vn 0.349153 0.920402 0.175936
vn 0.349153 0.920402 0.175936
vn 0.327272 0.93024 0.165971
vn -0.183938 0.966925 0.1767
vn -0.250768 0.955296 0.156604
vn -0.250768 0.955296 0.156604
vn -0.316342 0.938886 0.135724
vn -0.046839 0.967146 -0.24987
vn -0.0291626 0.969874 -0.241855
vn -0.0291626 0.969874 -0.241855
vn -0.011475 0.972229 -0.233748
vn -0.0285416 0.99951 0.0128525
vn 0.0136791 0.999616 0.0240815
vn 0.0136791 0.999616 0.0240815
vn 0.0558738 0.997815 0.0352645
vn -0.411659 0.849403 -0.330231
vn -0.204464 0.910057 -0.360541
vn -0.204464 0.910057 -0.360541
vn 0.0124484 0.927459 -0.373717
vn -0.00379192 0.970335 -0.241736
vn 0.0638065 0.974888 -0.213359
vn 0.0638065 0.974888 -0.213359
vn 0.131061 0.974181 -0.18383
vn 0.409085 0.912494 -0.00211405
vn 0.300674 0.951676 -0.0625133
vn 0.300674 0.951676 -0.0625133
vn 0.187171 0.97474 -0.121854
vn 0.389364 0.904502 0.173988
vn 0.249081 0.943961 0.216555
vn 0.249081 0.943961 0.216555
vn 0.103057 0.961664 0.25413
vn 0.109893 0.97766 -0.179177
vn 0.192177 0.970195 -0.147612
vn 0.192177 0.970195 -0.147612
vn 0.272959 0.955141 -0.114891
vn 0.328742 0.937755 -0.112005
vn 0.116963 0.987701 -0.103761
vn 0.116963 0.987701 -0.103761
vn -0.100361 0.990818 -0.0905977
vn 0.202641 0.972945 0.110968
vn 0.121721 0.990549 0.0632202
vn 0.121721 0.990549 0.0632202
vn 0.0396879 0.999101 0.0148946
vn -0.103933 0.962664 0.249954
vn -0.15812 0.949258 0.271857
vn -0.15812 0.949258 0.271857
vn -0.211739 0.93244 0.292784
vn 0.428535 0.830351 0.356196
vn 0.156083 0.932065 0.326945
vn 0.156083 0.932065 0.326945
vn -0.129704 0.954151 0.269763
vn -0.354247 0.935042 0.0143538
vn -0.346146 0.938119 0.0107995
vn -0.346146 0.938119 0.0107995
vn -0.338014 0.941113 0.00724422
vn 0.0917511 0.995695 -0.0131666
vn -0.189 0.975362 -0.113793
vn -0.189 0.975362 -0.113793
vn -0.452861 0.86787 -0.204251
vn 0.407651 0.901483 0.145431
vn 0.358773 0.919579 0.160175
vn 0.358773 0.919579 0.160175
vn 0.308843 0.934978 0.174449
vn -0.209993 0.93415 -0.288559
vn -0.306438 0.909124 -0.282116
vn -0.306438 0.909124 -0.282116
vn -0.399828 0.875034 -0.272859
vn 0.0775592 0.963435 0.256472
vn 0.0206177 0.971771 0.235022
vn 0.0206177 0.971771 0.235022
vn -0.0364015 0.976443 0.212685
vn -0.157893 0.985262 -0.0657848
vn 0.0189112 0.998992 -0.0407103
vn 0.0189112 0.998992 -0.0407103
vn 0.195109 0.980677 -0.01433
vn 0.379289 0.879776 0.286591
vn 0.136204 0.933024 0.333038
vn 0.136204 0.933024 0.333038
vn -0.11561 0.926481 0.358144
vn 0.12745 0.9113 0.391521
vn 0.0618011 0.934335 0.350996
vn 0.0618011 0.934335 0.350996
vn -0.00424861 0.951314 0.308195
vn -0.589752 0.801497 -0.0989661
vn -0.214075 0.955467 -0.203111
vn -0.214075 0.955467 -0.203111
vn 0.199212 0.941575 -0.271572
vn -0.160504 0.971986 -0.171701
vn -0.375099 0.898808 -0.226815
vn -0.375099 0.898808 -0.226815
vn -0.569273 0.776694 -0.26958
vn 0.245985 0.955014 -0.165653
vn 0.1563 0.975912 -0.152204
vn 0.1563 0.975912 -0.152204
vn 0.065262 0.988358 -0.137437
vn 0.311808 0.926166 -0.212116
vn 0.11358 0.98224 -0.149348
vn 0.11358 0.98224 -0.149348
vn -0.0899164 0.992759 -0.0796545
vn -0.152819 0.98301 0.101679
vn 0.073468 0.98541 0.153522
vn 0.073468 0.98541 0.153522
vn 0.295795 0.934698 0.197091
vn 0.0856834 0.994361 0.0624921
vn -0.0931415 0.995087 0.0335608
vn -0.0931415 0.995087 0.0335608
vn -0.26891 0.963159 0.00352826
vn -0.317852 0.947897 0.0214786
vn -0.0664878 0.994477 0.0812125
vn -0.0664878 0.994477 0.0812125
vn 0.189459 0.972515 0.135349
vn -0.0922128 0.979967 -0.176527
vn 0.1192 0.976458 -0.179781
vn 0.1192 0.976458 -0.179781
vn 0.325282 0.929284 -0.174996
vn 0.111793 0.993447 -0.0237826
vn 0.165226 0.984981 -0.0501304
vn 0.165226 0.984981 -0.0501304
vn 0.21806 0.972948 -0.0762967
vn 0.196559 0.950688 -0.239911
vn 0.223547 0.943452 -0.244798
vn 0.223547 0.943452 -0.244798
vn 0.250354 0.935457 -0.249487
vn 0.0797248 0.979036 0.187436
vn 0.018807 0.981478 0.190649
vn 0.018807 0.981478 0.190649
vn -0.042181 0.980262 0.193151
vn 0.127376 0.990623 0.0494103
vn 0.375426 0.926848 0.00269179
vn 0.375426 0.926848 0.00269179
vn 0.59803 0.800254 -0.0442091
vn 0.135564 0.939766 0.313786
vn 0.166001 0.938167 0.303786
vn 0.166001 0.938167 0.303786
vn 0.196266 0.935603 0.293473
vn 0.383245 0.922745 0.0408013
vn 0.329682 0.943551 0.031961
vn 0.329682 0.943551 0.031961
vn 0.275003 0.961168 0.0230127
vn -0.137144 0.966137 -0.218565
vn 0.0626615 0.973831 -0.218465
vn 0.0626615 0.973831 -0.218465
vn 0.259961 0.942589 -0.209631
vn 0.00116787 0.986458 -0.164011
vn -0.143511 0.970169 -0.195391
vn -0.143511 0.970169 -0.195391
vn -0.285006 0.932359 -0.222437
vn -0.0231043 0.995131 0.0958169
vn -0.144412 0.982851 0.114671
vn -0.144412 0.982851 0.114671
vn -0.263521 0.95561 0.13178
vn -0.375711 0.926445 0.0232396
vn -0.0530349 0.980836 0.187479
vn -0.0530349 0.980836 0.187479
vn 0.276751 0.903742 0.326586
vn -0.483902 0.873988 0.0445477
vn -0.259499 0.965036 0.0369559
vn -0.259499 0.965036 0.0369559
vn -0.0198616 0.999433 0.0271947
vn 0.329759 0.940626 0.0805038
vn 0.196458 0.979657 0.0409536
vn 0.196458 0.979657 0.0409536
vn 0.0590584 0.998254 0.000549217
vn 0.276756 0.932009 -0.234019
vn 0.160888 0.974702 -0.155151
vn 0.160888 0.974702 -0.155151
vn 0.0415666 0.996469 -0.0729527
vn -0.17303 0.982842 0.0638929
vn -0.175244 0.982465 0.0636599
vn -0.175244 0.982465 0.0636599
vn -0.177456 0.982083 0.0634266
vn 0.576019 0.816945 0.0283415
vn 0.129834 0.991474 0.011089
vn 0.129834 0.991474 0.011089
vn -0.346192 0.938123 -0.00871214
vn 0.157303 0.973267 0.167351
vn 0.238018 0.951289 0.19595
vn 0.238018 0.951289 0.19595
vn 0.316873 0.921876 0.223018
vn -0.0355053 0.999275 -0.0137479
vn -0.0447392 0.998893 -0.0145028
vn -0.0447392 0.998893 -0.0145028
vn -0.0539691 0.998426 -0.0152566
vn 0.134138 0.980278 0.14513
vn -0.0147591 0.994628 0.102452
vn -0.0147591 0.994628 0.102452
vn -0.163299 0.984912 0.0572946
vn -0.0303394 0.989493 0.141365
vn 0.118124 0.990964 0.0635343
vn 0.118124 0.990964 0.0635343
vn 0.263269 0.964589 -0.0160814
vn 0.377236 0.925258 0.0398768
vn 0.371876 0.92737 0.0411577
vn 0.371876 0.92737 0.0411577
vn 0.366502 0.929449 0.0424371
vn 0.298496 0.949698 -0.0947277
vn 0.114296 0.981282 -0.154988
vn 0.114296 0.981282 -0.154988
vn -0.0743111 0.97503 -0.209272
vn -0.0317208 0.993666 -0.107802
vn -0.0984219 0.991254 -0.0879125
vn -0.0984219 0.991254 -0.0879125
vn -0.164646 0.984034 -0.0675965
vn 0.332496 0.93816 0.0964524
vn 0.0758618 0.996724 0.028043
vn 0.0758618 0.996724 0.028043
vn -0.186384 0.98156 -0.0424407
vn -0.256597 0.966488 0.00770196
vn -0.175394 0.983926 -0.033557
vn -0.175394 0.983926 -0.033557
vn -0.0926824 0.992903 -0.0745274
vn 0.270645 0.932745 -0.238199
vn -0.0463138 0.992577 -0.112455
vn -0.0463138 0.992577 -0.112455
vn -0.357722 0.933445 0.0267676
vn 0.214311 0.912188 -0.349262
vn 0.162947 0.928614 -0.333353
vn 0.162947 0.928614 -0.333353
vn 0.111069 0.942105 -0.31639
vn -0.415319 0.906564 -0.0751754
vn -0.101299 0.986524 0.128485
vn -0.101299 0.986524 0.128485
vn 0.227559 0.921979 0.313325
vn 0.447791 0.814875 0.368052
vn 0.21369 0.914786 0.342787
vn 0.21369 0.914786 0.342787
vn -0.0343914 0.954849 0.295095
vn -0.178765 0.983793 0.0139656
vn -0.0942878 0.995528 0.00587891
vn -0.0942878 0.995528 0.00587891
vn -0.00911903 0.999956 -0.00225091
vn 0.00891088 0.977742 -0.209623
vn -0.0442771 0.975996 -0.213242
vn -0.0442771 0.975996 -0.213242
vn -0.0973391 0.971473 -0.216254
vn -0.0672193 0.984885 -0.159634
vn 0.151351 0.981564 -0.116724
vn 0.151351 0.981564 -0.116724
vn 0.36241 0.929533 -0.0680219
vn -0.413428 0.89808 0.1501
vn -0.180509 0.954131 0.238852
vn -0.180509 0.954131 0.238852
vn 0.064192 0.947907 0.312013
vn 0.149606 0.967368 -0.204491
vn 0.187119 0.965874 -0.17909
vn 0.187119 0.965874 -0.17909
vn 0.224248 0.962396 -0.153321
vn 0.350309 0.920668 -0.172205
vn 0.283627 0.949637 -0.133215
vn 0.283627 0.949637 -0.133215
vn 0.215015 0.972142 -0.0933183
vn -0.00371916 0.99316 -0.116704
vn 0.194631 0.980757 -0.0153338
vn 0.194631 0.980757 -0.0153338
vn 0.383294 0.919539 0.0867993
vn -0.0319418 0.943087 -0.331008
vn 0.0379378 0.934405 -0.354187
vn 0.0379378 0.934405 -0.354187
vn 0.107609 0.920587 -0.37542
vn -0.430946 0.854563 -0.289842
vn -0.370903 0.886694 -0.276053
vn -0.370903 0.886694 -0.276053
vn -0.309069 0.914544 -0.260932
vn 0.240626 0.969641 -0.0435325
vn 0.213421 0.976683 -0.0232807
vn 0.213421 0.976683 -0.0232807
vn 0.185961 0.982553 -0.00300101
vn -0.120338 0.973752 -0.193198
vn 0.0292094 0.984351 -0.173783
vn 0.0292094 0.984351 -0.173783
vn 0.178089 0.972453 -0.150397
vn 0.133921 0.988328 0.072612
vn 0.0564624 0.995207 0.0798452
vn 0.0564624 0.995207 0.0798452
vn -0.0213408 0.996015 0.0865915
vn 0.30417 0.921889 0.240002
vn 0.121962 0.965006 0.232141
vn 0.121962 0.965006 0.232141
vn -0.0645298 0.97423 0.216127
vn 0.0974046 0.991264 -0.0889223
vn -0.0292333 0.997715 -0.0609095
vn -0.0292333 0.997715 -0.0609095
vn -0.155378 0.987341 -0.0318695
vn -0.178759 0.96971 0.166457
vn 0.14521 0.969919 0.195376
vn 0.14521 0.969919 0.195376
vn 0.453817 0.867518 0.203626
vn -0.121912 0.940025 0.318576
vn -0.233544 0.929505 0.285443
vn -0.233544 0.929505 0.285443
vn -0.341984 0.906278 0.248408
vn 0.0709051 0.945132 -0.318901
vn 0.118418 0.944076 -0.307729
vn 0.118418 0.944076 -0.307729
vn 0.165648 0.940771 -0.295823
vn 0.0337353 0.972273 -0.231404
vn -0.0999025 0.972544 -0.210186
vn -0.0999025 0.972544 -0.210186
vn -0.231711 0.955008 -0.185119
vn -0.232533 0.97242 -0.0181031
vn -0.0628811 0.996315 0.0583365
vn -0.0628811 0.996315 0.0583365
vn 0.108983 0.985143 0.132723
vn -0.169862 0.966217 0.193831
vn 0.0997021 0.979171 0.176875
vn 0.0997021 0.979171 0.176875
vn 0.361976 0.920526 0.146985
vn -0.0298165 0.986683 -0.159901
vn -0.304646 0.948196 -0.0900877
vn -0.304646 0.948196 -0.0900877
vn -0.55453 0.832064 -0.0128977
vn -0.236149 0.971616 0.0139687
vn -0.034831 0.997229 -0.0657428
vn -0.034831 0.997229 -0.0657428
vn 0.168143 0.975433 -0.142329
vn -0.00702477 0.877905 -0.478784
vn -0.0918063 0.88255 -0.46117
vn -0.0918063 0.88255 -0.46117
vn -0.175898 0.880558 -0.440088
vn 0.468501 0.88324 -0.0198199
vn 0.0485989 0.994589 -0.0918232
vn 0.0485989 0.994589 -0.0918232
vn -0.380727 0.913085 -0.146022
vn 0.29778 0.947915 0.113065
vn 0.325632 0.93964 0.105072
vn 0.325632 0.93964 0.105072
vn 0.353189 0.930512 0.0969836
vn -0.195912 0.978354 -0.0666446
vn -0.100765 0.990489 -0.0936865
vn -0.100765 0.990489 -0.0936865
vn -0.00461778 0.992788 -0.119798
vn -0.196863 0.971436 -0.132502
vn -0.167247 0.975462 -0.143189
vn -0.167247 0.975462 -0.143189
vn -0.137462 0.978504 -0.153733
vn 0.219559 0.941996 0.253846
vn 0.0699028 0.970158 0.232179
vn 0.0699028 0.970158 0.232179
vn -0.0814077 0.975367 0.205017
vn -0.244859 0.941106 -0.233159
vn -0.0838641 0.962698 -0.257254
vn -0.0838641 0.962698 -0.257254
vn 0.079392 0.958329 -0.274411
vn 0.379838 0.888843 -0.256284
vn 0.0768147 0.986426 -0.145132
vn 0.0768147 0.986426 -0.145132
vn -0.234942 0.971852 -0.0174784
vn 0.404191 0.878857 0.253458
vn 0.354333 0.89977 0.254681
vn 0.354333 0.89977 0.254681
vn 0.303438 0.918052 0.25516
vn 0.235925 0.960896 0.144974
vn 0.25198 0.957364 0.141278
vn 0.25198 0.957364 0.141278
vn 0.267964 0.95356 0.137542
vn 0.14001 0.988973 0.0482552
vn 0.0925764 0.994464 0.0497047
vn 0.0925764 0.994464 0.0497047
vn 0.0449312 0.997685 0.0510407
vn 0.0889535 0.992747 -0.0808691
vn 0.162745 0.985121 -0.0552368
vn 0.162745 0.985121 -0.0552368
vn 0.235535 0.971425 -0.0292642
vn 0.505356 0.860156 0.0688939
vn 0.168316 0.985717 -0.00559158
vn 0.168316 0.985717 -0.00559158
vn -0.191431 0.978296 -0.0793227
vn -0.027772 0.989215 -0.143813
vn -0.028897 0.989193 -0.14374
vn -0.028897 0.989193 -0.14374
vn -0.030022 0.989171 -0.143667
vn 0.63634 0.767254 0.0799497
vn 0.242169 0.964715 0.103341
vn 0.242169 0.964715 0.103341
vn -0.199203 0.974144 0.106591
vn 0.00494692 0.999984 0.00289848
vn -0.192163 0.981147 -0.0205727
vn -0.192163 0.981147 -0.0205727
vn -0.381632 0.923303 -0.043226
vn 0.240338 0.955543 0.170808
vn 0.273068 0.947534 0.16617
vn 0.273068 0.947534 0.16617
vn 0.305483 0.938429 0.161341
vn -0.116853 0.978128 0.172078
vn -0.123492 0.976724 0.175387
vn -0.123492 0.976724 0.175387
vn -0.130125 0.975264 0.178685
vn 0.399821 0.897196 0.187567
vn 0.258576 0.952758 0.159344
vn 0.258576 0.952758 0.159344
vn 0.111168 0.985612 0.127322
vn -0.00222857 0.999888 0.0148146
vn 0.149009 0.988645 -0.0194154
vn 0.149009 0.988645 -0.0194154
vn 0.296644 0.953506 -0.0531761
vn 0.34283 0.927296 0.150302
vn -0.00617409 0.999943 -0.00865939
vn -0.00617409 0.999943 -0.00865939
vn -0.354237 0.92025 -0.166301
vn 0.214032 0.973414 0.0815841
vn 0.284312 0.956071 0.0713763
vn 0.284312 0.956071 0.0713763
vn 0.353072 0.933619 0.060787
vn 0.207842 0.97286 0.101712
vn 0.396287 0.916905 0.0473532
vn 0.396287 0.916905 0.0473532
vn 0.568248 0.822808 -0.00897501
vn -0.0479905 0.994854 0.0892316
vn 0.115495 0.993286 0.00654825
vn 0.115495 0.993286 0.00654825
vn 0.275104 0.958378 -0.0763548
vn 0.428999 0.901628 0.0550053
vn 0.3545 0.934285 0.0379736
vn 0.3545 0.934285 0.0379736
vn 0.277551 0.960488 0.0206797
vn -0.125096 0.980953 -0.148598
vn -0.283779 0.947362 -0.148237
vn -0.283779 0.947362 -0.148237
vn -0.434996 0.888847 -0.143975
vn -0.360474 0.932492 -0.0227405
vn -0.217953 0.972476 -0.0823773
vn -0.217953 0.972476 -0.0823773
vn -0.0698822 0.987694 -0.139916
vn -0.263557 0.964643 -0.00117164
vn -0.162281 0.986605 0.01658
vn -0.162281 0.986605 0.01658
vn -0.0592111 0.997661 0.0341484
vn -0.126612 0.987525 -0.0936189
vn -0.23709 0.968511 -0.075998
vn -0.23709 0.968511 -0.075998
vn -0.344514 0.937025 -0.0573984
vn -0.362787 0.923696 -0.123175
vn -0.0960101 0.978005 -0.185172
vn -0.0960101 0.978005 -0.185172
vn 0.178252 0.956066 -0.232732
vn -0.330462 0.943229 0.0333901
vn -0.195301 0.974314 0.112115
vn -0.195301 0.974314 0.112115
vn -0.0551742 0.98062 0.187988
vn -0.406614 0.900821 -0.152275
vn -0.248792 0.952859 -0.173674
vn -0.248792 0.952859 -0.173674
vn -0.0839867 0.978147 -0.190198
vn 0.463396 0.87779 -0.121446
vn 0.300567 0.94609 -0.120721
vn 0.300567 0.94609 -0.120721
vn 0.128368 0.984892 -0.116233
vn -0.211938 0.945721 0.246362
vn 0.176504 0.978133 0.110007
vn 0.176504 0.978133 0.110007
vn 0.534847 0.843744 -0.0451084
vn 0.0748682 0.996418 0.0393126
vn 0.169681 0.982142 0.081272
vn 0.169681 0.982142 0.081272
vn 0.262636 0.957108 0.122341
vn 0.266914 0.942383 -0.20167
vn 0.0306994 0.990196 -0.136267
vn 0.0306994 0.990196 -0.136267
vn -0.20743 0.97626 -0.0623653
vn -0.370838 0.923385 -0.0991951
vn -0.315778 0.940748 -0.123603
vn -0.315778 0.940748 -0.123603
vn -0.259478 0.954415 -0.147526
vn 0.386311 0.919467 -0.0731044
vn 0.350881 0.933721 -0.0710437
vn 0.350881 0.933721 -0.0710437
vn 0.314938 0.946609 -0.0688791
vn -0.131107 0.968492 0.211739
vn 0.142718 0.981467 0.127884
vn 0.142718 0.981467 0.127884
vn 0.404814 0.913784 0.0335191
vn 0.106077 0.983238 -0.148292
vn 0.20682 0.964486 -0.164296
vn 0.20682 0.964486 -0.164296
vn 0.305338 0.935358 -0.178533
vn 0.10018 0.987263 -0.123592
vn 0.18225 0.974621 -0.129995
vn 0.18225 0.974621 -0.129995
vn 0.263057 0.955218 -0.135496
vn -0.150549 0.96311 -0.223056
vn -0.140542 0.964087 -0.225353
vn -0.140542 0.964087 -0.225353
vn -0.13052 0.964962 -0.227626
vn -0.1525 0.980982 -0.120072
vn 0.0938516 0.989203 -0.112558
vn 0.0938516 0.989203 -0.112558
vn 0.334496 0.937267 -0.0981983
vn 0.299421 0.94168 0.153577
vn 0.271919 0.948342 0.163426
vn 0.271919 0.948342 0.163426
vn 0.244173 0.954152 0.173128
vn -0.503336 0.859166 -0.0921241
vn -0.244494 0.96842 0.0488422
vn -0.244494 0.96842 0.0488422
vn 0.0385062 0.981987 0.184983
vn 0.0298488 0.937599 0.346436
vn 0.0541774 0.935114 0.35018
vn 0.0541774 0.935114 0.35018
vn 0.0784729 0.932058 0.35371
vn 0.29535 0.932605 0.207405
vn -0.0691052 0.982554 0.172663
vn -0.0691052 0.982554 0.172663
vn -0.424125 0.898355 0.114348
vn 0.21928 0.96631 0.134764
vn 0.22823 0.963681 0.138674
vn 0.22823 0.963681 0.138674
vn 0.237157 0.960953 0.142569
vn 0.171135 0.985233 0.0053178
vn -0.0574944 0.998041 -0.0246716
vn -0.0574944 0.998041 -0.0246716
vn -0.283058 0.957618 -0.0533451
vn 0.332455 0.941019 -0.0629034
vn -0.137338 0.990432 0.0134959
vn -0.137338 0.990432 0.0134959
vn -0.575683 0.813052 0.0868049
vn -0.185638 0.980411 0.0658175
vn -0.239989 0.969804 0.0434193
vn -0.239989 0.969804 0.0434193
vn -0.293484 0.955736 0.0208661
vn -0.156581 0.888335 0.431675
vn 0.090604 0.918679 0.384474
vn 0.090604 0.918679 0.384474
vn 0.331968 0.889998 0.31257
vn -0.269288 0.928255 0.256566
vn -0.0758935 0.987141 0.140689
vn -0.0758935 0.987141 0.140689
vn 0.121622 0.992428 0.0171726
vn -0.0345171 0.996129 0.0808414
vn -0.227503 0.973518 -0.022461
vn -0.227503 0.973518 -0.022461
vn -0.409472 0.903764 -0.124676
vn 0.0314721 0.99546 -0.089825
vn -0.121277 0.985749 -0.116583
vn -0.121277 0.985749 -0.116583
vn -0.271098 0.952238 -0.140527
vn 0.109236 0.989744 -0.0920593
vn 0.251137 0.965218 -0.0726867
vn 0.251137 0.965218 -0.0726867
vn 0.387736 0.920315 -0.0517794
vn -0.630476 0.776039 0.0162227
vn -0.409516 0.912301 -0.00179604
vn -0.409516 0.912301 -0.00179604
vn -0.160826 0.986786 -0.0196932
vn -0.0905763 0.931247 0.352952
vn -0.0754801 0.931273 0.356418
vn -0.0754801 0.931273 0.356418
vn -0.0603658 0.931075 0.359798
vn -0.369752 0.924708 0.0905493
vn -0.00335294 0.99874 -0.0500691
vn -0.00335294 0.99874 -0.0500691
vn 0.363581 0.913471 -0.182701
vn 0.0142932 0.979673 -0.20009
vn -0.171424 0.967083 -0.188057
vn -0.171424 0.967083 -0.188057
vn -0.351176 0.920843 -0.16948
vn 0.234243 0.907546 0.348556
vn 0.154318 0.915309 0.372015
vn 0.154318 0.915309 0.372015
vn 0.0733136 0.916667 0.392871
vn 0.32874 0.938218 0.108057
vn -0.00674254 0.996957 0.0776591
vn -0.00674254 0.996957 0.0776591
vn -0.341437 0.939129 0.0381807
vn 0.0216138 0.983162 0.181451
vn -0.097035 0.972459 0.211914
vn -0.097035 0.972459 0.211914
vn -0.214217 0.947052 0.239172
vn 0.181207 0.975342 0.125983
vn 0.0836196 0.985208 0.149579
vn 0.0836196 0.985208 0.149579
vn -0.0148191 0.985046 0.171652
vn 0.0499684 0.991203 0.122553
vn 0.106432 0.98418 0.141642
vn 0.106432 0.98418 0.141642
vn 0.162511 0.973612 0.16022
vn -0.0218462 0.998114 -0.0573761
vn -0.0380355 0.997879 -0.0528203
vn -0.0380355 0.997879 -0.0528203
vn -0.0542142 0.997363 -0.0482495
vn -0.0480235 0.992192 -0.115102
vn -0.111759 0.985036 -0.131199
vn -0.111759 0.985036 -0.131199
vn -0.175006 0.973573 -0.146723
vn 0.291593 0.953072 -0.0814085
vn -0.0362944 0.995333 -0.08941
vn -0.0362944 0.995333 -0.08941
vn -0.360213 0.928745 -0.0876336
vn 0.0859601 0.982589 -0.164711
vn 0.200942 0.955548 -0.215753
vn 0.200942 0.955548 -0.215753
vn 0.312598 0.912686 -0.263223
vn -0.275268 0.960255 -0.0462458
vn -0.103187 0.99151 -0.0791274
vn -0.103187 0.99151 -0.0791274
vn 0.0721618 0.991364 -0.109503
vn 0.346843 0.909698 0.228361
vn 0.273442 0.936881 0.217905
vn 0.273442 0.936881 0.217905
vn 0.198336 0.958222 0.20609
vn -0.361887 0.932189 -0.0078656
vn -0.178582 0.981909 0.0629606
vn -0.178582 0.981909 0.0629606
vn 0.0120602 0.991283 0.1312
vn -0.0994357 0.987767 -0.120123
vn -0.100285 0.987641 -0.120447
vn -0.100285 0.987641 -0.120447
vn -0.101134 0.987515 -0.120772
vn -0.317019 0.925141 0.208838
vn -0.0623685 0.992562 0.104555
vn -0.0623685 0.992562 0.104555
vn 0.197288 0.980312 -0.00812048
vn 0.161202 0.97631 -0.144337
vn 0.0598977 0.990853 -0.120922
vn 0.0598977 0.990853 -0.120922
vn -0.0420669 0.994475 -0.0961746
vn -0.555535 0.81928 -0.141988
vn -0.244552 0.960108 -0.135599
vn -0.244552 0.960108 -0.135599
vn 0.0949415 0.989003 -0.113401
vn 0.278484 0.958521 0.0606942
vn 0.0266056 0.997723 0.0619752
vn 0.0266056 0.997723 0.0619752
vn -0.227002 0.972092 0.0592289
vn 0.0162265 0.996917 -0.0767676
vn -0.140102 0.983217 -0.116856
vn -0.140102 0.983217 -0.116856
vn -0.292755 0.943725 -0.153879
vn 0.406393 0.90049 0.154796
vn 0.315386 0.934992 0.162237
vn 0.315386 0.934992 0.162237
vn 0.221374 0.960586 0.168133
vn -0.493416 0.823892 -0.278822
vn -0.103651 0.988692 -0.108373
vn -0.103651 0.988692 -0.108373
vn 0.307688 0.947716 0.0846314
vn -0.547703 0.803011 -0.234936
vn -0.241281 0.932475 -0.268836
vn -0.241281 0.932475 -0.268836
vn 0.0921164 0.957685 -0.27268
vn 0.0686902 0.991105 -0.113982
vn -0.193351 0.98113 -0.000191577
vn -0.193351 0.98113 -0.000191577
vn -0.439594 0.890982 0.113614
vn 0.514121 0.855583 0.0604767
vn 0.274396 0.932914 0.233189
vn 0.274396 0.932914 0.233189
vn 0.00907701 0.923226 0.384151
vn -0.0988387 0.984845 0.142519
vn 0.128179 0.988679 0.077998
vn 0.128179 0.988679 0.077998
vn 0.348056 0.937429 0.00913149
vn -0.158167 0.972441 -0.171297
vn -0.281306 0.931039 -0.232451
vn -0.281306 0.931039 -0.232451
vn -0.398647 0.870442 -0.288812
vn 0.263112 0.964508 0.0222737
vn 0.0597487 0.997478 0.0383085
vn 0.0597487 0.997478 0.0383085
vn -0.146165 0.987855 0.0527075
vn -0.121993 0.946082 0.300079
vn -0.0827865 0.950501 0.299491
vn -0.0827865 0.950501 0.299491
vn -0.0434509 0.95344 0.298436
vn 0.0299861 0.912322 -0.408374
vn 0.218076 0.92291 -0.317301
vn 0.218076 0.92291 -0.317301
vn 0.396617 0.893089 -0.212336
vn -0.0732958 0.958444 0.275705
vn -0.0327288 0.960675 0.275738
vn -0.0327288 0.960675 0.275738
vn 0.00789231 0.961321 0.275317
vn -0.256922 0.963007 -0.081297
vn -0.362087 0.929474 -0.070506
vn -0.362087 0.929474 -0.070506
vn -0.462797 0.884509 -0.0588478
vn 0.0431275 0.984835 -0.168047
vn 0.0310154 0.984707 -0.171438
vn 0.0310154 0.984707 -0.171438
vn 0.0188984 0.984422 -0.174802
vn 0.276709 0.954327 0.112661
vn 0.21561 0.970279 0.109864
vn 0.21561 0.970279 0.109864
vn 0.15365 0.982355 0.106628
vn 0.647096 0.677292 0.350062
vn 0.493062 0.783949 0.377245
vn 0.493062 0.783949 0.377245
vn 0.321355 0.862509 0.390907
vn 0.32302 0.943464 0.0743866
vn 0.419625 0.907037 0.0346316
vn 0.419625 0.907037 0.0346316
vn 0.511094 0.859507 -0.00554719
vn 0.0196837 0.995454 -0.0931821
vn 0.147252 0.97938 -0.138314
vn 0.147252 0.97938 -0.138314
vn 0.272085 0.94512 -0.180878
vn -0.250611 0.942967 0.219106
vn -0.258688 0.940093 0.222048
vn -0.258688 0.940093 0.222048
vn -0.266743 0.937142 0.224971
vn -0.0890587 0.989803 0.111172
vn -0.183425 0.975623 0.120476
vn -0.183425 0.975623 0.120476
vn -0.276104 0.952475 0.128673
vn 0.0574802 0.935788 0.347846
vn 0.183724 0.928871 0.321627
vn 0.183724 0.928871 0.321627
vn 0.306904 0.906467 0.290046
vn 0.017037 0.992465 0.121337
vn 0.427614 0.903885 -0.0117253
vn 0.427614 0.903885 -0.0117253
vn 0.755181 0.639838 -0.142511
vn -0.209031 0.964213 -0.163095
vn -0.27423 0.948039 -0.161307
vn -0.27423 0.948039 -0.161307
vn -0.338191 0.927584 -0.158789
vn 0.176774 0.975184 -0.133295
vn -0.232842 0.919384 -0.317045
vn -0.232842 0.919384 -0.317045
vn -0.594804 0.675421 -0.435908
vn -0.228983 0.940487 0.251099
vn 0.0127992 0.967055 0.254245
vn 0.0127992 0.967055 0.254245
vn 0.253824 0.936398 0.242346
vn -0.250822 0.962965 -0.0989323
vn -0.162692 0.983897 -0.0740144
vn -0.162692 0.983897 -0.0740144
vn -0.0731258 0.996145 -0.0484432
vn 0.147257 0.978825 -0.142185
vn 0.0472104 0.989542 -0.136299
vn 0.0472104 0.989542 -0.136299
vn -0.0533157 0.990207 -0.129028
vn -0.0587754 0.987364 -0.147163
vn -0.146216 0.973003 -0.178566
vn -0.146216 0.973003 -0.178566
vn -0.232365 0.950042 -0.208391
vn -0.645821 0.710304 -0.279969
vn -0.326292 0.907297 -0.265228
vn -0.326292 0.907297 -0.265228
vn 0.0392846 0.976249 -0.213059
vn -0.400454 0.89347 0.203341
vn -0.358401 0.906911 0.221497
vn -0.358401 0.906911 0.221497
vn -0.315532 0.918285 0.239148
vn -0.316838 0.906149 -0.280193
vn -0.0789621 0.935719 -0.343796
vn -0.0789621 0.935719 -0.343796
vn 0.16377 0.907738 -0.386253
vn 0.124589 0.98989 0.0677853
vn -0.00204235 0.996081 0.0884191
vn -0.00204235 0.996081 0.0884191
vn -0.12864 0.985837 0.107594
vn -0.206813 0.977533 -0.0407266
vn -0.0827307 0.994906 -0.0575914
vn -0.0827307 0.994906 -0.0575914
vn 0.0426735 0.996379 -0.0735357
vn 0.0754215 0.996021 -0.0474729
vn 0.10008 0.993895 -0.0464449
vn 0.10008 0.993895 -0.0464449
vn 0.124676 0.991159 -0.0453883
vn -0.228492 0.94953 0.214906
vn -0.280307 0.930233 0.236844
vn -0.280307 0.930233 0.236844
vn -0.33113 0.907644 0.257944
vn 0.210444 0.977398 -0.020149
vn 0.0344345 0.995685 0.0861747
vn 0.0344345 0.995685 0.0861747
vn -0.143042 0.971537 0.188826
vn -0.258074 0.875345 -0.408863
vn -0.280614 0.872072 -0.400932
vn -0.280614 0.872072 -0.400932
vn -0.302991 0.868291 -0.392768
vn 0.182542 0.975381 -0.123732
vn 0.111383 0.986032 -0.123835
vn 0.111383 0.986032 -0.123835
vn 0.0396484 0.991578 -0.123297
vn -0.58725 0.748971 -0.306887
vn -0.217209 0.960002 -0.17668
vn -0.217209 0.960002 -0.17668
vn 0.19593 0.980551 -0.0114164
vn 0.391908 0.908078 0.147654
vn 0.364836 0.918366 0.153293
vn 0.364836 0.918366 0.153293
vn 0.337447 0.927854 0.158799
vn -0.0293566 0.997707 -0.0609805
vn -0.0637363 0.996899 -0.0461621
vn -0.0637363 0.996899 -0.0461621
vn -0.0980266 0.994692 -0.0312789
vn 0.0874889 0.990646 0.104718
vn 0.0215125 0.992527 0.120116
vn 0.0215125 0.992527 0.120116
vn -0.0445628 0.989848 0.134963
vn -0.152234 0.974928 0.162298
vn -0.154349 0.974579 0.162398
vn -0.154349 0.974579 0.162398
vn -0.156463 0.974225 0.162497
vn 0.24113 0.9543 -0.176545
vn 0.0102375 0.984045 -0.177623
vn 0.0102375 0.984045 -0.177623
vn -0.22121 0.960458 -0.169074
vn 0.104547 0.988544 0.108861
vn 0.265347 0.9558 0.12664
vn 0.265347 0.9558 0.12664
vn 0.418917 0.897015 0.140969
vn -0.232513 0.934937 -0.268011
vn -0.0805095 0.965944 -0.245908
vn -0.0805095 0.965944 -0.245908
vn 0.073471 0.973231 -0.217768
vn -0.22909 0.93094 -0.284375
vn -0.114833 0.960823 -0.252255
vn -0.114833 0.960823 -0.252255
vn 0.0011434 0.976314 -0.216355
vn 0.0346965 0.981284 -0.189415
vn 0.0809647 0.976916 -0.197688
vn 0.0809647 0.976916 -0.197688
vn 0.127053 0.970371 -0.205521
vn 0.477203 0.875985 -0.0702014
vn 0.232758 0.968426 -0.0893035
vn 0.232758 0.968426 -0.0893035
vn -0.0276697 0.994371 -0.102274
vn -0.23476 0.972042 0.00467611
vn -0.0138119 0.998367 -0.0554225
vn -0.0138119 0.998367 -0.0554225
vn 0.20787 0.971657 -0.112577
vn 0.518824 0.795358 0.313414
vn 0.367229 0.887977 0.276837
vn 0.367229 0.887977 0.276837
vn 0.203554 0.951385 0.231153
vn 0.113766 0.975929 0.186063
vn 0.248285 0.94292 0.221939
vn 0.248285 0.94292 0.221939
vn 0.377721 0.890607 0.25327
vn 0.153752 0.974655 0.162507
vn 0.228163 0.966498 0.117568
vn 0.228163 0.966498 0.117568
vn 0.300836 0.950974 0.0717323
vn -0.060164 0.998181 -0.00375915
vn 0.159794 0.987063 0.0131139
vn 0.159794 0.987063 0.0131139
vn 0.371956 0.927786 0.0293472
vn -0.174277 0.977102 0.122063
vn 0.091935 0.994638 -0.047363
vn 0.091935 0.994638 -0.047363
vn 0.348964 0.912828 -0.212059
vn -0.236375 0.944432 -0.228417
vn -0.0397959 0.95511 -0.293566
vn -0.0397959 0.95511 -0.293566
vn 0.158495 0.924716 -0.346091
vn 0.481535 0.876334 -0.0127278
vn 0.0141015 0.996203 0.0859092
vn 0.0141015 0.996203 0.0859092
vn -0.456753 0.874401 0.163705
vn 0.405797 0.898106 0.169512
vn -0.00642234 0.999843 -0.0165091
vn -0.00642234 0.999843 -0.0165091
vn -0.417262 0.886735 -0.198982
vn -0.33583 0.922621 -0.189705
vn -0.364471 0.913674 -0.179889
vn -0.364471 0.913674 -0.179889
vn -0.392749 0.903817 -0.169894
vn -0.209124 0.973674 -0.0907041
vn -0.125209 0.988834 -0.0808106
vn -0.125209 0.988834 -0.0808106
vn -0.0403724 0.996707 -0.0703215
vn 0.396367 0.90893 -0.129379
vn 0.300319 0.951 -0.0735403
vn 0.300319 0.951 -0.0735403
vn 0.200033 0.979648 -0.0166641
vn -0.0172445 0.969481 -0.244561
vn -0.0300592 0.969365 -0.243777
vn -0.0300592 0.969365 -0.243777
vn -0.042869 0.969091 -0.242952
vn 0.360749 0.929982 -0.0706691
vn 0.041486 0.998796 0.0261698
vn 0.041486 0.998796 0.0261698
vn -0.282591 0.951708 0.119972
vn -0.417879 0.846778 -0.329157
vn -0.325926 0.896834 -0.299099
vn -0.325926 0.896834 -0.299099
vn -0.230107 0.93625 -0.265492
vn 0.445092 0.880764 -0.161702
vn 0.151177 0.981626 -0.116427
vn 0.151177 0.981626 -0.116427
vn -0.157645 0.985691 -0.0596716
vn -0.0247296 0.992544 -0.11935
vn 0.0224989 0.994968 -0.0976322
vn 0.0224989 0.994968 -0.0976322
vn 0.0696666 0.994698 -0.0756504
vn 0.364618 0.90446 0.221375
vn 0.262714 0.940352 0.216148
vn 0.262714 0.940352 0.216148
vn 0.157738 0.965242 0.208392
vn 0.135616 0.984996 -0.106732
vn 0.0692248 0.995187 -0.0693644
vn 0.0692248 0.995187 -0.0693644
vn 0.00242411 0.999498 -0.0315871
vn -0.452744 0.865709 0.213472
vn -0.193368 0.962208 0.191741
vn -0.193368 0.962208 0.191741
vn 0.0809086 0.984559 0.155236
vn -0.089721 0.988124 0.12474
vn -0.0968252 0.987304 0.12592
vn -0.0968252 0.987304 0.12592
vn -0.103924 0.986431 0.127093
vn 0.204958 0.908619 -0.363873
vn -0.131761 0.931364 -0.339412
vn -0.131761 0.931364 -0.339412
vn -0.453394 0.847471 -0.27609
vn -0.139341 0.984208 -0.109175
vn -0.143266 0.983639 -0.109218
vn -0.143266 0.983639 -0.109218
vn -0.147188 0.983055 -0.109259
vn -0.00121673 0.999418 0.0340828
vn -0.0769289 0.995263 0.0594371
vn -0.0769289 0.995263 0.0594371
vn -0.152149 0.984746 0.0844115
vn 0.273569 0.959742 0.0636827
vn 0.0713113 0.996595 0.0413816
vn 0.0713113 0.996595 0.0413816
vn -0.133996 0.990831 0.0173109
vn 0.377892 0.91946 0.108588
vn 0.292515 0.943441 0.156058
vn 0.292515 0.943441 0.156058
vn 0.204178 0.957877 0.201949
vn 0.0652064 0.994949 -0.0763201
vn -0.158433 0.986695 -0.0364918
vn -0.158433 0.986695 -0.0364918
vn -0.373886 0.92746 0.00522195
vn -0.0315752 0.907772 -0.418274
vn -0.256484 0.863763 -0.433739
vn -0.256484 0.863763 -0.433739
vn -0.46786 0.774182 -0.42632
vn 0.280359 0.919612 0.275159
vn 0.166431 0.933771 0.316817
vn 0.166431 0.933771 0.316817
vn 0.0500208 0.934002 0.35375
vn 0.240132 0.970384 0.0262934
vn 0.295514 0.955161 0.0184132
vn 0.295514 0.955161 0.0184132
vn 0.349902 0.936728 0.0104711
vn -0.165127 0.982953 0.0808434
vn -0.119926 0.989748 0.0775705
vn -0.119926 0.989748 0.0775705
vn -0.0744737 0.994464 0.0741347
vn 0.28471 0.958324 0.0235468
vn 0.111682 0.993577 0.0182101
vn 0.111682 0.993577 0.0182101
vn -0.0648309 0.99782 0.0123051
vn 0.548774 0.727338 0.412101
vn 0.247627 0.915265 0.317758
vn 0.247627 0.915265 0.317758
vn -0.0869279 0.979717 0.180549
vn -0.179919 0.982927 -0.03851
vn -0.0570454 0.997595 -0.0393799
vn -0.0570454 0.997595 -0.0393799
vn 0.0667013 0.996985 -0.0396468
vn -0.0378272 0.989542 -0.139196
vn -0.226659 0.962908 -0.146405
vn -0.226659 0.962908 -0.146405
vn -0.407236 0.901205 -0.148282
vn -0.114566 0.992849 0.0335414
vn -0.287893 0.956703 -0.042856
vn -0.287893 0.956703 -0.042856
vn -0.450515 0.884981 -0.11766
vn 0.142522 0.95263 -0.268668
vn -0.174793 0.950811 -0.255746
vn -0.174793 0.950811 -0.255746
vn -0.474479 0.853094 -0.217029
vn 0.356533 0.92948 -0.0946091
vn 0.0253392 0.99272 -0.117751
vn 0.0253392 0.99272 -0.117751
vn -0.308749 0.942567 -0.127442
vn -0.65114 0.744851 -0.145653
vn -0.398613 0.907055 -0.135498
vn -0.398613 0.907055 -0.135498
vn -0.110138 0.987458 -0.113122
vn 0.291535 0.955416 -0.0467776
vn 0.21941 0.973749 -0.060592
vn 0.21941 0.973749 -0.060592
vn 0.146028 0.986504 -0.0740592
vn 0.0703013 0.99268 0.0982058
vn 0.168994 0.984764 0.0409911
vn 0.168994 0.984764 0.0409911
vn 0.265477 0.963971 -0.0167596
vn -0.0247757 0.922996 0.384011
vn 0.0477987 0.913288 0.404499
vn 0.0477987 0.913288 0.404499
vn 0.120097 0.898301 0.422648
vn -0.0202719 0.986385 0.163199
vn -0.121401 0.979156 0.162837
vn -0.121401 0.979156 0.162837
vn -0.221282 0.961861 0.160802
vn -0.0523304 0.98688 -0.152741
vn -0.0765618 0.985424 -0.151916
vn -0.0765618 0.985424 -0.151916
vn -0.100748 0.983386 -0.151001
vn -0.262858 0.888883 -0.375224
vn -0.135068 0.919868 -0.368238
vn -0.135068 0.919868 -0.368238
vn -0.00493722 0.934904 -0.354867
vn -0.116365 0.979967 0.161632
vn 0.220972 0.974426 0.0408053
vn 0.220972 0.974426 0.0408053
vn 0.529929 0.843745 -0.0852617
vn 0.472475 0.790981 0.388737
vn 0.484813 0.784806 0.386051
vn 0.484813 0.784806 0.386051
vn 0.497056 0.778476 0.383288
vn 0.261871 0.963085 0.0623751
vn 0.32758 0.944087 0.037307
vn 0.32758 0.944087 0.037307
vn 0.391551 0.920078 0.0120408
vn 0.0811802 0.990608 0.110028
vn 0.159213 0.983759 0.0828857
vn 0.159213 0.983759 0.0828857
vn 0.236152 0.970149 0.0551739
vn -0.0659787 0.993429 0.0935139
vn -0.107141 0.989708 0.0948634
vn -0.107141 0.989708 0.0948634
vn -0.148119 0.984294 0.0960506
vn 0.361286 0.930825 -0.0551168
vn 0.22194 0.975006 0.0102718
vn 0.22194 0.975006 0.0102718
vn 0.0769023 0.994184 0.075397
vn -0.0457344 0.997939 -0.045004
vn -0.0457068 0.99794 -0.0450123
vn -0.0457068 0.99794 -0.0450123
vn -0.0456792 0.997941 -0.0450207
vn -0.123744 0.989816 -0.0703646
vn -0.154711 0.98547 -0.0701014
vn -0.154711 0.98547 -0.0701014
vn -0.185527 0.980159 -0.0697696
vn -0.283575 0.871432 0.40024
vn -0.0652377 0.891644 0.448013
vn -0.0652377 0.891644 0.448013
vn 0.156385 0.866951 0.473223
vn 0.245608 0.96694 -0.0685813
vn 0.00436069 0.995294 -0.0968064
vn 0.00436069 0.995294 -0.0968064
vn -0.237148 0.964128 -0.119242
vn 0.0246751 0.961429 0.273945
vn 0.181958 0.954606 0.235837
vn 0.181958 0.954606 0.235837
vn 0.334468 0.922737 0.191541
vn 0.050588 0.899262 -0.434476
vn 0.00689943 0.889292 -0.457288
vn 0.00689943 0.889292 -0.457288
vn -0.0368066 0.877074 -0.478943
vn -0.491079 0.860086 -0.138183
vn -0.312024 0.936207 -0.161735
vn -0.312024 0.936207 -0.161735
vn -0.120984 0.976368 -0.179074
vn 0.302569 0.707135 0.639071
vn 0.0406692 0.833297 0.551328
vn 0.0406692 0.833297 0.551328
vn -0.224981 0.882623 0.412748
vn 0.50635 0.860227 0.0601646
vn 0.303984 0.951722 0.0426505
vn 0.303984 0.951722 0.0426505
vn 0.0865321 0.995983 0.0230197
vn 0.389728 0.919712 0.0473426
vn -0.0104 0.999723 -0.0211352
vn -0.0104 0.999723 -0.0211352
vn -0.408748 0.908587 -0.0859949
vn 0.515947 0.855825 -0.0369128
vn 0.196475 0.975286 0.101072
vn 0.196475 0.975286 0.101072
vn -0.149595 0.962719 0.225375
vn 0.6779 0.726413 -0.113034
vn 0.474307 0.87952 -0.0384393
vn 0.474307 0.87952 -0.0384393
vn 0.237295 0.97066 0.0388637
vn -0.481374 0.87432 -0.0619968
vn -0.0231756 0.998741 0.0444817
vn -0.0231756 0.998741 0.0444817
vn 0.44051 0.886697 0.140428
vn -0.415296 0.888091 -0.197036
vn -0.287982 0.937778 -0.194008
vn -0.287982 0.937778 -0.194008
vn -0.155286 0.96994 -0.187355
vn -0.324668 0.945252 -0.0329973
vn 0.0302998 0.987172 0.156758
vn 0.0302998 0.987172 0.156758
vn 0.380306 0.867426 0.320842
vn -0.276452 0.937282 -0.21231
vn -0.0252922 0.975851 -0.216969
vn -0.0252922 0.975851 -0.216969
vn 0.227502 0.951388 -0.207613
vn 0.118742 0.941633 -0.315005
vn -0.012715 0.955147 -0.295858
vn -0.012715 0.955147 -0.295858
vn -0.143945 0.951631 -0.271436
vn -0.145971 0.986441 -0.0750095
vn -0.341705 0.938963 0.0398149
vn -0.341705 0.938963 0.0398149
vn -0.519073 0.841015 0.152499
vn -0.323804 0.932308 -0.161097
vn -0.240155 0.961335 -0.134763
vn -0.240155 0.961335 -0.134763
vn -0.154456 0.982158 -0.107279
vn -0.44312 0.894012 0.0662436
vn -0.217536 0.975692 0.0265323
vn -0.217536 0.975692 0.0265323
vn 0.0209127 0.999673 -0.014748
vn -0.0337477 0.975577 -0.217049
vn 0.201407 0.972946 -0.11319
vn 0.201407 0.972946 -0.11319
vn 0.423251 0.906011 -0.0018507
vn -0.163756 0.979054 -0.120988
vn 0.00661273 0.998369 -0.0567041
vn 0.00661273 0.998369 -0.0567041
vn 0.17676 0.984208 0.00948073
vn 0.171044 0.978941 0.111441
vn 0.189443 0.97614 0.10612
vn 0.189443 0.97614 0.10612
vn 0.20777 0.972974 0.10076
vn 0.119406 0.953382 0.277136
vn 0.179081 0.952826 0.245057
vn 0.179081 0.952826 0.245057
vn 0.237933 0.947895 0.211854
vn 0.183017 0.947921 0.260673
vn 0.149203 0.953085 0.263376
vn 0.149203 0.953085 0.263376
vn 0.115213 0.957128 0.265768
vn 0.12566 0.99038 -0.0579376
vn -0.0704881 0.995852 0.0575284
vn -0.0704881 0.995852 0.0575284
vn -0.262983 0.949703 0.170012
vn -0.370007 0.926538 0.0679873
vn -0.150936 0.983625 0.0984915
vn -0.150936 0.983625 0.0984915
vn 0.0760116 0.989385 0.123856
vn -0.392835 0.896954 -0.202866
vn -0.312534 0.928774 -0.199254
vn -0.312534 0.928774 -0.199254
vn -0.229897 0.953652 -0.194153
vn 0.310399 0.949026 -0.0547951
vn 0.100711 0.992917 -0.0630352
vn 0.100711 0.992917 -0.0630352
vn -0.113607 0.99117 -0.0683781
vn 0.224694 0.972571 0.0601579
vn 0.0517478 0.998108 -0.0332094
vn 0.0517478 0.998108 -0.0332094
vn -0.123231 0.984439 -0.125272
vn 0.00225051 0.995999 0.0893311
vn -0.0970913 0.992934 0.0682279
vn -0.0970913 0.992934 0.0682279
vn -0.195431 0.979618 0.0464204
vn 0.385838 0.922425 0.0161609
vn 0.351747 0.936082 0.00490531
vn 0.351747 0.936082 0.00490531
vn 0.317137 0.948358 -0.00635753
vn 0.00681384 0.921176 -0.389088
vn -0.117312 0.918405 -0.377849
vn -0.117312 0.918405 -0.377849
vn -0.239615 0.901362 -0.360738
vn 0.208327 0.954785 -0.2121
vn -0.0210654 0.987904 -0.153626
vn -0.0210654 0.987904 -0.153626
vn -0.249254 0.964579 -0.0863752
vn 0.23725 0.96594 -0.10331
vn 0.307285 0.944826 -0.113486
vn 0.307285 0.944826 -0.113486
vn 0.375644 0.91856 -0.123044
vn -0.0343293 0.996498 0.0762463
vn 0.0521477 0.994564 0.0901229
vn 0.0521477 0.994564 0.0901229
vn 0.138224 0.984998 0.103308
vn 0.194086 0.956314 -0.218619
vn 0.152287 0.96142 -0.229087
vn 0.152287 0.96142 -0.229087
vn 0.110201 0.964715 -0.239123
vn 0.174811 0.929975 -0.323402
vn -0.115968 0.966011 -0.231029
vn -0.115968 0.966011 -0.231029
vn -0.395802 0.910871 -0.116852
vn 0.0170077 0.99519 0.0964726
vn -0.110184 0.989437 0.0941993
vn -0.110184 0.989437 0.0941993
vn -0.235589 0.967639 0.0903985
vn -0.0302283 0.978813 -0.202515
vn 0.0139074 0.982661 -0.184889
vn 0.0139074 0.982661 -0.184889
vn 0.0580115 0.984275 -0.166843
vn -0.464824 0.879924 -0.098345
vn -0.0748726 0.994015 -0.0795454
vn -0.0748726 0.994015 -0.0795454
vn 0.327465 0.943664 -0.0475864
vn 0.274717 0.954581 0.115352
vn 0.194519 0.968832 0.153387
vn 0.194519 0.968832 0.153387
vn 0.11275 0.975253 0.190182
vn 0.456458 0.880811 -0.125771
vn 0.143904 0.989567 -0.00704353
vn 0.143904 0.989567 -0.00704353
vn -0.186439 0.975998 0.112555
vn -0.0274835 0.994829 0.0977776
vn -0.0991118 0.990271 0.0976773
vn -0.0991118 0.990271 0.0976773
vn -0.170229 0.980611 0.0970738
vn 0.00846989 0.956097 0.292927
vn -0.136989 0.961132 0.239707
vn -0.136989 0.961132 0.239707
vn -0.279158 0.943084 0.180729
vn -0.439039 0.898453 0.0051963
vn -0.320409 0.947227 0.00995337
vn -0.320409 0.947227 0.00995337
vn -0.196501 0.980396 0.0145465
vn -0.239802 0.956451 0.166423
vn -0.125945 0.97602 0.177545
vn -0.125945 0.97602 0.177545
vn -0.0103909 0.982443 0.186276
vn -0.276906 0.958109 -0.0731433
vn -0.0552655 0.990748 -0.123951
vn -0.0552655 0.990748 -0.123951
vn 0.169292 0.971104 -0.168218
vn -0.474281 0.878545 -0.0567054
vn -0.240849 0.95514 -0.172332
vn -0.240849 0.95514 -0.172332
vn 0.0103408 0.961316 -0.275254
vn -0.0705505 0.986726 -0.146265
vn -0.225199 0.955032 -0.192873
vn -0.225199 0.955032 -0.192873
vn -0.373747 0.897462 -0.234256
vn 0.495211 0.868509 -0.0213988
vn 0.229141 0.971265 0.0643369
vn 0.229141 0.971265 0.0643369
vn -0.0572546 0.987867 0.144366
vn 0.17522 0.960783 0.21493
vn -0.207726 0.970983 0.118501
vn -0.207726 0.970983 0.118501
vn -0.558256 0.829661 0.0035797
vn -0.182195 0.976562 0.114589
vn -0.113778 0.987265 0.111186
vn -0.113778 0.987265 0.111186
vn -0.0448129 0.993222 0.107248
vn 0.146406 0.971549 0.186164
vn 0.339079 0.938976 0.0578793
vn 0.339079 0.938976 0.0578793
vn 0.513225 0.855095 -0.0735682
vn -0.647915 0.742102 0.171728
vn -0.290354 0.955873 -0.044746
vn -0.290354 0.955873 -0.044746
vn 0.131204 0.95896 -0.251357
vn 0.126628 0.991872 0.0124261
vn 0.000173631 0.999745 -0.0225905
vn 0.000173631 0.999745 -0.0225905
vn -0.126284 0.990343 -0.0572168
vn 0.672782 0.739826 0.004584
vn 0.195197 0.969785 0.146338
vn 0.195197 0.969785 0.146338
vn -0.341154 0.907778 0.244036
vn 0.214442 0.961897 0.169616
vn -0.0939755 0.967689 0.23398
vn -0.0939755 0.967689 0.23398
vn -0.393062 0.877392 0.275111
vn 0.436876 0.892827 0.109539
vn 0.0976252 0.969627 0.224262
vn 0.0976252 0.969627 0.224262
vn -0.254722 0.91635 0.3089
vn 0.0266197 0.995616 -0.0896628
vn -0.122459 0.989808 -0.0726937
vn -0.122459 0.989808 -0.0726937
vn -0.268777 0.961683 -0.0540856
vn 0.00696358 0.891551 0.452867
vn 0.162413 0.889361 0.427386
vn 0.162413 0.889361 0.427386
vn 0.313831 0.865099 0.391298
vn 0.219284 0.947567 0.232445
vn -0.0484845 0.978762 0.199183
vn -0.0484845 0.978762 0.199183
vn -0.312675 0.937745 0.151225
vn -0.0339031 0.960442 -0.276409
vn -0.245904 0.942699 -0.225498
vn -0.245904 0.942699 -0.225498
vn -0.446138 0.879847 -0.163797
vn -0.00563192 0.972528 -0.232719
vn -0.359609 0.917472 -0.170075
vn -0.359609 0.917472 -0.170075
vn -0.666027 0.741076 -0.0849384
vn -0.136569 0.989486 0.0476015
vn 0.105552 0.994408 -0.00344959
vn 0.105552 0.994408 -0.00344959
vn 0.341207 0.938419 -0.0542894
vn 0.287179 0.954381 0.0817638
vn -0.117429 0.991282 0.0597519
vn -0.117429 0.991282 0.0597519
vn -0.502595 0.864073 0.0278479
vn 0.430279 0.901607 0.0443379
vn 0.142403 0.984843 0.0990201
vn 0.142403 0.984843 0.0990201
vn -0.158687 0.976696 0.144514
vn -0.298878 0.948633 -0.103768
vn 0.0621196 0.993474 -0.0956608
vn 0.0621196 0.993474 -0.0956608
vn 0.414893 0.906783 -0.0748884
vn 0.141373 0.927026 0.347328
vn 0.0459077 0.923505 0.38083
vn 0.0459077 0.923505 0.38083
vn -0.0500281 0.91052 0.410428
vn -0.0185175 0.998755 0.0463109
vn -0.146162 0.988059 0.0487464
vn -0.146162 0.988059 0.0487464
vn -0.271407 0.961145 0.0503819
vn 0.0876866 0.991007 -0.101079
vn 0.0439085 0.99371 -0.10302
vn 0.0439085 0.99371 -0.10302
vn 4.58609e-005 0.994497 -0.104763
vn 0.674321 0.738314 -0.0135913
vn 0.225727 0.966492 0.122234
vn 0.225727 0.966492 0.122234
vn -0.284207 0.932026 0.224842
vn 0.374831 0.925074 0.0611558
vn 0.1987 0.978366 0.0576099
vn 0.1987 0.978366 0.0576099
vn 0.0158391 0.998516 0.0521126
vn 0.179053 0.980695 0.0786008
vn 0.147049 0.986028 0.0782661
vn 0.147049 0.986028 0.0782661
vn 0.114891 0.990323 0.0778489
vn 0.0964685 0.991721 -0.0847531
vn -0.0696366 0.985645 -0.153799
vn -0.0696366 0.985645 -0.153799
vn -0.233486 0.947639 -0.217863
vn 0.0894194 0.98743 0.130329
vn 0.340129 0.922498 0.182508
vn 0.340129 0.922498 0.182508
vn 0.567099 0.793182 0.221948
vn 0.342364 0.899876 0.270205
vn 0.10057 0.967612 0.231543
vn 0.10057 0.967612 0.231543
vn -0.147716 0.972892 0.177935
vn 0.0706193 0.977045 -0.20099
vn -0.0895628 0.961503 -0.259791
vn -0.0895628 0.961503 -0.259791
vn -0.247116 0.917733 -0.310965
vn 0.132795 0.933318 -0.333591
vn 0.0399213 0.935638 -0.350697
vn 0.0399213 0.935638 -0.350697
vn -0.053309 0.929608 -0.364673
vn -0.128256 0.991738 0.00241737
vn 0.0420539 0.998201 -0.0427371
vn 0.0420539 0.998201 -0.0427371
vn 0.211057 0.973633 -0.086563
vn 0.081352 0.994951 -0.0587794
vn -0.0507052 0.995168 -0.0840799
vn -0.0507052 0.995168 -0.0840799
vn -0.181846 0.977394 -0.10786
vn 0.0648031 0.989651 -0.128032
vn -0.123565 0.981493 -0.146295
vn -0.123565 0.981493 -0.146295
vn -0.307499 0.938118 -0.159309
vn -0.282442 0.908002 -0.309449
vn -0.220172 0.914359 -0.339812
vn -0.220172 0.914359 -0.339812
vn -0.156838 0.91629 -0.368531
vn 0.00665954 0.99995 -0.00741704
vn -0.0208326 0.999738 -0.00953876
vn -0.0208326 0.999738 -0.00953876
vn -0.0483089 0.998764 -0.0116532
vn 0.0215357 0.983 0.182336
vn 0.266083 0.952389 0.148846
vn 0.266083 0.952389 0.148846
vn 0.494169 0.862861 0.106147
vn 0.200161 0.951695 0.232834
vn -0.0508095 0.990283 0.12945
vn -0.0508095 0.990283 0.12945
vn -0.297961 0.954438 0.0163361
vn -0.0726491 0.99669 -0.0364773
vn -0.0907129 0.995284 -0.0343736
vn -0.0907129 0.995284 -0.0343736
vn -0.108747 0.993546 -0.0322584
vn 0.502894 0.845266 0.180618
vn 0.313491 0.915626 0.2517
vn 0.313491 0.915626 0.2517
vn 0.109707 0.94398 0.311235
vn -0.267604 0.949962 -0.161124
vn 0.0191073 0.98807 -0.152815
vn 0.0191073 0.98807 -0.152815
vn 0.304219 0.943453 -0.131711
vn -0.216504 0.968255 -0.124936
vn -0.276497 0.955448 -0.103293
vn -0.276497 0.955448 -0.103293
vn -0.335319 0.938598 -0.0812119
vn -0.535832 0.844301 -0.00625473
vn -0.107144 0.991944 -0.0675841
vn -0.107144 0.991944 -0.0675841
vn 0.343974 0.931939 -0.114766
vn 0.0840485 0.992031 0.0938631
vn 0.298242 0.95161 0.0740994
vn 0.298242 0.95161 0.0740994
vn 0.49815 0.865603 0.050786
vn 0.336918 0.885432 0.320149
vn 0.309406 0.89218 0.329064
vn 0.309406 0.89218 0.329064
vn 0.281622 0.89814 0.337689
vn 0.271572 0.961189 -0.0486175
vn -0.0329294 0.99611 0.0817295
vn -0.0329294 0.99611 0.0817295
vn -0.333778 0.920532 0.20301
vn 0.0368641 0.999264 -0.0105761
vn -0.179211 0.983509 -0.0243687
vn -0.179211 0.983509 -0.0243687
vn -0.386841 0.921403 -0.0370129
vn -0.365643 0.895474 -0.253834
vn -0.352485 0.900558 -0.254461
vn -0.352485 0.900558 -0.254461
vn -0.339258 0.905462 -0.255036
vn -0.314637 0.949167 -0.00927136
vn -0.250444 0.968107 -0.00685515
vn -0.250444 0.968107 -0.00685515
vn -0.185129 0.982704 -0.0044082
vn 0.544508 0.82408 0.156214
vn 0.257659 0.963653 0.0705961
vn 0.257659 0.963653 0.0705961
vn -0.0572989 0.998098 -0.022723
vn -0.102523 0.986938 0.12427
vn -0.00734896 0.985692 0.168396
vn -0.00734896 0.985692 0.168396
vn 0.0879055 0.973597 0.210669
vn -0.0786021 0.996751 0.0176071
vn -0.0743304 0.997047 0.0192874
vn -0.0743304 0.997047 0.0192874
vn -0.0700572 0.997323 0.0209672
vn 0.0179886 0.994072 0.107225
vn 0.168224 0.981735 0.0888661
vn 0.168224 0.981735 0.0888661
vn 0.31458 0.946759 0.0684578
vn 0.0709607 0.961697 -0.264772
vn 0.114695 0.961139 -0.251112
vn 0.114695 0.961139 -0.251112
vn 0.158188 0.958563 -0.236925
vn 0.412151 0.906064 -0.0958098
vn 0.285759 0.956779 -0.0540063
vn 0.285759 0.956779 -0.0540063
vn 0.153568 0.988076 -0.0111069
vn -0.142574 0.98757 -0.0661619
vn -0.0975415 0.991365 -0.0876465
vn -0.0975415 0.991365 -0.0876465
vn -0.0522647 0.992676 -0.108912
vn -0.24776 0.950257 0.188753
vn -0.110518 0.974756 0.194003
vn -0.110518 0.974756 0.194003
vn 0.0288736 0.980283 0.195477
vn -0.138458 0.974066 0.178957
vn 0.00833377 0.978223 0.207388
vn 0.00833377 0.978223 0.207388
vn 0.154939 0.960495 0.231179
vn 0.154877 0.984167 -0.0861945
vn 0.324127 0.943643 -0.0669371
vn 0.324127 0.943643 -0.0669371
vn 0.483439 0.874188 -0.0456275
vn -0.00771007 0.982272 -0.187303
vn -0.123551 0.973498 -0.192449
vn -0.123551 0.973498 -0.192449
vn -0.237721 0.95156 -0.194993
vn -0.336496 0.92953 -0.150811
vn -0.25949 0.952208 -0.161134
vn -0.25949 0.952208 -0.161134
vn -0.180785 0.968649 -0.170401
vn 0.724397 0.678664 0.121096
vn 0.230718 0.954869 0.187066
vn 0.230718 0.954869 0.187066
vn -0.337797 0.921353 0.192358
vn 0.0805686 0.996465 0.0238124
vn -0.108664 0.99393 -0.017171
vn -0.108664 0.99393 -0.017171
vn -0.293823 0.954128 -0.0575106
vn -0.325067 0.916506 0.233129
vn 0.0115611 0.996083 0.0876644
vn 0.0115611 0.996083 0.0876644
vn 0.346561 0.935401 -0.0701446
vn 0.407245 0.912993 -0.0244091
vn 0.290388 0.953157 0.0846588
vn 0.290388 0.953157 0.0846588
vn 0.165643 0.967429 0.191427
vn -0.375924 0.823133 -0.425597
vn -0.376588 0.822782 -0.42569
vn -0.376588 0.822782 -0.42569
vn -0.377252 0.82243 -0.425782
vn -0.259315 0.949688 0.175634
vn -0.197878 0.963206 0.181875
vn -0.197878 0.963206 0.181875
vn -0.135649 0.972875 0.187389
vn -0.203323 0.977751 0.0515998
vn -0.329608 0.938625 0.101698
vn -0.329608 0.938625 0.101698
vn -0.449304 0.880737 0.149762
vn -0.263411 0.898631 -0.350825
vn -0.273743 0.894603 -0.353201
vn -0.273743 0.894603 -0.353201
vn -0.284039 0.89046 -0.355531
vn 0.0850158 0.994134 0.0668506
vn 0.113467 0.991747 0.0596908
vn 0.113467 0.991747 0.0596908
vn 0.14182 0.9885 0.0524793
vn -0.424713 0.897853 0.116101
vn -0.0405131 0.970967 0.235758
vn -0.0405131 0.970967 0.235758
vn 0.350464 0.881664 0.31598
vn -0.146406 0.974022 -0.172762
vn 0.0199507 0.980692 -0.194536
vn 0.0199507 0.980692 -0.194536
vn 0.185745 0.959714 -0.210826
vn -0.424089 0.896964 -0.124915
vn -0.320537 0.931443 -0.172249
vn -0.320537 0.931443 -0.172249
vn -0.212448 0.95274 -0.217145
vn -0.255109 0.932871 0.254306
vn 0.00616724 0.954479 0.298215
vn 0.00616724 0.954479 0.298215
vn 0.267008 0.908643 0.321053
vn -0.340699 0.934235 -0.105495
vn -0.111766 0.992238 -0.0545212
vn -0.111766 0.992238 -0.0545212
vn 0.123692 0.992321 -0.000365377
vn -0.0218277 0.99678 -0.0771569
vn -0.0300233 0.996289 -0.080665
vn -0.0300233 0.996289 -0.080665
vn -0.0382165 0.995719 -0.0841667
vn 0.18214 0.9206 0.345427
vn 0.0865557 0.948128 0.30588
vn 0.0865557 0.948128 0.30588
vn -0.0100208 0.964791 0.262827
vn 0.135094 0.983521 -0.12015
vn -0.259514 0.961232 -0.0931917
vn -0.259514 0.961232 -0.0931917
vn -0.613394 0.788089 -0.0516077
vn 0.26605 0.962789 -0.0474783
vn 0.0725949 0.990929 -0.113088
vn 0.0725949 0.990929 -0.113088
vn -0.123947 0.976934 -0.173889
vn 0.233834 0.962809 -0.135355
vn -0.109085 0.991144 -0.0757165
vn -0.109085 0.991144 -0.0757165
vn -0.438701 0.898607 -0.00684422
vn 0.369905 0.915154 0.160198
vn 0.164893 0.969188 0.182989
vn 0.164893 0.969188 0.182989
vn -0.0476166 0.979154 0.197459
vn -0.140082 0.975776 -0.168041
vn 0.0780392 0.980235 -0.181795
vn 0.0780392 0.980235 -0.181795
vn 0.292432 0.937852 -0.186863
vn 0.555617 0.817966 0.149068
vn 0.3416 0.927002 0.154842
vn 0.3416 0.927002 0.154842
vn 0.107864 0.982527 0.151678
vn 0.520955 0.84849 0.0931145
vn 0.227887 0.972815 0.0412154
vn 0.227887 0.972815 0.0412154
vn -0.0888911 0.995929 -0.0149717
vn 0.123037 0.958658 -0.256588
vn -0.0569422 0.967403 -0.246757
vn -0.0569422 0.967403 -0.246757
vn -0.235067 0.944644 -0.22889
vn 0.349723 0.930608 0.107992
vn 0.112574 0.99133 0.0677624
vn 0.112574 0.99133 0.0677624
vn -0.131503 0.99104 0.0233628
vn -0.27314 0.958114 0.0860956
vn -0.194052 0.974527 0.112435
vn -0.194052 0.974527 0.112435
vn -0.113563 0.983905 0.137962
vn 0.104377 0.986948 0.122634
vn 0.0806187 0.989515 0.119837
vn 0.0806187 0.989515 0.119837
vn 0.056814 0.991509 0.11697
vn -0.244937 0.922768 0.297497
vn -0.0604013 0.954892 0.290745
vn -0.0604013 0.954892 0.290745
vn 0.126256 0.95347 0.273779
vn 0.468771 0.764923 0.441753
vn 0.0813152 0.937282 0.338955
vn 0.0813152 0.937282 0.338955
vn -0.321623 0.931185 0.171622
vn -0.220006 0.936862 0.27182
vn -0.0611973 0.960693 0.270785
vn -0.0611973 0.960693 0.270785
vn 0.0991895 0.959747 0.262767
vn 0.211797 0.973196 -0.089622
vn 0.146711 0.986419 -0.0738475
vn 0.146711 0.986419 -0.0738475
vn 0.0809417 0.995046 -0.0577289
vn 0.296915 0.939121 0.172898
vn 0.2265 0.960327 0.162695
vn 0.2265 0.960327 0.162695
vn 0.154836 0.97624 0.151595
vn -0.0338162 0.981953 0.186075
vn -0.147554 0.960945 0.234122
vn -0.147554 0.960945 0.234122
vn -0.258978 0.924862 0.278496
vn 0.0429593 0.943639 0.328177
vn 0.389668 0.858553 0.333235
vn 0.389668 0.858553 0.333235
vn 0.686706 0.664025 0.295814
vn 0.247459 0.928613 -0.27648
vn 0.199936 0.945059 -0.258629
vn 0.199936 0.945059 -0.258629
vn 0.151843 0.958813 -0.240042
vn -0.341652 0.829817 -0.441223
vn -0.260911 0.870516 -0.417287
vn -0.260911 0.870516 -0.417287
vn -0.177888 0.903598 -0.3897
vn 0.0413641 0.912982 0.405898
vn 0.331032 0.903707 0.271534
vn 0.331032 0.903707 0.271534
vn 0.586919 0.802212 0.10946
vn -0.111684 0.984323 -0.136509
vn 0.0164713 0.980782 -0.194412
vn 0.0164713 0.980782 -0.194412
vn 0.1443 0.957832 -0.248468
vn -0.0752458 0.962256 0.261535
vn 0.226749 0.943835 0.240335
vn 0.226749 0.943835 0.240335
vn 0.507885 0.83859 0.197027
vn -0.107757 0.994132 0.00947225
vn -0.00754796 0.999278 0.0372409
vn -0.00754796 0.999278 0.0372409
vn 0.0927429 0.993592 0.064606
vn -0.561153 0.796394 -0.22553
vn -0.36015 0.909789 -0.20634
vn -0.36015 0.909789 -0.20634
vn -0.139834 0.974392 -0.176085
vn -0.32496 0.925167 0.19613
vn -0.0633393 0.985931 0.15469
vn -0.0633393 0.985931 0.15469
vn 0.202959 0.973878 0.101825
vn -0.213007 0.956544 0.199128
vn -0.117845 0.957983 0.261496
vn -0.117845 0.957983 0.261496
vn -0.0211574 0.94702 0.320478
vn -0.125064 0.98979 -0.0683734
vn -0.0506118 0.996388 -0.0681893
vn -0.0506118 0.996388 -0.0681893
vn 0.0241232 0.997419 -0.0676242
vn 0.0894406 0.982412 -0.163913
vn -0.204101 0.966782 -0.153868
vn -0.204101 0.966782 -0.153868
vn -0.479986 0.867514 -0.130512
vn -0.152834 0.921075 -0.358137
vn -0.0666525 0.941853 -0.329348
vn -0.0666525 0.941853 -0.329348
vn 0.0201079 0.954448 -0.297698
vn 0.276049 0.943471 -0.183466
vn 0.308637 0.930602 -0.196783
vn 0.308637 0.930602 -0.196783
vn 0.340791 0.916425 -0.209823
vn -0.0276296 0.960999 0.275168
vn 0.0591896 0.952812 0.297736
vn 0.0591896 0.952812 0.297736
vn 0.145528 0.936893 0.317887
vn 0.249836 0.952158 -0.176004
vn -0.253639 0.962524 -0.0959983
vn -0.253639 0.962524 -0.0959983
vn -0.691169 0.722638 0.00896599
vn -0.118553 0.8441 0.522916
vn -0.212682 0.860596 0.462753
vn -0.212682 0.860596 0.462753
vn -0.304098 0.866119 0.396689
vn -0.252977 0.96029 0.117666
vn -0.0961147 0.961409 0.257787
vn -0.0961147 0.961409 0.257787
vn 0.0649995 0.919995 0.386503
vn 0.15047 0.984004 -0.0953637
vn -0.128152 0.991295 0.0301737
vn -0.128152 0.991295 0.0301737
vn -0.3948 0.905957 0.152891
vn -0.0768788 0.978754 0.190079
vn 0.0572957 0.967715 0.245449
vn 0.0572957 0.967715 0.245449
vn 0.190256 0.936169 0.295618
vn 0.619944 0.783684 0.0388465
vn 0.338628 0.939947 0.0427824
vn 0.338628 0.939947 0.0427824
vn 0.0222393 0.998858 0.0422873
vn 0.300474 0.950365 -0.0807539
vn 0.02548 0.992626 -0.118505
vn 0.02548 0.992626 -0.118505
vn -0.251523 0.956636 -0.146914
vn -0.184542 0.911809 -0.366809
vn -0.185129 0.911639 -0.366935
vn -0.185129 0.911639 -0.366935
vn -0.185716 0.911469 -0.367061
vn -0.199673 0.955897 -0.215385
vn -0.275586 0.92782 -0.251401
vn -0.275586 0.92782 -0.251401
vn -0.349335 0.892461 -0.285443
vn -0.643201 0.725324 -0.245353
vn -0.317175 0.911049 -0.263421
vn -0.317175 0.911049 -0.263421
vn 0.0536087 0.968212 -0.244317
vn -0.313789 0.914994 -0.25362
vn -0.367182 0.898285 -0.241373
vn -0.367182 0.898285 -0.241373
vn -0.419371 0.87863 -0.228335
vn -0.047004 0.997372 0.0551389
vn -0.0371414 0.997947 0.0521793
vn -0.0371414 0.997947 0.0521793
vn -0.0272748 0.998416 0.0492141
vn -0.269979 0.949617 -0.159183
vn -0.239957 0.959935 -0.144723
vn -0.239957 0.959935 -0.144723
vn -0.209642 0.969086 -0.130087
vn -0.138566 0.984833 -0.104416
vn 0.0256121 0.997948 -0.0586869
vn 0.0256121 0.997948 -0.0586869
vn 0.189042 0.981905 -0.0112426
vn 0.10704 0.992702 -0.0555496
vn 0.166271 0.984716 -0.051844
vn 0.166271 0.984716 -0.051844
vn 0.224905 0.9732 -0.0479526
vn 0.132925 0.960003 0.246423
vn 0.166439 0.952848 0.253728
vn 0.166439 0.952848 0.253728
vn 0.199749 0.944524 0.260721
vn -0.473351 0.880836 0.00814171
vn -0.545113 0.837333 0.0415261
vn -0.545113 0.837333 0.0415261
vn -0.61243 0.787 0.0745717
vn -0.0183066 0.997673 0.065677
vn -0.0404221 0.996902 0.0674708
vn -0.0404221 0.996902 0.0674708
vn -0.0625176 0.99564 0.0692314
vn 0.370664 0.899557 0.231097
vn 0.203175 0.96695 0.15404
vn 0.203175 0.96695 0.15404
vn 0.0278581 0.997084 0.0710467
vn -0.12837 0.988637 0.0782123
vn -0.276723 0.959916 0.04456
vn -0.276723 0.959916 0.04456
vn -0.418444 0.908189 0.00983979
vn -0.480135 0.790027 -0.381219
vn -0.198739 0.933781 -0.297585
vn -0.198739 0.933781 -0.297585
vn 0.10389 0.977766 -0.182156
vn -0.411617 0.904955 -0.107833
vn -0.573229 0.817752 -0.0518665
vn -0.573229 0.817752 -0.0518665
vn -0.713714 0.700411 0.00601186
vn -0.0179889 0.973003 -0.230091
vn -0.122206 0.967506 -0.221353
vn -0.122206 0.967506 -0.221353
vn -0.225083 0.951398 -0.210189
vn -0.486889 0.847507 -0.211355
vn -0.422441 0.873246 -0.242868
vn -0.422441 0.873246 -0.242868
vn -0.355538 0.893913 -0.272971
vn 0.00541294 0.979404 -0.201839
vn 0.116893 0.977533 -0.175398
vn 0.116893 0.977533 -0.175398
vn 0.226838 0.962828 -0.146654
vn -0.551381 0.789518 -0.269519
vn -0.400195 0.850579 -0.341116
vn -0.400195 0.850579 -0.341116
vn -0.236317 0.884666 -0.401895
vn -0.110283 0.9939 0.000711208
vn 0.0983742 0.99489 0.0227339
vn 0.0983742 0.99489 0.0227339
vn 0.302701 0.952081 0.0437557
vn -0.39136 0.91206 -0.122404
vn -0.369399 0.922467 -0.112248
vn -0.369399 0.922467 -0.112248
vn -0.347181 0.932233 -0.102014
vn -0.27375 0.948084 -0.16186
vn -0.069896 0.997281 -0.0233562
vn -0.069896 0.997281 -0.0233562
vn 0.138373 0.98349 0.116622
vn 0.020834 0.955713 -0.293562
vn -0.0248867 0.948378 -0.316165
vn -0.0248867 0.948378 -0.316165
vn -0.0705412 0.938524 -0.337929
vn 0.0717928 0.916988 0.392402
vn 0.19192 0.87317 0.44804
vn 0.19192 0.87317 0.44804
vn 0.308315 0.812373 0.494966
vn -0.277312 0.959064 0.0574043
vn -0.15602 0.987549 0.0201034
vn -0.15602 0.987549 0.0201034
vn -0.0320891 0.999331 -0.0175374
vn -0.0101833 0.995176 -0.097574
vn 0.00245242 0.995919 -0.090216
vn 0.00245242 0.995919 -0.090216
vn 0.0150876 0.996449 -0.0828387
vn -0.209782 0.951951 -0.223117
vn -0.21618 0.950292 -0.22408
vn -0.21618 0.950292 -0.22408
vn -0.222567 0.94859 -0.225033
vn 0.231422 0.939397 0.252939
vn 0.164212 0.960819 0.223297
vn 0.164212 0.960819 0.223297
vn 0.0960411 0.976616 0.192348
vn -0.614414 0.753725 -0.233225
vn -0.537484 0.799375 -0.268535
vn -0.537484 0.799375 -0.268535
vn -0.455582 0.837632 -0.301361
vn -0.401972 0.881797 -0.24668
vn -0.493206 0.842214 -0.217768
vn -0.493206 0.842214 -0.217768
vn -0.57915 0.793597 -0.18652
vn -0.453798 0.869829 -0.193558
vn -0.0519452 0.992738 -0.108499
vn -0.0519452 0.992738 -0.108499
vn 0.359456 0.933155 -0.00349586
vn -0.150719 0.988399 -0.0187398
vn -0.228608 0.973514 0.0031221
vn -0.228608 0.973514 0.0031221
vn -0.30495 0.952041 0.0249629
vn 0.0457069 0.992759 -0.11109
vn -0.0402173 0.998267 -0.0429686
vn -0.0402173 0.998267 -0.0429686
vn -0.125657 0.991742 0.0256703
vn -0.435473 0.893975 0.105694
vn -0.234435 0.970536 0.055672
vn -0.234435 0.970536 0.055672
vn -0.0219604 0.999755 0.00293418
vn 0.28882 0.925876 -0.24359
vn 0.0803451 0.9673 -0.240573
vn 0.0803451 0.9673 -0.240573
vn -0.13176 0.965014 -0.226686
vn -0.234557 0.968522 0.0833617
vn -0.116005 0.992709 0.0327507
vn -0.116005 0.992709 0.0327507
vn 0.00454258 0.99982 -0.0184237
vn -0.434088 0.839674 -0.326367
vn -0.185708 0.945976 -0.265786
vn -0.185708 0.945976 -0.265786
vn 0.0769075 0.979757 -0.184829
vn -0.193885 0.978612 -0.0687581
vn 0.172676 0.984901 0.012377
vn 0.172676 0.984901 0.012377
vn 0.514891 0.85233 0.0917671
vn -0.317694 0.94819 0.00243393
vn -0.186482 0.980367 0.0640681
vn -0.186482 0.980367 0.0640681
vn -0.0511577 0.990926 0.12429
vn -0.138285 0.967917 0.209794
vn 0.0237179 0.98514 0.170108
vn 0.0237179 0.98514 0.170108
vn 0.185054 0.974664 0.12564
vn -0.0239685 0.980426 -0.195423
vn -0.0722242 0.977685 -0.197271
vn -0.0722242 0.977685 -0.197271
vn -0.120311 0.972656 -0.198657
vn 0.0310924 0.971292 0.235849
vn 0.0300781 0.971344 0.235767
vn 0.0300781 0.971344 0.235767
vn 0.0290637 0.971395 0.235686
vn 0.213104 0.976805 0.0209445
vn 0.363689 0.929669 -0.0586996
vn 0.363689 0.929669 -0.0586996
vn 0.502912 0.85349 -0.13651
vn -0.0747232 0.989613 -0.122815
vn -0.0748362 0.989605 -0.122805
vn -0.0748362 0.989605 -0.122805
vn -0.0749492 0.989598 -0.122796
vn 0.0277614 0.995904 0.0860474
vn -0.149941 0.988236 0.030129
vn -0.149941 0.988236 0.030129
vn -0.322431 0.946213 -0.0268367
vn 0.0725295 0.997178 -0.0193767
vn 0.148174 0.988575 -0.0276549
vn 0.148174 0.988575 -0.0276549
vn 0.222949 0.974173 -0.0357709
vn 0.125278 0.856591 0.500558
vn 0.235746 0.8178 0.525002
vn 0.235746 0.8178 0.525002
vn 0.342841 0.767311 0.541936
vn 0.0910308 0.991537 -0.0925603
vn -0.214572 0.967013 -0.137278
vn -0.214572 0.967013 -0.137278
vn -0.499577 0.849661 -0.168819
vn -0.335477 0.939442 0.0700244
vn 0.02145 0.996188 0.0845593
vn 0.02145 0.996188 0.0845593
vn 0.375571 0.922603 0.0880314
vn -0.342917 0.789995 -0.508248
vn -0.0892443 0.900426 -0.425756
vn -0.0892443 0.900426 -0.425756
vn 0.171867 0.935808 -0.307776
vn 0.424719 0.896538 -0.125833
vn 0.309365 0.940815 -0.13842
vn 0.309365 0.940815 -0.13842
vn 0.189239 0.97058 -0.148871
vn -0.206708 0.975215 0.0789136
vn 0.109486 0.97295 0.203421
vn 0.109486 0.97295 0.203421
vn 0.413036 0.858324 0.304437
vn 0.358729 0.821942 0.442409
vn 0.268132 0.832962 0.484024
vn 0.268132 0.832962 0.484024
vn 0.174837 0.835603 0.520769
vn -0.315091 0.903928 0.289193
vn -0.190436 0.922675 0.33527
vn -0.190436 0.922675 0.33527
vn -0.06235 0.924801 0.375307
vn 0.634515 0.765658 -0.105632
vn 0.215382 0.973911 -0.0714693
vn 0.215382 0.973911 -0.0714693
vn -0.25118 0.9677 -0.0215687
vn 0.207406 0.964714 -0.162204
vn 0.279168 0.949304 -0.144527
vn 0.279168 0.949304 -0.144527
vn 0.349338 0.928483 -0.126027
vn -0.346846 0.934191 -0.0835707
vn -0.351069 0.93235 -0.0864486
vn -0.351069 0.93235 -0.0864486
vn -0.355282 0.930482 -0.0893238
vn -0.220183 0.971768 -0.0847736
vn -0.220499 0.971691 -0.0848296
vn -0.220499 0.971691 -0.0848296
vn -0.220815 0.971615 -0.0848855
vn -0.282988 0.956969 -0.0642475
vn 0.0796348 0.983204 -0.164218
vn 0.0796348 0.983204 -0.164218
vn 0.430935 0.86965 -0.240841
vn -0.687337 0.726083 0.0192908
vn -0.45163 0.887046 -0.0958133
vn -0.45163 0.887046 -0.0958133
vn -0.173147 0.963992 -0.201842
vn 0.0879069 0.9722 0.217024
vn 0.162739 0.962764 0.215875
vn 0.162739 0.962764 0.215875
vn 0.236644 0.947849 0.213499
vn 0.251011 0.950175 0.184828
vn 0.375548 0.904528 0.20197
vn 0.375548 0.904528 0.20197
vn 0.493368 0.842703 0.2155
vn -0.234742 0.970319 -0.0581175
vn -0.33382 0.941473 -0.0468256
vn -0.33382 0.941473 -0.0468256
vn -0.429301 0.902482 -0.035029
vn 0.27162 0.917907 0.289256
vn 0.112548 0.96377 0.241827
vn 0.112548 0.96377 0.241827
vn -0.0498619 0.981051 0.187225
vn -0.125921 0.937895 0.323259
vn -0.0450431 0.940755 0.336082
vn -0.0450431 0.940755 0.336082
vn 0.0361372 0.937299 0.346648
vn 0.100306 0.994928 0.00750249
vn 0.255149 0.966268 -0.0349937
vn 0.255149 0.966268 -0.0349937
vn 0.403204 0.911902 -0.0765589
vn -0.295339 0.948331 0.115944
vn 0.0381834 0.979357 0.198498
vn 0.0381834 0.979357 0.198498
vn 0.367162 0.893825 0.257428
vn -0.109994 0.967956 -0.22575
vn -0.155942 0.957561 -0.242402
vn -0.155942 0.957561 -0.242402
vn -0.2015 0.944777 -0.258448
vn 0.660473 0.738282 -0.136802
vn 0.33655 0.931168 0.140217
vn 0.33655 0.931168 0.140217
vn -0.0610339 0.920248 0.386546
vn 0.153809 0.97412 -0.165632
vn -0.114353 0.979644 -0.164986
vn -0.114353 0.979644 -0.164986
vn -0.374288 0.914692 -0.152471
vn 0.0563589 0.977493 0.203299
vn -0.034791 0.978367 0.203928
vn -0.034791 0.978367 0.203928
vn -0.125652 0.971112 0.202863
vn -0.198193 0.963449 -0.180237
vn -0.445738 0.881456 -0.156051
vn -0.445738 0.881456 -0.156051
vn -0.662712 0.739008 -0.121163
vn 0.259877 0.96493 0.037076
vn 0.203701 0.976921 0.0642686
vn 0.203701 0.976921 0.0642686
vn 0.146704 0.984967 0.0912016
vn 0.139432 0.987563 0.0726547
vn 0.177718 0.981494 0.0713115
vn 0.177718 0.981494 0.0713115
vn 0.215737 0.973949 0.069861
vn -0.135049 0.98764 0.0795589
vn -0.295655 0.944744 0.141587
vn -0.295655 0.944744 0.141587
vn -0.446953 0.872106 0.199157
vn -0.183723 0.959373 0.214127
vn -0.0873655 0.966097 0.242947
vn -0.0873655 0.966097 0.242947
vn 0.00987983 0.963006 0.269299
vn -0.25677 0.93753 -0.234747
vn -0.322487 0.915847 -0.239219
vn -0.322487 0.915847 -0.239219
vn -0.386654 0.88976 -0.242541
vn -0.315039 0.943209 0.105389
vn -0.364743 0.922537 0.12605
vn -0.364743 0.922537 0.12605
vn -0.413234 0.898797 0.146292
vn -0.22204 0.955332 -0.195035
vn -0.0837119 0.982735 -0.164996
vn -0.0837119 0.982735 -0.164996
vn 0.0563565 0.989709 -0.131527
vn -0.181576 0.983301 -0.0122545
vn 0.120751 0.986588 -0.109833
vn 0.120751 0.986588 -0.109833
vn 0.410889 0.890296 -0.196326
vn -0.544787 0.80646 -0.229847
vn -0.334317 0.909803 -0.245947
vn -0.334317 0.909803 -0.245947
vn -0.105381 0.962892 -0.248463
vn -0.0742989 0.993361 -0.087829
vn -0.269897 0.962868 0.00643086
vn -0.269897 0.962868 0.00643086
vn -0.45252 0.886086 0.100382
vn 0.287101 0.944018 0.162488
vn 0.136751 0.969849 0.201722
vn 0.136751 0.969849 0.201722
vn -0.0169924 0.971617 0.235951
vn -0.341373 0.85994 -0.37943
vn -0.260237 0.890216 -0.373888
vn -0.260237 0.890216 -0.373888
vn -0.177143 0.913788 -0.365531
vn -0.148993 0.974999 0.164855
vn -0.226086 0.964121 0.139127
vn -0.226086 0.964121 0.139127
vn -0.30166 0.946759 0.112464
vn 0.419994 0.897271 0.136047
vn 0.120741 0.99098 0.0581351
vn 0.120741 0.99098 0.0581351
vn -0.191117 0.981227 -0.0258467
vn -0.0437914 0.91932 0.391065
vn 0.165054 0.933941 0.317034
vn 0.165054 0.933941 0.317034
vn 0.36576 0.902509 0.22737
vn -0.020294 0.999047 -0.0386393
vn 0.217545 0.971919 -0.089714
vn 0.217545 0.971919 -0.089714
vn 0.44235 0.886561 -0.135414
vn 0.258966 0.960938 0.0976419
vn -0.0347188 0.983851 0.175588
vn -0.0347188 0.983851 0.175588
vn -0.32518 0.915412 0.237231
vn 0.20565 0.971073 0.121349
vn -0.0204264 0.999791 -0.000791182
vn -0.0204264 0.999791 -0.000791182
vn -0.245137 0.96167 -0.122879
vn -0.0674572 0.940182 -0.333928
vn -0.162232 0.919162 -0.358919
vn -0.162232 0.919162 -0.358919
vn -0.255378 0.888905 -0.380303
vn -0.070695 0.995212 -0.0674873
vn 0.11903 0.979437 -0.162894
vn 0.11903 0.979437 -0.162894
vn 0.303358 0.919248 -0.250914
vn -0.136817 0.989539 0.0457524
vn 0.00609465 0.999463 0.0322059
vn 0.00609465 0.999463 0.0322059
vn 0.14888 0.988692 0.0179926
vn -0.192438 0.917733 -0.347469
vn 0.122251 0.960734 -0.249089
vn 0.122251 0.960734 -0.249089
vn 0.423424 0.897519 -0.123171
vn 0.196484 0.975643 0.0975417
vn 0.0996226 0.991322 0.085772
vn 0.0996226 0.991322 0.085772
vn 0.0017883 0.997318 0.0731646
vn 0.131645 0.932364 -0.336699
vn 0.151735 0.931387 -0.3309
vn 0.151735 0.931387 -0.3309
vn 0.171758 0.930001 -0.324956
vn -0.164802 0.986297 -0.0076737
vn -0.0765062 0.997027 0.00911738
vn -0.0765062 0.997027 0.00911738
vn 0.0124166 0.999589 0.0258338
vn 0.289402 0.763035 0.577948
vn 0.145195 0.818449 0.555932
vn 0.145195 0.818449 0.555932
vn -0.0025484 0.853932 0.520378
vn -0.257517 0.958236 0.124375
vn 0.0162728 0.994323 0.105148
vn 0.0162728 0.994323 0.105148
vn 0.288816 0.954213 0.0778632
vn -0.345565 0.935017 0.0795518
vn -0.0209715 0.999638 -0.0168469
vn -0.0209715 0.999638 -0.0168469
vn 0.306114 0.945473 -0.111244
vn 0.0865307 0.994081 -0.0656974
vn 0.0675219 0.996262 -0.05388
vn 0.0675219 0.996262 -0.05388
vn 0.0484789 0.997939 -0.0420353
vn -0.269627 0.954602 -0.126631
vn -0.0648546 0.972272 -0.224679
vn -0.0648546 0.972272 -0.224679
vn 0.143281 0.939522 -0.311076
vn 0.234689 0.960228 -0.151272
vn 0.035559 0.984912 -0.169364
vn 0.035559 0.984912 -0.169364
vn -0.165014 0.969619 -0.180581
vn -0.201211 0.963159 -0.178433
vn -0.0445828 0.980814 -0.189778
vn -0.0445828 0.980814 -0.189778
vn 0.113159 0.973976 -0.196383
vn -0.576762 0.816467 0.0269719
vn -0.320925 0.947105 -1.69963e-005
vn -0.320925 0.947105 -1.69963e-005
vn -0.0383707 0.998899 -0.0270045
vn 0.0653905 0.98148 0.180061
vn 0.197186 0.962321 0.187235
vn 0.197186 0.962321 0.187235
vn 0.325473 0.926043 0.19108
vn -0.132763 0.977849 -0.161816
vn 0.135464 0.981742 -0.133534
vn 0.135464 0.981742 -0.133534
vn 0.393835 0.914203 -0.0955367
vn 0.428476 0.893976 -0.131207
vn 0.294413 0.952308 -0.0801875
vn 0.294413 0.952308 -0.0801875
vn 0.15329 0.987806 -0.0272456
vn -0.463925 0.879716 0.104273
vn -0.323105 0.940536 0.104859
vn -0.323105 0.940536 0.104859
vn -0.174683 0.979225 0.102977
vn 0.115476 0.992935 0.0273043
vn 0.0384206 0.99925 0.00473516
vn 0.0384206 0.99925 0.00473516
vn -0.0388842 0.999084 -0.0178647
vn 0.00466792 0.930228 -0.366952
vn -0.0208217 0.929324 -0.368677
vn -0.0208217 0.929324 -0.368677
vn -0.0462977 0.927813 -0.370161
vn 0.419069 0.904398 0.0802881
vn 0.151812 0.981273 0.11856
vn 0.151812 0.981273 0.11856
vn -0.127407 0.980823 0.14749
vn 0.125702 0.982946 0.134222
vn 0.0664178 0.987675 0.141731
vn 0.0664178 0.987675 0.141731
vn 0.00689471 0.988854 0.148731
vn -0.113116 0.972702 -0.202623
vn -0.195692 0.955288 -0.221651
vn -0.195692 0.955288 -0.221651
vn -0.276803 0.930725 -0.23902
vn -0.445695 0.891856 -0.0771328
vn -0.358793 0.932722 -0.0360222
vn -0.358793 0.932722 -0.0360222
vn -0.267976 0.96341 0.0054814
vn 0.244726 0.964832 -0.0959616
vn 0.203781 0.974871 -0.0900039
vn 0.203781 0.974871 -0.0900039
vn 0.162467 0.983142 -0.0838831
vn 0.303442 0.928612 -0.213549
vn 0.023324 0.935865 -0.351586
vn 0.023324 0.935865 -0.351586
vn -0.25907 0.851803 -0.455319
vn 0.00626726 0.962331 -0.271807
vn -0.136858 0.922149 -0.361817
vn -0.136858 0.922149 -0.361817
vn -0.275849 0.854116 -0.4409
vn 0.117987 0.992912 -0.0143269
vn 0.254633 0.96625 0.0390272
vn 0.254633 0.96625 0.0390272
vn 0.385618 0.918109 0.0915136
vn -0.382248 0.921037 0.0746838
vn -0.182563 0.980911 0.0669701
vn -0.182563 0.980911 0.0669701
vn 0.0250675 0.998097 0.0563419
vn -0.227047 0.872558 -0.432543
vn -0.0797199 0.91713 -0.390536
vn -0.0797199 0.91713 -0.390536
vn 0.0696361 0.938355 -0.338587
vn -0.106183 0.993634 -0.0376364
vn -0.0694183 0.997309 -0.0235638
vn -0.0694183 0.997309 -0.0235638
vn -0.0325448 0.999426 -0.00945434
vn 0.0251408 0.991579 -0.12704
vn 0.0691298 0.98833 -0.135737
vn 0.0691298 0.98833 -0.135737
vn 0.112979 0.983084 -0.144159
vn -0.38186 0.872622 -0.30449
vn -0.279778 0.923727 -0.261634
vn -0.279778 0.923727 -0.261634
vn -0.173536 0.961097 -0.214888
vn -0.416243 0.908562 -0.0354456
vn -0.0712873 0.996059 -0.0527604
vn -0.0712873 0.996059 -0.0527604
vn 0.282718 0.957107 -0.0633773
vn 0.626072 0.778688 -0.0409666
vn 0.192021 0.980646 0.0382333
vn 0.192021 0.980646 0.0382333
vn -0.287243 0.951701 0.108431
vn -0.185083 0.860649 -0.47437
vn 0.00580685 0.928465 -0.371376
vn 0.00580685 0.928465 -0.371376
vn 0.196397 0.948329 -0.249201
vn 0.0395702 0.987396 -0.153245
vn -0.154986 0.973414 -0.168656
vn -0.154986 0.973414 -0.168656
vn -0.343609 0.922164 -0.177611
vn 0.275141 0.902787 0.330564
vn -0.0416832 0.944743 0.325151
vn -0.0416832 0.944743 0.325151
vn -0.354249 0.890177 0.286519
vn 0.281049 0.959511 -0.0186864
vn 0.232569 0.972578 0.00200232
vn 0.232569 0.972578 0.00200232
vn 0.183402 0.982776 0.0226851
vn -0.107165 0.993721 -0.0321645
vn -0.183964 0.981471 -0.0535887
vn -0.183964 0.981471 -0.0535887
vn -0.259565 0.962835 -0.0746642
vn -0.178113 0.974665 -0.135293
vn -0.0708448 0.988346 -0.134736
vn -0.0708448 0.988346 -0.134736
vn 0.0372516 0.990469 -0.132604
vn 0.198332 0.970302 0.138486
vn 0.0624753 0.986132 0.153755
vn 0.0624753 0.986132 0.153755
vn -0.0745647 0.983284 0.166111
vn -0.204701 0.978482 -0.0259006
vn 0.0324799 0.999376 0.0138503
vn 0.0324799 0.999376 0.0138503
vn 0.267768 0.962036 0.0527941
vn 0.183896 0.963687 0.193622
vn 0.0708732 0.978482 0.193777
vn 0.0708732 0.978482 0.193777
vn -0.0430701 0.980564 0.191415
vn -0.12406 0.9532 -0.275714
vn -0.210675 0.934582 -0.286656
vn -0.210675 0.934582 -0.286656
vn -0.295611 0.908517 -0.295314
vn 0.367284 0.8554 0.365231
vn 0.351928 0.861127 0.366888
vn 0.351928 0.861127 0.366888
vn 0.336475 0.866621 0.368446
vn -0.425408 0.89796 0.112678
vn -0.11527 0.984863 0.129452
vn -0.11527 0.984863 0.129452
vn 0.206858 0.969321 0.132762
vn 0.276837 0.87606 0.394817
vn 0.202718 0.913274 0.35332
vn 0.202718 0.913274 0.35332
vn 0.126855 0.942634 0.308785
vn 0.201625 0.967396 0.153273
vn 0.127044 0.97877 0.160836
vn 0.127044 0.97877 0.160836
vn 0.051733 0.984518 0.167475
vn 0.0446466 0.998444 -0.0334111
vn 0.0685677 0.997253 -0.0280146
vn 0.0685677 0.997253 -0.0280146
vn 0.0924474 0.995461 -0.0226013
vn -0.164073 0.963433 0.211841
vn -0.120309 0.973209 0.195934
vn -0.120309 0.973209 0.195934
vn -0.0762727 0.980782 0.179582
vn -0.0611985 0.957599 -0.281528
vn -0.0874827 0.953441 -0.288614
vn -0.0874827 0.953441 -0.288614
vn -0.1137 0.948559 -0.29548
vn 0.204721 0.923215 -0.325213
vn -0.148959 0.907934 -0.391748
vn -0.148959 0.907934 -0.391748
vn -0.483312 0.774849 -0.407453
vn -0.350502 0.924589 -0.149277
vn -0.298302 0.942538 -0.150459
vn -0.298302 0.942538 -0.150459
vn -0.245192 0.957614 -0.151183
vn -0.0889624 0.956023 0.279475
vn 0.00114137 0.967142 0.254236
vn 0.00114137 0.967142 0.254236
vn 0.091235 0.969673 0.226738
vn -0.0143602 0.999881 -0.00564705
vn -0.105576 0.993229 -0.0484753
vn -0.105576 0.993229 -0.0484753
vn -0.195716 0.976447 -0.0908092
vn 0.199678 0.970626 -0.134212
vn 0.198018 0.970964 -0.134227
vn 0.198018 0.970964 -0.134227
vn 0.196358 0.9713 -0.134241
vn 0.101713 0.982211 -0.157845
vn 0.0171696 0.993555 -0.112046
vn 0.0171696 0.993555 -0.112046
vn -0.0675345 0.995584 -0.0651968
vn -0.294335 0.952711 -0.0755592
vn -0.202682 0.971642 -0.121784
vn -0.202682 0.971642 -0.121784
vn -0.108821 0.979987 -0.166682
vn -0.309584 0.89618 -0.317836
vn -0.179458 0.923531 -0.338947
vn -0.179458 0.923531 -0.338947
vn -0.0460784 0.934142 -0.353914
vn -0.0748479 0.985287 -0.153649
vn 0.102252 0.991429 -0.0813244
vn 0.102252 0.991429 -0.0813244
vn 0.275605 0.961252 -0.00602048
vn 0.669351 0.684719 0.288321
vn 0.487453 0.804747 0.33878
vn 0.487453 0.804747 0.33878
vn 0.281162 0.884506 0.372287
vn 0.27017 0.961932 0.0411737
vn 0.119073 0.992684 -0.0199961
vn 0.119073 0.992684 -0.0199961
vn -0.0352996 0.99612 -0.0806157
vn 0.333371 0.895793 0.29397
vn 0.00624084 0.95525 0.295733
vn 0.00624084 0.95525 0.295733
vn -0.32158 0.909102 0.264802
vn 0.0550559 0.909637 -0.41174
vn 0.038433 0.910768 -0.411126
vn 0.038433 0.910768 -0.411126
vn 0.0217994 0.911646 -0.410398
vn -0.123291 0.906587 0.403608
vn 0.188324 0.951329 0.243942
vn 0.188324 0.951329 0.243942
vn 0.476475 0.877535 0.0538807
vn -0.135813 0.982884 -0.124477
vn 0.0444658 0.993193 -0.107657
vn 0.0444658 0.993193 -0.107657
vn 0.223282 0.970837 -0.0872963
vn 0.103144 0.981641 -0.160446
vn 0.102412 0.981674 -0.16071
vn 0.102412 0.981674 -0.16071
vn 0.10168 0.981707 -0.160973
vn 0.294229 0.951 -0.0950165
vn 0.27569 0.955893 -0.101314
vn 0.27569 0.955893 -0.101314
vn 0.257038 0.960396 -0.10757
vn 0.194555 0.97912 0.0589283
vn -0.0975589 0.993637 0.0562844
vn -0.0975589 0.993637 0.0562844
vn -0.381327 0.92315 0.0488254
vn -0.310704 0.842299 -0.44045
vn -0.0151171 0.931319 -0.36389
vn -0.0151171 0.931319 -0.36389
vn 0.281999 0.92613 -0.25052
vn 0.230985 0.917973 0.322445
vn -0.0825829 0.957489 0.276395
vn -0.0825829 0.957489 0.276395
vn -0.387727 0.899334 0.202151
vn 0.00995157 0.986123 -0.165716
vn 0.219878 0.962046 -0.161617
vn 0.219878 0.962046 -0.161617
vn 0.419984 0.894999 -0.150301
vn 0.118783 0.992792 0.0159506
vn 0.167511 0.985826 -0.0093063
vn 0.167511 0.985826 -0.0093063
vn 0.215727 0.975843 -0.0345347
vn 0.410006 0.906609 0.0997816
vn 0.130082 0.991057 0.0297529
vn 0.130082 0.991057 0.0297529
vn -0.1616 0.985921 -0.0429652
vn 0.417464 0.908024 -0.0348715
vn 0.217581 0.974868 -0.0478733
vn 0.217581 0.974868 -0.0478733
vn 0.00799529 0.998241 -0.0587404
vn 0.554821 0.720135 0.416629
vn 0.388087 0.865591 0.316452
vn 0.388087 0.865591 0.316452
vn 0.198458 0.959982 0.197605
vn -0.0813506 0.96338 0.255502
vn -0.0330959 0.969912 0.241195
vn -0.0330959 0.969912 0.241195
vn 0.015244 0.973946 0.226267
vn -0.163967 0.955724 -0.244347
vn -0.374006 0.911535 -0.170947
vn -0.374006 0.911535 -0.170947
vn -0.564799 0.820442 -0.088751
vn -0.516212 0.853976 -0.0651841
vn -0.290097 0.939659 -0.181339
vn -0.290097 0.939659 -0.181339
vn -0.0431064 0.957723 -0.284445
vn 0.297116 0.95182 0.075905
vn 0.19332 0.980479 0.0359032
vn 0.19332 0.980479 0.0359032
vn 0.0869724 0.9962 -0.00457233
vn 0.436843 0.853022 0.285519
vn 0.291242 0.901105 0.321228
vn 0.291242 0.901105 0.321228
vn 0.138422 0.926853 0.348975
vn 0.123354 0.971227 -0.203722
vn -0.108283 0.966174 -0.234058
vn -0.108283 0.966174 -0.234058
vn -0.334008 0.908366 -0.251615
vn 0.10766 0.978996 -0.173136
vn -0.238925 0.968845 -0.0652264
vn -0.238925 0.968845 -0.0652264
vn -0.554003 0.830934 0.0512848
vn -0.319483 0.94758 -0.00481322
vn -0.0425191 0.994981 -0.0905787
vn -0.0425191 0.994981 -0.0905787
vn 0.238115 0.956504 -0.168526
vn -0.265718 0.954566 0.134902
vn -0.197083 0.968985 0.149083
vn -0.197083 0.968985 0.149083
vn -0.12744 0.978444 0.162502
vn 0.261307 0.964744 -0.0314338
vn 0.165522 0.983926 -0.0670187
vn 0.165522 0.983926 -0.0670187
vn 0.0679479 0.992474 -0.101879
vn 0.324386 0.945912 -0.00490559
vn 0.105757 0.994181 0.0204868
vn 0.105757 0.994181 0.0204868
vn -0.118242 0.991972 0.044839
vn 0.197136 0.909492 -0.366007
vn -0.0273921 0.92735 -0.37319
vn -0.0273921 0.92735 -0.37319
vn -0.25053 0.898114 -0.361422
vn 0.403509 0.914748 -0.0204037
vn 0.254448 0.966392 0.0366491
vn 0.254448 0.966392 0.0366491
vn 0.0982267 0.99084 0.0926704
vn -0.0930953 0.994982 -0.0366702
vn 0.0236697 0.9994 0.0252757
vn 0.0236697 0.9994 0.0252757
vn 0.140021 0.986338 0.0867796
vn 0.282974 0.951883 -0.117662
vn 0.255537 0.959104 -0.121742
vn 0.255537 0.959104 -0.121742
vn 0.22789 0.965536 -0.125721
vn -0.0873442 0.906777 -0.412464
vn -0.160676 0.881239 -0.444523
vn -0.160676 0.881239 -0.444523
vn -0.232875 0.849482 -0.473444
vn 0.311902 0.905011 -0.289262
vn -0.000835298 0.949297 -0.314381
vn -0.000835298 0.949297 -0.314381
vn -0.313489 0.898276 -0.307936
vn -0.164314 0.986197 0.0203956
vn 0.123067 0.991661 -0.0382574
vn 0.123067 0.991661 -0.0382574
vn 0.399857 0.911784 -0.0936181
vn 0.14676 0.97152 0.186039
vn 0.102189 0.97611 0.191744
vn 0.102189 0.97611 0.191744
vn 0.0574097 0.978709 0.197058
vn -0.135981 0.963414 0.230961
vn -0.0198536 0.977012 0.212257
vn -0.0198536 0.977012 0.212257
vn 0.0965518 0.976913 0.190577
vn -0.0620266 0.997479 0.0344598
vn 0.266583 0.962843 0.043216
vn 0.266583 0.962843 0.043216
vn 0.566066 0.823005 0.0472504
vn 0.191191 0.939872 0.282995
vn 0.323291 0.911856 0.252984
vn 0.323291 0.911856 0.252984
vn 0.449204 0.866391 0.218132
vn 0.173278 0.9632 0.205477
vn 0.0339043 0.971725 0.233668
vn 0.0339043 0.971725 0.233668
vn -0.106157 0.960532 0.257117
vn -0.0236822 0.975906 0.2169
vn 0.169676 0.964523 0.202253
vn 0.169676 0.964523 0.202253
vn 0.356632 0.916746 0.179974
vn 0.29273 0.932342 0.212244
vn 0.393221 0.899213 0.191815
vn 0.393221 0.899213 0.191815
vn 0.489145 0.855642 0.169158
vn 0.522808 0.765546 0.374981
vn 0.258921 0.886546 0.383401
vn 0.258921 0.886546 0.383401
vn -0.0268063 0.932767 0.359482
vn 0.600308 0.720052 0.348074
vn 0.478475 0.795639 0.371511
vn 0.478475 0.795639 0.371511
vn 0.346544 0.854433 0.387107
vn -0.0771575 0.93595 -0.343575
vn -0.237157 0.909839 -0.340514
vn -0.237157 0.909839 -0.340514
vn -0.390922 0.859807 -0.328499
vn -0.276451 0.922589 -0.269082
vn -0.169054 0.96706 -0.190302
vn -0.169054 0.96706 -0.190302
vn -0.0583237 0.992464 -0.10777
vn 0.221319 0.96376 0.148947
vn 0.275315 0.946091 0.170629
vn 0.275315 0.946091 0.170629
vn 0.328293 0.924923 0.191681
vn -0.07559 0.962505 0.26052
vn 0.327664 0.942276 0.0689318
vn 0.327664 0.942276 0.0689318
vn 0.665474 0.733848 -0.136424
vn 0.00919487 0.970908 0.239277
vn -0.032305 0.968815 0.245669
vn -0.032305 0.968815 0.245669
vn -0.0737478 0.965011 0.251626
vn 0.283087 0.903562 0.321616
vn -0.0726484 0.97317 0.218319
vn -0.0726484 0.97317 0.218319
vn -0.418063 0.904526 0.0840057
vn 0.290525 0.952864 0.0874407
vn 0.261624 0.960229 0.0975317
vn 0.261624 0.960229 0.0975317
vn 0.232463 0.966643 0.107526
vn 0.167045 0.968189 0.186296
vn 0.0301157 0.980623 0.193576
vn 0.0301157 0.980623 0.193576
vn -0.107384 0.974467 0.197187
vn -0.223638 0.965354 0.13445
vn -0.0511141 0.978952 0.197584
vn -0.0511141 0.978952 0.197584
vn 0.123144 0.959329 0.254014
vn -0.197955 0.972471 -0.122936
vn -0.290319 0.954486 -0.0683475
vn -0.290319 0.954486 -0.0683475
vn -0.379247 0.925205 -0.0129505
vn 0.235891 0.958883 -0.157793
vn 0.0275209 0.985445 -0.16775
vn 0.0275209 0.985445 -0.16775
vn -0.182066 0.968429 -0.170288
vn 0.0224036 0.988362 0.150463
vn 0.210575 0.957348 0.197846
vn 0.210575 0.957348 0.197846
vn 0.390614 0.889366 0.237589
vn 0.00407293 0.997742 0.0670341
vn 0.373056 0.925881 -0.059781
vn 0.373056 0.925881 -0.059781
vn 0.683321 0.708291 -0.177187
vn 0.212666 0.930441 0.298416
vn -0.025552 0.986348 0.162682
vn -0.025552 0.986348 0.162682
vn -0.261769 0.965026 0.0142105
vn 0.347964 0.892947 -0.2856
vn 0.211519 0.946269 -0.244612
vn 0.211519 0.946269 -0.244612
vn 0.070179 0.977694 -0.197964
vn -0.110113 0.932595 0.343717
vn -0.0684386 0.938507 0.338409
vn -0.0684386 0.938507 0.338409
vn -0.0266408 0.94273 0.332491
vn 0.00715935 0.99852 0.0539086
vn 0.317973 0.948092 -0.00388008
vn 0.317973 0.948092 -0.00388008
vn 0.596199 0.800495 -0.0612711
vn -0.1305 0.977105 -0.168033
vn -0.141986 0.975068 -0.170535
vn -0.141986 0.975068 -0.170535
vn -0.153451 0.972892 -0.173014
vn -0.292687 0.955458 0.0378802
vn 0.137388 0.947896 0.287434
vn 0.137388 0.947896 0.287434
vn 0.533488 0.705919 0.465906
vn -0.53271 0.846182 0.0140307
vn -0.425964 0.904734 0.0033859
vn -0.425964 0.904734 0.0033859
vn -0.312857 0.949772 -0.00730948
vn -0.0553902 0.968787 0.241627
vn 0.16394 0.950611 0.263557
vn 0.16394 0.950611 0.263557
vn 0.375251 0.885934 0.272595
vn 0.0258678 0.948177 0.316687
vn 0.00286939 0.94996 0.312359
vn 0.00286939 0.94996 0.312359
vn -0.0201306 0.951219 0.307859
vn 0.553134 0.832637 -0.0275325
vn 0.469943 0.880811 0.0576691
vn 0.469943 0.880811 0.0576691
vn 0.378999 0.91445 0.141919
vn 0.0374986 0.999158 0.0166465
vn 0.125213 0.992106 0.00689608
vn 0.125213 0.992106 0.00689608
vn 0.211946 0.977277 -0.00290843
vn 0.231358 0.949448 -0.212185
vn -0.0734579 0.922716 -0.378415
vn -0.0734579 0.922716 -0.378415
vn -0.369366 0.784097 -0.49876
vn 0.516418 0.840666 0.163072
vn 0.118596 0.9893 0.084973
vn 0.118596 0.9893 0.084973
vn -0.301339 0.953475 -0.00896963
vn 0.128797 0.991622 0.00981123
vn -0.0206921 0.999783 0.00242696
vn -0.0206921 0.999783 0.00242696
vn -0.169716 0.98548 -0.00501184
vn -0.136181 0.930426 0.340238
vn 0.0620131 0.949904 0.306329
vn 0.0620131 0.949904 0.306329
vn 0.257677 0.930615 0.259919
vn -0.264994 0.961648 0.0707833
vn -0.0880709 0.988408 0.123662
vn -0.0880709 0.988408 0.123662
vn 0.0919188 0.980758 0.172236
vn 0.290084 0.956747 0.0220526
vn 0.127514 0.991823 0.00517369
vn 0.127514 0.991823 0.00517369
vn -0.0386193 0.999184 -0.0118498
vn -0.150354 0.91522 -0.373853
vn -0.36724 0.88058 -0.299521
vn -0.36724 0.88058 -0.299521
vn -0.564382 0.798597 -0.209084
vn -0.0232512 0.996195 -0.0839905
vn 0.20007 0.976141 -0.0843825
vn 0.20007 0.976141 -0.0843825
vn 0.413333 0.907012 -0.0805322
vn -0.381607 0.865412 -0.324713
vn -0.227804 0.951113 -0.208541
vn -0.227804 0.951113 -0.208541
vn -0.063865 0.994493 -0.0830899
vn 0.16116 0.875513 -0.455527
vn -0.0144101 0.886831 -0.46187
vn -0.0144101 0.886831 -0.46187
vn -0.189534 0.870663 -0.453898
vn 0.0902233 0.995831 -0.0133945
vn 0.0779153 0.996894 -0.0115071
vn 0.0779153 0.996894 -0.0115071
vn 0.065595 0.9978 -0.00961794
vn -0.106839 0.986762 0.122008
vn -0.257879 0.948729 0.18279
vn -0.257879 0.948729 0.18279
vn -0.40171 0.884175 0.238461
vn 0.0157722 0.887551 -0.46044
vn -0.23572 0.848873 -0.473128
vn -0.23572 0.848873 -0.473128
vn -0.471913 0.7551 -0.455107
vn -0.373279 0.913295 -0.162957
vn -0.167698 0.944815 -0.281429
vn -0.167698 0.944815 -0.281429
vn 0.0474914 0.922204 -0.383777
vn -0.471045 0.81405 -0.339763
vn -0.212562 0.909849 -0.356359
vn -0.212562 0.909849 -0.356359
vn 0.0621326 0.936257 -0.345777
vn -0.482283 0.872284 -0.0807716
vn -0.231407 0.959288 -0.161917
vn -0.231407 0.959288 -0.161917
vn 0.0373082 0.972338 -0.23058
vn -0.142624 0.989433 0.0260851
vn 0.209911 0.976343 -0.0518789
vn 0.209911 0.976343 -0.0518789
vn 0.535045 0.835811 -0.123071
vn 0.0675468 0.941405 -0.330445
vn 0.161314 0.937031 -0.309758
vn 0.161314 0.937031 -0.309758
vn 0.253591 0.924 -0.286208
vn -0.138032 0.980597 0.1392
vn 0.0506618 0.995673 0.0779057
vn 0.0506618 0.995673 0.0779057
vn 0.23735 0.97133 0.0135268
vn 0.0710934 0.996268 0.048956
vn 0.142747 0.988074 0.0577272
vn 0.142747 0.988074 0.0577272
vn 0.213647 0.974666 0.0661938
vn -0.302723 0.950343 -0.072158
vn -0.00463945 0.999852 0.0165669
vn -0.00463945 0.999852 0.0165669
vn 0.293904 0.950199 0.103649
vn 0.0049837 0.998645 -0.0517931
vn -0.0420072 0.996344 -0.0743889
vn -0.0420072 0.996344 -0.0743889
vn -0.0888836 0.991329 -0.0967821
vn -0.256748 0.957791 0.129294
vn -0.188866 0.975761 0.110542
vn -0.188866 0.975761 0.110542
vn -0.119986 0.988577 0.0912061
vn -0.319042 0.918309 -0.234353
vn -0.138184 0.957571 -0.25291
vn -0.138184 0.957571 -0.25291
vn 0.0474539 0.963705 -0.262717
vn -0.374817 0.922698 -0.090222
vn -0.0976878 0.988856 -0.112339
vn -0.0976878 0.988856 -0.112339
vn 0.18742 0.974258 -0.125282
vn 0.638288 0.769777 -0.00563032
vn 0.328143 0.934784 0.136016
vn 0.328143 0.934784 0.136016
vn -0.029084 0.965668 0.258146
vn -0.614931 0.788566 -0.00487402
vn -0.377531 0.917345 -0.126284
vn -0.377531 0.917345 -0.126284
vn -0.107028 0.965689 -0.23662
vn 0.213041 0.967494 0.136271
vn 0.0904665 0.990954 0.099122
vn 0.0904665 0.990954 0.099122
vn -0.0336415 0.997614 0.0602929
vn -0.283859 0.922982 -0.259861
vn -0.270496 0.926914 -0.260118
vn -0.270496 0.926914 -0.260118
vn -0.257081 0.930667 -0.260324
vn -0.67167 0.740674 -0.0161892
vn -0.509476 0.858269 -0.0617136
vn -0.509476 0.858269 -0.0617136
vn -0.325778 0.939638 -0.104633
vn -0.0522658 0.979378 0.195157
vn 0.117433 0.9699 0.213315
vn 0.117433 0.9699 0.213315
vn 0.283701 0.932084 0.225239
vn 0.401882 0.881986 0.246153
vn 0.417519 0.873038 0.251957
vn 0.417519 0.873038 0.251957
vn 0.433005 0.863778 0.25767
vn -0.247521 0.91955 -0.305222
vn 0.0524001 0.958278 -0.280993
vn 0.0524001 0.958278 -0.280993
vn 0.347499 0.908807 -0.230901
vn 0.318976 0.941198 0.111357
vn 0.117071 0.975162 0.188023
vn 0.117071 0.975162 0.188023
vn -0.0904288 0.962517 0.255702
vn -0.23392 0.970787 -0.053426
vn -0.341712 0.932974 -0.113106
vn -0.341712 0.932974 -0.113106
vn -0.443828 0.879663 -0.170907
vn -0.100913 0.966392 0.236438
vn 0.230366 0.966458 0.11354
vn 0.230366 0.966458 0.11354
vn 0.532884 0.845861 -0.0235327
vn -0.358372 0.927946 0.102396
vn -0.0925055 0.992771 0.0764758
vn -0.0925055 0.992771 0.0764758
vn 0.180351 0.982583 0.0447768
vn -0.276017 0.883351 0.378821
vn -0.0940671 0.94038 0.326859
vn -0.0940671 0.94038 0.326859
vn 0.0915565 0.960679 0.262131
vn 0.355743 0.929891 0.093541
vn -0.0416268 0.994984 0.0909642
vn -0.0416268 0.994984 0.0909642
vn -0.432247 0.898744 0.0736378
vn 0.139124 0.990247 0.00749403
vn 0.0236984 0.995586 -0.0908157
vn 0.0236984 0.995586 -0.0908157
vn -0.0922725 0.97801 -0.187035
vn 0.221579 0.96118 -0.164423
vn 0.258125 0.95389 -0.153184
vn 0.258125 0.95389 -0.153184
vn 0.29428 0.945155 -0.141712
vn 0.354215 0.917659 -0.180092
vn -0.0131213 0.999827 0.0131973
vn -0.0131213 0.999827 0.0131973
vn -0.378108 0.902977 0.204124
vn 0.139822 0.989798 0.0273837
vn 0.0071406 0.99765 0.0681472
vn 0.0071406 0.99765 0.0681472
vn -0.125678 0.986219 0.107594
vn 0.40962 0.883643 0.226686
vn 0.32725 0.913322 0.242383
vn 0.32725 0.913322 0.242383
vn 0.242291 0.935776 0.256162
vn 0.468858 0.872518 0.137418
vn 0.376049 0.916411 0.137032
vn 0.376049 0.916411 0.137032
vn 0.279277 0.950645 0.135201
vn -0.6439 0.686935 -0.336918
vn -0.38444 0.858153 -0.340262
vn -0.38444 0.858153 -0.340262
vn -0.0878259 0.946435 -0.310722
vn -0.083831 0.996237 0.0220188
vn 0.133792 0.989721 -0.0505256
vn 0.133792 0.989721 -0.0505256
vn 0.344368 0.931081 -0.120409
vn -0.116762 0.759563 -0.639868
vn -0.169202 0.734327 -0.657369
vn -0.169202 0.734327 -0.657369
vn -0.221018 0.706379 -0.672443
vn -0.215238 0.971382 0.100451
vn 0.00403743 0.967396 0.253236
vn 0.00403743 0.967396 0.253236
vn 0.223025 0.894299 0.387929
vn -0.417368 0.882883 -0.215224
vn -0.451899 0.86954 -0.199216
vn -0.451899 0.86954 -0.199216
vn -0.485696 0.854783 -0.182884
vn 0.483596 0.874764 0.0303885
vn 0.201166 0.97952 -0.00849265
vn 0.201166 0.97952 -0.00849265
vn -0.0998215 0.993914 -0.0465903
vn -0.260338 0.965401 -0.014997
vn 0.007774 0.993586 -0.112815
vn 0.007774 0.993586 -0.112815
vn 0.275247 0.940051 -0.201355
vn 0.354557 0.929922 0.0976392
vn 0.27145 0.958038 0.092082
vn 0.27145 0.958038 0.092082
vn 0.186244 0.978749 0.0858132
vn -0.811894 0.577851 -0.0831574
vn -0.494372 0.862101 -0.111256
vn -0.494372 0.862101 -0.111256
vn -0.0866718 0.989097 -0.11906
vn -0.13542 0.984431 -0.112059
vn -0.198145 0.972444 -0.122844
vn -0.198145 0.972444 -0.122844
vn -0.260038 0.956379 -0.133114
vn -0.628176 0.777696 -0.0241548
vn -0.466124 0.88116 -0.0792792
vn -0.466124 0.88116 -0.0792792
vn -0.285423 0.949374 -0.131232
vn -0.142577 0.985932 0.0872301
vn 0.0425813 0.992199 0.11717
vn 0.0425813 0.992199 0.11717
vn 0.22624 0.96352 0.142983
vn -0.401683 0.915742 0.00816215
vn -0.197188 0.979346 -0.0447063
vn -0.197188 0.979346 -0.0447063
vn 0.0169013 0.995296 -0.0953994
vn 0.28814 0.95694 -0.0352342
vn 0.116614 0.992781 -0.0280381
vn 0.116614 0.992781 -0.0280381
vn -0.0584982 0.998088 -0.0199797
vn -0.471982 0.878106 -0.0785055
vn -0.271092 0.958684 -0.0862241
vn -0.271092 0.958684 -0.0862241
vn -0.0574856 0.994291 -0.089898
vn -0.0473052 0.974 0.221554
vn 0.220767 0.959232 0.176451
vn 0.220767 0.959232 0.176451
vn 0.472477 0.873371 0.118272
vn -0.393417 0.89597 0.206061
vn -0.144074 0.979335 0.141938
vn -0.144074 0.979335 0.141938
vn 0.11582 0.990979 0.0674205
vn -0.278181 0.954847 -0.104322
vn -0.0104016 0.997354 0.0719522
vn -0.0104016 0.997354 0.0719522
vn 0.258466 0.935552 0.240701
vn -0.152203 0.984609 0.0859058
vn -0.151955 0.98464 0.0859874
vn -0.151955 0.98464 0.0859874
vn -0.151707 0.984671 0.0860689
vn -0.198613 0.972736 -0.119744
vn 0.0285594 0.977292 -0.209961
vn 0.0285594 0.977292 -0.209961
vn 0.254024 0.92344 -0.287629
vn 0.209656 0.955028 0.209681
vn 0.148498 0.962834 0.225608
vn 0.148498 0.962834 0.225608
vn 0.0867387 0.966736 0.24062
vn -0.107016 0.992896 0.0520197
vn 0.0946195 0.988012 0.12198
vn 0.0946195 0.988012 0.12198
vn 0.291943 0.9381 0.18638
vn -0.539907 0.835491 -0.102254
vn -0.307216 0.949796 -0.0592055
vn -0.307216 0.949796 -0.0592055
vn -0.0533076 0.998505 -0.0120681
vn 0.318719 0.942076 0.104455
vn 0.302905 0.948002 0.0976755
vn 0.302905 0.948002 0.0976755
vn 0.28699 0.953615 0.0908635
vn 0.33821 0.936379 -0.0938554
vn 0.322486 0.941897 -0.0939842
vn 0.322486 0.941897 -0.0939842
vn 0.306672 0.947154 -0.0940868
vn -0.437636 0.895183 -0.0843883
vn -0.349855 0.934382 -0.0673171
vn -0.349855 0.934382 -0.0673171
vn -0.258738 0.964673 -0.0496041
vn 0.48576 0.872527 0.0522784
vn 0.156263 0.987681 -0.00822447
vn 0.156263 0.987681 -0.00822447
vn -0.192843 0.978892 -0.0676952
vn -0.529308 0.846529 -0.0567648
vn -0.264616 0.959543 -0.0962099
vn -0.264616 0.959543 -0.0962099
vn 0.022406 0.991581 -0.127536
vn -0.0705751 0.996835 0.0365854
vn -0.0337028 0.999352 0.0126274
vn -0.0337028 0.999352 0.0126274
vn 0.00323476 0.99993 -0.011355
vn 0.494053 0.869052 -0.0256883
vn 0.455743 0.8901 -0.00461538
vn 0.455743 0.8901 -0.00461538
vn 0.41636 0.909051 0.0164684
vn -0.307248 0.947274 0.0909467
vn -0.0221824 0.998469 -0.0506762
vn -0.0221824 0.998469 -0.0506762
vn 0.265189 0.945883 -0.187032
vn -0.26211 0.882393 -0.390745
vn -0.204357 0.89765 -0.390465
vn -0.204357 0.89765 -0.390465
vn -0.145875 0.909704 -0.388792
vn -0.322074 0.946711 0.00265755
vn -0.174402 0.983259 0.0527879
vn -0.174402 0.983259 0.0527879
vn -0.0222553 0.99458 0.101564
vn -0.0609831 0.982381 0.176661
vn 0.0645994 0.977191 0.202297
vn 0.0645994 0.977191 0.202297
vn 0.189119 0.955922 0.224603
vn -0.57194 0.799893 -0.181815
vn -0.259497 0.950992 -0.168154
vn -0.259497 0.950992 -0.168154
vn 0.0842497 0.987365 -0.134208
vn -0.054454 0.98575 0.159162
vn -0.0914546 0.986999 0.132167
vn -0.0914546 0.986999 0.132167
vn -0.128263 0.986177 0.104894
vn -0.325026 0.932162 -0.159476
vn -0.05771 0.980403 -0.188359
vn -0.05771 0.980403 -0.188359
vn 0.213912 0.955488 -0.203187
vn 0.111396 0.9849 0.132527
vn -0.0315271 0.993382 0.110443
vn -0.0315271 0.993382 0.110443
vn -0.173789 0.981017 0.0860401
vn -0.281339 0.957275 -0.0668781
vn -0.228336 0.971999 -0.0555131
vn -0.228336 0.971999 -0.0555131
vn -0.174612 0.983655 -0.0439729
vn 0.236359 0.95944 0.153655
vn 0.00243116 0.992929 0.118685
vn 0.00243116 0.992929 0.118685
vn -0.231635 0.969755 0.076942
vn -0.0172264 0.977913 0.208302
vn -0.0381792 0.974736 0.220075
vn -0.0381792 0.974736 0.220075
vn -0.0591095 0.970985 0.231719
vn 0.367555 0.857068 0.361024
vn 0.246411 0.887583 0.389203
vn 0.246411 0.887583 0.389203
vn 0.121225 0.90354 0.410998
vn 0.0934785 0.962956 -0.252937
vn -0.0549222 0.968178 -0.244161
vn -0.0549222 0.968178 -0.244161
vn -0.202108 0.951977 -0.229983
vn 0.144237 0.951502 -0.271733
vn -0.260438 0.952233 -0.159454
vn -0.260438 0.952233 -0.159454
vn -0.619179 0.785019 -0.0190514
vn 0.209888 0.972097 -0.104763
vn 0.167569 0.979098 -0.115272
vn 0.167569 0.979098 -0.115272
vn 0.124923 0.98419 -0.125556
vn -0.0437922 0.998917 -0.0157024
vn 0.0132382 0.999605 -0.0247867
vn 0.0132382 0.999605 -0.0247867
vn 0.0702245 0.996959 -0.0337883
vn 0.0848267 0.949069 0.303434
vn 0.205328 0.914318 0.349089
vn 0.205328 0.914318 0.349089
vn 0.322172 0.86328 0.388525
vn -0.414982 0.878752 0.235764
vn -0.0432994 0.997929 0.0475624
vn -0.0432994 0.997929 0.0475624
vn 0.336514 0.929724 -0.14957
vn -0.273301 0.960816 -0.0462423
vn -0.0257565 0.999657 0.00465289
vn -0.0257565 0.999657 0.00465289
vn 0.223472 0.973144 0.0552438
vn 0.46486 0.881104 0.0869519
vn 0.452166 0.887371 0.0900997
vn 0.452166 0.887371 0.0900997
vn 0.439378 0.893452 0.0932285
vn -0.487028 0.839533 -0.240807
vn -0.430749 0.874309 -0.223693
vn -0.430749 0.874309 -0.223693
vn -0.372458 0.905003 -0.205535
vn -0.340163 0.936559 0.0845325
vn -0.286187 0.956134 0.0624937
vn -0.286187 0.956134 0.0624937
vn -0.231129 0.972091 0.0402186
vn -0.0625745 0.995692 0.0684272
vn -0.0549531 0.996193 0.0676738
vn -0.0549531 0.996193 0.0676738
vn -0.0473285 0.996635 0.0669163
vn 0.07088 0.936231 -0.344163
vn -0.0650244 0.948149 -0.311103
vn -0.0650244 0.948149 -0.311103
vn -0.199647 0.941384 -0.271913
vn 0.0922967 0.940401 0.327303
vn 0.0136303 0.948646 0.316045
vn 0.0136303 0.948646 0.316045
vn -0.065123 0.950836 0.30277
vn 0.162109 0.972996 -0.164318
vn 0.0462891 0.983369 -0.175623
vn 0.0462891 0.983369 -0.175623
vn -0.0701622 0.980319 -0.184531
vn 0.424162 0.905484 -0.0135983
vn 0.412737 0.910756 -0.0130751
vn 0.412737 0.910756 -0.0130751
vn 0.401247 0.915884 -0.0125498
vn 0.297764 0.931115 0.21062
vn 0.353665 0.914168 0.198035
vn 0.353665 0.914168 0.198035
vn 0.408303 0.893957 0.184742
vn 0.319476 0.947592 -0.00233495
vn 0.192823 0.981074 0.0177071
vn 0.192823 0.981074 0.0177071
vn 0.0627844 0.997325 0.0374381
vn -0.0328824 0.971767 -0.233639
vn -0.234432 0.943985 -0.232237
vn -0.234432 0.943985 -0.232237
vn -0.426276 0.877126 -0.221221
vn 0.188001 0.979307 0.0749178
vn -0.0522884 0.998294 0.0259937
vn -0.0522884 0.998294 0.0259937
vn -0.289415 0.95689 -0.0245028
vn -0.546719 0.832542 -0.0892841
vn -0.245387 0.966968 -0.0689782
vn -0.245387 0.966968 -0.0689782
vn 0.0827616 0.99572 -0.0411341
vn 0.197246 0.929877 0.31052
vn 0.144639 0.945335 0.292269
vn 0.144639 0.945335 0.292269
vn 0.0915497 0.957636 0.273043
vn -0.123794 0.953887 0.27345
vn -0.100852 0.953621 0.283613
vn -0.100852 0.953621 0.283613
vn -0.0778469 0.952754 0.293597
vn 0.014209 0.996551 0.0817574
vn -0.201223 0.97817 -0.0518845
vn -0.201223 0.97817 -0.0518845
vn -0.403655 0.896591 -0.182174
vn -0.0401993 0.992825 0.112614
vn -0.00665619 0.99245 0.122465
vn -0.00665619 0.99245 0.122465
vn 0.026895 0.990863 0.132167
vn -0.410279 0.91196 4.81177e-005
vn -0.217265 0.976112 0.000780333
vn -0.217265 0.976112 0.000780333
vn -0.0152626 0.999882 0.00148026
vn 0.183699 0.969445 0.162576
vn 0.416229 0.881458 0.223126
vn 0.416229 0.881458 0.223126
vn 0.621505 0.735755 0.269066
vn 0.205556 0.888479 0.410308
vn 0.0660389 0.928287 0.365953
vn 0.0660389 0.928287 0.365953
vn -0.0749984 0.94673 0.313174
vn -0.097133 0.963919 0.247842
vn 0.166593 0.958906 0.229666
vn 0.166593 0.958906 0.229666
vn 0.418674 0.886858 0.195436
vn 0.174844 0.963997 -0.200347
vn -0.0878804 0.975009 -0.204044
vn -0.0878804 0.975009 -0.204044
vn -0.344527 0.91859 -0.19363
vn 0.327203 0.898116 0.293812
vn 0.357933 0.890591 0.280592
vn 0.357933 0.890591 0.280592
vn 0.388242 0.882019 0.267042
vn -0.0410518 0.995808 0.0817418
vn -0.110879 0.986142 0.123412
vn -0.110879 0.986142 0.123412
vn -0.179963 0.969863 0.164254
vn -0.14332 0.964119 -0.22346
vn -0.12825 0.965935 -0.224772
vn -0.12825 0.965935 -0.224772
vn -0.11315 0.967526 -0.226031
vn 0.296018 0.95425 0.042188
vn 0.15467 0.98738 -0.0340217
vn 0.15467 0.98738 -0.0340217
vn 0.00916401 0.993965 -0.109317
vn -0.177298 0.967174 0.182046
vn 0.0680463 0.982726 0.172103
vn 0.0680463 0.982726 0.172103
vn 0.309271 0.93879 0.151741
vn 0.0075492 0.99932 -0.0360779
vn 0.034861 0.999082 -0.0249069
vn 0.034861 0.999082 -0.0249069
vn 0.0621424 0.997973 -0.0137141
vn 0.337326 0.919247 -0.20297
vn 0.0938055 0.987251 -0.128593
vn 0.0938055 0.987251 -0.128593
vn -0.15623 0.986682 -0.0452835
vn 0.312755 0.928387 0.200705
vn 0.270536 0.946079 0.178169
vn 0.270536 0.946079 0.178169
vn 0.227612 0.961309 0.15517
vn -0.0272139 0.94593 0.323226
vn 0.161158 0.944464 0.286383
vn 0.161158 0.944464 0.286383
vn 0.343593 0.908201 0.238988
vn -0.106539 0.992683 0.0568298
vn -0.214012 0.9767 0.0159715
vn -0.214012 0.9767 0.0159715
vn -0.318602 0.947556 -0.0251021
vn -0.356117 0.93005 0.0904884
vn 0.144323 0.986037 0.0830772
vn 0.144323 0.986037 0.0830772
vn 0.60816 0.791935 0.0545951
vn -0.503967 0.858 -0.0992624
vn -0.103198 0.994642 0.00619197
vn -0.103198 0.994642 0.00619197
vn 0.31722 0.941896 0.110467
vn 0.643499 0.726146 0.242118
vn 0.158022 0.968063 0.194636
vn 0.158022 0.968063 0.194636
vn -0.374303 0.922982 0.0894511
vn -0.0522706 0.973567 0.222341
vn 0.127913 0.953449 0.273081
vn 0.127913 0.953449 0.273081
vn 0.303562 0.899536 0.31414
vn -0.339175 0.936721 0.0866842
vn -0.0958741 0.994617 0.0393141
vn -0.0958741 0.994617 0.0393141
vn 0.153639 0.98807 -0.0106033
vn -0.211026 0.933782 0.288995
vn -0.0304093 0.963781 0.264956
vn -0.0304093 0.963781 0.264956
vn 0.151245 0.960914 0.231881
vn -0.454816 0.889081 0.0517334
vn -0.226158 0.974086 0.00304706
vn -0.226158 0.974086 0.00304706
vn 0.0164943 0.998813 -0.0458278
vn 0.0410419 0.985539 0.164405
vn 0.232211 0.948519 0.215384
vn 0.232211 0.948519 0.215384
vn 0.413973 0.873069 0.257637
vn 0.0950394 0.94127 -0.324003
vn 0.105112 0.939865 -0.32497
vn 0.105112 0.939865 -0.32497
vn 0.115173 0.938362 -0.325903
vn -0.0534157 0.983385 0.173497
vn 0.357984 0.933727 -0.000482253
vn 0.357984 0.933727 -0.000482253
vn 0.697077 0.695472 -0.174364
vn 0.209 0.967442 0.142743
vn -0.0264929 0.976854 0.212258
vn -0.0264929 0.976854 0.212258
vn -0.260386 0.927287 0.268958
vn -0.00515043 0.998035 0.0624406
vn 0.0289166 0.997066 0.0708718
vn 0.0289166 0.997066 0.0708718
vn 0.0629479 0.994868 0.0792156
vn 0.175063 0.979778 0.096888
vn 0.0425848 0.998419 0.0366898
vn 0.0425848 0.998419 0.0366898
vn -0.0908104 0.995572 -0.0242981
vn 0.0904914 0.993392 0.0706
vn 0.307421 0.951573 -0.00104277
vn 0.307421 0.951573 -0.00104277
vn 0.507768 0.858427 -0.0726293
vn -0.0952877 0.983237 -0.155452
vn -0.00946707 0.985963 -0.166692
vn -0.00946707 0.985963 -0.166692
vn 0.0764245 0.981296 -0.176683
vn -0.481441 0.821561 -0.305374
vn -0.159228 0.977245 -0.140138
vn -0.159228 0.977245 -0.140138
vn 0.187722 0.981103 0.0468687
vn 0.0766399 0.973316 -0.216293
vn 0.0961842 0.972555 -0.211863
vn 0.0961842 0.972555 -0.211863
vn 0.11569 0.971402 -0.207348
vn -0.135147 0.99065 0.0186346
vn 0.167697 0.984556 -0.0502778
vn 0.167697 0.984556 -0.0502778
vn 0.454358 0.883451 -0.114338
vn -0.252847 0.932267 -0.25874
vn -0.0609555 0.97661 -0.206198
vn -0.0609555 0.97661 -0.206198
vn 0.133468 0.980375 -0.145088
vn -0.0949843 0.96025 0.262486
vn 0.312776 0.933723 0.17416
vn 0.312776 0.933723 0.17416
vn 0.665872 0.744007 0.055395
vn -0.0389567 0.97459 0.220581
vn 0.247665 0.955024 0.163067
vn 0.247665 0.955024 0.163067
vn 0.513026 0.853476 0.0915547
vn 0.309331 0.878326 0.364498
vn 0.154619 0.895331 0.417703
vn 0.154619 0.895331 0.417703
vn -0.00427643 0.888112 0.459607
vn -0.0775154 0.977113 0.198095
vn -0.0145519 0.974324 0.224678
vn -0.0145519 0.974324 0.224678
vn 0.0484796 0.966977 0.250209
vn -0.572029 0.819804 -0.0265348
vn -0.160916 0.986968 0.000328036
vn -0.160916 0.986968 0.000328036
vn 0.282007 0.959029 0.027126
vn 0.181961 0.971339 -0.152941
vn -0.136371 0.982463 -0.127161
vn -0.136371 0.982463 -0.127161
vn -0.440776 0.893254 -0.0883945
vn -0.453888 0.76651 -0.454366
vn -0.433237 0.778234 -0.454597
vn -0.433237 0.778234 -0.454597
vn -0.412342 0.789518 -0.454572
vn 0.376506 0.916925 -0.132257
vn 0.149785 0.988387 0.0256006
vn 0.149785 0.988387 0.0256006
vn -0.0891324 0.979367 0.181373
vn 0.245082 0.938523 0.243123
vn 0.365041 0.9048 0.219279
vn 0.365041 0.9048 0.219279
vn 0.479124 0.856512 0.191905
vn 0.178244 0.982206 0.0591619
vn 0.228411 0.973106 0.0298827
vn 0.228411 0.973106 0.0298827
vn 0.277789 0.960642 0.000500267
vn 0.249887 0.961424 0.114982
vn 0.0124326 0.981553 0.190787
vn 0.0124326 0.981553 0.190787
vn -0.225799 0.940299 0.254661
vn -0.102214 0.980412 -0.168357
vn -0.108009 0.979556 -0.16972
vn -0.108009 0.979556 -0.16972
vn -0.1138 0.978664 -0.171077
vn 0.1161 0.910605 0.396636
vn 0.167729 0.910035 0.379081
vn 0.167729 0.910035 0.379081
vn 0.218859 0.90676 0.3604
vn -0.354364 0.900257 -0.252909
vn -0.15688 0.961196 -0.226914
vn -0.15688 0.961196 -0.226914
vn 0.0474105 0.98043 -0.191073
vn 0.0781951 0.963054 -0.257705
vn -0.199571 0.9514 -0.23454
vn -0.199571 0.9514 -0.23454
vn -0.461806 0.865702 -0.193121
vn -0.177723 0.788764 -0.588444
vn -0.00230322 0.861263 -0.508155
vn -0.00230322 0.861263 -0.508155
vn 0.173214 0.89718 -0.406282
vn 0.35892 0.884487 0.298092
vn 0.1075 0.933916 0.340946
vn 0.1075 0.933916 0.340946
vn -0.151176 0.920314 0.360789
vn -0.202213 0.931605 0.30203
vn -0.239506 0.920863 0.30765
vn -0.239506 0.920863 0.30765
vn -0.27643 0.908705 0.312798
vn 0.195625 0.980444 0.0214625
vn -0.150291 0.985146 -0.0830639
vn -0.150291 0.985146 -0.0830639
vn -0.476578 0.861183 -0.176742
vn 0.31959 0.944851 0.0715498
vn 0.0486762 0.994303 0.0948269
vn 0.0486762 0.994303 0.0948269
vn -0.225956 0.967809 0.110861
vn -0.531096 0.844764 -0.0656532
vn -0.418745 0.898007 -0.135042
vn -0.418745 0.898007 -0.135042
vn -0.297906 0.933044 -0.201694
vn -0.260936 0.963756 0.0555636
vn -0.13907 0.990087 0.0196702
vn -0.13907 0.990087 0.0196702
vn -0.0148638 0.999752 -0.0165544
vn 0.0275393 0.952339 0.303795
vn -0.0651076 0.95101 0.302227
vn -0.0651076 0.95101 0.302227
vn -0.157195 0.941514 0.298062
vn 0.0519551 0.933941 0.353631
vn -0.00777719 0.93203 0.362298
vn -0.00777719 0.93203 0.362298
vn -0.0674811 0.926719 0.369645
vn -0.122833 0.990083 0.0681726
vn 0.112893 0.9918 0.0599032
vn 0.112893 0.9918 0.0599032
vn 0.342338 0.938334 0.0483009
vn 0.208673 0.960056 -0.18641
vn 0.121252 0.976896 -0.175986
vn 0.121252 0.976896 -0.175986
vn 0.0328573 0.985888 -0.164148
vn 0.178991 0.981809 0.0633489
vn 0.147374 0.987172 0.0614238
vn 0.147374 0.987172 0.0614238
vn 0.115604 0.991516 0.0594353
vn -0.299205 0.948046 0.108098
vn -0.281983 0.953271 0.108443
vn -0.281983 0.953271 0.108443
vn -0.26467 0.958187 0.108753
vn 0.00826996 0.997549 -0.0694756
vn -0.0241824 0.99692 -0.0746072
vn -0.0241824 0.99692 -0.0746072
vn -0.0566086 0.995214 -0.0796582
vn 0.212135 0.949114 -0.23277
vn 0.105864 0.971634 -0.211472
vn 0.105864 0.971634 -0.211472
vn -0.00170361 0.982247 -0.187583
vn -0.0270765 0.99783 -0.0600107
vn 0.0355896 0.996177 -0.0797794
vn 0.0355896 0.996177 -0.0797794
vn 0.098102 0.990219 -0.0992035
vn 0.383135 0.921518 -0.0633402
vn 0.103036 0.986668 -0.125978
vn 0.103036 0.986668 -0.125978
vn -0.185989 0.966349 -0.177703
vn 0.248966 0.945761 0.208689
vn 0.108697 0.978239 0.176728
vn 0.108697 0.978239 0.176728
vn -0.0339369 0.989439 0.140921
vn -0.104963 0.994391 -0.0130079
vn 0.00384075 0.999389 -0.0347522
vn 0.00384075 0.999389 -0.0347522
vn 0.112597 0.992058 -0.0560679
vn 0.343293 0.923073 0.173456
vn 0.17791 0.943147 0.280752
vn 0.17791 0.943147 0.280752
vn 0.00554176 0.926187 0.377023
vn 0.111261 0.978139 -0.175683
vn 0.058044 0.983594 -0.170801
vn 0.058044 0.983594 -0.170801
vn 0.00465943 0.986211 -0.165426
vn -0.291008 0.948661 0.123921
vn -0.171235 0.974591 0.144396
vn -0.171235 0.974591 0.144396
vn -0.0488179 0.985477 0.162642
vn -0.15787 0.984583 -0.0753229
vn 0.139014 0.988452 -0.0603146
vn 0.139014 0.988452 -0.0603146
vn 0.423611 0.904962 -0.0399757
vn 0.109696 0.991597 0.0685674
vn 0.121898 0.99017 0.0685927
vn 0.121898 0.99017 0.0685927
vn 0.134081 0.988593 0.0686076
vn -0.350997 0.929443 -0.113741
vn -0.309273 0.943567 -0.118453
vn -0.309273 0.943567 -0.118453
vn -0.266941 0.95584 -0.122933
vn 0.00137146 0.99963 0.027161
vn -0.0114364 0.999558 0.0274257
vn -0.0114364 0.999558 0.0274257
vn -0.0242424 0.999323 0.0276859
vn 0.216346 0.976061 -0.0223384
vn 0.294272 0.955695 -0.0070975
vn 0.294272 0.955695 -0.0070975
vn 0.37022 0.928908 0.00819111
vn 0.263804 0.933787 0.241762
vn 0.198443 0.951156 0.23648
vn 0.198443 0.951156 0.23648
vn 0.132168 0.964148 0.230111
vn -0.236414 0.923082 -0.303362
vn -0.391668 0.869552 -0.300791
vn -0.391668 0.869552 -0.300791
vn -0.536356 0.792566 -0.290105
vn 0.106555 0.989112 0.101505
vn -0.0376244 0.990733 0.130505
vn -0.0376244 0.990733 0.130505
vn -0.18099 0.970924 0.156683
vn 0.10407 0.991146 0.0824594
vn -0.096475 0.979544 0.176596
vn -0.096475 0.979544 0.176596
vn -0.292272 0.919734 0.262042
vn 0.122232 0.810017 0.573526
vn 0.00856144 0.851956 0.523544
vn 0.00856144 0.851956 0.523544
vn -0.105256 0.87926 0.464568
vn -0.206396 0.974976 -0.0825996
vn -0.377386 0.926046 -0.00425249
vn -0.377386 0.926046 -0.00425249
vn -0.534121 0.84214 0.0742552
vn 0.0370226 0.999303 0.00480189
vn 0.153571 0.988136 0.00162948
vn 0.153571 0.988136 0.00162948
vn 0.268013 0.963414 -0.00156528
vn 0.140199 0.92816 0.344765
vn 0.198489 0.913447 0.355268
vn 0.198489 0.913447 0.355268
vn 0.25604 0.895333 0.364448
vn -0.472231 0.780535 -0.409589
vn -0.0788814 0.934513 -0.347078
vn -0.0788814 0.934513 -0.347078
vn 0.328852 0.918091 -0.221281
vn -0.444548 0.887519 -0.121189
vn -0.00489135 0.996874 -0.0788604
vn -0.00489135 0.996874 -0.0788604
vn 0.435778 0.899827 -0.0202033
vn 0.212304 0.975861 0.0512047
vn 0.0654542 0.997692 0.0180431
vn 0.0654542 0.997692 0.0180431
vn -0.08291 0.996436 -0.0155359
vn 0.126586 0.990727 -0.049346
vn 0.297145 0.954379 -0.0294043
vn 0.297145 0.954379 -0.0294043
vn 0.458549 0.888628 -0.00855657
vn -0.0578863 0.968864 -0.240732
vn 0.15215 0.971189 -0.183419
vn 0.15215 0.971189 -0.183419
vn 0.354974 0.927474 -0.117411
vn -0.427087 0.887227 -0.174428
vn -0.44332 0.879492 -0.173096
vn -0.44332 0.879492 -0.173096
vn -0.459409 0.87147 -0.171706
vn 0.00678338 0.99739 -0.0718889
vn 0.0505449 0.995992 -0.073791
vn 0.0505449 0.995992 -0.073791
vn 0.0942092 0.992682 -0.0755514
vn -0.0704283 0.993697 0.0872116
vn 0.123244 0.989518 0.0752654
vn 0.123244 0.989518 0.0752654
vn 0.312274 0.948065 0.0604841
vn 0.0136852 0.980929 0.193886
vn 0.165762 0.972384 0.164296
vn 0.165762 0.972384 0.164296
vn 0.313847 0.940428 0.13075
vn -0.629808 0.776178 0.0298307
vn -0.261159 0.950279 -0.169603
vn -0.261159 0.950279 -0.169603
vn 0.161285 0.928636 -0.3341
vn -0.35918 0.933268 -0.000423402
vn -0.00236863 0.987879 -0.155208
vn -0.00236863 0.987879 -0.155208
vn 0.354808 0.890104 -0.286052
vn -0.110039 0.925539 -0.362312
vn -0.109584 0.925647 -0.362174
vn -0.109584 0.925647 -0.362174
vn -0.109128 0.925754 -0.362036
vn -0.214058 0.965941 0.145383
vn -0.105095 0.977361 0.183633
vn -0.105095 0.977361 0.183633
vn 0.00528229 0.975618 0.21941
vn -0.208111 0.972814 0.101598
vn -0.0400573 0.998246 0.0436038
vn -0.0400573 0.998246 0.0436038
vn 0.129288 0.991481 -0.0157968
vn 0.0523582 0.989468 0.134947
vn 0.319051 0.933275 0.164939
vn 0.319051 0.933275 0.164939
vn 0.561757 0.806915 0.18253
vn -0.0332567 0.959293 0.280449
vn -0.115138 0.945403 0.304886
vn -0.115138 0.945403 0.304886
vn -0.196157 0.924428 0.327039
vn 0.278259 0.945032 0.171717
vn 0.0273303 0.987409 0.155809
vn 0.0273303 0.987409 0.155809
vn -0.225375 0.965591 0.12977
vn 0.0593856 0.997571 0.0363948
vn 0.0281327 0.999296 0.0248257
vn 0.0281327 0.999296 0.0248257
vn -0.00315155 0.999908 0.0132288
vn -0.157427 0.957393 0.242105
vn 0.232046 0.963953 0.130185
vn 0.232046 0.963953 0.130185
vn 0.583403 0.812177 -0.00311835
vn 0.284986 0.955448 0.0768228
vn 0.247766 0.964025 0.0962686
vn 0.247766 0.964025 0.0962686
vn 0.210091 0.970831 0.115538
vn -0.188823 0.977741 0.0914772
vn -0.0507147 0.988008 0.145834
vn -0.0507147 0.988008 0.145834
vn 0.0885158 0.976407 0.196964
vn 0.0890345 0.995387 -0.0357496
vn 0.00386756 0.99987 -0.0156496
vn 0.00386756 0.99987 -0.0156496
vn -0.0813291 0.996677 0.00457049
vn 0.335826 0.858743 0.387015
vn 0.424538 0.83133 0.358688
vn 0.424538 0.83133 0.358688
vn 0.50925 0.796083 0.32698
vn -0.185911 0.980278 0.0670154
vn -0.0418315 0.994482 0.096208
vn -0.0418315 0.994482 0.096208
vn 0.103161 0.986993 0.123302
vn 0.363572 0.895625 -0.256262
vn 0.0887896 0.983417 -0.158135
vn 0.0887896 0.983417 -0.158135
vn -0.194237 0.979907 -0.045326
vn 0.0716857 0.926338 0.369809
vn 0.204902 0.904731 0.373466
vn 0.204902 0.904731 0.373466
vn 0.334384 0.866634 0.370315
vn 0.504834 0.85193 -0.139132
vn 0.260185 0.963398 -0.0645547
vn 0.260185 0.963398 -0.0645547
vn -0.00471641 0.999876 0.0150477
vn 0.363594 0.913911 0.18046
vn 0.162859 0.972782 0.164838
vn 0.162859 0.972782 0.164838
vn -0.0450414 0.988847 0.141962
vn 0.139649 0.980457 -0.138575
vn 0.152578 0.97754 -0.145381
vn 0.152578 0.97754 -0.145381
vn 0.165474 0.974406 -0.152153
vn -0.269023 0.924772 -0.269115
vn -0.290064 0.918747 -0.267892
vn -0.290064 0.918747 -0.267892
vn -0.310965 0.912282 -0.266539
vn -0.41621 0.904817 0.0898599
vn -0.190956 0.981593 -0.00334538
vn -0.190956 0.981593 -0.00334538
vn 0.0467721 0.99425 -0.0963321
vn -0.362985 0.929698 -0.0624749
vn -0.213479 0.969463 -0.120696
vn -0.213479 0.969463 -0.120696
vn -0.0581388 0.98274 -0.17562
vn 0.178336 0.906617 -0.382416
vn 0.129676 0.914193 -0.383973
vn 0.129676 0.914193 -0.383973
vn 0.0807015 0.91955 -0.384597
vn 0.535899 0.841195 -0.0721368
vn 0.436445 0.896177 -0.0798862
vn 0.436445 0.896177 -0.0798862
vn 0.331328 0.939533 -0.086599
vn -0.122682 0.947663 -0.294759
vn -0.21055 0.938572 -0.273408
vn -0.21055 0.938572 -0.273408
vn -0.29668 0.921728 -0.249798
vn 0.232236 0.971147 -0.0542199
vn 0.285917 0.957614 -0.0350214
vn 0.285917 0.957614 -0.0350214
vn 0.338617 0.940793 -0.0157026
vn 0.108171 0.989681 -0.0939736
vn 0.218287 0.972814 -0.0773494
vn 0.218287 0.972814 -0.0773494
vn 0.325633 0.943607 -0.059744
vn 0.222065 0.919906 0.323202
vn 0.177152 0.928201 0.3272
vn 0.177152 0.928201 0.3272
vn 0.131866 0.934545 0.330509
vn 0.283838 0.938792 0.195207
vn -0.0794962 0.994883 0.0623554
vn -0.0794962 0.994883 0.0623554
vn -0.430683 0.898949 -0.080025
vn -0.12462 0.989245 -0.0765786
vn 0.0324837 0.999125 0.0263558
vn 0.0324837 0.999125 0.0263558
vn 0.188438 0.973661 0.128358
vn 0.137996 0.971 -0.195232
vn 0.0333344 0.977201 -0.209685
vn 0.0333344 0.977201 -0.209685
vn -0.071701 0.972455 -0.22179
vn 0.35632 0.925699 0.126954
vn 0.226619 0.968152 0.106422
vn 0.226619 0.968152 0.106422
vn 0.0926013 0.992165 0.083864
vn -0.239323 0.970912 -0.00733077
vn -0.0290397 0.996245 -0.0815684
vn -0.0290397 0.996245 -0.0815684
vn 0.182706 0.971394 -0.151697
vn 0.418535 0.902536 0.101278
vn 0.140376 0.973451 0.180799
vn 0.140376 0.973451 0.180799
vn -0.150238 0.957996 0.244278
vn -0.0250914 0.945292 -0.325258
vn -0.00585347 0.947116 -0.320837
vn -0.00585347 0.947116 -0.320837
vn 0.0133868 0.948568 -0.31629
vn 0.115058 0.940056 -0.321025
vn -0.147143 0.931312 -0.333178
vn -0.147143 0.931312 -0.333178
vn -0.399195 0.858332 -0.322351
vn 0.0153627 0.976361 0.215601
vn 0.124158 0.954422 0.271409
vn 0.124158 0.954422 0.271409
vn 0.231038 0.917755 0.323029
vn -0.0561937 0.942232 -0.330214
vn -0.0675126 0.941515 -0.330138
vn -0.0675126 0.941515 -0.330138
vn -0.0788228 0.940677 -0.33002
vn 0.408708 0.910156 -0.0676276
vn 0.0870603 0.989852 -0.11231
vn 0.0870603 0.989852 -0.11231
vn -0.244321 0.958877 -0.144435
vn -0.128009 0.990579 0.0486492
vn -0.241535 0.968425 0.0617613
vn -0.241535 0.968425 0.0617613
vn -0.351789 0.933147 0.0740364
vn 0.122561 0.958412 -0.257729
vn 0.169668 0.950296 -0.261055
vn 0.169668 0.950296 -0.261055
vn 0.216385 0.939998 -0.263781
vn -0.0579772 0.976061 -0.209628
vn -0.151636 0.971475 -0.182325
vn -0.151636 0.971475 -0.182325
vn -0.243849 0.957623 -0.153283
vn -0.324934 0.93175 0.162047
vn -0.0170572 0.980665 0.194948
vn -0.0170572 0.980665 0.194948
vn 0.292496 0.933217 0.208693
vn -0.654481 0.756072 -0.00318662
vn -0.357738 0.933763 0.0104989
vn -0.357738 0.933763 0.0104989
vn -0.0181312 0.999573 0.0229265
vn 0.15406 0.968395 -0.196153
vn 0.051168 0.97747 -0.204776
vn 0.051168 0.97747 -0.204776
vn -0.0522733 0.976044 -0.211199
vn 0.223713 0.925574 0.305394
vn 0.24456 0.919812 0.306818
vn 0.24456 0.919812 0.306818
vn 0.265292 0.913617 0.308098
vn -0.148802 0.986815 0.0636664
vn -0.277703 0.958439 0.0653916
vn -0.277703 0.958439 0.0653916
vn -0.401765 0.913363 0.0659774
vn 0.347719 0.937534 0.011
vn 0.334845 0.942156 0.0148345
vn 0.334845 0.942156 0.0148345
vn 0.321904 0.946588 0.018666
vn -0.195811 0.943969 -0.26567
vn -0.157919 0.951135 -0.265337
vn -0.157919 0.951135 -0.265337
vn -0.119793 0.956886 -0.264609
vn 0.36388 0.92562 0.104016
vn 0.353431 0.929465 0.105738
vn 0.353431 0.929465 0.105738
vn 0.342937 0.933193 0.107448
vn 0.148924 0.979378 -0.136532
vn 0.0204706 0.987952 -0.153401
vn 0.0204706 0.987952 -0.153401
vn -0.108327 0.979871 -0.167684
vn -0.289494 0.934293 -0.208061
vn -0.252077 0.943755 -0.213971
vn -0.252077 0.943755 -0.213971
vn -0.214275 0.951778 -0.219554
vn -0.0790531 0.98063 -0.179206
vn -0.18002 0.968737 -0.170708
vn -0.18002 0.968737 -0.170708
vn -0.279114 0.946761 -0.160434
vn 0.168849 0.985483 0.0177139
vn 0.0128748 0.999745 -0.0185283
vn 0.0128748 0.999745 -0.0185283
vn -0.143432 0.98817 -0.0542916
vn 0.337912 0.934755 -0.109768
vn 0.0963562 0.988254 -0.118615
vn 0.0963562 0.988254 -0.118615
vn -0.151105 0.981184 -0.120191
vn -0.137955 0.949865 -0.280579
vn 0.0201439 0.964263 -0.264179
vn 0.0201439 0.964263 -0.264179
vn 0.177729 0.9541 -0.241049
vn 0.1495 0.984662 0.0899523
vn -0.00560662 0.983231 0.182279
vn -0.00560662 0.983231 0.182279
vn -0.160531 0.949762 0.268665
vn -0.277303 0.923673 0.264444
vn -0.117284 0.973005 0.198759
vn -0.117284 0.973005 0.198759
vn 0.0465301 0.990856 0.126643
vn 0.461942 0.886478 -0.0276746
vn 0.318495 0.947661 -0.0223387
vn 0.318495 0.947661 -0.0223387
vn 0.167292 0.98577 -0.0164588
vn 0.122262 0.981564 -0.146915
vn -0.013616 0.997764 -0.0654372
vn -0.013616 0.997764 -0.0654372
vn -0.149148 0.988656 0.0177003
vn -0.34646 0.847814 -0.401468
vn -0.15726 0.911793 -0.379344
vn -0.15726 0.911793 -0.379344
vn 0.0382904 0.938955 -0.341903
vn 0.164489 0.986094 -0.0236934
vn 0.0638166 0.997575 -0.0277781
vn 0.0638166 0.997575 -0.0277781
vn -0.0375117 0.998797 -0.0315772
vn -0.0653634 0.92633 0.370998
vn 0.105693 0.937004 0.332946
vn 0.105693 0.937004 0.332946
vn 0.273491 0.918797 0.284632
vn -0.0174238 0.990026 0.139806
vn -0.0739143 0.987308 0.14057
vn -0.0739143 0.987308 0.14057
vn -0.130168 0.981431 0.140885
vn -0.208573 0.960384 -0.184826
vn -0.152143 0.970248 -0.18834
vn -0.152143 0.970248 -0.18834
vn -0.0952122 0.976916 -0.191234
vn 0.0914111 0.995277 -0.0326797
vn 0.0157864 0.999868 -0.00386775
vn 0.0157864 0.999868 -0.00386775
vn -0.059942 0.99789 0.0249696
vn 0.317247 0.943702 0.0937097
vn 0.26066 0.958913 0.111989
vn 0.26066 0.958913 0.111989
vn 0.203091 0.970512 0.129846
vn -0.0754009 0.989276 -0.125092
vn -0.0258597 0.98949 -0.142268
vn -0.0258597 0.98949 -0.142268
vn 0.0237525 0.986984 -0.159053
vn 0.188776 0.973731 -0.127324
vn 0.232159 0.965788 -0.115568
vn 0.232159 0.965788 -0.115568
vn 0.275057 0.955833 -0.103571
vn 0.00899412 0.99276 0.119776
vn -0.192652 0.975995 0.101585
vn -0.192652 0.975995 0.101585
vn -0.386347 0.918947 0.0792016
vn -0.024784 0.983428 -0.179594
vn -0.295912 0.929998 -0.218038
vn -0.295912 0.929998 -0.218038
vn -0.544006 0.804172 -0.239508
vn 0.32324 0.94158 -0.0945712
vn -0.151617 0.948245 -0.279003
vn -0.151617 0.948245 -0.279003
vn -0.587123 0.708795 -0.39102
vn 0.0415741 0.995677 0.0830597
vn 0.117256 0.992119 0.0441739
vn 0.117256 0.992119 0.0441739
vn 0.192088 0.981365 0.00496782
vn -0.331737 0.943367 0.00296512
vn -0.245318 0.969156 -0.023561
vn -0.245318 0.969156 -0.023561
vn -0.156732 0.986381 -0.0498789
vn 0.0324046 0.998675 -0.0399716
vn 0.0630247 0.996389 -0.0568873
vn 0.0630247 0.996389 -0.0568873
vn 0.0935674 0.992879 -0.0737331
vn -0.274624 0.956177 0.101519
vn -0.0706847 0.996311 0.0486628
vn -0.0706847 0.996311 0.0486628
vn 0.136506 0.990618 -0.00643161
vn 0.00783618 0.988575 -0.150528
vn -0.118753 0.984191 -0.131402
vn -0.118753 0.984191 -0.131402
vn -0.243394 0.963656 -0.110119
vn -0.36544 0.902943 0.22616
vn -0.384753 0.894481 0.227746
vn -0.384753 0.894481 0.227746
vn -0.403894 0.88562 0.22923
vn 0.102505 0.984559 0.1419
vn -0.0181524 0.99204 0.124611
vn -0.0181524 0.99204 0.124611
vn -0.138539 0.984725 0.105464
vn -0.0856488 0.991462 0.0983217
vn 0.00307389 0.98683 0.161734
vn 0.00307389 0.98683 0.161734
vn 0.09176 0.97044 0.223218
vn 0.458881 0.88749 -0.0422939
vn 0.109557 0.992025 -0.0623129
vn 0.109557 0.992025 -0.0623129
vn -0.254378 0.964268 -0.0740222
vn -0.385553 0.919036 -0.0819854
vn -0.284015 0.956278 -0.0697744
vn -0.284015 0.956278 -0.0697744
vn -0.179113 0.982191 -0.056737
vn -0.232608 0.952521 0.19646
vn -0.311731 0.926077 0.212616
vn -0.311731 0.926077 0.212616
vn -0.388602 0.892946 0.227237
vn 0.0287247 0.992334 0.120198
vn -0.144955 0.961569 0.233182
vn -0.144955 0.961569 0.233182
vn -0.312274 0.888613 0.335936
vn 0.0234535 0.997225 0.07066
vn 0.149843 0.983685 0.0995543
vn 0.149843 0.983685 0.0995543
vn 0.273687 0.95343 0.126757
vn -0.557176 0.826996 -0.0750577
vn -0.346491 0.929809 -0.124097
vn -0.346491 0.929809 -0.124097
vn -0.11593 0.979285 -0.166018
vn 0.0173525 0.913992 0.405361
vn 0.0391534 0.91077 0.411054
vn 0.0391534 0.91077 0.411054
vn 0.060934 0.907076 0.416533
vn -0.117485 0.957708 -0.262665
vn -0.112081 0.958138 -0.263456
vn -0.112081 0.958138 -0.263456
vn -0.106674 0.958539 -0.26424
vn 0.187257 0.937957 -0.291843
vn 0.0322252 0.935516 -0.351811
vn 0.0322252 0.935516 -0.351811
vn -0.123697 0.907221 -0.402057
vn -0.126276 0.991369 0.035244
vn -0.0795331 0.996366 0.0304823
vn -0.0795331 0.996366 0.0304823
vn -0.0326128 0.999139 0.0256526
vn -0.0125674 0.951083 0.308679
vn -0.112464 0.947164 0.300387
vn -0.112464 0.947164 0.300387
vn -0.211228 0.933713 0.289072
vn -0.496068 0.845359 -0.198204
vn -0.406443 0.88572 -0.224285
vn -0.406443 0.88572 -0.224285
vn -0.312615 0.916921 -0.248047
vn -0.0806182 0.960981 -0.264605
vn -0.0106383 0.965655 -0.25961
vn -0.0106383 0.965655 -0.25961
vn 0.0593942 0.965554 -0.253332
vn 0.0910292 0.995294 0.0332065
vn 0.0805644 0.996282 0.0305353
vn 0.0805644 0.996282 0.0305353
vn 0.0700902 0.997152 0.0278605
vn -0.00360156 0.958379 -0.285477
vn -0.111672 0.949956 -0.291741
vn -0.111672 0.949956 -0.291741
vn -0.218426 0.930334 -0.294565
vn -0.417209 0.868635 -0.267226
vn -0.0634797 0.963439 -0.2603
vn -0.0634797 0.963439 -0.2603
vn 0.298766 0.928987 -0.218452
vn 0.248268 0.94858 0.196367
vn 0.301303 0.9327 0.198209
vn 0.301303 0.9327 0.198209
vn 0.353413 0.913959 0.199443
vn 0.474485 0.850056 0.228622
vn 0.244965 0.949611 0.195526
vn 0.244965 0.949611 0.195526
vn -0.000155782 0.988689 0.149977
vn 0.489473 0.871289 0.0356627
vn 0.464071 0.884267 0.0520644
vn 0.464071 0.884267 0.0520644
vn 0.438166 0.896287 0.0684098
vn 0.441696 0.8931 0.0853053
vn 0.243217 0.969653 0.0248913
vn 0.243217 0.969653 0.0248913
vn 0.0328424 0.998785 -0.03674
vn -0.431147 0.902282 0.000275032
vn -0.0685305 0.962736 0.261616
vn -0.0685305 0.962736 0.261616
vn 0.308028 0.827327 0.469733
vn -0.108878 0.993813 0.0219623
vn -0.220944 0.975267 0.00621369
vn -0.220944 0.975267 0.00621369
vn -0.330104 0.943896 -0.00961664
vn 0.0317824 0.999076 0.0289224
vn 0.0602357 0.997978 0.0203081
vn 0.0602357 0.997978 0.0203081
vn 0.0886357 0.995996 0.0116758
vn -0.120301 0.992256 -0.030913
vn -0.215476 0.972753 -0.0855672
vn -0.215476 0.972753 -0.0855672
vn -0.307974 0.941163 -0.139158
vn -0.322528 0.890775 -0.320151
vn -0.243543 0.912344 -0.329115
vn -0.243543 0.912344 -0.329115
vn -0.162905 0.927723 -0.335846
vn -0.304744 0.930252 -0.204356
vn -0.273207 0.936672 -0.219096
vn -0.273207 0.936672 -0.219096
vn -0.241327 0.941918 -0.233562
vn 0.0195303 0.969752 -0.243311
vn -0.0417224 0.968889 -0.243954
vn -0.0417224 0.968889 -0.243954
vn -0.102819 0.96439 -0.243682
vn 0.238493 0.961122 -0.139159
vn 0.232836 0.962046 -0.142319
vn 0.232836 0.962046 -0.142319
vn 0.227169 0.962929 -0.145474
vn 0.67251 0.709613 -0.210189
vn 0.272332 0.961308 -0.0414927
vn 0.272332 0.961308 -0.0414927
vn -0.19646 0.970801 0.137658
vn 0.0625508 0.997847 0.0197149
vn -0.0944739 0.99538 0.0171415
vn -0.0944739 0.99538 0.0171415
vn -0.249168 0.968357 0.0141451
vn -0.285706 0.911596 0.295575
vn 0.0901169 0.980873 0.172533
vn 0.0901169 0.980873 0.172533
vn 0.451414 0.892051 0.0216821
vn 0.204797 0.966059 -0.157444
vn 0.0479493 0.985176 -0.164712
vn 0.0479493 0.985176 -0.164712
vn -0.110098 0.979644 -0.167859
vn 0.309593 0.937558 0.158545
vn 0.169749 0.982358 0.0784766
vn 0.169749 0.982358 0.0784766
vn 0.0251572 0.999676 -0.00378666
vn -0.549163 0.763289 -0.340309
vn -0.1293 0.906697 -0.401475
vn -0.1293 0.906697 -0.401475
vn 0.3165 0.868228 -0.382109
vn 0.150305 0.979362 0.135122
vn 0.157967 0.978576 0.13204
vn 0.157967 0.978576 0.13204
vn 0.165618 0.977723 0.12895
vn -0.04503 0.997982 -0.0447722
vn -0.17459 0.983916 -0.0377748
vn -0.17459 0.983916 -0.0377748
vn -0.301176 0.953092 -0.0301339
vn 0.102091 0.907588 -0.40726
vn -0.143195 0.945735 -0.291686
vn -0.143195 0.945735 -0.291686
vn -0.377744 0.912973 -0.154243
vn 0.187524 0.982254 -0.00334757
vn -0.0211187 0.993368 0.113024
vn -0.0211187 0.993368 0.113024
vn -0.228553 0.947663 0.222932
vn 0.0857045 0.990986 -0.102967
vn 0.0476023 0.994533 -0.0929438
vn 0.0476023 0.994533 -0.0929438
vn 0.00942554 0.996524 -0.0827752
vn -0.476462 0.878296 0.0397451
vn -0.161994 0.9817 0.100115
vn -0.161994 0.9817 0.100115
vn 0.170817 0.973949 0.149149
vn 0.175687 0.880808 0.439672
vn 0.156992 0.88133 0.445658
vn 0.156992 0.88133 0.445658
vn 0.138236 0.881513 0.451471
vn 0.093035 0.992638 -0.0775547
vn 0.0326459 0.99385 -0.105814
vn 0.0326459 0.99385 -0.105814
vn -0.0278885 0.990642 -0.133603
vn 0.0233315 0.991998 0.124077
vn -0.180789 0.975982 0.121554
vn -0.180789 0.975982 0.121554
vn -0.377329 0.919044 0.113936
vn 0.164466 0.943198 0.288666
vn -0.0585265 0.938657 0.339849
vn -0.0585265 0.938657 0.339849
vn -0.278454 0.884962 0.373237
vn 0.176095 0.976852 0.121449
vn 0.138216 0.983972 0.112669
vn 0.138216 0.983972 0.112669
vn 0.100122 0.989555 0.103714
vn -0.0532062 0.906018 -0.419881
vn -0.0258616 0.90403 -0.426686
vn -0.0258616 0.90403 -0.426686
vn 0.00150352 0.90132 -0.433152
vn 0.659392 0.751502 -0.0211441
vn 0.410332 0.901215 0.139428
vn 0.410332 0.901215 0.139428
vn 0.116041 0.951588 0.28463
vn -0.269591 0.91787 -0.291264
vn -0.128471 0.961211 -0.244069
vn -0.128471 0.961211 -0.244069
vn 0.0157359 0.981462 -0.191011
vn -0.401318 0.90922 0.110742
vn -0.202776 0.975605 0.0841268
vn -0.202776 0.975605 0.0841268
vn 0.00479682 0.998542 0.0537649
vn 0.257042 0.939149 -0.22788
vn 0.206522 0.955927 -0.20869
vn 0.206522 0.955927 -0.20869
vn 0.155341 0.969645 -0.188832
vn -0.216831 0.961164 -0.17073
vn -0.0350291 0.991192 -0.127715
vn -0.0350291 0.991192 -0.127715
vn 0.148027 0.985732 -0.0801279
vn 0.000948647 0.99443 0.105394
vn 0.0536711 0.99455 0.0893897
vn 0.0536711 0.99455 0.0893897
vn 0.106231 0.99165 0.0731136
vn -0.115001 0.987252 0.110035
vn -0.181807 0.977532 0.106668
vn -0.181807 0.977532 0.106668
vn -0.247782 0.963345 0.102814
vn 0.0393015 0.977025 -0.209472
vn -0.122696 0.97664 -0.176407
vn -0.122696 0.97664 -0.176407
vn -0.28134 0.949558 -0.138521
vn -0.125253 0.982626 0.136961
vn -0.0747168 0.990242 0.117633
vn -0.0747168 0.990242 0.117633
vn -0.0239574 0.994903 0.0979539
vn 0.0380432 0.982209 0.183899
vn 0.0770776 0.976746 0.200064
vn 0.0770776 0.976746 0.200064
vn 0.115972 0.969511 0.215866
vn -0.0856222 0.992437 -0.0879675
vn -0.100187 0.991049 -0.0882329
vn -0.100187 0.991049 -0.0882329
vn -0.11473 0.989449 -0.0884794
vn 0.310098 0.950618 -0.0128123
vn 0.33879 0.940714 -0.0166795
vn 0.33879 0.940714 -0.0166795
vn 0.367165 0.929929 -0.020531
vn 0.490137 0.868451 0.0745509
vn 0.283471 0.953663 0.100855
vn 0.283471 0.953663 0.100855
vn 0.0624435 0.990558 0.12205
vn -0.318013 0.938108 -0.13719
vn -0.264741 0.952525 -0.150362
vn -0.264741 0.952525 -0.150362
vn -0.210617 0.963875 -0.16305
vn 0.330433 0.940076 0.0840886
vn 0.0264195 0.997981 -0.0577587
vn 0.0264195 0.997981 -0.0577587
vn -0.280656 0.940222 -0.192912
vn -0.455984 0.870612 -0.184696
vn -0.239012 0.964179 -0.115033
vn -0.239012 0.964179 -0.115033
vn -0.00753567 0.999234 -0.0383894
vn -0.0830678 0.987149 -0.136513
vn -0.0459809 0.99059 -0.128909
vn -0.0459809 0.99059 -0.128909
vn -0.00882756 0.992599 -0.121119
vn -0.0298184 0.958373 0.283958
vn -0.154462 0.939936 0.304403
vn -0.154462 0.939936 0.304403
vn -0.276588 0.906185 0.319888
vn 0.231359 0.966865 0.107909
vn 0.173251 0.979308 0.104596
vn 0.173251 0.979308 0.104596
vn 0.11453 0.988281 0.100913
vn -0.0929409 0.956501 0.276527
vn -0.151937 0.950976 0.26937
vn -0.151937 0.950976 0.26937
vn -0.210392 0.942063 0.261253
vn 0.370098 0.927446 -0.0535824
vn -0.0147582 0.985313 -0.170117
vn -0.0147582 0.985313 -0.170117
vn -0.397178 0.880561 -0.258575
vn -0.17802 0.941882 0.2849
vn 0.107119 0.937698 0.330527
vn 0.107119 0.937698 0.330527
vn 0.383325 0.855307 0.348587
vn 0.0384984 0.991865 -0.121332
vn -0.0208606 0.992776 -0.118154
vn -0.0208606 0.992776 -0.118154
vn -0.080146 0.990178 -0.114559
vn -0.147184 0.917728 -0.368933
vn -0.214837 0.904794 -0.367687
vn -0.214837 0.904794 -0.367687
vn -0.28147 0.887565 -0.364696
vn 0.221866 0.968407 0.113855
vn -0.00132973 0.982515 0.186178
vn -0.00132973 0.982515 0.186178
vn -0.224452 0.942343 0.248216
vn 0.36838 0.927241 0.0672281
vn 0.294766 0.950928 0.0940669
vn 0.294766 0.950928 0.0940669
vn 0.219176 0.968244 0.120275
vn -0.000173776 0.997866 0.0652981
vn -0.0795118 0.995695 0.0476401
vn -0.0795118 0.995695 0.0476401
vn -0.158324 0.986941 0.0296672
vn -0.0425972 0.994232 0.0984244
vn -0.0106552 0.993836 0.110345
vn -0.0106552 0.993836 0.110345
vn 0.0212992 0.992285 0.122137
vn -0.15942 0.912268 -0.377297
vn -0.220381 0.899916 -0.376276
vn -0.220381 0.899916 -0.376276
vn -0.280489 0.884082 -0.373798
vn -0.010808 0.991292 0.131238
vn 0.100593 0.986418 0.12985
vn 0.100593 0.986418 0.12985
vn 0.210744 0.969276 0.126847
vn 0.301883 0.952198 0.0467537
vn 0.158695 0.986139 0.0484404
vn 0.158695 0.986139 0.0484404
vn 0.0120712 0.998722 0.0490779
vn 0.140108 0.93718 0.319474
vn 0.105081 0.942026 0.318662
vn 0.105081 0.942026 0.318662
vn 0.0699213 0.945693 0.317451
vn -0.0251691 0.999164 -0.0322247
vn 0.0797144 0.996517 -0.024473
vn 0.0797144 0.996517 -0.024473
vn 0.183716 0.982842 -0.0164504
vn 0.294447 0.89868 0.325077
vn 0.0771009 0.916698 0.392072
vn 0.0771009 0.916698 0.392072
vn -0.144259 0.886999 0.438659
vn -0.302491 0.929245 0.212138
vn -0.0317327 0.983824 0.176303
vn -0.0317327 0.983824 0.176303
vn 0.241487 0.962085 0.126792
vn 0.433688 0.874079 0.218862
vn 0.335558 0.91339 0.230478
vn 0.335558 0.91339 0.230478
vn 0.233633 0.94237 0.239488
vn -0.438646 0.89866 0.000911539
vn 0.0400166 0.99554 0.0854354
vn 0.0400166 0.99554 0.0854354
vn 0.508849 0.847868 0.148972
vn 0.1857 0.980454 -0.0649978
vn -0.0919221 0.985584 -0.142034
vn -0.0919221 0.985584 -0.142034
vn -0.361911 0.908877 -0.207276
vn 0.109305 0.95736 -0.26742
vn -0.369782 0.905061 -0.21006
vn -0.369782 0.905061 -0.21006
vn -0.761767 0.639575 -0.10322
vn 0.371793 0.863003 0.342047
vn 0.253492 0.901192 0.351561
vn 0.253492 0.901192 0.351561
vn 0.131251 0.925372 0.355611
vn 0.305409 0.916472 -0.258466
vn 0.13248 0.942601 -0.306516
vn 0.13248 0.942601 -0.306516
vn -0.0448072 0.937723 -0.344482
vn -0.147532 0.987472 -0.0559777
vn 0.0223398 0.993323 -0.113183
vn 0.0223398 0.993323 -0.113183
vn 0.191493 0.967226 -0.166748
vn 0.142617 0.956918 -0.25292
vn -0.218803 0.939743 -0.262695
vn -0.218803 0.939743 -0.262695
vn -0.551557 0.799447 -0.238052
vn -0.0454672 0.972592 0.228028
vn 0.0772309 0.970539 0.228231
vn 0.0772309 0.970539 0.228231
vn 0.198766 0.95387 0.224998
vn 0.204323 0.908392 0.364796
vn 0.261163 0.905574 0.334261
vn 0.261163 0.905574 0.334261
vn 0.316914 0.898978 0.302331
vn 0.196396 0.924215 0.327498
vn 0.197015 0.923961 0.327844
vn 0.197015 0.923961 0.327844
vn 0.197633 0.923706 0.32819
vn -0.0602767 0.994889 -0.0810073
vn 0.220986 0.968503 -0.114746
vn 0.220986 0.968503 -0.114746
vn 0.484362 0.863723 -0.139196
vn 0.566207 0.82047 0.0789818
vn 0.367558 0.899564 0.235979
vn 0.367558 0.899564 0.235979
vn 0.143045 0.915359 0.376371
vn -0.0400036 0.996753 -0.0698815
vn -0.163871 0.985304 -0.0481991
vn -0.163871 0.985304 -0.0481991
vn -0.285125 0.958144 -0.0257481
vn -0.0311451 0.995387 -0.0907411
vn -0.033623 0.995331 -0.0904731
vn -0.033623 0.995331 -0.0904731
vn -0.0361008 0.995269 -0.0902046
vn -0.301025 0.886263 -0.352025
vn -0.162103 0.91015 -0.381246
vn -0.162103 0.91015 -0.381246
vn -0.0198216 0.915176 -0.402567
vn -0.032653 0.999365 0.0142567
vn 0.0525572 0.998423 -0.0197113
vn 0.0525572 0.998423 -0.0197113
vn 0.137325 0.989079 -0.0535134
vn 0.0242242 0.820802 0.570699
vn 0.20615 0.760973 0.615161
vn 0.20615 0.760973 0.615161
vn 0.380107 0.671729 0.635845
vn -0.415862 0.907548 0.0584348
vn -0.139892 0.977547 0.15758
vn -0.139892 0.977547 0.15758
vn 0.148792 0.958698 0.242404
vn 0.347689 0.930131 0.118185
vn 0.0978167 0.979955 0.173553
vn 0.0978167 0.979955 0.173553
vn -0.158706 0.963156 0.217123
vn 0.130444 0.9236 0.360483
vn 0.218705 0.908427 0.356269
vn 0.218705 0.908427 0.356269
vn 0.305209 0.885953 0.349191
vn 0.297248 0.901809 0.313663
vn 0.316535 0.894955 0.314423
vn 0.316535 0.894955 0.314423
vn 0.33569 0.887725 0.315051
vn -0.166868 0.89591 0.411703
vn -0.138611 0.901444 0.410104
vn -0.138611 0.901444 0.410104
vn -0.110238 0.906229 0.408164
vn -0.376868 0.925815 0.0289489
vn -0.449641 0.892928 0.0223924
vn -0.449641 0.892928 0.0223924
vn -0.519528 0.854309 0.0156921
vn -0.0880511 0.984613 0.150942
vn 0.0459298 0.991928 0.118194
vn 0.0459298 0.991928 0.118194
vn 0.179035 0.980319 0.083192
vn -0.0675547 0.990857 0.116787
vn -0.244975 0.946344 0.210762
vn -0.244975 0.946344 0.210762
vn -0.412035 0.861809 0.295824
vn -0.0419685 0.99377 0.103244
vn 0.0814192 0.994889 0.059725
vn 0.0814192 0.994889 0.059725
vn 0.203413 0.978975 0.0151833
vn -0.19045 0.979978 -0.0580621
vn -0.146775 0.988539 -0.0353304
vn -0.146775 0.988539 -0.0353304
vn -0.102733 0.99463 -0.0125105
vn -0.119707 0.869337 0.479504
vn 0.109559 0.913608 0.391557
vn 0.109559 0.913608 0.391557
vn 0.332004 0.901001 0.279232
vn -0.0866727 0.91499 0.394058
vn 0.0106612 0.916932 0.3989
vn 0.0106612 0.916932 0.3989
vn 0.107894 0.910163 0.399952
vn -0.203287 0.978126 0.0440908
vn -0.0571998 0.992076 0.11186
vn -0.0571998 0.992076 0.11186
vn 0.0903821 0.980105 0.176706
vn -0.128096 0.982745 -0.133433
vn -0.0734451 0.986411 -0.146964
vn -0.0734451 0.986411 -0.146964
vn -0.0185602 0.986938 -0.160028
vn -0.398326 0.914586 0.0697787
vn -0.0708556 0.997399 0.0132369
vn -0.0708556 0.997399 0.0132369
vn 0.264925 0.963225 -0.0448575
vn 0.0851686 0.918715 -0.385627
vn -0.175572 0.943802 -0.280021
vn -0.175572 0.943802 -0.280021
vn -0.422308 0.893604 -0.152078
vn 0.307729 0.945759 0.104133
vn 0.25368 0.958773 0.128069
vn 0.25368 0.958773 0.128069
vn 0.198702 0.968274 0.151536
vn 0.165112 0.944835 0.282887
vn 0.458074 0.85454 0.244804
vn 0.458074 0.85454 0.244804
vn 0.707323 0.682696 0.18336
vn -0.589353 0.798265 -0.124243
vn -0.227603 0.959309 -0.167102
vn -0.227603 0.959309 -0.167102
vn 0.170254 0.968173 -0.183452
vn 0.0476975 0.996645 0.06651
vn -0.24236 0.969765 0.0285924
vn -0.24236 0.969765 0.0285924
vn -0.511503 0.859201 -0.0117926
vn 0.964642 -0.0249631 0.26238
vn -0.03321 0.878093 -0.477335
vn -0.572845 0.782777 0.243123
vn 0.869084 -0.138816 -0.474787
vn -0.832327 -0.419715 -0.362037
vn -0.035526 0.40198 0.914959
vn 0.813133 0.0453187 -0.580311
vn -0.628886 -0.356135 -0.691136
vn -0.384695 0.570058 0.725978
vn -0.715196 -0.233919 0.658618
vn -0.0357438 -0.450782 -0.891918
vn -0.974037 -0.0375623 -0.22325
vn 0.275821 0.0719041 0.958516
vn 0.723141 0.548462 -0.419829
vn -0.533211 0.474388 -0.700459
vn 0.804823 -0.085002 0.587397
vn -0.360875 -0.632577 -0.685285
vn -0.761763 0.500107 0.411838
vn 0.93769 -0.326739 -0.118232
vn 0.410006 -0.141596 -0.901025
vn -0.604528 0.759783 0.239323
vn 0.04794 -0.84523 -0.532249
vn 0.512744 0.713806 0.477047
vn 0.459267 0.848677 0.262338
vn -0.662327 -0.380229 0.645561
vn 0.90249 -0.315672 -0.293023
vn -0.538055 0.414409 -0.734004
vn -0.0406721 -0.262011 0.964207
vn 0.934435 -0.0508754 0.35248
vn 0.0278437 0.94816 -0.31657
vn 0.513694 -0.69202 0.507176
vn 0.3926 -0.274062 -0.877927
vn -0.0667528 0.989533 0.127941
vn -0.768443 -0.529317 -0.359611
vn -0.575951 -0.570559 0.585442
vn 0.857233 0.412392 -0.308356
vn 0.523979 0.167456 0.835108
vn -0.967939 -0.0676532 -0.241902
vn -0.664627 0.605369 0.437949
vn 0.894661 0.0777742 -0.439923
vn -0.429677 -0.883848 -0.184903
vn -0.416087 0.906916 -0.0661459
vn 0.974819 0.117422 -0.18958
vn -0.363137 -0.560692 -0.744148
vn -0.562512 0.756934 -0.332613
vn 0.923504 0.146631 0.354458
vn -0.331521 -0.860602 -0.386597
vn -0.475606 0.873076 -0.107414
vn 0.829493 0.103887 0.54877
vn 0.403317 -0.616145 -0.676536
vn -0.629195 0.77409 -0.0699881
vn 0.995713 -0.0872385 -0.030757
vn 0.134776 -0.979596 -0.149086
vn -0.130669 0.948104 -0.289869
vn 0.933907 0.0205966 -0.356923
vn 0.036997 -0.990777 0.130355
vn -0.54866 0.828574 -0.111523
vn 0.980126 0.0113467 -0.198053
vn -0.935894 0.124106 -0.329697
vn -0.493144 0.341906 0.799943
vn 0.79209 -0.0346726 -0.609419
vn -0.78364 -0.159197 -0.60047
vn -0.215996 0.362886 0.906454
vn 0.180317 -0.142848 -0.97318
vn -0.867576 -0.380141 0.320633
vn 0.428771 0.466473 0.773666
vn -0.27198 -0.124397 -0.954229
vn -0.60789 -0.678619 0.412245
vn 0.653441 0.661803 0.367466
vn 0.753432 0.167448 -0.635847
vn -0.71564 -0.039477 -0.697353
vn -0.0641259 0.176906 0.982136
vn 0.162421 0.330971 -0.929558
vn -0.0306087 -0.865426 -0.500102
vn 0.379629 0.924864 0.0225533
vn 0.515112 0.472434 -0.715168
vn -0.851673 -0.477672 -0.215598
vn -0.205843 0.671641 0.711707
vn 0.730574 -0.0240383 -0.68241
vn -0.827345 -0.279603 -0.487157
vn -0.082482 0.544443 0.834732
vn -0.00628756 -0.0375638 -0.999274
vn -0.490244 -0.867266 0.0866622
vn -0.161996 0.866378 0.472384
vn 0.0898455 0.56969 -0.816934
vn -0.725886 -0.636687 -0.260227
vn 0.0485662 0.71702 0.695359
vn -0.59585 -0.378299 0.708415
vn -0.240867 -0.969645 0.0420859
vn -0.0341406 0.859363 0.510224
vn -0.0122082 -0.0491534 -0.998717
vn 0.0476417 -0.634183 0.771714
vn -0.0207247 -0.0806698 0.996525
vn -0.738959 0.0387958 -0.672632
vn 0.058206 -0.994606 0.0858554
vn -0.0898657 0.886576 0.45377
vn -0.132815 -0.121731 -0.983637
vn -0.143754 -0.0628181 0.987618
vn -0.0107355 0.457827 0.888976
vn -0.488 0.241402 -0.838797
vn -0.611378 -0.784181 0.106197
vn -0.00841452 0.995085 0.0986681
vn -0.665727 -9.4364e-005 -0.746196
vn -0.5993 -0.666854 0.442883
vn 0.276366 0.904954 -0.323542
vn -0.649299 0.00202291 -0.760531
vn 0.207106 -0.968562 -0.137821
vn 0.070572 0.800019 0.59581
vn 0.992868 0.030619 -0.115219
vn -0.71597 0.624876 -0.311314
vn -0.639131 0.490386 0.592481
vn 0.661173 -0.193469 -0.724858
vn -0.730746 -0.575233 -0.367584
vn -0.00582884 0.403593 0.91492
vn 0.818873 0.456053 0.348514
vn -0.504918 -0.381633 -0.774218
vn -0.807307 0.35846 0.468788
vn 0.442468 0.406506 0.799359
vn 0.371653 -0.559648 -0.740721
vn -0.726265 0.667677 -0.163543
vn 0.308318 0.0606617 0.949347
vn 0.906515 -0.125895 -0.402965
vn -0.732425 0.56202 -0.384301
vn 0.896336 -0.127653 0.424601
vn -0.328072 -0.457885 -0.826263
vn -0.811272 0.403603 0.423016
vn 0.901044 0.0122281 0.433556
vn -0.111092 -0.231856 -0.966386
vn -0.791592 0.455825 0.406948
vn 0.931662 0.0197949 0.362788
vn 0.015935 -0.785776 -0.618306
vn -0.601855 0.779091 0.175462
vn -0.391737 0.599718 0.697768
vn 0.955479 0.269091 -0.121035
vn -0.667843 0.00078403 -0.744302
vn 0.681298 -0.177535 0.710151
vn -0.376605 -0.863998 0.334181
vn -0.378406 0.899851 0.216973
vn 0.569227 0.246698 0.784296
vn 0.257915 -0.870701 -0.41876
vn 0.157516 0.821016 -0.548745
vn 0.276708 0.368324 0.887564
vn 0.468181 -0.177198 0.865683
vn 0.548564 0.807073 -0.218428
vn 0.807113 -0.582235 -0.0978301
vn -0.823433 -0.502401 0.263724
vn -0.375286 0.0841513 0.923081
vn 0.704668 -0.0882896 -0.704022
vn -0.820879 -0.287893 -0.49323
vn -0.228106 0.574865 0.78581
vn 0.1073 -0.0652454 -0.992084
vn 0.393916 0.553901 -0.733501
vn -0.791058 0.397117 0.465324
vn -0.42322 0.03718 -0.905264
vn -0.0374913 -0.311418 0.949533
vn 0.685691 0.677229 0.266812
vn -0.597475 -0.0130467 -0.801782
vn -0.490497 -0.404676 0.771783
vn 0.668627 0.699581 0.252041
vn -0.9668 -0.235889 -0.0982525
vn -0.163364 -0.858933 0.485331
vn 0.481726 0.844357 0.234522
vn 0.58123 0.163748 -0.797093
vn -0.772532 -0.310124 0.554092
vn 0.530731 -0.0854331 0.843223
vn 0.542781 -0.37203 -0.752983
vn -0.8553 -0.319175 -0.408153
vn -0.0947512 0.591172 0.800961
vn -0.386788 -0.446867 -0.806663
vn 0.502501 -0.719092 -0.479999
vn -0.262944 0.267126 -0.927094
vn -0.581786 0.127579 -0.803274
vn 0.618189 -0.317439 0.719079
vn 0.939642 0.342005 0.0102706
vn -0.775415 0.0392108 -0.630234
vn 0.103975 -0.781853 0.614732
vn 0.508883 0.836975 0.201273
vn -0.710239 0.0442636 -0.702568
vn 0.125438 -0.820142 0.55824
vn 0.449349 0.844488 0.291419
vn -0.730025 0.133658 -0.670223
vn -0.154985 -0.719068 0.677438
vn 0.55155 0.808895 0.20367
vn -0.452145 -0.0323018 -0.89136
vn 0.0106051 -0.782879 0.622084
vn 0.318137 0.897943 0.304117
vn -0.858409 0.115634 -0.499762
vn 0.681579 -0.728301 -0.0709042
vn -0.421357 0.409344 0.809256
vn -0.956853 -0.00118976 -0.290571
vn 0.127236 -0.935893 -0.328504
vn 0.329387 0.746831 0.577709
vn -0.906769 0.0658587 -0.416453
vn 0.575657 0.12587 0.807946
vn 0.881978 0.223836 -0.414743
vn -0.955605 0.0724011 -0.285617
vn 0.185674 -0.211008 0.959688
vn 0.760065 0.252993 -0.598578
vn -0.979666 -0.0240469 -0.199189
vn -0.255894 -0.136826 0.956973
vn 0.765178 0.464616 -0.445684
vn -0.828202 -0.125962 0.546091
vn -0.123535 -0.75627 0.642491
vn -0.0995297 0.878799 0.466697
vn 0.100818 0.0130372 0.994819
vn -0.0468787 -0.869604 -0.491519
vn 0.312105 0.949427 -0.034339
vn 0.503433 0.147459 0.851358
vn 0.0665025 -0.882945 -0.464742
vn -0.105263 0.863409 -0.493402
vn -0.0136606 -0.00600801 0.999889
vn 0.838578 -0.280751 0.466868
vn 0.525493 0.669424 -0.525099
vn 0.465768 -0.299597 0.832647
vn 0.07826 -0.962831 0.25852
vn 0.170362 0.926416 0.335755
vn -0.254027 -0.11995 0.95973
vn 0.634703 -0.295707 -0.713939
vn 0.00156247 0.621732 -0.783228
vn -0.465399 0.00188857 0.885099
vn 0.0591313 -0.844824 -0.531767
vn 0.613462 0.772899 -0.162147
vn -0.521586 -0.0947204 0.847924
vn 0.390932 -0.860695 -0.326154
vn 0.402925 0.822317 -0.401802
vn -0.492233 -0.219824 0.842249
vn 0.356061 -0.901222 0.247023
vn 0.169971 0.899124 -0.403343
vn -0.512992 0.0725112 0.855325
vn 0.886892 -0.0996098 -0.451111
vn -0.344553 0.412759 -0.843156
vn -0.257576 0.0593249 0.964435
vn 0.955581 -0.176354 0.236146
vn -0.355322 0.480749 -0.80164
vn 0.557691 -0.157443 0.81498
vn 0.131708 -0.643448 -0.754074
vn -0.762804 0.599948 -0.241233
vn 0.974567 -0.0644483 0.214628
vn -0.135209 -0.624024 -0.769619
vn -0.281879 0.936819 -0.20716
vn 0.992856 0.0606812 -0.102737
vn -0.597246 -0.686242 -0.415174
vn -0.244097 0.924523 0.292702
vn 0.986784 0.0299838 0.159244
vn -0.253228 -0.381957 -0.888811
vn -0.639807 0.495377 0.587579
vn 0.733826 -0.230863 0.638906
vn 0.692809 -0.453683 -0.560525
vn -0.68725 0.349202 -0.636981
vn -0.772966 0.111593 -0.624556
vn 0.845346 -0.351533 0.402262
vn 0.880665 0.370353 -0.295412
vn -0.800698 -0.579569 -0.151601
vn -0.338035 -0.89697 0.284916
vn 0.214338 0.885705 0.411807
vn -0.161249 -0.986158 -0.0386142
vn 0.0251248 -0.92549 -0.377938
vn -0.755789 0.482521 -0.442669
vn -0.12716 -0.665177 -0.735778
vn 0.283704 -0.357807 0.889655
vn 0.989597 -0.0390432 0.138469
vn -0.892819 0.179413 0.41314
vn 0.423742 -0.413012 0.806142
vn 0.32117 0.777909 -0.5401
vn 0.139612 0.17254 -0.975058
vn -0.884403 -0.266268 0.383318
vn 0.647958 0.481255 0.590376
vn 0.642491 -0.33866 0.687397
vn 0.586967 -0.0225598 -0.809297
vn -0.925375 0.373187 -0.0664319
vn -0.536389 -0.218641 -0.815159
vn 0.303857 -0.334331 0.892129
vn 0.926797 0.368586 -0.0720504
vn -0.660537 -0.0910969 -0.745246
vn -0.563723 -0.318928 0.761907
vn 0.738625 0.651622 0.172688
vn -0.868883 -0.416128 0.268104
vn -0.0176443 -0.600405 0.799502
vn 0.516263 0.766559 -0.381916
vn 0.274356 -0.402057 0.873544
vn 0.467597 -0.566025 -0.678947
vn -0.506779 0.665425 -0.548074
vn -0.462879 -0.0264865 0.886026
vn 0.968464 0.027462 0.247636
vn 0.221166 0.653231 -0.724137
vn -0.532036 0.115918 0.83875
vn 0.694331 -0.548784 -0.465554
vn 0.0953022 0.9953 -0.0171695
vn -0.510384 0.0932539 0.854875
vn 0.880623 -0.148889 0.449818
vn -0.42994 0.29937 -0.85178
vn 0.458237 0.131967 -0.878979
vn -0.554237 0.832285 0.0110502
vn 0.0817413 0.679667 0.728952
vn -0.560246 -0.197132 -0.804527
vn -0.254046 -0.625417 0.737776
vn 0.727701 0.606092 0.321098
vn -0.889542 0.125558 -0.439262
vn -0.995895 -0.0737766 -0.0524411
vn -0.00143037 0.672862 0.739766
vn 0.0154707 -0.972385 -0.232871
vn -0.677186 -0.733739 0.0551903
vn -0.405878 -0.793976 -0.452619
vn 0.913838 0.268339 0.304786
vn 0.241851 -0.692998 -0.679163
vn -0.364952 0.843695 -0.393685
vn 0.970191 -0.226092 -0.0872505
vn 0.357757 -0.445172 -0.820872
vn -0.0273013 0.987565 0.15482
vn 0.822494 -0.54672 0.156845
vn 0.407459 -0.904696 0.12451
vn -0.0230046 0.615177 -0.788054
vn 0.505774 0.177289 -0.844252
vn 0.0619686 -0.863697 0.500187
vn 0.659445 0.23702 -0.71341
vn -0.905776 0.00235999 -0.42375
vn -0.89049 -0.342182 0.299897
vn -0.872091 -0.216504 0.438843
vn 0.962379 -0.1583 -0.220833
vn 0.770761 0.479723 -0.419277
vn -0.5134 0.855469 0.06777
vn 0.245985 -0.293737 -0.923694
vn 0.13949 -0.789182 0.598109
vn 0.781452 0.409984 0.470367
vn 0.554959 0.262012 -0.789538
vn -0.905215 -0.416466 -0.0845146
vn 0.459265 0.525534 0.716163
vn 0.987736 0.152371 0.0340619
vn -0.0582653 0.0349149 -0.99769
vn -0.639292 0.197437 0.743185
vn 0.387126 -0.194487 -0.901282
vn 0.318483 -0.870719 -0.374724
vn 0.00693281 0.994463 0.104859
vn 0.166777 -0.0337142 -0.985418
vn -0.405945 -0.863996 0.297858
vn -0.410334 0.820134 0.398756
vn -0.548418 -0.168787 -0.818993
vn -0.116482 -0.979028 0.167144
vn -0.130124 0.857445 0.497851
vn -0.735222 -0.227959 -0.638345
vn 0.313324 -0.934662 -0.168033
vn -0.0601011 0.694111 0.717354
vn 0.453863 0.0878787 0.886727
vn 0.0562682 0.381538 -0.922639
vn -0.767223 0.549048 -0.331534
vn 0.905409 -0.0605928 0.420194
vn -0.115573 -0.4052 -0.906893
vn -0.851337 0.489255 0.189352
vn 0.977088 0.00841344 -0.21267
vn -0.569948 -0.739137 -0.358937
vn -0.492206 0.702329 0.514265
vn 0.894204 0.443561 0.0604364
vn -0.329262 -0.733236 -0.594938
vn -0.478418 0.780446 0.402518
vn 0.755361 0.388178 0.527965
vn 0.618813 -0.0386993 -0.784584
vn -0.792198 0.578404 0.194605
vn 0.878461 -0.265923 -0.396978
vn -0.763905 -0.615085 -0.195245
vn 0.0552062 0.359786 0.9314
vn 0.931153 0.141236 0.336165
vn -0.321133 -0.0600224 -0.94513
vn -0.467193 0.133572 0.874008
vn -0.987455 0.157268 0.0141068
vn 0.788118 -0.426858 0.443466
vn 0.483822 0.798478 -0.358259
vn -0.741274 0.60026 -0.300336
vn 0.213469 -0.556995 0.802613
vn 0.79192 0.57052 -0.217645
vn -0.672267 0.433929 -0.599803
vn -0.923537 -0.118574 0.364718
vn 0.504461 0.779618 0.371099
vn -0.956776 -0.259828 0.130651
vn -0.496995 -0.857168 -0.135125
vn -0.211059 0.927823 -0.30757
vn -0.489508 -0.0649395 -0.869578
vn -0.0366038 -0.189514 0.981196
vn 0.8556 0.0722032 0.512577
vn -0.528875 -0.235505 -0.81537
vn -0.577626 -0.76768 0.277516
vn 0.583259 0.800887 0.135608
vn -0.789773 0.01103 -0.6133
vn 0.177036 0.00181862 0.984203
vn 0.510502 0.855974 0.0818328
vn -0.968565 -0.0485852 -0.243968
vn 0.197442 -0.481602 0.85386
vn 0.552761 0.823135 -0.130018
vn -0.92348 0.00222239 0.383641
vn 0.769529 -0.408481 0.490886
vn 0.34133 0.688679 -0.639699
vn -0.575702 0.0516813 0.816025
vn 0.847539 -0.197249 0.492718
vn 0.0670748 0.545035 -0.835726
vn 0.223494 -0.0240661 0.974408
vn 0.276965 0.149539 0.949173
vn 0.908893 0.148403 -0.389731
vn -0.941293 0.237744 0.239677
vn 0.0841015 -0.130784 0.987837
vn 0.603096 0.69073 -0.398958
vn -0.646802 0.00499776 -0.762642
vn -0.656292 -0.265649 0.706195
vn 0.6105 0.507329 0.6082
vn 0.729964 0.11099 -0.674414
vn -0.638862 -0.504671 -0.580657
vn -0.75129 0.188644 0.632437
vn 0.0562185 -0.0210943 -0.998196
vn 0.51447 -0.163538 -0.841769
vn -0.831863 -0.169945 -0.52832
vn 0.451687 0.0839721 0.888216
vn 0.35993 -0.479653 -0.80024
vn -0.487871 0.790205 -0.370887
vn -0.285606 0.127106 0.949881
vn 0.983816 -0.134913 -0.117921
vn -0.257947 0.362142 -0.895721
vn -0.250241 -0.102652 0.962726
vn 0.737481 -0.541288 0.403892
vn 0.193306 0.908756 -0.369859
vn -0.90356 0.279309 0.32491
vn 0.934623 -0.028714 0.354478
vn 0.306072 0.603991 -0.735877
vn -0.913104 0.309073 0.265923
vn 0.208857 -0.149632 0.966431
vn 0.345462 0.600882 -0.720831
vn 0 0 0
vn 0 0 0
vn 0 0 0
vt 0 1
vt 1 1
vt 0 0
vt 1 0
vt 0 1
vt 1 1
vt 0 0
vt 1 0
vt 0 1
vt 1 1
vt 0 0
vt 1 0
vt 0 1
vt 1 1
vt 0 0
vt 1 0
vt 0 1
vt 1 1
vt 0 0
vt 1 0
vt 0 1
vt 1 1
vt 0 0
vt 1 0
vt 0 1
vt 1 1
vt 0 0
vt 1 0
vt 0 1
vt 1 1
vt 0 0
vt 1 0
vt 0 1
vt 1 1
vt 0 0
vt 1 0
vt 0 1
vt 1 1
vt 0 0
vt 1 0
vt 0 1
vt 1 1
vt 0 0
vt 1 0
vt 0 1
vt 1 1
vt 0 0
vt 1 0
vt 0 1
vt 1 1
vt 0 0
vt 1 0
vt 0 1
vt 1 1
vt 0 0
vt 1 0
vt 0 1
vt 1 1
vt 0 0
vt 1 0
vt 0 1
vt 1 1
vt 0 0
vt 1 0
vt 0 1
vt 1 1
vt 0 0
vt 1 0
vt 0 1
vt 1 1
vt 0 0
vt 1 0
vt 0 1
vt 1 1
vt 0 0
vt 1 0
vt 0 1
vt 1 1
vt 0 0
vt 1 0
vt 0 1
vt 1 1
vt 0 0
vt 1 0
vt 0 1
vt 1 1
vt 0 0
vt 1 0
vt 0 1
vt 1 1
vt 0 0
vt 1 0
vt 0 1
vt 1 1
vt 0 0
vt 1 0
vt 0 1
vt 1 1
vt 0 0
vt 1 0
vt 0 1
vt 1 1
vt 0 0
vt 1 0
vt 0 1
vt 1 1
vt 0 0
vt 1 0
vt 0 1
vt 1 1
vt 0 0
vt 1 0
vt 0 1
vt 1 1
vt 0 0
vt 1 0
vt 0 1
vt 1 1
vt 0 0
vt 1 0
vt 0 1
vt 1 1
vt 0 0
vt 1 0
vt 0 1
vt 1 1
vt 0 0
vt 1 0
vt 0 1
vt 1 1
vt 0 0
vt 1 0
vt 0 1
vt 1 1
vt 0 0
vt 1 0
vt 0 1
vt 1 1
vt 0 0
vt 1 0
vt 0 1
vt 1 1
vt 0 0
vt 1 0
vt 0 1
vt 1 1
vt 0 0
vt 1 0
vt 0 1
vt 1 1
vt 0 0
vt 1 0
vt 0 1
vt 1 1
vt 0 0
vt 1 0
vt 0 1
vt 1 1
vt 0 0
vt 1 0
vt 0 1
vt 1 1
vt 0 0
vt 1 0
vt 0 1
vt 1 1
vt 0 0
vt 1 0
vt 0 1
vt 1 1
vt 0 0
vt 1 0
vt 0 1
vt 1 1
vt 0 0
vt 1 0
vt 0 1
vt 1 1
vt 0 0
vt 1 0
vt 0 1
vt 1 1
vt 0 0
vt 1 0
vt 0 1
vt 1 1
vt 0 0
vt 1 0
vt 0 1
vt 1 1
vt 0 0
vt 1 0
vt 0 1
vt 1 1
vt 0 0
vt 1 0
vt 0 1
vt 1 1
vt 0 0
vt 1 0
vt 0 1
vt 1 1
vt 0 0
vt 1 0
vt 0 1
vt 1 1
vt 0 0
vt 1 0
vt 0 1
vt 1 1
vt 0 0
vt 1 0
vt 0 1
vt 1 1
vt 0 0
vt 1 0
vt 0 1
vt 1 1
vt 0 0
vt 1 0
vt 0 1
vt 1 1
vt 0 0
vt 1 0
vt 0 1
vt 1 1
vt 0 0
vt 1 0
vt 0 1
vt 1 1
vt 0 0
vt 1 0
vt 0 1
vt 1 1
vt 0 0
vt 1 0
vt 0 1
vt 1 1
vt 0 0
vt 1 0
vt 0 1
vt 1 1
vt 0 0
vt 1 0
vt 0 1
vt 1 1
vt 0 0
vt 1 0
vt 0 1
vt 1 1
vt 0 0
vt 1 0
vt 0 1
vt 1 1
vt 0 0
vt 1 0
vt 0 1
vt 1 1
vt 0 0
vt 1 0
vt 0 1
vt 1 1
vt 0 0
vt 1 0
vt 0 1
vt 1 1
vt 0 0
vt 1 0
vt 0 1
vt 1 1
vt 0 0
vt 1 0
vt 0 1
vt 1 1
vt 0 0
vt 1 0
vt 0 1
vt 1 1
vt 0 0
vt 1 0
vt 0 1
vt 1 1
vt 0 0
vt 1 0
vt 0 1
vt 1 1
vt 0 0
vt 1 0
vt 0 1
vt 1 1
vt 0 0
vt 1 0
vt 0 1
vt 1 1
vt 0 0
vt 1 0
vt 0 1
vt 1 1
vt 0 0
vt 1 0
vt 0 1
vt 1 1
vt 0 0
vt 1 0
vt 0 1
vt 1 1
vt 0 0
vt 1 0
vt 0 1
vt 1 1
vt 0 0
vt 1 0
vt 0 1
vt 1 1
vt 0 0
vt 1 0
vt 0 1
vt 1 1
vt 0 0
vt 1 0
vt 0 1
vt 1 1
vt 0 0
vt 1 0
vt 0 1
vt 1 1
vt 0 0
vt 1 0
vt 0 1
vt 1 1
vt 0 0
vt 1 0
vt 0 1
vt 1 1
vt 0 0
vt 1 0
vt 0 1
vt 1 1
vt 0 0
vt 1 0
vt 0 1
vt 1 1
vt 0 0
vt 1 0
vt 0 1
vt 1 1
vt 0 0
vt 1 0
vt 0 1
vt 1 1
vt 0 0
vt 1 0
vt 0 1
vt 1 1
vt 0 0
vt 1 0
vt 0 1
vt 1 1
vt 0 0
vt 1 0
vt 0 1
vt 1 1
vt 0 0
vt 1 0
vt 0 1
vt 1 1
vt 0 0
vt 1 0
vt 0 1
vt 1 1
vt 0 0
vt 1 0
vt 0 1
vt 1 1
vt 0 0
vt 1 0
vt 0 1
vt 1 1
vt 0 0
vt 1 0
vt 0 1
vt 1 1
vt 0 0
vt 1 0
vt 0 1
vt 1 1
vt 0 0
vt 1 0
vt 0 1
vt 1 1
vt 0 0
vt 1 0
vt 0 1
vt 1 1
vt 0 0
vt 1 0
vt 0 1
vt 1 1
vt 0 0
vt 1 0
vt 0 1
vt 1 1
vt 0 0
vt 1 0
vt 0 1
vt 1 1
vt 0 0
vt 1 0
vt 0 1
vt 1 1
vt 0 0
vt 1 0
vt 0 1
vt 1 1
vt 0 0
vt 1 0
vt 0 1
vt 1 1
vt 0 0
vt 1 0
vt 0 1
vt 1 1
vt 0 0
vt 1 0
vt 0 1
vt 1 1
vt 0 0
vt 1 0
vt 0 1
vt 1 1
vt 0 0
vt 1 0
vt 0 1
vt 1 1
vt 0 0
vt 1 0
vt 0 1
vt 1 1
vt 0 0
vt 1 0
vt 0 1
vt 1 1
vt 0 0
vt 1 0
vt 0 1
vt 1 1
vt 0 0
vt 1 0
vt 0 1
vt 1 1
vt 0 0
vt 1 0
vt 0 1
vt 1 1
vt 0 0
vt 1 0
vt 0 1
vt 1 1
vt 0 0
vt 1 0
vt 0 1
vt 1 1
vt 0 0
vt 1 0
vt 0 1
vt 1 1
vt 0 0
vt 1 0
vt 0 1
vt 1 1
vt 0 0
vt 1 0
vt 0 1
vt 1 1
vt 0 0
vt 1 0
vt 0 1
vt 1 1
vt 0 0
vt 1 0
vt 0 1
vt 1 1
vt 0 0
vt 1 0
vt 0 1
vt 1 1
vt 0 0
vt 1 0
vt 0 1
vt 1 1
vt 0 0
vt 1 0
vt 0 1
vt 1 1
vt 0 0
vt 1 0
vt 0 1
vt 1 1
vt 0 0
vt 1 0
vt 0 1
vt 1 1
vt 0 0
vt 1 0
vt 0 1
vt 1 1
vt 0 0
vt 1 0
vt 0 1
vt 1 1
vt 0 0
vt 1 0
vt 0 1
vt 1 1
vt 0 0
vt 1 0
vt 0 1
vt 1 1
vt 0 0
vt 1 0
vt 0 1
vt 1 1
vt 0 0
vt 1 0
vt 0 1
vt 1 1
vt 0 0
vt 1 0
vt 0 1
vt 1 1
vt 0 0
vt 1 0
vt 0 1
vt 1 1
vt 0 0
vt 1 0
vt 0 1
vt 1 1
vt 0 0
vt 1 0
vt 0 1
vt 1 1
vt 0 0
vt 1 0
vt 0 1
vt 1 1
vt 0 0
vt 1 0
vt 0 1
vt 1 1
vt 0 0
vt 1 0
vt 0 1
vt 1 1
vt 0 0
vt 1 0
vt 0 1
vt 1 1
vt 0 0
vt 1 0
vt 0 1
vt 1 1
vt 0 0
vt 1 0
vt 0 1
vt 1 1
vt 0 0
vt 1 0
vt 0 1
vt 1 1
vt 0 0
vt 1 0
vt 0 1
vt 1 1
vt 0 0
vt 1 0
vt 0 1
vt 1 1
vt 0 0
vt 1 0
vt 0 1
vt 1 1
vt 0 0
vt 1 0
vt 0 1
vt 1 1
vt 0 0
vt 1 0
vt 0 1
vt 1 1
vt 0 0
vt 1 0
vt 0 1
vt 1 1
vt 0 0
vt 1 0
vt 0 1
vt 1 1
vt 0 0
vt 1 0
vt 0 1
vt 1 1
vt 0 0
vt 1 0
vt 0 1
vt 1 1
vt 0 0
vt 1 0
vt 0 1
vt 1 1
vt 0 0
vt 1 0
vt 0 1
vt 1 1
vt 0 0
vt 1 0
vt 0 1
vt 1 1
vt 0 0
vt 1 0
vt 0 1
vt 1 1
vt 0 0
vt 1 0
vt 0 1
vt 1 1
vt 0 0
vt 1 0
vt 0 1
vt 1 1
vt 0 0
vt 1 0
vt 0 1
vt 1 1
vt 0 0
vt 1 0
vt 0 1
vt 1 1
vt 0 0
vt 1 0
vt 0 1
vt 1 1
vt 0 0
vt 1 0
vt 0 1
vt 1 1
vt 0 0
vt 1 0
vt 0 1
vt 1 1
vt 0 0
vt 1 0
vt 0 1
vt 1 1
vt 0 0
vt 1 0
vt 0 1
vt 1 1
vt 0 0
vt 1 0
vt 0 1
vt 1 1
vt 0 0
vt 1 0
vt 0 1
vt 1 1
vt 0 0
vt 1 0
vt 0 1
vt 1 1
vt 0 0
vt 1 0
vt 0 1
vt 1 1
vt 0 0
vt 1 0
vt 0 1
vt 1 1
vt 0 0
vt 1 0
vt 0 1
vt 1 1
vt 0 0
vt 1 0
vt 0 1
vt 1 1
vt 0 0
vt 1 0
vt 0 1
vt 1 1
vt 0 0
vt 1 0
vt 0 1
vt 1 1
vt 0 0
vt 1 0
vt 0 1
vt 1 1
vt 0 0
vt 1 0
vt 0 1
vt 1 1
vt 0 0
vt 1 0
vt 0 1
vt 1 1
vt 0 0
vt 1 0
vt 0 1
vt 1 1
vt 0 0
vt 1 0
vt 0 1
vt 1 1
vt 0 0
vt 1 0
vt 0 1
vt 1 1
vt 0 0
vt 1 0
vt 0 1
vt 1 1
vt 0 0
vt 1 0
vt 0 1
vt 1 1
vt 0 0
vt 1 0
vt 0 1
vt 1 1
vt 0 0
vt 1 0
vt 0 1
vt 1 1
vt 0 0
vt 1 0
vt 0 1
vt 1 1
vt 0 0
vt 1 0
vt 0 1
vt 1 1
vt 0 0
vt 1 0
vt 0 1
vt 1 1
vt 0 0
vt 1 0
vt 0 1
vt 1 1
vt 0 0
vt 1 0
vt 0 1
vt 1 1
vt 0 0
vt 1 0
vt 0 1
vt 1 1
vt 0 0
vt 1 0
vt 0 1
vt 1 1
vt 0 0
vt 1 0
vt 0 1
vt 1 1
vt 0 0
vt 1 0
vt 0 1
vt 1 1
vt 0 0
vt 1 0
vt 0 1
vt 1 1
vt 0 0
vt 1 0
vt 0 1
vt 1 1
vt 0 0
vt 1 0
vt 0 1
vt 1 1
vt 0 0
vt 1 0
vt 0 1
vt 1 1
vt 0 0
vt 1 0
vt 0 1
vt 1 1
vt 0 0
vt 1 0
vt 0 1
vt 1 1
vt 0 0
vt 1 0
vt 0 1
vt 1 1
vt 0 0
vt 1 0
vt 0 1
vt 1 1
vt 0 0
vt 1 0
vt 0 1
vt 1 1
vt 0 0
vt 1 0
vt 0 1
vt 1 1
vt 0 0
vt 1 0
vt 0 1
vt 1 1
vt 0 0
vt 1 0
vt 0 1
vt 1 1
vt 0 0
vt 1 0
vt 0 1
vt 1 1
vt 0 0
vt 1 0
vt 0 1
vt 1 1
vt 0 0
vt 1 0
vt 0 1
vt 1 1
vt 0 0
vt 1 0
vt 0 1
vt 1 1
vt 0 0
vt 1 0
vt 0 1
vt 1 1
vt 0 0
vt 1 0
vt 0 1
vt 1 1
vt 0 0
vt 1 0
vt 0 1
vt 1 1
vt 0 0
vt 1 0
vt 0 1
vt 1 1
vt 0 0
vt 1 0
vt 0 1
vt 1 1
vt 0 0
vt 1 0
vt 0 1
vt 1 1
vt 0 0
vt 1 0
vt 0 1
vt 1 1
vt 0 0
vt 1 0
vt 0 1
vt 1 1
vt 0 0
vt 1 0
vt 0 1
vt 1 1
vt 0 0
vt 1 0
vt 0 1
vt 1 1
vt 0 0
vt 1 0
vt 0 1
vt 1 1
vt 0 0
vt 1 0
vt 0 1
vt 1 1
vt 0 0
vt 1 0
vt 0 1
vt 1 1
vt 0 0
vt 1 0
vt 0 1
vt 1 1
vt 0 0
vt 1 0
vt 0 1
vt 1 1
vt 0 0
vt 1 0
vt 0 1
vt 1 1
vt 0 0
vt 1 0
vt 0 1
vt 1 1
vt 0 0
vt 1 0
vt 0 1
vt 1 1
vt 0 0
vt 1 0
vt 0 1
vt 1 1
vt 0 0
vt 1 0
vt 0 1
vt 1 1
vt 0 0
vt 1 0
vt 0 1
vt 1 1
vt 0 0
vt 1 0
vt 0 1
vt 1 1
vt 0 0
vt 1 0
vt 0 1
vt 1 1
vt 0 0
vt 1 0
vt 0 1
vt 1 1
vt 0 0
vt 1 0
vt 0 1
vt 1 1
vt 0 0
vt 1 0
vt 0 1
vt 1 1
vt 0 0
vt 1 0
vt 0 1
vt 1 1
vt 0 0
vt 1 0
vt 0 1
vt 1 1
vt 0 0
vt 1 0
vt 0 1
vt 1 1
vt 0 0
vt 1 0
vt 0 1
vt 1 1
vt 0 0
vt 1 0
vt 0 1
vt 1 1
vt 0 0
vt 1 0
vt 0 1
vt 1 1
vt 0 0
vt 1 0
vt 0 1
vt 1 1
vt 0 0
vt 1 0
vt 0 1
vt 1 1
vt 0 0
vt 1 0
vt 0 1
vt 1 1
vt 0 0
vt 1 0
vt 0 1
vt 1 1
vt 0 0
vt 1 0
vt 0 1
vt 1 1
vt 0 0
vt 1 0
vt 0 1
vt 1 1
vt 0 0
vt 1 0
vt 0 1
vt 1 1
vt 0 0
vt 1 0
vt 0 1
vt 1 1
vt 0 0
vt 1 0
vt 0 1
vt 1 1
vt 0 0
vt 1 0
vt 0 1
vt 1 1
vt 0 0
vt 1 0
vt 0 1
vt 1 1
vt 0 0
vt 1 0
vt 0 1
vt 1 1
vt 0 0
vt 1 0
vt 0 1
vt 1 1
vt 0 0
vt 1 0
vt 0 1
vt 1 1
vt 0 0
vt 1 0
vt 0 1
vt 1 1
vt 0 0
vt 1 0
vt 0 1
vt 1 1
vt 0 0
vt 1 0
vt 0 1
vt 1 1
vt 0 0
vt 1 0
vt 0 1
vt 1 1
vt 0 0
vt 1 0
vt 0 1
vt 1 1
vt 0 0
vt 1 0
vt 0 1
vt 1 1
vt 0 0
vt 1 0
vt 0 1
vt 1 1
vt 0 0
vt 1 0
vt 0 1
vt 1 1
vt 0 0
vt 1 0
vt 0 1
vt 1 1
vt 0 0
vt 1 0
vt 0 1
vt 1 1
vt 0 0
vt 1 0
vt 0 1
vt 1 1
vt 0 0
vt 1 0
vt 0 1
vt 1 1
vt 0 0
vt 1 0
vt 0 1
vt 1 1
vt 0 0
vt 1 0
vt 0 1
vt 1 1
vt 0 0
vt 1 0
vt 0 1
vt 1 1
vt 0 0
vt 1 0
vt 0 1
vt 1 1
vt 0 0
vt 1 0
vt 0 1
vt 1 1
vt 0 0
vt 1 0
vt 0 1
vt 1 1
vt 0 0
vt 1 0
vt 0 1
vt 1 1
vt 0 0
vt 1 0
vt 0 1
vt 1 1
vt 0 0
vt 1 0
vt 0 1
vt 1 1
vt 0 0
vt 1 0
vt 0 1
vt 1 1
vt 0 0
vt 1 0
vt 0 1
vt 1 1
vt 0 0
vt 1 0
vt 0 1
vt 1 1
vt 0 0
vt 1 0
vt 0 1
vt 1 1
vt 0 0
vt 1 0
vt 0 1
vt 1 1
vt 0 0
vt 1 0
vt 0 1
vt 1 1
vt 0 0
vt 1 0
vt 0 1
vt 1 1
vt 0 0
vt 1 0
vt 0 1
vt 1 1
vt 0 0
vt 1 0
vt 0 1
vt 1 1
vt 0 0
vt 1 0
vt 0 1
vt 1 1
vt 0 0
vt 1 0
vt 0 1
vt 1 1
vt 0 0
vt 1 0
vt 0 1
vt 1 1
vt 0 0
vt 1 0
vt 0 1
vt 1 1
vt 0 0
vt 1 0
vt 0 1
vt 1 1
vt 0 0
vt 1 0
vt 0 1
vt 1 1
vt 0 0
vt 1 0
vt 0 1
vt 1 1
vt 0 0
vt 1 0
vt 0 1
vt 1 1
vt 0 0
vt 1 0
vt 0 1
vt 1 1
vt 0 0
vt 1 0
vt 0 1
vt 1 1
vt 0 0
vt 1 0
vt 0 1
vt 1 1
vt 0 0
vt 1 0
vt 0 1
vt 1 1
vt 0 0
vt 1 0
vt 0 1
vt 1 1
vt 0 0
vt 1 0
vt 0 1
vt 1 1
vt 0 0
vt 1 0
vt 0 1
vt 1 1
vt 0 0
vt 1 0
vt 0 1
vt 1 1
vt 0 0
vt 1 0
vt 0 1
vt 1 1
vt 0 0
vt 1 0
vt 0 1
vt 1 1
vt 0 0
vt 1 0
vt 0 1
vt 1 1
vt 0 0
vt 1 0
vt 0 1
vt 1 1
vt 0 0
vt 1 0
vt 0 1
vt 1 1
vt 0 0
vt 1 0
vt 0 1
vt 1 1
vt 0 0
vt 1 0
vt 0 1
vt 1 1
vt 0 0
vt 1 0
vt 0 1
vt 1 1
vt 0 0
vt 1 0
vt 0 1
vt 1 1
vt 0 0
vt 1 0
vt 0 1
vt 1 1
vt 0 0
vt 1 0
vt 0 1
vt 1 1
vt 0 0
vt 1 0
vt 0 1
vt 1 1
vt 0 0
vt 1 0
vt 0 1
vt 1 1
vt 0 0
vt 1 0
vt 0 1
vt 1 1
vt 0 0
vt 1 0
vt 0 1
vt 1 1
vt 0 0
vt 1 0
vt 0 1
vt 1 1
vt 0 0
vt 1 0
vt 0 1
vt 1 1
vt 0 0
vt 1 0
vt 0 1
vt 1 1
vt 0 0
vt 1 0
vt 0 1
vt 1 1
vt 0 0
vt 1 0
vt 0 1
vt 1 1
vt 0 0
vt 1 0
vt 0 1
vt 1 1
vt 0 0
vt 1 0
vt 0 1
vt 1 1
vt 0 0
vt 1 0
vt 0 1
vt 1 1
vt 0 0
vt 1 0
vt 0 1
vt 1 1
vt 0 0
vt 1 0
vt 0 1
vt 1 1
vt 0 0
vt 1 0
vt 0 1
vt 1 1
vt 0 0
vt 1 0
vt 0 1
vt 1 1
vt 0 0
vt 1 0
vt 0 1
vt 1 1
vt 0 0
vt 1 0
vt 0 1
vt 1 1
vt 0 0
vt 1 0
vt 0 1
vt 1 1
vt 0 0
vt 1 0
vt 0 1
vt 1 1
vt 0 0
vt 1 0
vt 0 1
vt 1 1
vt 0 0
vt 1 0
vt 0 1
vt 1 1
vt 0 0
vt 1 0
vt 0 1
vt 1 1
vt 0 0
vt 1 0
vt 0 1
vt 1 1
vt 0 0
vt 1 0
vt 0 1
vt 1 1
vt 0 0
vt 1 0
vt 0 1
vt 1 1
vt 0 0
vt 1 0
vt 0 1
vt 1 1
vt 0 0
vt 1 0
vt 0 1
vt 1 1
vt 0 0
vt 1 0
vt 0 1
vt 1 1
vt 0 0
vt 1 0
vt 0 1
vt 1 1
vt 0 0
vt 1 0
vt 0 1
vt 1 1
vt 0 0
vt 1 0
vt 0 1
vt 1 1
vt 0 0
vt 1 0
vt 0 1
vt 1 1
vt 0 0
vt 1 0
vt 0 1
vt 1 1
vt 0 0
vt 1 0
vt 0 1
vt 1 1
vt 0 0
vt 1 0
vt 0 1
vt 1 1
vt 0 0
vt 1 0
vt 0 1
vt 1 1
vt 0 0
vt 1 0
vt 0 1
vt 1 1
vt 0 0
vt 1 0
vt 0 1
vt 1 1
vt 0 0
vt 1 0
vt 0 1
vt 1 1
vt 0 0
vt 1 0
vt 0 1
vt 1 1
vt 0 0
vt 1 0
vt 0 1
vt 1 1
vt 0 0
vt 1 0
vt 0 1
vt 1 1
vt 0 0
vt 1 0
vt 0 1
vt 1 1
vt 0 0
vt 1 0
vt 0 1
vt 1 1
vt 0 0
vt 1 0
vt 0 1
vt 1 1
vt 0 0
vt 1 0
vt 0 1
vt 1 1
vt 0 0
vt 1 0
vt 0 1
vt 1 1
vt 0 0
vt 1 0
vt 0 1
vt 1 1
vt 0 0
vt 1 0
vt 0 1
vt 1 1
vt 0 0
vt 1 0
vt 0 1
vt 1 1
vt 0 0
vt 1 0
vt 0 1
vt 1 1
vt 0 0
vt 1 0
vt 0 1
vt 1 1
vt 0 0
vt 1 0
vt 0 1
vt 1 1
vt 0 0
vt 1 0
vt 0 1
vt 1 1
vt 0 0
vt 1 0
vt 0 1
vt 1 1
vt 0 0
vt 1 0
vt 0 1
vt 1 1
vt 0 0
vt 1 0
vt 0 1
vt 1 1
vt 0 0
vt 1 0
vt 0 1
vt 1 1
vt 0 0
vt 1 0
vt 0 1
vt 1 1
vt 0 0
vt 1 0
vt 0 1
vt 1 1
vt 0 0
vt 1 0
vt 0 1
vt 1 1
vt 0 0
vt 1 0
vt 0 1
vt 1 1
vt 0 0
vt 1 0
vt 0 1
vt 1 1
vt 0 0
vt 1 0
vt 0 1
vt 1 1
vt 0 0
vt 1 0
vt 0 1
vt 1 1
vt 0 0
vt 1 0
vt 0 1
vt 1 1
vt 0 0
vt 1 0
vt 0 1
vt 1 1
vt 0 0
vt 1 0
vt 0 1
vt 1 1
vt 0 0
vt 1 0
vt 0 1
vt 1 1
vt 0 0
vt 1 0
vt 0 1
vt 1 1
vt 0 0
vt 1 0
vt 0 1
vt 1 1
vt 0 0
vt 1 0
vt 0 1
vt 1 1
vt 0 0
vt 1 0
vt 0 1
vt 1 1
vt 0 0
vt 1 0
vt 0 1
vt 1 1
vt 0 0
vt 1 0
vt 0 1
vt 1 1
vt 0 0
vt 1 0
vt 0 1
vt 1 1
vt 0 0
vt 1 0
vt 0 1
vt 1 1
vt 0 0
vt 1 0
vt 0 1
vt 1 1
vt 0 0
vt 1 0
vt 0 1
vt 1 1
vt 0 0
vt 1 0
vt 0 1
vt 1 1
vt 0 0
vt 1 0
vt 0 1
vt 1 1
vt 0 0
vt 1 0
vt 0 1
vt 1 1
vt 0 0
vt 1 0
vt 0 1
vt 1 1
vt 0 0
vt 1 0
vt 0 1
vt 1 1
vt 0 0
vt 1 0
vt 0 1
vt 1 1
vt 0 0
vt 1 0
vt 0 1
vt 1 1
vt 0 0
vt 1 0
vt 0 1
vt 1 1
vt 0 0
vt 1 0
vt 0 1
vt 1 1
vt 0 0
vt 1 0
vt 0 1
vt 1 1
vt 0 0
vt 1 0
vt 0 1
vt 1 1
vt 0 0
vt 1 0
vt 0 1
vt 1 1
vt 0 0
vt 1 0
vt 0 1
vt 1 1
vt 0 0
vt 1 0
vt 0 1
vt 1 1
vt 0 0
vt 1 0
vt 0 1
vt 1 1
vt 0 0
vt 1 0
vt 0 1
vt 1 1
vt 0 0
vt 1 0
vt 0 1
vt 1 1
vt 0 0
vt 1 0
vt 0 1
vt 1 1
vt 0 0
vt 1 0
vt 0 1
vt 1 1
vt 0 0
vt 1 0
vt 0 1
vt 1 1
vt 0 0
vt 1 0
vt 0 1
vt 1 1
vt 0 0
vt 1 0
vt 0 1
vt 1 1
vt 0 0
vt 1 0
vt 0 1
vt 1 1
vt 0 0
vt 1 0
vt 0 1
vt 1 1
vt 0 0
vt 1 0
vt 0 1
vt 1 1
vt 0 0
vt 1 0
vt 0 1
vt 1 1
vt 0 0
vt 1 0
vt 0 1
vt 1 1
vt 0 0
vt 1 0
vt 0 1
vt 1 1
vt 0 0
vt 1 0
vt 0 1
vt 1 1
vt 0 0
vt 1 0
vt 0 1
vt 1 1
vt 0 0
vt 1 0
vt 0 1
vt 1 1
vt 0 0
vt 1 0
vt 0 1
vt 1 1
vt 0 0
vt 1 0
vt 0 1
vt 1 1
vt 0 0
vt 1 0
vt 0 1
vt 1 1
vt 0 0
vt 1 0
vt 0 1
vt 1 1
vt 0 0
vt 1 0
vt 0 1
vt 1 1
vt 0 0
vt 1 0
vt 0 1
vt 1 1
vt 0 0
vt 1 0
vt 0 1
vt 1 1
vt 0 0
vt 1 0
vt 0 1
vt 1 1
vt 0 0
vt 1 0
vt 0 1
vt 1 1
vt 0 0
vt 1 0
vt 0 1
vt 1 1
vt 0 0
vt 1 0
vt 0 1
vt 1 1
vt 0 0
vt 1 0
vt 0 1
vt 1 1
vt 0 0
vt 1 0
vt 0 1
vt 1 1
vt 0 0
vt 1 0
vt 0 1
vt 1 1
vt 0 0
vt 1 0
vt 0 1
vt 1 1
vt 0 0
vt 1 0
vt 0 1
vt 1 1
vt 0 0
vt 1 0
vt 0 1
vt 1 1
vt 0 0
vt 1 0
vt 0 1
vt 1 1
vt 0 0
vt 1 0
vt 0 1
vt 1 1
vt 0 0
vt 1 0
vt 0 1
vt 1 1
vt 0 0
vt 1 0
vt 0 1
vt 1 1
vt 0 0
vt 1 0
vt 0 1
vt 1 1
vt 0 0
vt 1 0
vt 0 1
vt 1 1
vt 0 0
vt 1 0
vt 0 1
vt 1 1
vt 0 0
vt 1 0
vt 0 1
vt 1 1
vt 0 0
vt 1 0
vt 0 1
vt 1 1
vt 0 0
vt 1 0
vt 0 1
vt 1 1
vt 0 0
vt 1 0
vt 0 1
vt 1 1
vt 0 0
vt 1 0
vt 0 1
vt 1 1
vt 0 0
vt 1 0
vt 0 1
vt 1 1
vt 0 0
vt 1 0
vt 0 1
vt 1 1
vt 0 0
vt 1 0
vt 0 1
vt 1 1
vt 0 0
vt 1 0
vt 0 1
vt 1 1
vt 0 0
vt 1 0
vt 0 1
vt 1 1
vt 0 0
vt 1 0
vt 0 1
vt 1 1
vt 0 0
vt 1 0
vt 0 1
vt 1 1
vt 0 0
vt 1 0
vt 0 1
vt 1 1
vt 0 0
vt 1 0
vt 0 1
vt 1 1
vt 0 0
vt 1 0
vt 0 1
vt 1 1
vt 0 0
vt 1 0
vt 0 1
vt 1 1
vt 0 0
vt 1 0
vt 0 1
vt 1 1
vt 0 0
vt 1 0
vt 0 1
vt 1 1
vt 0 0
vt 1 0
vt 0 1
vt 1 1
vt 0 0
vt 1 0
vt 0 1
vt 1 1
vt 0 0
vt 1 0
vt 0 1
vt 1 1
vt 0 0
vt 1 0
vt 0 1
vt 1 1
vt 0 0
vt 1 0
vt 0 1
vt 1 1
vt 0 0
vt 1 0
vt 0 1
vt 1 1
vt 0 0
vt 1 0
vt 0 1
vt 1 1
vt 0 0
vt 1 0
vt 0 1
vt 1 1
vt 0 0
vt 1 0
vt 0 1
vt 1 1
vt 0 0
vt 1 0
vt 0 1
vt 1 1
vt 0 0
vt 1 0
vt 0 1
vt 1 1
vt 0 0
vt 1 0
vt 0 1
vt 1 1
vt 0 0
vt 1 0
vt 0 1
vt 1 1
vt 0 0
vt 1 0
vt 0 1
vt 1 1
vt 0 0
vt 1 0
vt 0 1
vt 1 1
vt 0 0
vt 1 0
vt 0 1
vt 1 1
vt 0 0
vt 1 0
vt 0 1
vt 1 1
vt 0 0
vt 1 0
vt 0 1
vt 1 1
vt 0 0
vt 1 0
vt 0 1
vt 1 1
vt 0 0
vt 1 0
vt 0 1
vt 1 1
vt 0 0
vt 1 0
vt 0 1
vt 1 1
vt 0 0
vt 1 0
vt 0 1
vt 1 1
vt 0 0
vt 1 0
vt 0 1
vt 1 1
vt 0 0
vt 1 0
vt 0 1
vt 1 1
vt 0 0
vt 1 0
vt 0 1
vt 1 1
vt 0 0
vt 1 0
vt 0 1
vt 1 1
vt 0 0
vt 1 0
vt 0 1
vt 1 1
vt 0 0
vt 1 0
vt 0 1
vt 1 1
vt 0 0
vt 1 0
vt 0 1
vt 1 1
vt 0 0
vt 1 0
vt 0 1
vt 1 1
vt 0 0
vt 1 0
vt 0 1
vt 1 1
vt 0 0
vt 1 0
vt 0 1
vt 1 1
vt 0 0
vt 1 0
vt 0 1
vt 1 1
vt 0 0
vt 1 0
vt 0 1
vt 1 1
vt 0 0
vt 1 0
vt 0 1
vt 1 1
vt 0 0
vt 1 0
vt 0 1
vt 1 1
vt 0 0
vt 1 0
vt 0 1
vt 1 1
vt 0 0
vt 1 0
vt 0 1
vt 1 1
vt 0 0
vt 1 0
vt 0 1
vt 1 1
vt 0 0
vt 1 0
vt 0 1
vt 1 1
vt 0 0
vt 1 0
vt 0 1
vt 1 1
vt 0 0
vt 1 0
vt 0 1
vt 1 1
vt 0 0
vt 1 0
vt 0 1
vt 1 1
vt 0 0
vt 1 0
vt 0 1
vt 1 1
vt 0 0
vt 1 0
vt 0 1
vt 1 1
vt 0 0
vt 1 0
vt 0 1
vt 1 1
vt 0 0
vt 1 0
vt 0 1
vt 1 1
vt 0 0
vt 1 0
vt 0 1
vt 1 1
vt 0 0
vt 1 0
vt 0 1
vt 1 1
vt 0 0
vt 1 0
vt 0 1
vt 1 1
vt 0 0
vt 1 0
vt 0 1
vt 1 1
vt 0 0
vt 1 0
vt 0 1
vt 1 1
vt 0 0
vt 1 0
vt 0 1
vt 1 1
vt 0 0
vt 1 0
vt 0 1
vt 1 1
vt 0 0
vt 1 0
vt 0 1
vt 1 1
vt 0 0
vt 1 0
vt 0 1
vt 1 1
vt 0 0
vt 1 0
vt 0 1
vt 1 1
vt 0 0
vt 1 0
vt 0 1
vt 1 1
vt 0 0
vt 1 0
vt 0 1
vt 1 1
vt 0 0
vt 1 0
vt 0 1
vt 1 1
vt 0 0
vt 1 0
vt 0 1
vt 1 1
vt 0 0
vt 1 0
vt 0 1
vt 1 1
vt 0 0
vt 1 0
vt 0 1
vt 1 1
vt 0 0
vt 1 0
vt 0 1
vt 1 1
vt 0 0
vt 1 0
vt 0 1
vt 1 1
vt 0 0
vt 1 0
vt 0 1
vt 1 1
vt 0 0
vt 1 0
vt 0 1
vt 1 1
vt 0 0
vt 1 0
vt 0 1
vt 1 1
vt 0 0
vt 1 0
vt 0 1
vt 1 1
vt 0 0
vt 1 0
vt 0 1
vt 1 1
vt 0 0
vt 1 0
vt 0 1
vt 1 1
vt 0 0
vt 1 0
vt 0 1
vt 1 1
vt 0 0
vt 1 0
vt 0 1
vt 1 1
vt 0 0
vt 1 0
vt 0 1
vt 1 1
vt 0 0
vt 1 0
vt 0 1
vt 1 1
vt 0 0
vt 1 0
vt 0 1
vt 1 1
vt 0 0
vt 1 0
vt 0 1
vt 1 1
vt 0 0
vt 1 0
vt 0 1
vt 1 1
vt 0 0
vt 1 0
vt 0 1
vt 1 1
vt 0 0
vt 1 0
vt 0 1
vt 1 1
vt 0 0
vt 1 0
vt 0 1
vt 1 1
vt 0 0
vt 1 0
vt 0 1
vt 1 1
vt 0 0
vt 1 0
vt 0 1
vt 1 1
vt 0 0
vt 1 0
vt 0 1
vt 1 1
vt 0 0
vt 1 0
vt 0 1
vt 1 1
vt 0 0
vt 1 0
vt 0 1
vt 1 1
vt 0 0
vt 1 0
vt 0 1
vt 1 1
vt 0 0
vt 1 0
vt 0 1
vt 1 1
vt 0 0
vt 1 0
vt 0 1
vt 1 1
vt 0 0
vt 1 0
vt 0 1
vt 1 1
vt 0 0
vt 1 0
vt 0 1
vt 1 1
vt 0 0
vt 1 0
vt 0 1
vt 1 1
vt 0 0
vt 1 0
vt 0 1
vt 1 1
vt 0 0
vt 1 0
vt 0 1
vt 1 1
vt 0 0
vt 1 0
vt 0 1
vt 1 1
vt 0 0
vt 1 0
vt 0 1
vt 1 1
vt 0 0
vt 1 0
vt 0 1
vt 1 1
vt 0 0
vt 1 0
vt 0 1
vt 1 1
vt 0 0
vt 1 0
vt 0 1
vt 1 1
vt 0 0
vt 1 0
vt 0 1
vt 1 1
vt 0 0
vt 1 0
vt 0 1
vt 1 1
vt 0 0
vt 1 0
vt 0 1
vt 1 1
vt 0 0
vt 1 0
vt 0 1
vt 1 1
vt 0 0
vt 1 0
vt 0 1
vt 1 1
vt 0 0
vt 1 0
vt 0 1
vt 1 1
vt 0 0
vt 1 0
vt 0 1
vt 1 1
vt 0 0
vt 1 0
vt 0 1
vt 1 1
vt 0 0
vt 1 0
vt 0 1
vt 1 1
vt 0 0
vt 1 0
vt 0 1
vt 1 1
vt 0 0
vt 1 0
vt 0 1
vt 1 1
vt 0 0
vt 1 0
vt 0 1
vt 1 1
vt 0 0
vt 1 0
vt 0 1
vt 1 1
vt 0 0
vt 1 0
vt 0 1
vt 1 1
vt 0 0
vt 1 0
vt 0 1
vt 1 1
vt 0 0
vt 1 0
vt 0 1
vt 1 1
vt 0 0
vt 1 0
vt 0 1
vt 1 1
vt 0 0
vt 1 0
vt 0 1
vt 1 1
vt 0 0
vt 1 0
vt 0 1
vt 1 1
vt 0 0
vt 1 0
vt 0 1
vt 1 1
vt 0 0
vt 1 0
vt 0 1
vt 1 1
vt 0 0
vt 1 0
vt 0 1
vt 1 1
vt 0 0
vt 1 0
vt 0 1
vt 1 1
vt 0 0
vt 1 0
vt 0 1
vt 1 1
vt 0 0
vt 1 0
vt 0 1
vt 1 1
vt 0 0
vt 1 0
vt 0 1
vt 1 1
vt 0 0
vt 1 0
vt 0 1
vt 1 1
vt 0 0
vt 1 0
vt 0 1
vt 1 1
vt 0 0
vt 1 0
vt 0 1
vt 1 1
vt 0 0
vt 1 0
vt 0 1
vt 1 1
vt 0 0
vt 1 0
vt 0 1
vt 1 1
vt 0 0
vt 1 0
vt 0 1
vt 1 1
vt 0 0
vt 1 0
vt 0 1
vt 1 1
vt 0 0
vt 1 0
vt 0 1
vt 1 1
vt 0 0
vt 1 0
vt 0 1
vt 1 1
vt 0 0
vt 1 0
vt 0 1
vt 1 1
vt 0 0
vt 1 0
vt 0 1
vt 1 1
vt 0 0
vt 1 0
vt 0 1
vt 1 1
vt 0 0
vt 1 0
vt 0 1
vt 1 1
vt 0 0
vt 1 0
vt 0 1
vt 1 1
vt 0 0
vt 1 0
vt 0 1
vt 1 1
vt 0 0
vt 1 0
vt 0 1
vt 1 1
vt 0 0
vt 1 0
vt 0 1
vt 1 1
vt 0 0
vt 1 0
vt 0 1
vt 1 1
vt 0 0
vt 1 0
vt 0 1
vt 1 1
vt 0 0
vt 1 0
vt 0 1
vt 1 1
vt 0 0
vt 1 0
vt 0 1
vt 1 1
vt 0 0
vt 1 0
vt 0 1
vt 1 1
vt 0 0
vt 1 0
vt 0 1
vt 1 1
vt 0 0
vt 1 0
vt 0 1
vt 1 1
vt 0 0
vt 1 0
vt 0 1
vt 1 1
vt 0 0
vt 1 0
vt 0 1
vt 1 1
vt 0 0
vt 1 0
vt 0 1
vt 1 1
vt 0 0
vt 1 0
vt 0 1
vt 1 1
vt 0 0
vt 1 0
vt 0 1
vt 1 1
vt 0 0
vt 1 0
vt 0 1
vt 1 1
vt 0 0
vt 1 0
vt 0 1
vt 1 1
vt 0 0
vt 1 0
vt 0 1
vt 1 1
vt 0 0
vt 1 0
vt 0 1
vt 1 1
vt 0 0
vt 1 0
vt 0 1
vt 1 1
vt 0 0
vt 1 0
vt 0 1
vt 1 1
vt 0 0
vt 1 0
vt 0 1
vt 1 1
vt 0 0
vt 1 0
vt 0 1
vt 1 1
vt 0 0
vt 1 0
vt 0 1
vt 1 1
vt 0 0
vt 1 0
vt 0 1
vt 1 1
vt 0 0
vt 1 0
vt 0 1
vt 1 1
vt 0 0
vt 1 0
vt 0 1
vt 1 1
vt 0 0
vt 1 0
vt 0 1
vt 1 1
vt 0 0
vt 1 0
vt 0 1
vt 1 1
vt 0 0
vt 1 0
vt 0 1
vt 1 1
vt 0 0
vt 1 0
vt 0 1
vt 1 1
vt 0 0
vt 1 0
vt 0 1
vt 1 1
vt 0 0
vt 1 0
vt 0 1
vt 1 1
vt 0 0
vt 1 0
vt 0 1
vt 1 1
vt 0 0
vt 1 0
vt 0 1
vt 1 1
vt 0 0
vt 1 0
vt 0 1
vt 1 1
vt 0 0
vt 1 0
vt 0 1
vt 1 1
vt 0 0
vt 1 0
vt 0 1
vt 1 1
vt 0 0
vt 1 0
vt 0 1
vt 1 1
vt 0 0
vt 1 0
vt 0 1
vt 1 1
vt 0 0
vt 1 0
vt 0 1
vt 1 1
vt 0 0
vt 1 0
vt 0 1
vt 1 1
vt 0 0
vt 1 0
vt 0 1
vt 1 1
vt 0 0
vt 1 0
vt 0 1
vt 1 1
vt 0 0
vt 1 0
vt 0 1
vt 1 1
vt 0 0
vt 1 0
vt 0 1
vt 1 1
vt 0 0
vt 1 0
vt 0 1
vt 1 1
vt 0 0
vt 1 0
vt 0 1
vt 1 1
vt 0 0
vt 1 0
vt 0 1
vt 1 1
vt 0 0
vt 1 0
vt 0 1
vt 1 1
vt 0 0
vt 1 0
vt 0 1
vt 1 1
vt 0 0
vt 1 0
vt 0 1
vt 1 1
vt 0 0
vt 1 0
vt 0 1
vt 1 1
vt 0 0
vt 1 0
vt 0 1
vt 1 1
vt 0 0
vt 1 0
vt 0 1
vt 1 1
vt 0 0
vt 1 0
vt 0 1
vt 1 1
vt 0 0
vt 1 0
vt 0 1
vt 1 1
vt 0 0
vt 1 0
vt 0 1
vt 1 1
vt 0 0
vt 1 0
vt 0 1
vt 1 1
vt 0 0
vt 1 0
vt 0 1
vt 1 1
vt 0 0
vt 1 0
vt 0 1
vt 1 1
vt 0 0
vt 1 0
vt 0 1
vt 1 1
vt 0 0
vt 1 0
vt 0 1
vt 1 1
vt 0 0
vt 1 0
vt 0 1
vt 1 1
vt 0 0
vt 1 0
vt 0 1
vt 1 1
vt 0 0
vt 1 0
vt 0 1
vt 1 1
vt 0 0
vt 1 0
vt 0 1
vt 1 1
vt 0 0
vt 1 0
vt 0 1
vt 1 1
vt 0 0
vt 1 0
vt 0 1
vt 1 1
vt 0 0
vt 1 0
vt 0 1
vt 1 1
vt 0 0
vt 1 0
vt 0 1
vt 1 1
vt 0 0
vt 1 0
vt 0 1
vt 1 1
vt 0 0
vt 1 0
vt 0 1
vt 1 1
vt 0 0
vt 1 0
vt 0 1
vt 1 1
vt 0 0
vt 1 0
vt 0 1
vt 1 1
vt 0 0
vt 1 0
vt 0 1
vt 1 1
vt 0 0
vt 1 0
vt 0 1
vt 1 1
vt 0 0
vt 1 0
vt 0 1
vt 1 1
vt 0 0
vt 1 0
vt 0 1
vt 1 1
vt 0 0
vt 1 0
vt 0 1
vt 1 1
vt 0 0
vt 1 0
vt 0 1
vt 1 1
vt 0 0
vt 1 0
vt 0 1
vt 1 1
vt 0 0
vt 1 0
vt 0 1
vt 1 1
vt 0 0
vt 1 0
vt 0 1
vt 1 1
vt 0 0
vt 1 0
vt 0 1
vt 1 1
vt 0 0
vt 1 0
vt 0 1
vt 1 1
vt 0 0
vt 1 0
vt 0 1
vt 1 1
vt 0 0
vt 1 0
vt 0 1
vt 1 1
vt 0 0
vt 1 0
vt 0 1
vt 1 1
vt 0 0
vt 1 0
vt 0 1
vt 1 1
vt 0 0
vt 1 0
vt 0 1
vt 1 1
vt 0 0
vt 1 0
vt 0 1
vt 1 1
vt 0 0
vt 1 0
vt 0 1
vt 1 1
vt 0 0
vt 1 0
vt 0 1
vt 1 1
vt 0 0
vt 1 0
vt 0 1
vt 1 1
vt 0 0
vt 1 0
vt 0 1
vt 1 1
vt 0 0
vt 1 0
vt 0 1
vt 1 1
vt 0 0
vt 1 0
vt 0 1
vt 1 1
vt 0 0
vt 1 0
vt 0 1
vt 1 1
vt 0 0
vt 1 0
vt 0 1
vt 1 1
vt 0 0
vt 1 0
vt 0 1
vt 1 1
vt 0 0
vt 1 0
vt 0 1
vt 1 1
vt 0 0
vt 1 0
vt 0 1
vt 1 1
vt 0 0
vt 1 0
vt 0 1
vt 1 1
vt 0 0
vt 1 0
vt 0 1
vt 1 1
vt 0 0
vt 1 0
vt 0 1
vt 1 1
vt 0 0
vt 1 0
vt 0 1
vt 1 1
vt 0 0
vt 1 0
vt 0 1
vt 1 1
vt 0 0
vt 1 0
vt 0 1
vt 1 1
vt 0 0
vt 1 0
vt 0 1
vt 1 1
vt 0 0
vt 1 0
vt 0 1
vt 1 1
vt 0 0
vt 1 0
vt 0 1
vt 1 1
vt 0 0
vt 1 0
vt 0 1
vt 1 1
vt 0 0
vt 1 0
vt 0 1
vt 1 1
vt 0 0
vt 1 0
vt 0 1
vt 1 1
vt 0 0
vt 1 0
vt 0 1
vt 1 1
vt 0 0
vt 1 0
vt 0 1
vt 1 1
vt 0 0
vt 1 0
vt 0 1
vt 1 1
vt 0 0
vt 1 0
vt 0 1
vt 1 1
vt 0 0
vt 1 0
vt 0 1
vt 1 1
vt 0 0
vt 1 0
vt 0 1
vt 1 1
vt 0 0
vt 1 0
vt 0 1
vt 1 1
vt 0 0
vt 1 0
vt 0 1
vt 1 1
vt 0 0
vt 1 0
vt 0 1
vt 1 1
vt 0 0
vt 1 0
vt 0 1
vt 1 1
vt 0 0
vt 1 0
vt 0 1
vt 1 1
vt 0 0
vt 1 0
vt 0 1
vt 1 1
vt 0 0
vt 1 0
vt 0 1
vt 1 1
vt 0 0
vt 1 0
vt 0 1
vt 1 1
vt 0 0
vt 1 0
vt 0 1
vt 1 1
vt 0 0
vt 1 0
vt 0 1
vt 1 1
vt 0 0
vt 1 0
vt 0 1
vt 1 1
vt 0 0
vt 1 0
vt 0 1
vt 1 1
vt 0 0
vt 1 0
vt 0 1
vt 1 1
vt 0 0
vt 1 0
vt 0 1
vt 1 1
vt 0 0
vt 1 0
vt 0 1
vt 1 1
vt 0 0
vt 1 0
vt 0 1
vt 1 1
vt 0 0
vt 1 0
vt 0 1
vt 1 1
vt 0 0
vt 1 0
vt 0 1
vt 1 1
vt 0 0
vt 1 0
vt 0 1
vt 1 1
vt 0 0
vt 1 0
vt 0 1
vt 1 1
vt 0 0
vt 1 0
vt 0 1
vt 1 1
vt 0 0
vt 1 0
vt 0 1
vt 1 1
vt 0 0
vt 1 0
vt 0 1
vt 1 1
vt 0 0
vt 1 0
vt 0 1
vt 1 1
vt 0 0
vt 1 0
vt 0 1
vt 1 1
vt 0 0
vt 1 0
vt 0 1
vt 1 1
vt 0 0
vt 1 0
vt 0 1
vt 1 1
vt 0 0
vt 1 0
vt 0 1
vt 1 1
vt 0 0
vt 1 0
vt 0 1
vt 1 1
vt 0 0
vt 1 0
vt 0 1
vt 1 1
vt 0 0
vt 1 0
vt 0 1
vt 1 1
vt 0 0
vt 1 0
vt 0 1
vt 1 1
vt 0 0
vt 1 0
vt 0 1
vt 1 1
vt 0 0
vt 1 0
vt 0 1
vt 1 1
vt 0 0
vt 1 0
vt 0 1
vt 1 1
vt 0 0
vt 1 0
vt 0 1
vt 1 1
vt 0 0
vt 1 0
vt 0 1
vt 1 1
vt 0 0
vt 1 0
vt 0 1
vt 1 1
vt 0 0
vt 1 0
vt 0 1
vt 1 1
vt 0 0
vt 1 0
vt 0 1
vt 1 1
vt 0 0
vt 1 0
vt 0 1
vt 1 1
vt 0 0
vt 1 0
vt 0 1
vt 1 1
vt 0 0
vt 1 0
vt 0 1
vt 1 1
vt 0 0
vt 1 0
vt 0 1
vt 1 1
vt 0 0
vt 1 0
vt 0 1
vt 1 1
vt 0 0
vt 1 0
vt 0 1
vt 1 1
vt 0 0
vt 1 0
vt 0 1
vt 1 1
vt 0 0
vt 1 0
vt 0 1
vt 1 1
vt 0 0
vt 1 0
vt 0 1
vt 1 1
vt 0 0
vt 1 0
vt 0 1
vt 1 1
vt 0 0
vt 1 0
vt 0 1
vt 1 1
vt 0 0
vt 1 0
vt 0 1
vt 1 1
vt 0 0
vt 1 0
vt 0 1
vt 1 1
vt 0 0
vt 1 0
vt 0 1
vt 1 1
vt 0 0
vt 1 0
vt 0 1
vt 1 1
vt 0 0
vt 1 0
vt 0 1
vt 1 1
vt 0 0
vt 1 0
vt 0 1
vt 1 1
vt 0 0
vt 1 0
vt 0 1
vt 1 1
vt 0 0
vt 1 0
vt 0 1
vt 1 1
vt 0 0
vt 1 0
vt 0 1
vt 1 1
vt 0 0
vt 1 0
vt 0 1
vt 1 1
vt 0 0
vt 1 0
vt 0 1
vt 1 1
vt 0 0
vt 1 0
vt 0 1
vt 1 1
vt 0 0
vt 1 0
vt 0 1
vt 1 1
vt 0 0
vt 1 0
vt 0 1
vt 1 1
vt 0 0
vt 1 0
vt 0 1
vt 1 1
vt 0 0
vt 1 0
vt 0 1
vt 1 1
vt 0 0
vt 1 0
vt 0 1
vt 1 1
vt 0 0
vt 1 0
vt 0 1
vt 1 1
vt 0 0
vt 1 0
vt 0 1
vt 1 1
vt 0 0
vt 1 0
vt 0 1
vt 1 1
vt 0 0
vt 1 0
vt 0 1
vt 1 1
vt 0 0
vt 1 0
vt 0 1
vt 1 1
vt 0 0
vt 1 0
vt 0 1
vt 1 1
vt 0 0
vt 1 0
vt 0 1
vt 1 1
vt 0 0
vt 1 0
vt 0 1
vt 1 1
vt 0 0
vt 1 0
vt 0 1
vt 1 1
vt 0 0
vt 1 0
vt 0 1
vt 1 1
vt 0 0
vt 1 0
vt 0 1
vt 1 1
vt 0 0
vt 1 0
vt 0 1
vt 1 1
vt 0 0
vt 1 0
vt 0 1
vt 1 1
vt 0 0
vt 1 0
vt 0 1
vt 1 1
vt 0 0
vt 1 0
vt 0 1
vt 1 1
vt 0 0
vt 1 0
vt 0 1
vt 1 1
vt 0 0
vt 1 0
vt 0 1
vt 1 1
vt 0 0
vt 1 0
vt 0 1
vt 1 1
vt 0 0
vt 1 0
vt 0 1
vt 1 1
vt 0 0
vt 1 0
vt 0 1
vt 1 1
vt 0 0
vt 1 0
vt 0 1
vt 1 1
vt 0 0
vt 1 0
vt 0 1
vt 1 1
vt 0 0
vt 1 0
vt 0 1
vt 1 1
vt 0 0
vt 1 0
vt 0 1
vt 1 1
vt 0 0
vt 1 0
vt 0 1
vt 1 1
vt 0 0
vt 1 0
vt 0 1
vt 1 1
vt 0 0
vt 1 0
vt 0 1
vt 1 1
vt 0 0
vt 1 0
vt 0 1
vt 1 1
vt 0 0
vt 1 0
vt 0 1
vt 1 1
vt 0 0
vt 1 0
vt 0 1
vt 1 1
vt 0 0
vt 1 0
vt 0 1
vt 1 1
vt 0 0
vt 1 0
vt 0 1
vt 1 1
vt 0 0
vt 1 0
vt 0 1
vt 1 1
vt 0 0
vt 1 0
vt 0 1
vt 1 1
vt 0 0
vt 1 0
vt 0 1
vt 1 1
vt 0 0
vt 1 0
vt 0 1
vt 1 1
vt 0 0
vt 1 0
vt 0 1
vt 1 1
vt 0 0
vt 1 0
vt 0 1
vt 1 1
vt 0 0
vt 1 0
vt 0 1
vt 1 1
vt 0 0
vt 1 0
vt 0 1
vt 1 1
vt 0 0
vt 1 0
vt 0 1
vt 1 1
vt 0 0
vt 1 0
vt 0 1
vt 1 1
vt 0 0
vt 1 0
vt 0 1
vt 1 1
vt 0 0
vt 1 0
vt 0 1
vt 1 1
vt 0 0
vt 1 0
vt 0 1
vt 1 1
vt 0 0
vt 1 0
vt 0 1
vt 1 1
vt 0 0
vt 1 0
vt 0 1
vt 1 1
vt 0 0
vt 1 0
vt 0 1
vt 1 1
vt 0 0
vt 1 0
vt 0 1
vt 1 1
vt 0 0
vt 1 0
vt 0 1
vt 1 1
vt 0 0
vt 1 0
vt 0 1
vt 1 1
vt 0 0
vt 1 0
vt 0 1
vt 1 1
vt 0 0
vt 1 0
vt 0 1
vt 1 1
vt 0 0
vt 1 0
vt 0 1
vt 1 1
vt 0 0
vt 1 0
vt 0 1
vt 1 1
vt 0 0
vt 1 0
vt 0 1
vt 1 1
vt 0 0
vt 1 0
vt 0 1
vt 1 1
vt 0 0
vt 1 0
vt 0 1
vt 1 1
vt 0 0
vt 1 0
vt 0 1
vt 1 1
vt 0 0
vt 1 0
vt 0 1
vt 1 1
vt 0 0
vt 1 0
vt 0 1
vt 1 1
vt 0 0
vt 1 0
vt 0 1
vt 1 1
vt 0 0
vt 1 0
vt 0 1
vt 1 1
vt 0 0
vt 1 0
vt 0 1
vt 1 1
vt 0 0
vt 1 0
vt 0 1
vt 1 1
vt 0 0
vt 1 0
vt 0 1
vt 1 1
vt 0 0
vt 1 0
vt 0 1
vt 1 1
vt 0 0
vt 1 0
vt 0 1
vt 1 1
vt 0 0
vt 1 0
vt 0 1
vt 1 1
vt 0 0
vt 1 0
vt 0 1
vt 1 1
vt 0 0
vt 1 0
vt 0 1
vt 1 1
vt 0 0
vt 1 0
vt 0 1
vt 1 1
vt 0 0
vt 1 0
vt 0 1
vt 1 1
vt 0 0
vt 1 0
vt 0 1
vt 1 1
vt 0 0
vt 1 0
vt 0 1
vt 1 1
vt 0 0
vt 1 0
vt 0 1
vt 1 1
vt 0 0
vt 1 0
vt 0 1
vt 1 1
vt 0 0
vt 1 0
vt 0 1
vt 1 1
vt 0 0
vt 1 0
vt 0 1
vt 1 1
vt 0 0
vt 1 0
vt 0 1
vt 1 1
vt 0 0
vt 1 0
vt 0 1
vt 1 1
vt 0 0
vt 1 0
vt 0 1
vt 1 1
vt 0 0
vt 1 0
vt 0 1
vt 1 1
vt 0 0
vt 1 0
vt 0 1
vt 1 1
vt 0 0
vt 1 0
vt 0 1
vt 1 1
vt 0 0
vt 1 0
vt 0 1
vt 1 1
vt 0 0
vt 1 0
vt 0 1
vt 1 1
vt 0 0
vt 1 0
vt 0 1
vt 1 1
vt 0 0
vt 1 0
vt 0 1
vt 1 1
vt 0 0
vt 1 0
vt 0 1
vt 1 1
vt 0 0
vt 1 0
vt 0 1
vt 1 1
vt 0 0
vt 1 0
vt 0 1
vt 1 1
vt 0 0
vt 1 0
vt 0 1
vt 1 1
vt 0 0
vt 1 0
vt 0 1
vt 1 1
vt 0 0
vt 1 0
vt 0 1
vt 1 1
vt 0 0
vt 1 0
vt 0 1
vt 1 1
vt 0 0
vt 1 0
vt 0 1
vt 1 1
vt 0 0
vt 1 0
vt 0 1
vt 1 1
vt 0 0
vt 1 0
vt 0 1
vt 1 1
vt 0 0
vt 1 0
vt 0 1
vt 1 1
vt 0 0
vt 1 0
vt 0 1
vt 1 1
vt 0 0
vt 1 0
vt 0 1
vt 1 1
vt 0 0
vt 1 0
vt 0 1
vt 1 1
vt 0 0
vt 1 0
vt 0 1
vt 1 1
vt 0 0
vt 1 0
vt 0 1
vt 1 1
vt 0 0
vt 1 0
vt 0 1
vt 1 1
vt 0 0
vt 1 0
vt 0 1
vt 1 1
vt 0 0
vt 1 0
vt 0 1
vt 1 1
vt 0 0
vt 1 0
vt 0 1
vt 1 1
vt 0 0
vt 1 0
vt 0 1
vt 1 1
vt 0 0
vt 1 0
vt 0 1
vt 1 1
vt 0 0
vt 1 0
vt 0 1
vt 1 1
vt 0 0
vt 1 0
vt 0 1
vt 1 1
vt 0 0
vt 1 0
vt 0 1
vt 1 1
vt 0 0
vt 1 0
vt 0 1
vt 1 1
vt 0 0
vt 1 0
vt 0 1
vt 1 1
vt 0 0
vt 1 0
vt 0 1
vt 1 1
vt 0 0
vt 1 0
vt 0 1
vt 1 1
vt 0 0
vt 1 0
vt 0 1
vt 1 1
vt 0 0
vt 1 0
vt 0 1
vt 1 1
vt 0 0
vt 1 0
vt 0 1
vt 1 1
vt 0 0
vt 1 0
vt 0 1
vt 1 1
vt 0 0
vt 1 0
vt 0 1
vt 1 1
vt 0 0
vt 1 0
vt 0 1
vt 1 1
vt 0 0
vt 1 0
vt 0 1
vt 1 1
vt 0 0
vt 1 0
vt 0 1
vt 1 1
vt 0 0
vt 1 0
vt 0 1
vt 1 1
vt 0 0
vt 1 0
vt 0 1
vt 1 1
vt 0 0
vt 1 0
vt 0 1
vt 1 1
vt 0 0
vt 1 0
vt 0 1
vt 1 1
vt 0 0
vt 1 0
vt 0 1
vt 1 1
vt 0 0
vt 1 0
vt 0 1
vt 1 1
vt 0 0
vt 1 0
vt 0 1
vt 1 1
vt 0 0
vt 1 0
vt 0 1
vt 1 1
vt 0 0
vt 1 0
vt 0 1
vt 1 1
vt 0 0
vt 1 0
vt 0 1
vt 1 1
vt 0 0
vt 1 0
vt 0 1
vt 1 1
vt 0 0
vt 1 0
vt 0 1
vt 1 1
vt 0 0
vt 1 0
vt 0 1
vt 1 1
vt 0 0
vt 1 0
vt 0 1
vt 1 1
vt 0 0
vt 1 0
vt 0 1
vt 1 1
vt 0 0
vt 1 0
vt 0 1
vt 1 1
vt 0 0
vt 1 0
vt 0 1
vt 1 1
vt 0 0
vt 1 0
vt 0 1
vt 1 1
vt 0 0
vt 1 0
vt 0 1
vt 1 1
vt 0 0
vt 1 0
vt 0 1
vt 1 1
vt 0 0
vt 1 0
vt 0 1
vt 1 1
vt 0 0
vt 1 0
vt 0 1
vt 1 1
vt 0 0
vt 1 0
vt 0 1
vt 1 1
vt 0 0
vt 1 0
vt 0 1
vt 1 1
vt 0 0
vt 1 0
vt 0 1
vt 1 1
vt 0 0
vt 1 0
vt 0 1
vt 1 1
vt 0 0
vt 1 0
vt 0 1
vt 1 1
vt 0 0
vt 1 0
vt 0 1
vt 1 1
vt 0 0
vt 1 0
vt 0 1
vt 1 1
vt 0 0
vt 1 0
vt 0 1
vt 1 1
vt 0 0
vt 1 0
vt 0 1
vt 1 1
vt 0 0
vt 1 0
vt 0 1
vt 1 1
vt 0 0
vt 1 0
vt 0 1
vt 1 1
vt 0 0
vt 1 0
vt 0 1
vt 1 1
vt 0 0
vt 1 0
vt 0 1
vt 1 1
vt 0 0
vt 1 0
vt 0 1
vt 1 1
vt 0 0
vt 1 0
vt 0 1
vt 1 1
vt 0 0
vt 1 0
vt 0 1
vt 1 1
vt 0 0
vt 1 0
vt 0 1
vt 1 1
vt 0 0
vt 1 0
vt 0 1
vt 1 1
vt 0 0
vt 1 0
vt 0 1
vt 1 1
vt 0 0
vt 1 0
vt 0 1
vt 1 1
vt 0 0
vt 1 0
vt 0 1
vt 1 1
vt 0 0
vt 1 0
vt 0 1
vt 1 1
vt 0 0
vt 1 0
vt 0 1
vt 1 1
vt 0 0
vt 1 0
vt 0 1
vt 1 1
vt 0 0
vt 1 0
vt 0 1
vt 1 1
vt 0 0
vt 1 0
vt 0 1
vt 1 1
vt 0 0
vt 1 0
vt 0 1
vt 1 1
vt 0 0
vt 1 0
vt 0 1
vt 1 1
vt 0 0
vt 1 0
vt 0 1
vt 1 1
vt 0 0
vt 1 0
vt 0 1
vt 1 1
vt 0 0
vt 1 0
vt 0 1
vt 1 1
vt 0 0
vt 1 0
vt 0 1
vt 1 1
vt 0 0
vt 1 0
vt 0 1
vt 1 1
vt 0 0
vt 1 0
vt 0 1
vt 1 1
vt 0 0
vt 1 0
vt 0 1
vt 1 1
vt 0 0
vt 1 0
vt 0 1
vt 1 1
vt 0 0
vt 1 0
vt 0 1
vt 1 1
vt 0 0
vt 1 0
vt 0 1
vt 1 1
vt 0 0
vt 1 0
vt 0 1
vt 1 1
vt 0 0
vt 1 0
vt 0 1
vt 1 1
vt 0 0
vt 1 0
vt 0 1
vt 1 1
vt 0 0
vt 1 0
vt 0 1
vt 1 1
vt 0 0
vt 1 0
vt 0 1
vt 1 1
vt 0 0
vt 1 0
vt 0 1
vt 1 1
vt 0 0
vt 1 0
vt 0 1
vt 1 1
vt 0 0
vt 1 0
vt 0 1
vt 1 1
vt 0 0
vt 1 0
vt 0 1
vt 1 1
vt 0 0
vt 1 0
vt 0 1
vt 1 1
vt 0 0
vt 1 0
vt 0 1
vt 1 1
vt 0 0
vt 1 0
vt 0 1
vt 1 1
vt 0 0
vt 1 0
vt 0 1
vt 1 1
vt 0 0
vt 1 0
vt 0 1
vt 1 1
vt 0 0
vt 1 0
vt 0 1
vt 1 1
vt 0 0
vt 1 0
vt 0 1
vt 1 1
vt 0 0
vt 1 0
vt 0 1
vt 1 1
vt 0 0
vt 1 0
vt 0 1
vt 1 1
vt 0 0
vt 1 0
vt 0 1
vt 1 1
vt 0 0
vt 1 0
vt 0 1
vt 1 1
vt 0 0
vt 1 0
vt 0 1
vt 1 1
vt 0 0
vt 1 0
vt 0 1
vt 1 1
vt 0 0
vt 1 0
vt 0 1
vt 1 1
vt 0 0
vt 1 0
vt 0 1
vt 1 1
vt 0 0
vt 1 0
vt 0 1
vt 1 1
vt 0 0
vt 1 0
vt 0 1
vt 1 1
vt 0 0
vt 1 0
vt 0 1
vt 1 1
vt 0 0
vt 1 0
vt 0 1
vt 1 1
vt 0 0
vt 1 0
vt 0 1
vt 1 1
vt 0 0
vt 1 0
vt 0 1
vt 1 1
vt 0 0
vt 1 0
vt 0 1
vt 1 1
vt 0 0
vt 1 0
vt 0 1
vt 1 1
vt 0 0
vt 1 0
vt 0 1
vt 1 1
vt 0 0
vt 1 0
vt 0 1
vt 1 1
vt 0 0
vt 1 0
vt 0 1
vt 1 1
vt 0 0
vt 1 0
vt 0 1
vt 1 1
vt 0 0
vt 1 0
vt 0 1
vt 1 1
vt 0 0
vt 1 0
vt 0 1
vt 1 1
vt 0 0
vt 1 0
vt 0 1
vt 1 1
vt 0 0
vt 1 0
vt 0 1
vt 1 1
vt 0 0
vt 1 0
vt 0 1
vt 1 1
vt 0 0
vt 1 0
vt 0 1
vt 1 1
vt 0 0
vt 1 0
vt 0 1
vt 1 1
vt 0 0
vt 1 0
vt 0 1
vt 1 1
vt 0 0
vt 1 0
vt 0 1
vt 1 1
vt 0 0
vt 1 0
vt 0 1
vt 1 1
vt 0 0
vt 1 0
vt 0 1
vt 1 1
vt 0 0
vt 1 0
vt 0 1
vt 1 1
vt 0 0
vt 1 0
vt 0 1
vt 1 1
vt 0 0
vt 1 0
vt 0 1
vt 1 1
vt 0 0
vt 1 0
vt 0 1
vt 1 1
vt 0 0
vt 1 0
vt 0 1
vt 1 1
vt 0 0
vt 1 0
vt 0 1
vt 1 1
vt 0 0
vt 1 0
vt 0 1
vt 1 1
vt 0 0
vt 1 0
vt 0 1
vt 1 1
vt 0 0
vt 1 0
vt 0 1
vt 1 1
vt 0 0
vt 1 0
vt 0 1
vt 1 1
vt 0 0
vt 1 0
vt 0 1
vt 1 1
vt 0 0
vt 1 0
vt 0 1
vt 1 1
vt 0 0
vt 1 0
vt 0 1
vt 1 1
vt 0 0
vt 1 0
vt 0 1
vt 1 1
vt 0 0
vt 1 0
vt 0 1
vt 1 1
vt 0 0
vt 1 0
vt 0 1
vt 1 1
vt 0 0
vt 1 0
vt 0 1
vt 1 1
vt 0 0
vt 1 0
vt 0 1
vt 1 1
vt 0 0
vt 1 0
vt 0 1
vt 1 1
vt 0 0
vt 1 0
vt 0 1
vt 1 1
vt 0 0
vt 1 0
vt 0 1
vt 1 1
vt 0 0
vt 1 0
vt 0 1
vt 1 1
vt 0 0
vt 1 0
vt 0 1
vt 1 1
vt 0 0
vt 1 0
vt 0 1
vt 1 1
vt 0 0
vt 1 0
vt 0 1
vt 1 1
vt 0 0
vt 1 0
vt 0 1
vt 1 1
vt 0 0
vt 1 0
vt 0 1
vt 1 1
vt 0 0
vt 1 0
vt 0 1
vt 1 1
vt 0 0
vt 1 0
vt 0 1
vt 1 1
vt 0 0
vt 1 0
vt 0 1
vt 1 1
vt 0 0
vt 1 0
vt 0 1
vt 1 1
vt 0 0
vt 1 0
vt 0 1
vt 1 1
vt 0 0
vt 1 0
vt 0 1
vt 1 1
vt 0 0
vt 1 0
vt 0 1
vt 1 1
vt 0 0
vt 1 0
vt 0 1
vt 1 1
vt 0 0
vt 1 0
vt 0 1
vt 1 1
vt 0 0
vt 1 0
vt 0 1
vt 1 1
vt 0 0
vt 1 0
vt 0 1
vt 1 1
vt 0 0
vt 1 0
vt 0 1
vt 1 1
vt 0 0
vt 1 0
vt 0 1
vt 1 1
vt 0 0
vt 1 0
vt 0 1
vt 1 1
vt 0 0
vt 1 0
vt 0 1
vt 1 1
vt 0 0
vt 1 0
vt 0 1
vt 1 1
vt 0 0
vt 1 0
vt 0 1
vt 1 1
vt 0 0
vt 1 0
vt 0 1
vt 1 1
vt 0 0
vt 1 0
vt 0 1
vt 1 1
vt 0 0
vt 1 0
vt 0 1
vt 1 1
vt 0 0
vt 1 0
vt 0 1
vt 1 1
vt 0 0
vt 1 0
vt 0 1
vt 1 1
vt 0 0
vt 1 0
vt 0 1
vt 1 1
vt 0 0
vt 1 0
vt 0 1
vt 1 1
vt 0 0
vt 1 0
vt 0 1
vt 1 1
vt 0 0
vt 1 0
vt 0 1
vt 1 1
vt 0 0
vt 1 0
vt 0 1
vt 1 1
vt 0 0
vt 1 0
vt 0 1
vt 1 1
vt 0 0
vt 1 0
vt 0 1
vt 1 1
vt 0 0
vt 1 0
vt 0 1
vt 1 1
vt 0 0
vt 1 0
vt 0 1
vt 1 1
vt 0 0
vt 1 0
vt 0 1
vt 1 1
vt 0 0
vt 1 0
vt 0 1
vt 1 1
vt 0 0
vt 1 0
vt 0 1
vt 1 1
vt 0 0
vt 1 0
vt 0 1
vt 1 1
vt 0 0
vt 1 0
vt 0 1
vt 1 1
vt 0 0
vt 1 0
vt 0 1
vt 1 1
vt 0 0
vt 1 0
vt 0 1
vt 1 1
vt 0 0
vt 1 0
vt 0 1
vt 1 1
vt 0 0
vt 1 0
vt 0 1
vt 1 1
vt 0 0
vt 1 0
vt 0 1
vt 1 1
vt 0 0
vt 1 0
vt 0 1
vt 1 1
vt 0 0
vt 1 0
vt 0 1
vt 1 1
vt 0 0
vt 1 0
vt 0 1
vt 1 1
vt 0 0
vt 1 0
vt 0 1
vt 1 1
vt 0 0
vt 1 0
vt 0 1
vt 1 1
vt 0 0
vt 1 0
vt 0 1
vt 1 1
vt 0 0
vt 1 0
vt 0 1
vt 1 1
vt 0 0
vt 1 0
vt 0 1
vt 1 1
vt 0 0
vt 1 0
vt 0 1
vt 1 1
vt 0 0
vt 1 0
vt 0 1
vt 1 1
vt 0 0
vt 1 0
vt 0 1
vt 1 1
vt 0 0
vt 1 0
vt 0 1
vt 1 1
vt 0 0
vt 1 0
vt 0 1
vt 1 1
vt 0 0
vt 1 0
vt 0 1
vt 1 1
vt 0 0
vt 1 0
vt 0 1
vt 1 1
vt 0 0
vt 1 0
vt 0 1
vt 1 1
vt 0 0
vt 1 0
vt 0 1
vt 1 1
vt 0 0
vt 1 0
vt 0 1
vt 1 1
vt 0 0
vt 1 0
vt 0 1
vt 1 1
vt 0 0
vt 1 0
vt 0 1
vt 1 1
vt 0 0
vt 1 0
vt 0 1
vt 1 1
vt 0 0
vt 1 0
vt 0 1
vt 1 1
vt 0 0
vt 1 0
vt 0 1
vt 1 1
vt 0 0
vt 1 0
vt 0 1
vt 1 1
vt 0 0
vt 1 0
vt 0 1
vt 1 1
vt 0 0
vt 1 0
vt 0 1
vt 1 1
vt 0 0
vt 1 0
vt 0 1
vt 1 1
vt 0 0
vt 1 0
vt 0 1
vt 1 1
vt 0 0
vt 1 0
vt 0 1
vt 1 1
vt 0 0
vt 1 0
vt 0 1
vt 1 1
vt 0 0
vt 1 0
vt 0 1
vt 1 1
vt 0 0
vt 1 0
vt 0 1
vt 1 1
vt 0 0
vt 1 0
vt 0 1
vt 1 1
vt 0 0
vt 1 0
vt 0 1
vt 1 1
vt 0 0
vt 1 0
vt 0 1
vt 1 1
vt 0 0
vt 1 0
vt 0 1
vt 1 1
vt 0 0
vt 1 0
vt 0 1
vt 1 1
vt 0 0
vt 1 0
vt 0 1
vt 1 1
vt 0 0
vt 1 0
vt 0 1
vt 1 1
vt 0 0
vt 1 0
vt 0 1
vt 1 1
vt 0 0
vt 1 0
vt 0 1
vt 1 1
vt 0 0
vt 1 0
vt 0 1
vt 1 1
vt 0 0
vt 1 0
vt 0 1
vt 1 1
vt 0 0
vt 1 0
vt 0 1
vt 1 1
vt 0 0
vt 1 0
vt 0 1
vt 1 1
vt 0 0
vt 1 0
vt 0 1
vt 1 1
vt 0 0
vt 1 0
vt 0 1
vt 1 1
vt 0 0
vt 1 0
vt 0 1
vt 1 1
vt 0 0
vt 1 0
vt 0 1
vt 1 1
vt 0 0
vt 1 0
vt 0 1
vt 1 1
vt 0 0
vt 1 0
vt 0 1
vt 1 1
vt 0 0
vt 1 0
vt 0 1
vt 1 1
vt 0 0
vt 1 0
vt 0 1
vt 1 1
vt 0 0
vt 1 0
vt 0 1
vt 1 1
vt 0 0
vt 1 0
vt 0 1
vt 1 1
vt 0 0
vt 1 0
vt 0 1
vt 1 1
vt 0 0
vt 1 0
vt 0 1
vt 1 1
vt 0 0
vt 1 0
vt 0 1
vt 1 1
vt 0 0
vt 1 0
vt 0 1
vt 1 1
vt 0 0
vt 1 0
vt 0 1
vt 1 1
vt 0 0
vt 1 0
vt 0 1
vt 1 1
vt 0 0
vt 1 0
vt 0 1
vt 1 1
vt 0 0
vt 1 0
vt 0 1
vt 1 1
vt 0 0
vt 1 0
vt 0 1
vt 1 1
vt 0 0
vt 1 0
vt 0 1
vt 1 1
vt 0 0
vt 1 0
vt 0 1
vt 1 1
vt 0 0
vt 1 0
vt 0 1
vt 1 1
vt 0 0
vt 1 0
vt 0 1
vt 1 1
vt 0 0
vt 1 0
vt 0 1
vt 1 1
vt 0 0
vt 1 0
vt 0 1
vt 1 1
vt 0 0
vt 1 0
vt 0 1
vt 1 1
vt 0 0
vt 1 0
vt 0 1
vt 1 1
vt 0 0
vt 1 0
vt 0 1
vt 1 1
vt 0 0
vt 1 0
vt 0 1
vt 1 1
vt 0 0
vt 1 0
vt 0 1
vt 1 1
vt 0 0
vt 1 0
vt 0 1
vt 1 1
vt 0 0
vt 1 0
vt 0 1
vt 1 1
vt 0 0
vt 1 0
vt 0 1
vt 1 1
vt 0 0
vt 1 0
vt 0 1
vt 1 1
vt 0 0
vt 1 0
vt 0 1
vt 1 1
vt 0 0
vt 1 0
vt 0 1
vt 1 1
vt 0 0
vt 1 0
vt 0 1
vt 1 1
vt 0 0
vt 1 0
vt 0 1
vt 1 1
vt 0 0
vt 1 0
vt 0 1
vt 1 1
vt 0 0
vt 1 0
vt 0 1
vt 1 1
vt 0 0
vt 1 0
vt 0 1
vt 1 1
vt 0 0
vt 1 0
vt 0 1
vt 1 1
vt 0 0
vt 1 0
vt 0 1
vt 1 1
vt 0 0
vt 1 0
vt 0 1
vt 1 1
vt 0 0
vt 1 0
vt 0 1
vt 1 1
vt 0 0
vt 1 0
vt 0 1
vt 1 1
vt 0 0
vt 1 0
vt 0 1
vt 1 1
vt 0 0
vt 1 0
vt 0 1
vt 1 1
vt 0 0
vt 1 0
vt 0 1
vt 1 1
vt 0 0
vt 1 0
vt 0 1
vt 1 1
vt 0 0
vt 1 0
vt 0 1
vt 1 1
vt 0 0
vt 1 0
vt 0 1
vt 1 1
vt 0 0
vt 1 0
vt 0 1
vt 1 1
vt 0 0
vt 1 0
vt 0 1
vt 1 1
vt 0 0
vt 1 0
vt 0 1
vt 1 1
vt 0 0
vt 1 0
vt 0 1
vt 1 1
vt 0 0
vt 1 0
vt 0 1
vt 1 1
vt 0 0
vt 1 0
vt 0 1
vt 1 1
vt 0 0
vt 1 0
vt 0 1
vt 1 1
vt 0 0
vt 1 0
vt 0 1
vt 1 1
vt 0 0
vt 1 0
vt 0 1
vt 1 1
vt 0 0
vt 1 0
vt 0 1
vt 1 1
vt 0 0
vt 1 0
vt 0 1
vt 1 1
vt 0 0
vt 1 0
vt 0 1
vt 1 1
vt 0 0
vt 1 0
vt 0 1
vt 1 1
vt 0 0
vt 1 0
vt 0 1
vt 1 1
vt 0 0
vt 1 0
vt 0 1
vt 1 1
vt 0 0
vt 1 0
vt 0 1
vt 1 1
vt 0 0
vt 1 0
vt 0 1
vt 1 1
vt 0 0
vt 1 0
vt 0 1
vt 1 1
vt 0 0
vt 1 0
vt 0 1
vt 1 1
vt 0 0
vt 1 0
vt 0 1
vt 1 1
vt 0 0
vt 1 0
vt 0 1
vt 1 1
vt 0 0
vt 1 0
vt 0 1
vt 1 1
vt 0 0
vt 1 0
vt 0 1
vt 1 1
vt 0 0
vt 1 0
vt 0 1
vt 1 1
vt 0 0
vt 1 0
vt 0 1
vt 1 1
vt 0 0
vt 1 0
vt 0 1
vt 1 1
vt 0 0
vt 1 0
vt 0 1
vt 1 1
vt 0 0
vt 1 0
vt 0 1
vt 1 1
vt 0 0
vt 1 0
vt 0 1
vt 1 1
vt 0 0
vt 1 0
vt 0 1
vt 1 1
vt 0 0
vt 1 0
vt 0 1
vt 1 1
vt 0 0
vt 1 0
vt 0 1
vt 1 1
vt 0 0
vt 1 0
vt 0 1
vt 1 1
vt 0 0
vt 1 0
vt 0 1
vt 1 1
vt 0 0
vt 1 0
vt 0 1
vt 1 1
vt 0 0
vt 1 0
vt 0 1
vt 1 1
vt 0 0
vt 1 0
vt 0 1
vt 1 1
vt 0 0
vt 1 0
vt 0 1
vt 1 1
vt 0 0
vt 1 0
vt 0 1
vt 1 1
vt 0 0
vt 1 0
vt 0 1
vt 1 1
vt 0 0
vt 1 0
vt 0 1
vt 1 1
vt 0 0
vt 1 0
vt 0 1
vt 1 1
vt 0 0
vt 1 0
vt 0 1
vt 1 1
vt 0 0
vt 1 0
vt 0 1
vt 1 1
vt 0 0
vt 1 0
vt 0 1
vt 1 1
vt 0 0
vt 1 0
vt 0 1
vt 1 1
vt 0 0
vt 1 0
vt 0 1
vt 1 1
vt 0 0
vt 1 0
vt 0 1
vt 1 1
vt 0 0
vt 1 0
vt 0 1
vt 1 1
vt 0 0
vt 1 0
vt 0 1
vt 1 1
vt 0 0
vt 1 0
vt 0 1
vt 1 1
vt 0 0
vt 1 0
vt 0 1
vt 1 1
vt 0 0
vt 1 0
vt 0 1
vt 1 1
vt 0 0
vt 1 0
vt 0 1
vt 1 1
vt 0 0
vt 1 0
vt 0 1
vt 1 1
vt 0 0
vt 1 0
vt 0 1
vt 1 1
vt 0 0
vt 1 0
vt 0 1
vt 1 1
vt 0 0
vt 1 0
vt 0 1
vt 1 1
vt 0 0
vt 1 0
vt 0 1
vt 1 1
vt 0 0
vt 1 0
vt 0 1
vt 1 1
vt 0 0
vt 1 0
vt 0 1
vt 1 1
vt 0 0
vt 1 0
vt 0 1
vt 1 1
vt 0 0
vt 1 0
vt 0 1
vt 1 1
vt 0 0
vt 1 0
vt 0 1
vt 1 1
vt 0 0
vt 1 0
vt 0 1
vt 1 1
vt 0 0
vt 1 0
vt 0 1
vt 1 1
vt 0 0
vt 1 0
vt 0 1
vt 1 1
vt 0 0
vt 1 0
vt 0 1
vt 1 1
vt 0 0
vt 1 0
vt 0 1
vt 1 1
vt 0 0
vt 1 0
vt 0 1
vt 1 1
vt 0 0
vt 1 0
vt 0 1
vt 1 1
vt 0 0
vt 1 0
vt 0 1
vt 1 1
vt 0 0
vt 1 0
vt 0 1
vt 1 1
vt 0 0
vt 1 0
vt 0 1
vt 1 1
vt 0 0
vt 1 0
vt 0 1
vt 1 1
vt 0 0
vt 1 0
vt 0 1
vt 1 1
vt 0 0
vt 1 0
vt 0 1
vt 1 1
vt 0 0
vt 1 0
vt 0 1
vt 1 1
vt 0 0
vt 1 0
vt 0 1
vt 1 1
vt 0 0
vt 1 0
vt 0 1
vt 1 1
vt 0 0
vt 1 0
vt 0 1
vt 1 1
vt 0 0
vt 1 0
vt 0 1
vt 1 1
vt 0 0
vt 1 0
vt 0 1
vt 1 1
vt 0 0
vt 1 0
vt 0 1
vt 1 1
vt 0 0
vt 1 0
vt 0 1
vt 1 1
vt 0 0
vt 1 0
vt 0 1
vt 1 1
vt 0 0
vt 1 0
vt 0 1
vt 1 1
vt 0 0
vt 1 0
vt 0 1
vt 1 1
vt 0 0
vt 1 0
vt 0 1
vt 1 1
vt 0 0
vt 1 0
vt 0 1
vt 1 1
vt 0 0
vt 1 0
vt 0 1
vt 1 1
vt 0 0
vt 1 0
vt 0 1
vt 1 1
vt 0 0
vt 1 0
vt 0 1
vt 1 1
vt 0 0
vt 1 0
vt 0 1
vt 1 1
vt 0 0
vt 1 0
vt 0 1
vt 1 1
vt 0 0
vt 1 0
vt 0 1
vt 1 1
vt 0 0
vt 1 0
vt 0 1
vt 1 1
vt 0 0
vt 1 0
vt 0 1
vt 1 1
vt 0 0
vt 1 0
vt 0 1
vt 1 1
vt 0 0
vt 1 0
vt 0 1
vt 1 1
vt 0 0
vt 1 0
vt 0 1
vt 1 1
vt 0 0
vt 1 0
vt 0 1
vt 1 1
vt 0 0
vt 1 0
vt 0 1
vt 1 1
vt 0 0
vt 1 0
vt 0 1
vt 1 1
vt 0 0
vt 1 0
vt 0 1
vt 1 1
vt 0 0
vt 1 0
vt 0 1
vt 1 1
vt 0 0
vt 1 0
vt 0 1
vt 1 1
vt 0 0
vt 1 0
vt 0 1
vt 1 1
vt 0 0
vt 1 0
vt 0 1
vt 1 1
vt 0 0
vt 1 0
vt 0 1
vt 1 1
vt 0 0
vt 1 0
vt 0 1
vt 1 1
vt 0 0
vt 1 0
vt 0 1
vt 1 1
vt 0 0
vt 1 0
vt 0 1
vt 1 1
vt 0 0
vt 1 0
vt 0 1
vt 1 1
vt 0 0
vt 1 0
vt 0 1
vt 1 1
vt 0 0
vt 1 0
vt 0 1
vt 1 1
vt 0 0
vt 1 0
vt 0 1
vt 1 1
vt 0 0
vt 1 0
vt 0 1
vt 1 1
vt 0 0
vt 1 0
vt 0 1
vt 1 1
vt 0 0
vt 1 0
vt 0 1
vt 1 1
vt 0 0
vt 1 0
vt 0 1
vt 1 1
vt 0 0
vt 1 0
vt 0 1
vt 1 1
vt 0 0
vt 1 0
vt 0 1
vt 1 1
vt 0 0
vt 1 0
vt 0 1
vt 1 1
vt 0 0
vt 1 0
vt 0 1
vt 1 1
vt 0 0
vt 1 0
vt 0 1
vt 1 1
vt 0 0
vt 1 0
vt 0 1
vt 1 1
vt 0 0
vt 1 0
vt 0 1
vt 1 1
vt 0 0
vt 1 0
vt 0 1
vt 1 1
vt 0 0
vt 1 0
vt 0 1
vt 1 1
vt 0 0
vt 1 0
vt 0 1
vt 1 1
vt 0 0
vt 1 0
vt 0 1
vt 1 1
vt 0 0
vt 1 0
vt 0 1
vt 1 1
vt 0 0
vt 1 0
vt 0 1
vt 1 1
vt 0 0
vt 1 0
vt 0 1
vt 1 1
vt 0 0
vt 1 0
vt 0 1
vt 1 1
vt 0 0
vt 1 0
vt 0 1
vt 1 1
vt 0 0
vt 1 0
vt 0 1
vt 1 1
vt 0 0
vt 1 0
vt 0 1
vt 1 1
vt 0 0
vt 1 0
vt 0 1
vt 1 1
vt 0 0
vt 1 0
vt 0 1
vt 1 1
vt 0 0
vt 1 0
vt 0 1
vt 1 1
vt 0 0
vt 1 0
vt 0 1
vt 1 1
vt 0 0
vt 1 0
vt 0 1
vt 1 1
vt 0 0
vt 1 0
vt 0 1
vt 1 1
vt 0 0
vt 1 0
vt 0 1
vt 1 1
vt 0 0
vt 1 0
vt 0 1
vt 1 1
vt 0 0
vt 1 0
vt 0 1
vt 1 1
vt 0 0
vt 1 0
vt 0 1
vt 1 1
vt 0 0
vt 1 0
vt 0 1
vt 1 1
vt 0 0
vt 1 0
vt 0 1
vt 1 1
vt 0 0
vt 1 0
vt 0 1
vt 1 1
vt 0 0
vt 1 0
vt 0 1
vt 1 1
vt 0 0
vt 1 0
vt 0 1
vt 1 1
vt 0 0
vt 1 0
vt 0 1
vt 1 1
vt 0 0
vt 1 0
vt 0 1
vt 1 1
vt 0 0
vt 1 0
vt 0 1
vt 1 1
vt 0 0
vt 1 0
vt 0 1
vt 1 1
vt 0 0
vt 1 0
vt 0 1
vt 1 1
vt 0 0
vt 1 0
vt 0 1
vt 1 1
vt 0 0
vt 1 0
vt 0 1
vt 1 1
vt 0 0
vt 1 0
vt 0 1
vt 1 1
vt 0 0
vt 1 0
vt 0 1
vt 1 1
vt 0 0
vt 1 0
vt 0 1
vt 1 1
vt 0 0
vt 1 0
vt 0 1
vt 1 1
vt 0 0
vt 1 0
vt 0 1
vt 1 1
vt 0 0
vt 1 0
vt 0 1
vt 1 1
vt 0 0
vt 1 0
vt 0 1
vt 1 1
vt 0 0
vt 1 0
vt 0 1
vt 1 1
vt 0 0
vt 1 0
vt 0 1
vt 1 1
vt 0 0
vt 1 0
vt 0 1
vt 1 1
vt 0 0
vt 1 0
vt 0 1
vt 1 1
vt 0 0
vt 1 0
vt 0 1
vt 1 1
vt 0 0
vt 1 0
vt 0 1
vt 1 1
vt 0 0
vt 1 0
vt 0 1
vt 1 1
vt 0 0
vt 1 0
vt 0 1
vt 1 1
vt 0 0
vt 1 0
vt 0 1
vt 1 1
vt 0 0
vt 1 0
vt 0 1
vt 1 1
vt 0 0
vt 1 0
vt 0 1
vt 1 1
vt 0 0
vt 1 0
vt 0 1
vt 1 1
vt 0 0
vt 1 0
vt 0 1
vt 1 1
vt 0 0
vt 1 0
vt 0 1
vt 1 1
vt 0 0
vt 1 0
vt 0 1
vt 1 1
vt 0 0
vt 1 0
vt 0 1
vt 1 1
vt 0 0
vt 1 0
vt 0 1
vt 1 1
vt 0 0
vt 1 0
vt 0 1
vt 1 1
vt 0 0
vt 1 0
vt 0 1
vt 1 1
vt 0 0
vt 1 0
vt 0 1
vt 1 1
vt 0 0
vt 1 0
vt 0 1
vt 1 1
vt 0 0
vt 1 0
vt 0 1
vt 1 1
vt 0 0
vt 1 0
vt 0 1
vt 1 1
vt 0 0
vt 1 0
vt 0 1
vt 1 1
vt 0 0
vt 1 0
vt 0 1
vt 1 1
vt 0 0
vt 1 0
vt 0 1
vt 1 1
vt 0 0
vt 1 0
vt 0 1
vt 1 1
vt 0 0
vt 1 0
vt 0 1
vt 1 1
vt 0 0
vt 1 0
vt 0 1
vt 1 1
vt 0 0
vt 1 0
vt 0 1
vt 1 1
vt 0 0
vt 1 0
vt 0 1
vt 1 1
vt 0 0
vt 1 0
vt 0 1
vt 1 1
vt 0 0
vt 1 0
vt 0 1
vt 1 1
vt 0 0
vt 1 0
vt 0 1
vt 1 1
vt 0 0
vt 1 0
vt 0 1
vt 1 1
vt 0 0
vt 1 0
vt 0 1
vt 1 1
vt 0 0
vt 1 0
vt 0 1
vt 1 1
vt 0 0
vt 1 0
vt 0 1
vt 1 1
vt 0 0
vt 1 0
vt 0 1
vt 1 1
vt 0 0
vt 1 0
vt 0 1
vt 1 1
vt 0 0
vt 1 0
vt 0 1
vt 1 1
vt 0 0
vt 1 0
vt 0 1
vt 1 1
vt 0 0
vt 1 0
vt 0 1
vt 1 1
vt 0 0
vt 1 0
vt 0 1
vt 1 1
vt 0 0
vt 1 0
vt 0 1
vt 1 1
vt 0 0
vt 1 0
vt 0 1
vt 1 1
vt 0 0
vt 1 0
vt 0 1
vt 1 1
vt 0 0
vt 1 0
vt 0 1
vt 1 1
vt 0 0
vt 1 0
vt 0 1
vt 1 1
vt 0 0
vt 1 0
vt 0 1
vt 1 1
vt 0 0
vt 1 0
vt 0 1
vt 1 1
vt 0 0
vt 1 0
vt 0 1
vt 1 1
vt 0 0
vt 1 0
vt 0 1
vt 1 1
vt 0 0
vt 1 0
vt 0 1
vt 1 1
vt 0 0
vt 1 0
vt 0 1
vt 1 1
vt 0 0
vt 1 0
vt 0 1
vt 1 1
vt 0 0
vt 1 0
vt 0 1
vt 1 1
vt 0 0
vt 1 0
vt 0 1
vt 1 1
vt 0 0
vt 1 0
vt 0 1
vt 1 1
vt 0 0
vt 1 0
vt 0 1
vt 1 1
vt 0 0
vt 1 0
vt 0 1
vt 1 1
vt 0 0
vt 1 0
vt 0 1
vt 1 1
vt 0 0
vt 1 0
vt 0 1
vt 1 1
vt 0 0
vt 1 0
vt 0 1
vt 1 1
vt 0 0
vt 1 0
vt 0 1
vt 1 1
vt 0 0
vt 1 0
vt 0 1
vt 1 1
vt 0 0
vt 1 0
vt 0 1
vt 1 1
vt 0 0
vt 1 0
vt 0 1
vt 1 1
vt 0 0
vt 1 0
vt 0 1
vt 1 1
vt 0 0
vt 1 0
vt 0 1
vt 1 1
vt 0 0
vt 1 0
vt 0 1
vt 1 1
vt 0 0
vt 1 0
vt 0 1
vt 1 1
vt 0 0
vt 1 0
vt 0 1
vt 1 1
vt 0 0
vt 1 0
vt 0 1
vt 1 1
vt 0 0
vt 1 0
vt 0 1
vt 1 1
vt 0 0
vt 1 0
vt 0 1
vt 1 1
vt 0 0
vt 1 0
vt 0 1
vt 1 1
vt 0 0
vt 1 0
vt 0 1
vt 1 1
vt 0 0
vt 1 0
vt 0 1
vt 1 1
vt 0 0
vt 1 0
vt 0 1
vt 1 1
vt 0 0
vt 1 0
vt 0 1
vt 1 1
vt 0 0
vt 1 0
vt 0 1
vt 1 1
vt 0 0
vt 1 0
vt 0 1
vt 1 1
vt 0 0
vt 1 0
vt 0 1
vt 1 1
vt 0 0
vt 1 0
vt 0 1
vt 1 1
vt 0 0
vt 1 0
vt 0 1
vt 1 1
vt 0 0
vt 1 0
vt 0 1
vt 1 1
vt 0 0
vt 1 0
vt 0 1
vt 1 1
vt 0 0
vt 1 0
vt 0 1
vt 1 1
vt 0 0
vt 1 0
vt 0 1
vt 1 1
vt 0 0
vt 1 0
vt 0 1
vt 1 1
vt 0 0
vt 1 0
vt 0 1
vt 1 1
vt 0 0
vt 1 0
vt 0 1
vt 1 1
vt 0 0
vt 1 0
vt 0 1
vt 1 1
vt 0 0
vt 1 0
vt 0 1
vt 1 1
vt 0 0
vt 1 0
vt 0 1
vt 1 1
vt 0 0
vt 1 0
vt 0 1
vt 1 1
vt 0 0
vt 1 0
vt 0 1
vt 1 1
vt 0 0
vt 1 0
vt 0 1
vt 1 1
vt 0 0
vt 1 0
vt 0 1
vt 1 1
vt 0 0
vt 1 0
vt 0 1
vt 1 1
vt 0 0
vt 1 0
vt 0 1
vt 1 1
vt 0 0
vt 1 0
vt 0 1
vt 1 1
vt 0 0
vt 1 0
vt 0 1
vt 1 1
vt 0 0
vt 1 0
vt 0 1
vt 1 1
vt 0 0
vt 1 0
vt 0 1
vt 1 1
vt 0 0
vt 1 0
vt 0 1
vt 1 1
vt 0 0
vt 1 0
vt 0 1
vt 1 1
vt 0 0
vt 1 0
vt 0 1
vt 1 1
vt 0 0
vt 1 0
vt 0 1
vt 1 1
vt 0 0
vt 1 0
vt 0 1
vt 1 1
vt 0 0
vt 1 0
vt 0 1
vt 1 1
vt 0 0
vt 1 0
vt 0 1
vt 1 1
vt 0 0
vt 1 0
vt 0 1
vt 1 1
vt 0 0
vt 1 0
vt 0 1
vt 1 1
vt 0 0
vt 1 0
vt 0 1
vt 1 1
vt 0 0
vt 1 0
vt 0 1
vt 1 1
vt 0 0
vt 1 0
vt 0 1
vt 1 1
vt 0 0
vt 1 0
vt 0 1
vt 1 1
vt 0 0
vt 1 0
vt 0 1
vt 1 1
vt 0 0
vt 1 0
vt 0 1
vt 1 1
vt 0 0
vt 1 0
vt 0 1
vt 1 1
vt 0 0
vt 1 0
vt 0 1
vt 1 1
vt 0 0
vt 1 0
vt 0 1
vt 1 1
vt 0 0
vt 1 0
vt 0 1
vt 1 1
vt 0 0
vt 1 0
vt 0 1
vt 1 1
vt 0 0
vt 1 0
vt 0 1
vt 1 1
vt 0 0
vt 1 0
vt 0 1
vt 1 1
vt 0 0
vt 1 0
vt 0 1
vt 1 1
vt 0 0
vt 1 0
vt 0 1
vt 1 1
vt 0 0
vt 1 0
vt 0 1
vt 1 1
vt 0 0
vt 1 0
vt 0 1
vt 1 1
vt 0 0
vt 1 0
vt 0 1
vt 1 1
vt 0 0
vt 1 0
vt 0 1
vt 1 1
vt 0 0
vt 1 0
vt 0 1
vt 1 1
vt 0 0
vt 1 0
vt 0 1
vt 1 1
vt 0 0
vt 1 0
vt 0 1
vt 1 1
vt 0 0
vt 1 0
vt 0 1
vt 1 1
vt 0 0
vt 1 0
vt 0 1
vt 1 1
vt 0 0
vt 1 0
vt 0 1
vt 1 1
vt 0 0
vt 1 0
vt 0 1
vt 1 1
vt 0 0
vt 1 0
vt 0 1
vt 1 1
vt 0 0
vt 1 0
vt 0 1
vt 1 1
vt 0 0
vt 1 0
vt 0 1
vt 1 1
vt 0 0
vt 1 0
vt 0 1
vt 1 1
vt 0 0
vt 1 0
vt 0 1
vt 1 1
vt 0 0
vt 1 0
vt 0 1
vt 1 1
vt 0 0
vt 1 0
vt 0 1
vt 1 1
vt 0 0
vt 1 0
vt 0 1
vt 1 1
vt 0 0
vt 1 0
vt 0 1
vt 1 1
vt 0 0
vt 1 0
vt 0 1
vt 1 1
vt 0 0
vt 1 0
vt 0 1
vt 1 1
vt 0 0
vt 1 0
vt 0 1
vt 1 1
vt 0 0
vt 1 0
vt 0 1
vt 1 1
vt 0 0
vt 1 0
vt 0 1
vt 1 1
vt 0 0
vt 1 0
vt 0 1
vt 1 1
vt 0 0
vt 1 0
vt 0 1
vt 1 1
vt 0 0
vt 1 0
vt 0 1
vt 1 1
vt 0 0
vt 1 0
vt 0 1
vt 1 1
vt 0 0
vt 1 0
vt 0 1
vt 1 1
vt 0 0
vt 1 0
vt 0 1
vt 1 1
vt 0 0
vt 1 0
vt 0 1
vt 1 1
vt 0 0
vt 1 0
vt 0 1
vt 1 1
vt 0 0
vt 1 0
vt 0 1
vt 1 1
vt 0 0
vt 1 0
vt 0 1
vt 1 1
vt 0 0
vt 1 0
vt 0 1
vt 1 1
vt 0 0
vt 1 0
vt 0 1
vt 1 1
vt 0 0
vt 1 0
vt 0 1
vt 1 1
vt 0 0
vt 1 0
vt 0 1
vt 1 1
vt 0 0
vt 1 0
vt 0 1
vt 1 1
vt 0 0
vt 1 0
vt 0 1
vt 1 1
vt 0 0
vt 1 0
vt 0 1
vt 1 1
vt 0 0
vt 1 0
vt 0 1
vt 1 1
vt 0 0
vt 1 0
vt 0 1
vt 1 1
vt 0 0
vt 1 0
vt 0 1
vt 1 1
vt 0 0
vt 1 0
vt 0 1
vt 1 1
vt 0 0
vt 1 0
vt 0 1
vt 1 1
vt 0 0
vt 1 0
vt 0 1
vt 1 1
vt 0 0
vt 1 0
vt 0 1
vt 1 1
vt 0 0
vt 1 0
vt 0 1
vt 1 1
vt 0 0
vt 1 0
vt 0 1
vt 1 1
vt 0 0
vt 1 0
vt 0 1
vt 1 1
vt 0 0
vt 1 0
vt 0 1
vt 1 1
vt 0 0
vt 1 0
vt 0 1
vt 1 1
vt 0 0
vt 1 0
vt 0 1
vt 1 1
vt 0 0
vt 1 0
vt 0 1
vt 1 1
vt 0 0
vt 1 0
vt 0 1
vt 1 1
vt 0 0
vt 1 0
vt 0 1
vt 1 1
vt 0 0
vt 1 0
vt 0 1
vt 1 1
vt 0 0
vt 1 0
vt 0 1
vt 1 1
vt 0 0
vt 1 0
vt 0 1
vt 1 1
vt 0 0
vt 1 0
vt 0 1
vt 1 1
vt 0 0
vt 1 0
vt 0 1
vt 1 1
vt 0 0
vt 1 0
vt 0 1
vt 1 1
vt 0 0
vt 1 0
vt 0 1
vt 1 1
vt 0 0
vt 1 0
vt 0 1
vt 1 1
vt 0 0
vt 1 0
vt 0 1
vt 1 1
vt 0 0
vt 1 0
vt 0 1
vt 1 1
vt 0 0
vt 1 0
vt 0 1
vt 1 1
vt 0 0
vt 1 0
vt 0 1
vt 1 1
vt 0 0
vt 1 0
vt 0 1
vt 1 1
vt 0 0
vt 1 0
vt 0 1
vt 1 1
vt 0 0
vt 1 0
vt 0 1
vt 1 1
vt 0 0
vt 1 0
vt 0 1
vt 1 1
vt 0 0
vt 1 0
vt 0 1
vt 1 1
vt 0 0
vt 1 0
vt 0 1
vt 1 1
vt 0 0
vt 1 0
vt 0 1
vt 1 1
vt 0 0
vt 1 0
vt 0 1
vt 1 1
vt 0 0
vt 1 0
vt 0 1
vt 1 1
vt 0 0
vt 1 0
vt 0 1
vt 1 1
vt 0 0
vt 1 0
vt 0 1
vt 1 1
vt 0 0
vt 1 0
vt 0 1
vt 1 1
vt 0 0
vt 1 0
vt 0 1
vt 1 1
vt 0 0
vt 1 0
vt 0 1
vt 1 1
vt 0 0
vt 1 0
vt 0 1
vt 1 1
vt 0 0
vt 1 0
vt 0 1
vt 1 1
vt 0 0
vt 1 0
vt 0 1
vt 1 1
vt 0 0
vt 1 0
vt 0 1
vt 1 1
vt 0 0
vt 1 0
vt 0 1
vt 1 1
vt 0 0
vt 1 0
vt 0 1
vt 1 1
vt 0 0
vt 1 0
vt 0 1
vt 1 1
vt 0 0
vt 1 0
vt 0 1
vt 0.3 1
vt 0.6 1
vt 0 0
vt 0.3 0
vt 0.6 0
vt 0 1
vt 0.3 1
vt 0.6 1
vt 0 0
vt 0.3 0
vt 0.6 0
vt 0 1
vt 0.3 1
vt 0.6 1
vt 0 0
vt 0.3 0
vt 0.6 0
vt 0 1
vt 0.3 1
vt 0.6 1
vt 0 0
vt 0.3 0
vt 0.6 0
vt 0 1
vt 0.3 1
vt 0.6 1
vt 0 0
vt 0.3 0
vt 0.6 0
vt 0 1
vt 0.3 1
vt 0.6 1
vt 0 0
vt 0.3 0
vt 0.6 0
vt 0 1
vt 0.3 1
vt 0.6 1
vt 0 0
vt 0.3 0
vt 0.6 0
vt 0 1
vt 0.3 1
vt 0.6 1
vt 0 0
vt 0.3 0
vt 0.6 0
vt 0 1
vt 0.3 1
vt 0.6 1
vt 0 0
vt 0.3 0
vt 0.6 0
vt 0 1
vt 0.3 1
vt 0.6 1
vt 0 1
vt 0.3 1
vt 0.6 1
vt 0 0
vt 0.3 0
vt 0.6 0
vt 0 1
vt 0.3 1
vt 0.6 1
vt 0 0
vt 0.3 0
vt 0.6 0
vt 0 1
vt 0.3 1
vt 0.6 1
vt 0 0
vt 0.3 0
vt 0.6 0
vt 0 1
vt 0.3 1
vt 0.6 1
vt 0 0
vt 0.3 0
vt 0.6 0
vt 0 1
vt 0.3 1
vt 0.6 1
vt 0 0
vt 0.3 0
vt 0.6 0
vt 0 1
vt 0.3 1
vt 0.6 1
vt 0 0
vt 0.3 0
vt 0.6 0
vt 0 1
vt 0.3 1
vt 0.6 1
vt 0 0
vt 0.3 0
vt 0.6 0
vt 0 1
vt 0.3 1
vt 0.6 1
vt 0 0
vt 0.3 0
vt 0.6 0
vt 0 1
vt 0.3 1
vt 0.6 1
vt 0 1
vt 0.3 1
vt 0.6 1
vt 0 0
vt 0.3 0
vt 0.6 0
vt 0 1
vt 0.3 1
vt 0.6 1
vt 0 0
vt 0.3 0
vt 0.6 0
vt 0 1
vt 0.3 1
vt 0.6 1
vt 0 0
vt 0.3 0
vt 0.6 0
vt 0 1
vt 0.3 1
vt 0.6 1
vt 0 0
vt 0.3 0
vt 0.6 0
vt 0 1
vt 0.3 1
vt 0.6 1
vt 0 0
vt 0.3 0
vt 0.6 0
vt 0 1
vt 0.3 1
vt 0.6 1
vt 0 0
vt 0.3 0
vt 0.6 0
vt 0 1
vt 0.3 1
vt 0.6 1
vt 0 0
vt 0.3 0
vt 0.6 0
vt 0 1
vt 0.3 1
vt 0.6 1
vt 0 1
vt 0.3 1
vt 0.6 1
vt 0 0
vt 0.3 0
vt 0.6 0
vt 0 1
vt 0.3 1
vt 0.6 1
vt 0 0
vt 0.3 0
vt 0.6 0
vt 0 1
vt 0.3 1
vt 0.6 1
vt 0 0
vt 0.3 0
vt 0.6 0
vt 0 1
vt 0.3 1
vt 0.6 1
vt 0 0
vt 0.3 0
vt 0.6 0
vt 0 1
vt 0.3 1
vt 0.6 1
vt 0 0
vt 0.3 0
vt 0.6 0
vt 0 1
vt 0.3 1
vt 0.6 1
vt 0 0
vt 0.3 0
vt 0.6 0
vt 0 1
vt 0.3 1
vt 0.6 1
vt 0 1
vt 0.3 1
vt 0.6 1
vt 0 0
vt 0.3 0
vt 0.6 0
vt 0 1
vt 0.3 1
vt 0.6 1
vt 0 0
vt 0.3 0
vt 0.6 0
vt 0 1
vt 0.3 1
vt 0.6 1
vt 0 0
vt 0.3 0
vt 0.6 0
vt 0 1
vt 0.3 1
vt 0.6 1
vt 0 0
vt 0.3 0
vt 0.6 0
vt 0 1
vt 0.3 1
vt 0.6 1
vt 0 0
vt 0.3 0
vt 0.6 0
vt 0 1
vt 0.3 1
vt 0.6 1
vt 0 0
vt 0.3 0
vt 0.6 0
vt 0 1
vt 0.3 1
vt 0.6 1
vt 0 0
vt 0.3 0
vt 0.6 0
vt 0 1
vt 0.3 1
vt 0.6 1
vt 0 0
vt 0.3 0
vt 0.6 0
vt 0 1
vt 0.3 1
vt 0.6 1
vt 0 0
vt 0.3 0
vt 0.6 0
vt 0 1
vt 0.3 1
vt 0.6 1
vt 0 0
vt 0.3 0
vt 0.6 0
vt 0 1
vt 0.3 1
vt 0.6 1
vt 0 0
vt 0.3 0
vt 0.6 0
vt 0 1
vt 0.3 1
vt 0.6 1
vt 0 1
vt 0.3 1
vt 0.6 1
vt 0 0
vt 0.3 0
vt 0.6 0
vt 0 1
vt 0.3 1
vt 0.6 1
vt 0 0
vt 0.3 0
vt 0.6 0
vt 0 1
vt 0.3 1
vt 0.6 1
vt 0 0
vt 0.3 0
vt 0.6 0
vt 0 1
vt 0.3 1
vt 0.6 1
vt 0 0
vt 0.3 0
vt 0.6 0
vt 0 1
vt 0.3 1
vt 0.6 1
vt 0 0
vt 0.3 0
vt 0.6 0
vt 0 1
vt 0.3 1
vt 0.6 1
vt 0 0
vt 0.3 0
vt 0.6 0
vt 0 1
vt 0.3 1
vt 0.6 1
vt 0 0
vt 0.3 0
vt 0.6 0
vt 0 1
vt 0.3 1
vt 0.6 1
vt 0 0
vt 0.3 0
vt 0.6 0
vt 0 1
vt 0.3 1
vt 0.6 1
vt 0 0
vt 0.3 0
vt 0.6 0
vt 0 1
vt 0.3 1
vt 0.6 1
vt 0 1
vt 0.3 1
vt 0.6 1
vt 0 0
vt 0.3 0
vt 0.6 0
vt 0 1
vt 0.3 1
vt 0.6 1
vt 0 0
vt 0.3 0
vt 0.6 0
vt 0 1
vt 0.3 1
vt 0.6 1
vt 0 0
vt 0.3 0
vt 0.6 0
vt 0 1
vt 0.3 1
vt 0.6 1
vt 0 0
vt 0.3 0
vt 0.6 0
vt 0 1
vt 0.3 1
vt 0.6 1
vt 0 0
vt 0.3 0
vt 0.6 0
vt 0 1
vt 0.3 1
vt 0.6 1
vt 0 0
vt 0.3 0
vt 0.6 0
vt 0 1
vt 0.3 1
vt 0.6 1
vt 0 0
vt 0.3 0
vt 0.6 0
vt 0 1
vt 0.3 1
vt 0.6 1
vt 0 1
vt 0.3 1
vt 0.6 1
vt 0 0
vt 0.3 0
vt 0.6 0
vt 0 1
vt 0.3 1
vt 0.6 1
vt 0 0
vt 0.3 0
vt 0.6 0
vt 0 1
vt 0.3 1
vt 0.6 1
vt 0 0
vt 0.3 0
vt 0.6 0
vt 0 1
vt 0.3 1
vt 0.6 1
vt 0 0
vt 0.3 0
vt 0.6 0
vt 0 1
vt 0.3 1
vt 0.6 1
vt 0 0
vt 0.3 0
vt 0.6 0
vt 0 1
vt 0.3 1
vt 0.6 1
vt 0 1
vt 0.3 1
vt 0.6 1
vt 0 0
vt 0.3 0
vt 0.6 0
vt 0 1
vt 0.3 1
vt 0.6 1
vt 0 0
vt 0.3 0
vt 0.6 0
vt 0 1
vt 0.3 1
vt 0.6 1
vt 0 0
vt 0.3 0
vt 0.6 0
vt 0 1
vt 0.3 1
vt 0.6 1
vt 0 1
vt 0.3 1
vt 0.6 1
vt 0 0
vt 0.3 0
vt 0.6 0
vt 0 1
vt 0.3 1
vt 0.6 1
usemtl leaf_adult
usemtl leaf_young
f 3/3/3 1/1/1 2/2/2
f 2/2/2 4/4/4 3/3/3
f 7/7/7 5/5/5 6/6/6
f 6/6/6 8/8/8 7/7/7
f 11/11/11 9/9/9 10/10/10
f 10/10/10 12/12/12 11/11/11
f 15/15/15 13/13/13 14/14/14
f 14/14/14 16/16/16 15/15/15
f 19/19/19 17/17/17 18/18/18
f 18/18/18 20/20/20 19/19/19
f 23/23/23 21/21/21 22/22/22
f 22/22/22 24/24/24 23/23/23
f 27/27/27 25/25/25 26/26/26
f 26/26/26 28/28/28 27/27/27
f 31/31/31 29/29/29 30/30/30
f 30/30/30 32/32/32 31/31/31
f 35/35/35 33/33/33 34/34/34
f 34/34/34 36/36/36 35/35/35
f 39/39/39 37/37/37 38/38/38
f 38/38/38 40/40/40 39/39/39
f 43/43/43 41/41/41 42/42/42
f 42/42/42 44/44/44 43/43/43
f 47/47/47 45/45/45 46/46/46
f 46/46/46 48/48/48 47/47/47
f 51/51/51 49/49/49 50/50/50
f 50/50/50 52/52/52 51/51/51
f 55/55/55 53/53/53 54/54/54
f 54/54/54 56/56/56 55/55/55
f 59/59/59 57/57/57 58/58/58
f 58/58/58 60/60/60 59/59/59
f 63/63/63 61/61/61 62/62/62
f 62/62/62 64/64/64 63/63/63
f 67/67/67 65/65/65 66/66/66
f 66/66/66 68/68/68 67/67/67
f 71/71/71 69/69/69 70/70/70
f 70/70/70 72/72/72 71/71/71
f 75/75/75 73/73/73 74/74/74
f 74/74/74 76/76/76 75/75/75
f 79/79/79 77/77/77 78/78/78
f 78/78/78 80/80/80 79/79/79
f 83/83/83 81/81/81 82/82/82
f 82/82/82 84/84/84 83/83/83
f 87/87/87 85/85/85 86/86/86
f 86/86/86 88/88/88 87/87/87
f 91/91/91 89/89/89 90/90/90
f 90/90/90 92/92/92 91/91/91
f 95/95/95 93/93/93 94/94/94
f 94/94/94 96/96/96 95/95/95
f 99/99/99 97/97/97 98/98/98
f 98/98/98 100/100/100 99/99/99
f 103/103/103 101/101/101 102/102/102
f 102/102/102 104/104/104 103/103/103
f 107/107/107 105/105/105 106/106/106
f 106/106/106 108/108/108 107/107/107
f 111/111/111 109/109/109 110/110/110
f 110/110/110 112/112/112 111/111/111
f 115/115/115 113/113/113 114/114/114
f 114/114/114 116/116/116 115/115/115
f 119/119/119 117/117/117 118/118/118
f 118/118/118 120/120/120 119/119/119
f 123/123/123 121/121/121 122/122/122
f 122/122/122 124/124/124 123/123/123
f 127/127/127 125/125/125 126/126/126
f 126/126/126 128/128/128 127/127/127
f 131/131/131 129/129/129 130/130/130
f 130/130/130 132/132/132 131/131/131
f 135/135/135 133/133/133 134/134/134
f 134/134/134 136/136/136 135/135/135
f 139/139/139 137/137/137 138/138/138
f 138/138/138 140/140/140 139/139/139
f 143/143/143 141/141/141 142/142/142
f 142/142/142 144/144/144 143/143/143
f 147/147/147 145/145/145 146/146/146
f 146/146/146 148/148/148 147/147/147
f 151/151/151 149/149/149 150/150/150
f 150/150/150 152/152/152 151/151/151
f 155/155/155 153/153/153 154/154/154
f 154/154/154 156/156/156 155/155/155
f 159/159/159 157/157/157 158/158/158
f 158/158/158 160/160/160 159/159/159
f 163/163/163 161/161/161 162/162/162
f 162/162/162 164/164/164 163/163/163
f 167/167/167 165/165/165 166/166/166
f 166/166/166 168/168/168 167/167/167
f 171/171/171 169/169/169 170/170/170
f 170/170/170 172/172/172 171/171/171
f 175/175/175 173/173/173 174/174/174
f 174/174/174 176/176/176 175/175/175
f 179/179/179 177/177/177 178/178/178
f 178/178/178 180/180/180 179/179/179
f 183/183/183 181/181/181 182/182/182
f 182/182/182 184/184/184 183/183/183
f 187/187/187 185/185/185 186/186/186
f 186/186/186 188/188/188 187/187/187
f 191/191/191 189/189/189 190/190/190
f 190/190/190 192/192/192 191/191/191
f 195/195/195 193/193/193 194/194/194
f 194/194/194 196/196/196 195/195/195
f 199/199/199 197/197/197 198/198/198
f 198/198/198 200/200/200 199/199/199
f 203/203/203 201/201/201 202/202/202
f 202/202/202 204/204/204 203/203/203
f 207/207/207 205/205/205 206/206/206
f 206/206/206 208/208/208 207/207/207
f 211/211/211 209/209/209 210/210/210
f 210/210/210 212/212/212 211/211/211
f 215/215/215 213/213/213 214/214/214
f 214/214/214 216/216/216 215/215/215
f 219/219/219 217/217/217 218/218/218
f 218/218/218 220/220/220 219/219/219
f 223/223/223 221/221/221 222/222/222
f 222/222/222 224/224/224 223/223/223
f 227/227/227 225/225/225 226/226/226
f 226/226/226 228/228/228 227/227/227
f 231/231/231 229/229/229 230/230/230
f 230/230/230 232/232/232 231/231/231
f 235/235/235 233/233/233 234/234/234
f 234/234/234 236/236/236 235/235/235
f 239/239/239 237/237/237 238/238/238
f 238/238/238 240/240/240 239/239/239
f 243/243/243 241/241/241 242/242/242
f 242/242/242 244/244/244 243/243/243
f 247/247/247 245/245/245 246/246/246
f 246/246/246 248/248/248 247/247/247
f 251/251/251 249/249/249 250/250/250
f 250/250/250 252/252/252 251/251/251
f 255/255/255 253/253/253 254/254/254
f 254/254/254 256/256/256 255/255/255
f 259/259/259 257/257/257 258/258/258
f 258/258/258 260/260/260 259/259/259
f 263/263/263 261/261/261 262/262/262
f 262/262/262 264/264/264 263/263/263
f 267/267/267 265/265/265 266/266/266
f 266/266/266 268/268/268 267/267/267
f 271/271/271 269/269/269 270/270/270
f 270/270/270 272/272/272 271/271/271
f 275/275/275 273/273/273 274/274/274
f 274/274/274 276/276/276 275/275/275
f 279/279/279 277/277/277 278/278/278
f 278/278/278 280/280/280 279/279/279
f 283/283/283 281/281/281 282/282/282
f 282/282/282 284/284/284 283/283/283
f 287/287/287 285/285/285 286/286/286
f 286/286/286 288/288/288 287/287/287
f 291/291/291 289/289/289 290/290/290
f 290/290/290 292/292/292 291/291/291
f 295/295/295 293/293/293 294/294/294
f 294/294/294 296/296/296 295/295/295
f 299/299/299 297/297/297 298/298/298
f 298/298/298 300/300/300 299/299/299
f 303/303/303 301/301/301 302/302/302
f 302/302/302 304/304/304 303/303/303
f 307/307/307 305/305/305 306/306/306
f 306/306/306 308/308/308 307/307/307
f 311/311/311 309/309/309 310/310/310
f 310/310/310 312/312/312 311/311/311
f 315/315/315 313/313/313 314/314/314
f 314/314/314 316/316/316 315/315/315
f 319/319/319 317/317/317 318/318/318
f 318/318/318 320/320/320 319/319/319
f 323/323/323 321/321/321 322/322/322
f 322/322/322 324/324/324 323/323/323
f 327/327/327 325/325/325 326/326/326
f 326/326/326 328/328/328 327/327/327
f 331/331/331 329/329/329 330/330/330
f 330/330/330 332/332/332 331/331/331
f 335/335/335 333/333/333 334/334/334
f 334/334/334 336/336/336 335/335/335
f 339/339/339 337/337/337 338/338/338
f 338/338/338 340/340/340 339/339/339
f 343/343/343 341/341/341 342/342/342
f 342/342/342 344/344/344 343/343/343
f 347/347/347 345/345/345 346/346/346
f 346/346/346 348/348/348 347/347/347
f 351/351/351 349/349/349 350/350/350
f 350/350/350 352/352/352 351/351/351
f 355/355/355 353/353/353 354/354/354
f 354/354/354 356/356/356 355/355/355
f 359/359/359 357/357/357 358/358/358
f 358/358/358 360/360/360 359/359/359
f 363/363/363 361/361/361 362/362/362
f 362/362/362 364/364/364 363/363/363
f 367/367/367 365/365/365 366/366/366
f 366/366/366 368/368/368 367/367/367
f 371/371/371 369/369/369 370/370/370
f 370/370/370 372/372/372 371/371/371
f 375/375/375 373/373/373 374/374/374
f 374/374/374 376/376/376 375/375/375
f 379/379/379 377/377/377 378/378/378
f 378/378/378 380/380/380 379/379/379
f 383/383/383 381/381/381 382/382/382
f 382/382/382 384/384/384 383/383/383
f 387/387/387 385/385/385 386/386/386
f 386/386/386 388/388/388 387/387/387
f 391/391/391 389/389/389 390/390/390
f 390/390/390 392/392/392 391/391/391
f 395/395/395 393/393/393 394/394/394
f 394/394/394 396/396/396 395/395/395
f 399/399/399 397/397/397 398/398/398
f 398/398/398 400/400/400 399/399/399
f 403/403/403 401/401/401 402/402/402
f 402/402/402 404/404/404 403/403/403
f 407/407/407 405/405/405 406/406/406
f 406/406/406 408/408/408 407/407/407
f 411/411/411 409/409/409 410/410/410
f 410/410/410 412/412/412 411/411/411
f 415/415/415 413/413/413 414/414/414
f 414/414/414 416/416/416 415/415/415
f 419/419/419 417/417/417 418/418/418
f 418/418/418 420/420/420 419/419/419
f 423/423/423 421/421/421 422/422/422
f 422/422/422 424/424/424 423/423/423
f 427/427/427 425/425/425 426/426/426
f 426/426/426 428/428/428 427/427/427
f 431/431/431 429/429/429 430/430/430
f 430/430/430 432/432/432 431/431/431
f 435/435/435 433/433/433 434/434/434
f 434/434/434 436/436/436 435/435/435
f 439/439/439 437/437/437 438/438/438
f 438/438/438 440/440/440 439/439/439
f 443/443/443 441/441/441 442/442/442
f 442/442/442 444/444/444 443/443/443
f 447/447/447 445/445/445 446/446/446
f 446/446/446 448/448/448 447/447/447
f 451/451/451 449/449/449 450/450/450
f 450/450/450 452/452/452 451/451/451
f 455/455/455 453/453/453 454/454/454
f 454/454/454 456/456/456 455/455/455
f 459/459/459 457/457/457 458/458/458
f 458/458/458 460/460/460 459/459/459
f 463/463/463 461/461/461 462/462/462
f 462/462/462 464/464/464 463/463/463
f 467/467/467 465/465/465 466/466/466
f 466/466/466 468/468/468 467/467/467
f 471/471/471 469/469/469 470/470/470
f 470/470/470 472/472/472 471/471/471
f 475/475/475 473/473/473 474/474/474
f 474/474/474 476/476/476 475/475/475
f 479/479/479 477/477/477 478/478/478
f 478/478/478 480/480/480 479/479/479
f 483/483/483 481/481/481 482/482/482
f 482/482/482 484/484/484 483/483/483
f 487/487/487 485/485/485 486/486/486
f 486/486/486 488/488/488 487/487/487
f 491/491/491 489/489/489 490/490/490
f 490/490/490 492/492/492 491/491/491
f 495/495/495 493/493/493 494/494/494
f 494/494/494 496/496/496 495/495/495
f 499/499/499 497/497/497 498/498/498
f 498/498/498 500/500/500 499/499/499
f 503/503/503 501/501/501 502/502/502
f 502/502/502 504/504/504 503/503/503
f 507/507/507 505/505/505 506/506/506
f 506/506/506 508/508/508 507/507/507
f 511/511/511 509/509/509 510/510/510
f 510/510/510 512/512/512 511/511/511
f 515/515/515 513/513/513 514/514/514
f 514/514/514 516/516/516 515/515/515
f 519/519/519 517/517/517 518/518/518
f 518/518/518 520/520/520 519/519/519
f 523/523/523 521/521/521 522/522/522
f 522/522/522 524/524/524 523/523/523
f 527/527/527 525/525/525 526/526/526
f 526/526/526 528/528/528 527/527/527
f 531/531/531 529/529/529 530/530/530
f 530/530/530 532/532/532 531/531/531
f 535/535/535 533/533/533 534/534/534
f 534/534/534 536/536/536 535/535/535
f 539/539/539 537/537/537 538/538/538
f 538/538/538 540/540/540 539/539/539
f 543/543/543 541/541/541 542/542/542
f 542/542/542 544/544/544 543/543/543
f 547/547/547 545/545/545 546/546/546
f 546/546/546 548/548/548 547/547/547
f 551/551/551 549/549/549 550/550/550
f 550/550/550 552/552/552 551/551/551
f 555/555/555 553/553/553 554/554/554
f 554/554/554 556/556/556 555/555/555
f 559/559/559 557/557/557 558/558/558
f 558/558/558 560/560/560 559/559/559
f 563/563/563 561/561/561 562/562/562
f 562/562/562 564/564/564 563/563/563
f 567/567/567 565/565/565 566/566/566
f 566/566/566 568/568/568 567/567/567
f 571/571/571 569/569/569 570/570/570
f 570/570/570 572/572/572 571/571/571
f 575/575/575 573/573/573 574/574/574
f 574/574/574 576/576/576 575/575/575
f 579/579/579 577/577/577 578/578/578
f 578/578/578 580/580/580 579/579/579
f 583/583/583 581/581/581 582/582/582
f 582/582/582 584/584/584 583/583/583
f 587/587/587 585/585/585 586/586/586
f 586/586/586 588/588/588 587/587/587
f 591/591/591 589/589/589 590/590/590
f 590/590/590 592/592/592 591/591/591
f 595/595/595 593/593/593 594/594/594
f 594/594/594 596/596/596 595/595/595
f 599/599/599 597/597/597 598/598/598
f 598/598/598 600/600/600 599/599/599
f 603/603/603 601/601/601 602/602/602
f 602/602/602 604/604/604 603/603/603
f 607/607/607 605/605/605 606/606/606
f 606/606/606 608/608/608 607/607/607
f 611/611/611 609/609/609 610/610/610
f 610/610/610 612/612/612 611/611/611
f 615/615/615 613/613/613 614/614/614
f 614/614/614 616/616/616 615/615/615
f 619/619/619 617/617/617 618/618/618
f 618/618/618 620/620/620 619/619/619
f 623/623/623 621/621/621 622/622/622
f 622/622/622 624/624/624 623/623/623
f 627/627/627 625/625/625 626/626/626
f 626/626/626 628/628/628 627/627/627
f 631/631/631 629/629/629 630/630/630
f 630/630/630 632/632/632 631/631/631
f 635/635/635 633/633/633 634/634/634
f 634/634/634 636/636/636 635/635/635
f 639/639/639 637/637/637 638/638/638
f 638/638/638 640/640/640 639/639/639
f 643/643/643 641/641/641 642/642/642
f 642/642/642 644/644/644 643/643/643
f 647/647/647 645/645/645 646/646/646
f 646/646/646 648/648/648 647/647/647
f 651/651/651 649/649/649 650/650/650
f 650/650/650 652/652/652 651/651/651
f 655/655/655 653/653/653 654/654/654
f 654/654/654 656/656/656 655/655/655
f 659/659/659 657/657/657 658/658/658
f 658/658/658 660/660/660 659/659/659
f 663/663/663 661/661/661 662/662/662
f 662/662/662 664/664/664 663/663/663
f 667/667/667 665/665/665 666/666/666
f 666/666/666 668/668/668 667/667/667
f 671/671/671 669/669/669 670/670/670
f 670/670/670 672/672/672 671/671/671
f 675/675/675 673/673/673 674/674/674
f 674/674/674 676/676/676 675/675/675
f 679/679/679 677/677/677 678/678/678
f 678/678/678 680/680/680 679/679/679
f 683/683/683 681/681/681 682/682/682
f 682/682/682 684/684/684 683/683/683
f 687/687/687 685/685/685 686/686/686
f 686/686/686 688/688/688 687/687/687
f 691/691/691 689/689/689 690/690/690
f 690/690/690 692/692/692 691/691/691
f 695/695/695 693/693/693 694/694/694
f 694/694/694 696/696/696 695/695/695
f 699/699/699 697/697/697 698/698/698
f 698/698/698 700/700/700 699/699/699
f 703/703/703 701/701/701 702/702/702
f 702/702/702 704/704/704 703/703/703
f 707/707/707 705/705/705 706/706/706
f 706/706/706 708/708/708 707/707/707
f 711/711/711 709/709/709 710/710/710
f 710/710/710 712/712/712 711/711/711
f 715/715/715 713/713/713 714/714/714
f 714/714/714 716/716/716 715/715/715
f 719/719/719 717/717/717 718/718/718
f 718/718/718 720/720/720 719/719/719
f 723/723/723 721/721/721 722/722/722
f 722/722/722 724/724/724 723/723/723
f 727/727/727 725/725/725 726/726/726
f 726/726/726 728/728/728 727/727/727
f 731/731/731 729/729/729 730/730/730
f 730/730/730 732/732/732 731/731/731
f 735/735/735 733/733/733 734/734/734
f 734/734/734 736/736/736 735/735/735
f 739/739/739 737/737/737 738/738/738
f 738/738/738 740/740/740 739/739/739
f 743/743/743 741/741/741 742/742/742
f 742/742/742 744/744/744 743/743/743
f 747/747/747 745/745/745 746/746/746
f 746/746/746 748/748/748 747/747/747
f 751/751/751 749/749/749 750/750/750
f 750/750/750 752/752/752 751/751/751
f 755/755/755 753/753/753 754/754/754
f 754/754/754 756/756/756 755/755/755
f 759/759/759 757/757/757 758/758/758
f 758/758/758 760/760/760 759/759/759
f 763/763/763 761/761/761 762/762/762
f 762/762/762 764/764/764 763/763/763
f 767/767/767 765/765/765 766/766/766
f 766/766/766 768/768/768 767/767/767
f 771/771/771 769/769/769 770/770/770
f 770/770/770 772/772/772 771/771/771
f 775/775/775 773/773/773 774/774/774
f 774/774/774 776/776/776 775/775/775
f 779/779/779 777/777/777 778/778/778
f 778/778/778 780/780/780 779/779/779
f 783/783/783 781/781/781 782/782/782
f 782/782/782 784/784/784 783/783/783
f 787/787/787 785/785/785 786/786/786
f 786/786/786 788/788/788 787/787/787
f 791/791/791 789/789/789 790/790/790
f 790/790/790 792/792/792 791/791/791
f 795/795/795 793/793/793 794/794/794
f 794/794/794 796/796/796 795/795/795
f 799/799/799 797/797/797 798/798/798
f 798/798/798 800/800/800 799/799/799
f 803/803/803 801/801/801 802/802/802
f 802/802/802 804/804/804 803/803/803
f 807/807/807 805/805/805 806/806/806
f 806/806/806 808/808/808 807/807/807
f 811/811/811 809/809/809 810/810/810
f 810/810/810 812/812/812 811/811/811
f 815/815/815 813/813/813 814/814/814
f 814/814/814 816/816/816 815/815/815
f 819/819/819 817/817/817 818/818/818
f 818/818/818 820/820/820 819/819/819
f 823/823/823 821/821/821 822/822/822
f 822/822/822 824/824/824 823/823/823
f 827/827/827 825/825/825 826/826/826
f 826/826/826 828/828/828 827/827/827
f 831/831/831 829/829/829 830/830/830
f 830/830/830 832/832/832 831/831/831
f 835/835/835 833/833/833 834/834/834
f 834/834/834 836/836/836 835/835/835
f 839/839/839 837/837/837 838/838/838
f 838/838/838 840/840/840 839/839/839
f 843/843/843 841/841/841 842/842/842
f 842/842/842 844/844/844 843/843/843
f 847/847/847 845/845/845 846/846/846
f 846/846/846 848/848/848 847/847/847
f 851/851/851 849/849/849 850/850/850
f 850/850/850 852/852/852 851/851/851
f 855/855/855 853/853/853 854/854/854
f 854/854/854 856/856/856 855/855/855
f 859/859/859 857/857/857 858/858/858
f 858/858/858 860/860/860 859/859/859
f 863/863/863 861/861/861 862/862/862
f 862/862/862 864/864/864 863/863/863
f 867/867/867 865/865/865 866/866/866
f 866/866/866 868/868/868 867/867/867
f 871/871/871 869/869/869 870/870/870
f 870/870/870 872/872/872 871/871/871
f 875/875/875 873/873/873 874/874/874
f 874/874/874 876/876/876 875/875/875
f 879/879/879 877/877/877 878/878/878
f 878/878/878 880/880/880 879/879/879
f 883/883/883 881/881/881 882/882/882
f 882/882/882 884/884/884 883/883/883
f 887/887/887 885/885/885 886/886/886
f 886/886/886 888/888/888 887/887/887
f 891/891/891 889/889/889 890/890/890
f 890/890/890 892/892/892 891/891/891
f 895/895/895 893/893/893 894/894/894
f 894/894/894 896/896/896 895/895/895
f 899/899/899 897/897/897 898/898/898
f 898/898/898 900/900/900 899/899/899
f 903/903/903 901/901/901 902/902/902
f 902/902/902 904/904/904 903/903/903
f 907/907/907 905/905/905 906/906/906
f 906/906/906 908/908/908 907/907/907
f 911/911/911 909/909/909 910/910/910
f 910/910/910 912/912/912 911/911/911
f 915/915/915 913/913/913 914/914/914
f 914/914/914 916/916/916 915/915/915
f 919/919/919 917/917/917 918/918/918
f 918/918/918 920/920/920 919/919/919
f 923/923/923 921/921/921 922/922/922
f 922/922/922 924/924/924 923/923/923
f 927/927/927 925/925/925 926/926/926
f 926/926/926 928/928/928 927/927/927
f 931/931/931 929/929/929 930/930/930
f 930/930/930 932/932/932 931/931/931
f 935/935/935 933/933/933 934/934/934
f 934/934/934 936/936/936 935/935/935
f 939/939/939 937/937/937 938/938/938
f 938/938/938 940/940/940 939/939/939
f 943/943/943 941/941/941 942/942/942
f 942/942/942 944/944/944 943/943/943
f 947/947/947 945/945/945 946/946/946
f 946/946/946 948/948/948 947/947/947
f 951/951/951 949/949/949 950/950/950
f 950/950/950 952/952/952 951/951/951
f 955/955/955 953/953/953 954/954/954
f 954/954/954 956/956/956 955/955/955
f 959/959/959 957/957/957 958/958/958
f 958/958/958 960/960/960 959/959/959
f 963/963/963 961/961/961 962/962/962
f 962/962/962 964/964/964 963/963/963
f 967/967/967 965/965/965 966/966/966
f 966/966/966 968/968/968 967/967/967
f 971/971/971 969/969/969 970/970/970
f 970/970/970 972/972/972 971/971/971
f 975/975/975 973/973/973 974/974/974
f 974/974/974 976/976/976 975/975/975
f 979/979/979 977/977/977 978/978/978
f 978/978/978 980/980/980 979/979/979
f 983/983/983 981/981/981 982/982/982
f 982/982/982 984/984/984 983/983/983
f 987/987/987 985/985/985 986/986/986
f 986/986/986 988/988/988 987/987/987
f 991/991/991 989/989/989 990/990/990
f 990/990/990 992/992/992 991/991/991
f 995/995/995 993/993/993 994/994/994
f 994/994/994 996/996/996 995/995/995
f 999/999/999 997/997/997 998/998/998
f 998/998/998 1000/1000/1000 999/999/999
f 1003/1003/1003 1001/1001/1001 1002/1002/1002
f 1002/1002/1002 1004/1004/1004 1003/1003/1003
f 1007/1007/1007 1005/1005/1005 1006/1006/1006
f 1006/1006/1006 1008/1008/1008 1007/1007/1007
f 1011/1011/1011 1009/1009/1009 1010/1010/1010
f 1010/1010/1010 1012/1012/1012 1011/1011/1011
f 1015/1015/1015 1013/1013/1013 1014/1014/1014
f 1014/1014/1014 1016/1016/1016 1015/1015/1015
f 1019/1019/1019 1017/1017/1017 1018/1018/1018
f 1018/1018/1018 1020/1020/1020 1019/1019/1019
f 1023/1023/1023 1021/1021/1021 1022/1022/1022
f 1022/1022/1022 1024/1024/1024 1023/1023/1023
f 1027/1027/1027 1025/1025/1025 1026/1026/1026
f 1026/1026/1026 1028/1028/1028 1027/1027/1027
f 1031/1031/1031 1029/1029/1029 1030/1030/1030
f 1030/1030/1030 1032/1032/1032 1031/1031/1031
f 1035/1035/1035 1033/1033/1033 1034/1034/1034
f 1034/1034/1034 1036/1036/1036 1035/1035/1035
f 1039/1039/1039 1037/1037/1037 1038/1038/1038
f 1038/1038/1038 1040/1040/1040 1039/1039/1039
f 1043/1043/1043 1041/1041/1041 1042/1042/1042
f 1042/1042/1042 1044/1044/1044 1043/1043/1043
f 1047/1047/1047 1045/1045/1045 1046/1046/1046
f 1046/1046/1046 1048/1048/1048 1047/1047/1047
f 1051/1051/1051 1049/1049/1049 1050/1050/1050
f 1050/1050/1050 1052/1052/1052 1051/1051/1051
f 1055/1055/1055 1053/1053/1053 1054/1054/1054
f 1054/1054/1054 1056/1056/1056 1055/1055/1055
f 1059/1059/1059 1057/1057/1057 1058/1058/1058
f 1058/1058/1058 1060/1060/1060 1059/1059/1059
f 1063/1063/1063 1061/1061/1061 1062/1062/1062
f 1062/1062/1062 1064/1064/1064 1063/1063/1063
f 1067/1067/1067 1065/1065/1065 1066/1066/1066
f 1066/1066/1066 1068/1068/1068 1067/1067/1067
f 1071/1071/1071 1069/1069/1069 1070/1070/1070
f 1070/1070/1070 1072/1072/1072 1071/1071/1071
f 1075/1075/1075 1073/1073/1073 1074/1074/1074
f 1074/1074/1074 1076/1076/1076 1075/1075/1075
f 1079/1079/1079 1077/1077/1077 1078/1078/1078
f 1078/1078/1078 1080/1080/1080 1079/1079/1079
f 1083/1083/1083 1081/1081/1081 1082/1082/1082
f 1082/1082/1082 1084/1084/1084 1083/1083/1083
f 1087/1087/1087 1085/1085/1085 1086/1086/1086
f 1086/1086/1086 1088/1088/1088 1087/1087/1087
f 1091/1091/1091 1089/1089/1089 1090/1090/1090
f 1090/1090/1090 1092/1092/1092 1091/1091/1091
f 1095/1095/1095 1093/1093/1093 1094/1094/1094
f 1094/1094/1094 1096/1096/1096 1095/1095/1095
f 1099/1099/1099 1097/1097/1097 1098/1098/1098
f 1098/1098/1098 1100/1100/1100 1099/1099/1099
f 1103/1103/1103 1101/1101/1101 1102/1102/1102
f 1102/1102/1102 1104/1104/1104 1103/1103/1103
f 1107/1107/1107 1105/1105/1105 1106/1106/1106
f 1106/1106/1106 1108/1108/1108 1107/1107/1107
f 1111/1111/1111 1109/1109/1109 1110/1110/1110
f 1110/1110/1110 1112/1112/1112 1111/1111/1111
f 1115/1115/1115 1113/1113/1113 1114/1114/1114
f 1114/1114/1114 1116/1116/1116 1115/1115/1115
f 1119/1119/1119 1117/1117/1117 1118/1118/1118
f 1118/1118/1118 1120/1120/1120 1119/1119/1119
f 1123/1123/1123 1121/1121/1121 1122/1122/1122
f 1122/1122/1122 1124/1124/1124 1123/1123/1123
f 1127/1127/1127 1125/1125/1125 1126/1126/1126
f 1126/1126/1126 1128/1128/1128 1127/1127/1127
f 1131/1131/1131 1129/1129/1129 1130/1130/1130
f 1130/1130/1130 1132/1132/1132 1131/1131/1131
f 1135/1135/1135 1133/1133/1133 1134/1134/1134
f 1134/1134/1134 1136/1136/1136 1135/1135/1135
f 1139/1139/1139 1137/1137/1137 1138/1138/1138
f 1138/1138/1138 1140/1140/1140 1139/1139/1139
f 1143/1143/1143 1141/1141/1141 1142/1142/1142
f 1142/1142/1142 1144/1144/1144 1143/1143/1143
f 1147/1147/1147 1145/1145/1145 1146/1146/1146
f 1146/1146/1146 1148/1148/1148 1147/1147/1147
f 1151/1151/1151 1149/1149/1149 1150/1150/1150
f 1150/1150/1150 1152/1152/1152 1151/1151/1151
f 1155/1155/1155 1153/1153/1153 1154/1154/1154
f 1154/1154/1154 1156/1156/1156 1155/1155/1155
f 1159/1159/1159 1157/1157/1157 1158/1158/1158
f 1158/1158/1158 1160/1160/1160 1159/1159/1159
f 1163/1163/1163 1161/1161/1161 1162/1162/1162
f 1162/1162/1162 1164/1164/1164 1163/1163/1163
f 1167/1167/1167 1165/1165/1165 1166/1166/1166
f 1166/1166/1166 1168/1168/1168 1167/1167/1167
f 1171/1171/1171 1169/1169/1169 1170/1170/1170
f 1170/1170/1170 1172/1172/1172 1171/1171/1171
f 1175/1175/1175 1173/1173/1173 1174/1174/1174
f 1174/1174/1174 1176/1176/1176 1175/1175/1175
f 1179/1179/1179 1177/1177/1177 1178/1178/1178
f 1178/1178/1178 1180/1180/1180 1179/1179/1179
f 1183/1183/1183 1181/1181/1181 1182/1182/1182
f 1182/1182/1182 1184/1184/1184 1183/1183/1183
f 1187/1187/1187 1185/1185/1185 1186/1186/1186
f 1186/1186/1186 1188/1188/1188 1187/1187/1187
f 1191/1191/1191 1189/1189/1189 1190/1190/1190
f 1190/1190/1190 1192/1192/1192 1191/1191/1191
f 1195/1195/1195 1193/1193/1193 1194/1194/1194
f 1194/1194/1194 1196/1196/1196 1195/1195/1195
f 1199/1199/1199 1197/1197/1197 1198/1198/1198
f 1198/1198/1198 1200/1200/1200 1199/1199/1199
f 1203/1203/1203 1201/1201/1201 1202/1202/1202
f 1202/1202/1202 1204/1204/1204 1203/1203/1203
f 1207/1207/1207 1205/1205/1205 1206/1206/1206
f 1206/1206/1206 1208/1208/1208 1207/1207/1207
f 1211/1211/1211 1209/1209/1209 1210/1210/1210
f 1210/1210/1210 1212/1212/1212 1211/1211/1211
f 1215/1215/1215 1213/1213/1213 1214/1214/1214
f 1214/1214/1214 1216/1216/1216 1215/1215/1215
f 1219/1219/1219 1217/1217/1217 1218/1218/1218
f 1218/1218/1218 1220/1220/1220 1219/1219/1219
f 1223/1223/1223 1221/1221/1221 1222/1222/1222
f 1222/1222/1222 1224/1224/1224 1223/1223/1223
f 1227/1227/1227 1225/1225/1225 1226/1226/1226
f 1226/1226/1226 1228/1228/1228 1227/1227/1227
f 1231/1231/1231 1229/1229/1229 1230/1230/1230
f 1230/1230/1230 1232/1232/1232 1231/1231/1231
f 1235/1235/1235 1233/1233/1233 1234/1234/1234
f 1234/1234/1234 1236/1236/1236 1235/1235/1235
f 1239/1239/1239 1237/1237/1237 1238/1238/1238
f 1238/1238/1238 1240/1240/1240 1239/1239/1239
f 1243/1243/1243 1241/1241/1241 1242/1242/1242
f 1242/1242/1242 1244/1244/1244 1243/1243/1243
f 1247/1247/1247 1245/1245/1245 1246/1246/1246
f 1246/1246/1246 1248/1248/1248 1247/1247/1247
f 1251/1251/1251 1249/1249/1249 1250/1250/1250
f 1250/1250/1250 1252/1252/1252 1251/1251/1251
f 1255/1255/1255 1253/1253/1253 1254/1254/1254
f 1254/1254/1254 1256/1256/1256 1255/1255/1255
f 1259/1259/1259 1257/1257/1257 1258/1258/1258
f 1258/1258/1258 1260/1260/1260 1259/1259/1259
f 1263/1263/1263 1261/1261/1261 1262/1262/1262
f 1262/1262/1262 1264/1264/1264 1263/1263/1263
f 1267/1267/1267 1265/1265/1265 1266/1266/1266
f 1266/1266/1266 1268/1268/1268 1267/1267/1267
f 1271/1271/1271 1269/1269/1269 1270/1270/1270
f 1270/1270/1270 1272/1272/1272 1271/1271/1271
f 1275/1275/1275 1273/1273/1273 1274/1274/1274
f 1274/1274/1274 1276/1276/1276 1275/1275/1275
f 1279/1279/1279 1277/1277/1277 1278/1278/1278
f 1278/1278/1278 1280/1280/1280 1279/1279/1279
f 1283/1283/1283 1281/1281/1281 1282/1282/1282
f 1282/1282/1282 1284/1284/1284 1283/1283/1283
f 1287/1287/1287 1285/1285/1285 1286/1286/1286
f 1286/1286/1286 1288/1288/1288 1287/1287/1287
f 1291/1291/1291 1289/1289/1289 1290/1290/1290
f 1290/1290/1290 1292/1292/1292 1291/1291/1291
f 1295/1295/1295 1293/1293/1293 1294/1294/1294
f 1294/1294/1294 1296/1296/1296 1295/1295/1295
f 1299/1299/1299 1297/1297/1297 1298/1298/1298
f 1298/1298/1298 1300/1300/1300 1299/1299/1299
f 1303/1303/1303 1301/1301/1301 1302/1302/1302
f 1302/1302/1302 1304/1304/1304 1303/1303/1303
f 1307/1307/1307 1305/1305/1305 1306/1306/1306
f 1306/1306/1306 1308/1308/1308 1307/1307/1307
f 1311/1311/1311 1309/1309/1309 1310/1310/1310
f 1310/1310/1310 1312/1312/1312 1311/1311/1311
f 1315/1315/1315 1313/1313/1313 1314/1314/1314
f 1314/1314/1314 1316/1316/1316 1315/1315/1315
f 1319/1319/1319 1317/1317/1317 1318/1318/1318
f 1318/1318/1318 1320/1320/1320 1319/1319/1319
f 1323/1323/1323 1321/1321/1321 1322/1322/1322
f 1322/1322/1322 1324/1324/1324 1323/1323/1323
f 1327/1327/1327 1325/1325/1325 1326/1326/1326
f 1326/1326/1326 1328/1328/1328 1327/1327/1327
f 1331/1331/1331 1329/1329/1329 1330/1330/1330
f 1330/1330/1330 1332/1332/1332 1331/1331/1331
f 1335/1335/1335 1333/1333/1333 1334/1334/1334
f 1334/1334/1334 1336/1336/1336 1335/1335/1335
f 1339/1339/1339 1337/1337/1337 1338/1338/1338
f 1338/1338/1338 1340/1340/1340 1339/1339/1339
f 1343/1343/1343 1341/1341/1341 1342/1342/1342
f 1342/1342/1342 1344/1344/1344 1343/1343/1343
f 1347/1347/1347 1345/1345/1345 1346/1346/1346
f 1346/1346/1346 1348/1348/1348 1347/1347/1347
f 1351/1351/1351 1349/1349/1349 1350/1350/1350
f 1350/1350/1350 1352/1352/1352 1351/1351/1351
f 1355/1355/1355 1353/1353/1353 1354/1354/1354
f 1354/1354/1354 1356/1356/1356 1355/1355/1355
f 1359/1359/1359 1357/1357/1357 1358/1358/1358
f 1358/1358/1358 1360/1360/1360 1359/1359/1359
f 1363/1363/1363 1361/1361/1361 1362/1362/1362
f 1362/1362/1362 1364/1364/1364 1363/1363/1363
f 1367/1367/1367 1365/1365/1365 1366/1366/1366
f 1366/1366/1366 1368/1368/1368 1367/1367/1367
f 1371/1371/1371 1369/1369/1369 1370/1370/1370
f 1370/1370/1370 1372/1372/1372 1371/1371/1371
f 1375/1375/1375 1373/1373/1373 1374/1374/1374
f 1374/1374/1374 1376/1376/1376 1375/1375/1375
f 1379/1379/1379 1377/1377/1377 1378/1378/1378
f 1378/1378/1378 1380/1380/1380 1379/1379/1379
f 1383/1383/1383 1381/1381/1381 1382/1382/1382
f 1382/1382/1382 1384/1384/1384 1383/1383/1383
f 1387/1387/1387 1385/1385/1385 1386/1386/1386
f 1386/1386/1386 1388/1388/1388 1387/1387/1387
f 1391/1391/1391 1389/1389/1389 1390/1390/1390
f 1390/1390/1390 1392/1392/1392 1391/1391/1391
f 1395/1395/1395 1393/1393/1393 1394/1394/1394
f 1394/1394/1394 1396/1396/1396 1395/1395/1395
f 1399/1399/1399 1397/1397/1397 1398/1398/1398
f 1398/1398/1398 1400/1400/1400 1399/1399/1399
f 1403/1403/1403 1401/1401/1401 1402/1402/1402
f 1402/1402/1402 1404/1404/1404 1403/1403/1403
f 1407/1407/1407 1405/1405/1405 1406/1406/1406
f 1406/1406/1406 1408/1408/1408 1407/1407/1407
f 1411/1411/1411 1409/1409/1409 1410/1410/1410
f 1410/1410/1410 1412/1412/1412 1411/1411/1411
f 1415/1415/1415 1413/1413/1413 1414/1414/1414
f 1414/1414/1414 1416/1416/1416 1415/1415/1415
f 1419/1419/1419 1417/1417/1417 1418/1418/1418
f 1418/1418/1418 1420/1420/1420 1419/1419/1419
f 1423/1423/1423 1421/1421/1421 1422/1422/1422
f 1422/1422/1422 1424/1424/1424 1423/1423/1423
f 1427/1427/1427 1425/1425/1425 1426/1426/1426
f 1426/1426/1426 1428/1428/1428 1427/1427/1427
f 1431/1431/1431 1429/1429/1429 1430/1430/1430
f 1430/1430/1430 1432/1432/1432 1431/1431/1431
f 1435/1435/1435 1433/1433/1433 1434/1434/1434
f 1434/1434/1434 1436/1436/1436 1435/1435/1435
f 1439/1439/1439 1437/1437/1437 1438/1438/1438
f 1438/1438/1438 1440/1440/1440 1439/1439/1439
f 1443/1443/1443 1441/1441/1441 1442/1442/1442
f 1442/1442/1442 1444/1444/1444 1443/1443/1443
f 1447/1447/1447 1445/1445/1445 1446/1446/1446
f 1446/1446/1446 1448/1448/1448 1447/1447/1447
f 1451/1451/1451 1449/1449/1449 1450/1450/1450
f 1450/1450/1450 1452/1452/1452 1451/1451/1451
f 1455/1455/1455 1453/1453/1453 1454/1454/1454
f 1454/1454/1454 1456/1456/1456 1455/1455/1455
f 1459/1459/1459 1457/1457/1457 1458/1458/1458
f 1458/1458/1458 1460/1460/1460 1459/1459/1459
f 1463/1463/1463 1461/1461/1461 1462/1462/1462
f 1462/1462/1462 1464/1464/1464 1463/1463/1463
f 1467/1467/1467 1465/1465/1465 1466/1466/1466
f 1466/1466/1466 1468/1468/1468 1467/1467/1467
f 1471/1471/1471 1469/1469/1469 1470/1470/1470
f 1470/1470/1470 1472/1472/1472 1471/1471/1471
f 1475/1475/1475 1473/1473/1473 1474/1474/1474
f 1474/1474/1474 1476/1476/1476 1475/1475/1475
f 1479/1479/1479 1477/1477/1477 1478/1478/1478
f 1478/1478/1478 1480/1480/1480 1479/1479/1479
f 1483/1483/1483 1481/1481/1481 1482/1482/1482
f 1482/1482/1482 1484/1484/1484 1483/1483/1483
f 1487/1487/1487 1485/1485/1485 1486/1486/1486
f 1486/1486/1486 1488/1488/1488 1487/1487/1487
f 1491/1491/1491 1489/1489/1489 1490/1490/1490
f 1490/1490/1490 1492/1492/1492 1491/1491/1491
f 1495/1495/1495 1493/1493/1493 1494/1494/1494
f 1494/1494/1494 1496/1496/1496 1495/1495/1495
f 1499/1499/1499 1497/1497/1497 1498/1498/1498
f 1498/1498/1498 1500/1500/1500 1499/1499/1499
f 1503/1503/1503 1501/1501/1501 1502/1502/1502
f 1502/1502/1502 1504/1504/1504 1503/1503/1503
f 1507/1507/1507 1505/1505/1505 1506/1506/1506
f 1506/1506/1506 1508/1508/1508 1507/1507/1507
f 1511/1511/1511 1509/1509/1509 1510/1510/1510
f 1510/1510/1510 1512/1512/1512 1511/1511/1511
f 1515/1515/1515 1513/1513/1513 1514/1514/1514
f 1514/1514/1514 1516/1516/1516 1515/1515/1515
f 1519/1519/1519 1517/1517/1517 1518/1518/1518
f 1518/1518/1518 1520/1520/1520 1519/1519/1519
f 1523/1523/1523 1521/1521/1521 1522/1522/1522
f 1522/1522/1522 1524/1524/1524 1523/1523/1523
f 1527/1527/1527 1525/1525/1525 1526/1526/1526
f 1526/1526/1526 1528/1528/1528 1527/1527/1527
f 1531/1531/1531 1529/1529/1529 1530/1530/1530
f 1530/1530/1530 1532/1532/1532 1531/1531/1531
f 1535/1535/1535 1533/1533/1533 1534/1534/1534
f 1534/1534/1534 1536/1536/1536 1535/1535/1535
f 1539/1539/1539 1537/1537/1537 1538/1538/1538
f 1538/1538/1538 1540/1540/1540 1539/1539/1539
f 1543/1543/1543 1541/1541/1541 1542/1542/1542
f 1542/1542/1542 1544/1544/1544 1543/1543/1543
f 1547/1547/1547 1545/1545/1545 1546/1546/1546
f 1546/1546/1546 1548/1548/1548 1547/1547/1547
f 1551/1551/1551 1549/1549/1549 1550/1550/1550
f 1550/1550/1550 1552/1552/1552 1551/1551/1551
f 1555/1555/1555 1553/1553/1553 1554/1554/1554
f 1554/1554/1554 1556/1556/1556 1555/1555/1555
f 1559/1559/1559 1557/1557/1557 1558/1558/1558
f 1558/1558/1558 1560/1560/1560 1559/1559/1559
f 1563/1563/1563 1561/1561/1561 1562/1562/1562
f 1562/1562/1562 1564/1564/1564 1563/1563/1563
f 1567/1567/1567 1565/1565/1565 1566/1566/1566
f 1566/1566/1566 1568/1568/1568 1567/1567/1567
f 1571/1571/1571 1569/1569/1569 1570/1570/1570
f 1570/1570/1570 1572/1572/1572 1571/1571/1571
f 1575/1575/1575 1573/1573/1573 1574/1574/1574
f 1574/1574/1574 1576/1576/1576 1575/1575/1575
f 1579/1579/1579 1577/1577/1577 1578/1578/1578
f 1578/1578/1578 1580/1580/1580 1579/1579/1579
f 1583/1583/1583 1581/1581/1581 1582/1582/1582
f 1582/1582/1582 1584/1584/1584 1583/1583/1583
f 1587/1587/1587 1585/1585/1585 1586/1586/1586
f 1586/1586/1586 1588/1588/1588 1587/1587/1587
f 1591/1591/1591 1589/1589/1589 1590/1590/1590
f 1590/1590/1590 1592/1592/1592 1591/1591/1591
f 1595/1595/1595 1593/1593/1593 1594/1594/1594
f 1594/1594/1594 1596/1596/1596 1595/1595/1595
f 1599/1599/1599 1597/1597/1597 1598/1598/1598
f 1598/1598/1598 1600/1600/1600 1599/1599/1599
f 1603/1603/1603 1601/1601/1601 1602/1602/1602
f 1602/1602/1602 1604/1604/1604 1603/1603/1603
f 1607/1607/1607 1605/1605/1605 1606/1606/1606
f 1606/1606/1606 1608/1608/1608 1607/1607/1607
f 1611/1611/1611 1609/1609/1609 1610/1610/1610
f 1610/1610/1610 1612/1612/1612 1611/1611/1611
f 1615/1615/1615 1613/1613/1613 1614/1614/1614
f 1614/1614/1614 1616/1616/1616 1615/1615/1615
f 1619/1619/1619 1617/1617/1617 1618/1618/1618
f 1618/1618/1618 1620/1620/1620 1619/1619/1619
f 1623/1623/1623 1621/1621/1621 1622/1622/1622
f 1622/1622/1622 1624/1624/1624 1623/1623/1623
f 1627/1627/1627 1625/1625/1625 1626/1626/1626
f 1626/1626/1626 1628/1628/1628 1627/1627/1627
f 1631/1631/1631 1629/1629/1629 1630/1630/1630
f 1630/1630/1630 1632/1632/1632 1631/1631/1631
f 1635/1635/1635 1633/1633/1633 1634/1634/1634
f 1634/1634/1634 1636/1636/1636 1635/1635/1635
f 1639/1639/1639 1637/1637/1637 1638/1638/1638
f 1638/1638/1638 1640/1640/1640 1639/1639/1639
f 1643/1643/1643 1641/1641/1641 1642/1642/1642
f 1642/1642/1642 1644/1644/1644 1643/1643/1643
f 1647/1647/1647 1645/1645/1645 1646/1646/1646
f 1646/1646/1646 1648/1648/1648 1647/1647/1647
f 1651/1651/1651 1649/1649/1649 1650/1650/1650
f 1650/1650/1650 1652/1652/1652 1651/1651/1651
f 1655/1655/1655 1653/1653/1653 1654/1654/1654
f 1654/1654/1654 1656/1656/1656 1655/1655/1655
f 1659/1659/1659 1657/1657/1657 1658/1658/1658
f 1658/1658/1658 1660/1660/1660 1659/1659/1659
f 1663/1663/1663 1661/1661/1661 1662/1662/1662
f 1662/1662/1662 1664/1664/1664 1663/1663/1663
f 1667/1667/1667 1665/1665/1665 1666/1666/1666
f 1666/1666/1666 1668/1668/1668 1667/1667/1667
f 1671/1671/1671 1669/1669/1669 1670/1670/1670
f 1670/1670/1670 1672/1672/1672 1671/1671/1671
f 1675/1675/1675 1673/1673/1673 1674/1674/1674
f 1674/1674/1674 1676/1676/1676 1675/1675/1675
f 1679/1679/1679 1677/1677/1677 1678/1678/1678
f 1678/1678/1678 1680/1680/1680 1679/1679/1679
f 1683/1683/1683 1681/1681/1681 1682/1682/1682
f 1682/1682/1682 1684/1684/1684 1683/1683/1683
f 1687/1687/1687 1685/1685/1685 1686/1686/1686
f 1686/1686/1686 1688/1688/1688 1687/1687/1687
f 1691/1691/1691 1689/1689/1689 1690/1690/1690
f 1690/1690/1690 1692/1692/1692 1691/1691/1691
f 1695/1695/1695 1693/1693/1693 1694/1694/1694
f 1694/1694/1694 1696/1696/1696 1695/1695/1695
f 1699/1699/1699 1697/1697/1697 1698/1698/1698
f 1698/1698/1698 1700/1700/1700 1699/1699/1699
f 1703/1703/1703 1701/1701/1701 1702/1702/1702
f 1702/1702/1702 1704/1704/1704 1703/1703/1703
f 1707/1707/1707 1705/1705/1705 1706/1706/1706
f 1706/1706/1706 1708/1708/1708 1707/1707/1707
f 1711/1711/1711 1709/1709/1709 1710/1710/1710
f 1710/1710/1710 1712/1712/1712 1711/1711/1711
f 1715/1715/1715 1713/1713/1713 1714/1714/1714
f 1714/1714/1714 1716/1716/1716 1715/1715/1715
f 1719/1719/1719 1717/1717/1717 1718/1718/1718
f 1718/1718/1718 1720/1720/1720 1719/1719/1719
f 1723/1723/1723 1721/1721/1721 1722/1722/1722
f 1722/1722/1722 1724/1724/1724 1723/1723/1723
f 1727/1727/1727 1725/1725/1725 1726/1726/1726
f 1726/1726/1726 1728/1728/1728 1727/1727/1727
f 1731/1731/1731 1729/1729/1729 1730/1730/1730
f 1730/1730/1730 1732/1732/1732 1731/1731/1731
f 1735/1735/1735 1733/1733/1733 1734/1734/1734
f 1734/1734/1734 1736/1736/1736 1735/1735/1735
f 1739/1739/1739 1737/1737/1737 1738/1738/1738
f 1738/1738/1738 1740/1740/1740 1739/1739/1739
f 1743/1743/1743 1741/1741/1741 1742/1742/1742
f 1742/1742/1742 1744/1744/1744 1743/1743/1743
f 1747/1747/1747 1745/1745/1745 1746/1746/1746
f 1746/1746/1746 1748/1748/1748 1747/1747/1747
f 1751/1751/1751 1749/1749/1749 1750/1750/1750
f 1750/1750/1750 1752/1752/1752 1751/1751/1751
f 1755/1755/1755 1753/1753/1753 1754/1754/1754
f 1754/1754/1754 1756/1756/1756 1755/1755/1755
f 1759/1759/1759 1757/1757/1757 1758/1758/1758
f 1758/1758/1758 1760/1760/1760 1759/1759/1759
f 1763/1763/1763 1761/1761/1761 1762/1762/1762
f 1762/1762/1762 1764/1764/1764 1763/1763/1763
f 1767/1767/1767 1765/1765/1765 1766/1766/1766
f 1766/1766/1766 1768/1768/1768 1767/1767/1767
f 1771/1771/1771 1769/1769/1769 1770/1770/1770
f 1770/1770/1770 1772/1772/1772 1771/1771/1771
f 1775/1775/1775 1773/1773/1773 1774/1774/1774
f 1774/1774/1774 1776/1776/1776 1775/1775/1775
f 1779/1779/1779 1777/1777/1777 1778/1778/1778
f 1778/1778/1778 1780/1780/1780 1779/1779/1779
f 1783/1783/1783 1781/1781/1781 1782/1782/1782
f 1782/1782/1782 1784/1784/1784 1783/1783/1783
f 1787/1787/1787 1785/1785/1785 1786/1786/1786
f 1786/1786/1786 1788/1788/1788 1787/1787/1787
f 1791/1791/1791 1789/1789/1789 1790/1790/1790
f 1790/1790/1790 1792/1792/1792 1791/1791/1791
f 1795/1795/1795 1793/1793/1793 1794/1794/1794
f 1794/1794/1794 1796/1796/1796 1795/1795/1795
f 1799/1799/1799 1797/1797/1797 1798/1798/1798
f 1798/1798/1798 1800/1800/1800 1799/1799/1799
f 1803/1803/1803 1801/1801/1801 1802/1802/1802
f 1802/1802/1802 1804/1804/1804 1803/1803/1803
f 1807/1807/1807 1805/1805/1805 1806/1806/1806
f 1806/1806/1806 1808/1808/1808 1807/1807/1807
f 1811/1811/1811 1809/1809/1809 1810/1810/1810
f 1810/1810/1810 1812/1812/1812 1811/1811/1811
f 1815/1815/1815 1813/1813/1813 1814/1814/1814
f 1814/1814/1814 1816/1816/1816 1815/1815/1815
f 1819/1819/1819 1817/1817/1817 1818/1818/1818
f 1818/1818/1818 1820/1820/1820 1819/1819/1819
f 1823/1823/1823 1821/1821/1821 1822/1822/1822
f 1822/1822/1822 1824/1824/1824 1823/1823/1823
f 1827/1827/1827 1825/1825/1825 1826/1826/1826
f 1826/1826/1826 1828/1828/1828 1827/1827/1827
f 1831/1831/1831 1829/1829/1829 1830/1830/1830
f 1830/1830/1830 1832/1832/1832 1831/1831/1831
f 1835/1835/1835 1833/1833/1833 1834/1834/1834
f 1834/1834/1834 1836/1836/1836 1835/1835/1835
f 1839/1839/1839 1837/1837/1837 1838/1838/1838
f 1838/1838/1838 1840/1840/1840 1839/1839/1839
f 1843/1843/1843 1841/1841/1841 1842/1842/1842
f 1842/1842/1842 1844/1844/1844 1843/1843/1843
f 1847/1847/1847 1845/1845/1845 1846/1846/1846
f 1846/1846/1846 1848/1848/1848 1847/1847/1847
f 1851/1851/1851 1849/1849/1849 1850/1850/1850
f 1850/1850/1850 1852/1852/1852 1851/1851/1851
f 1855/1855/1855 1853/1853/1853 1854/1854/1854
f 1854/1854/1854 1856/1856/1856 1855/1855/1855
f 1859/1859/1859 1857/1857/1857 1858/1858/1858
f 1858/1858/1858 1860/1860/1860 1859/1859/1859
f 1863/1863/1863 1861/1861/1861 1862/1862/1862
f 1862/1862/1862 1864/1864/1864 1863/1863/1863
f 1867/1867/1867 1865/1865/1865 1866/1866/1866
f 1866/1866/1866 1868/1868/1868 1867/1867/1867
f 1871/1871/1871 1869/1869/1869 1870/1870/1870
f 1870/1870/1870 1872/1872/1872 1871/1871/1871
f 1875/1875/1875 1873/1873/1873 1874/1874/1874
f 1874/1874/1874 1876/1876/1876 1875/1875/1875
f 1879/1879/1879 1877/1877/1877 1878/1878/1878
f 1878/1878/1878 1880/1880/1880 1879/1879/1879
f 1883/1883/1883 1881/1881/1881 1882/1882/1882
f 1882/1882/1882 1884/1884/1884 1883/1883/1883
f 1887/1887/1887 1885/1885/1885 1886/1886/1886
f 1886/1886/1886 1888/1888/1888 1887/1887/1887
f 1891/1891/1891 1889/1889/1889 1890/1890/1890
f 1890/1890/1890 1892/1892/1892 1891/1891/1891
f 1895/1895/1895 1893/1893/1893 1894/1894/1894
f 1894/1894/1894 1896/1896/1896 1895/1895/1895
f 1899/1899/1899 1897/1897/1897 1898/1898/1898
f 1898/1898/1898 1900/1900/1900 1899/1899/1899
f 1903/1903/1903 1901/1901/1901 1902/1902/1902
f 1902/1902/1902 1904/1904/1904 1903/1903/1903
f 1907/1907/1907 1905/1905/1905 1906/1906/1906
f 1906/1906/1906 1908/1908/1908 1907/1907/1907
f 1911/1911/1911 1909/1909/1909 1910/1910/1910
f 1910/1910/1910 1912/1912/1912 1911/1911/1911
f 1915/1915/1915 1913/1913/1913 1914/1914/1914
f 1914/1914/1914 1916/1916/1916 1915/1915/1915
f 1919/1919/1919 1917/1917/1917 1918/1918/1918
f 1918/1918/1918 1920/1920/1920 1919/1919/1919
f 1923/1923/1923 1921/1921/1921 1922/1922/1922
f 1922/1922/1922 1924/1924/1924 1923/1923/1923
f 1927/1927/1927 1925/1925/1925 1926/1926/1926
f 1926/1926/1926 1928/1928/1928 1927/1927/1927
f 1931/1931/1931 1929/1929/1929 1930/1930/1930
f 1930/1930/1930 1932/1932/1932 1931/1931/1931
f 1935/1935/1935 1933/1933/1933 1934/1934/1934
f 1934/1934/1934 1936/1936/1936 1935/1935/1935
f 1939/1939/1939 1937/1937/1937 1938/1938/1938
f 1938/1938/1938 1940/1940/1940 1939/1939/1939
f 1943/1943/1943 1941/1941/1941 1942/1942/1942
f 1942/1942/1942 1944/1944/1944 1943/1943/1943
f 1947/1947/1947 1945/1945/1945 1946/1946/1946
f 1946/1946/1946 1948/1948/1948 1947/1947/1947
f 1951/1951/1951 1949/1949/1949 1950/1950/1950
f 1950/1950/1950 1952/1952/1952 1951/1951/1951
f 1955/1955/1955 1953/1953/1953 1954/1954/1954
f 1954/1954/1954 1956/1956/1956 1955/1955/1955
f 1959/1959/1959 1957/1957/1957 1958/1958/1958
f 1958/1958/1958 1960/1960/1960 1959/1959/1959
f 1963/1963/1963 1961/1961/1961 1962/1962/1962
f 1962/1962/1962 1964/1964/1964 1963/1963/1963
f 1967/1967/1967 1965/1965/1965 1966/1966/1966
f 1966/1966/1966 1968/1968/1968 1967/1967/1967
f 1971/1971/1971 1969/1969/1969 1970/1970/1970
f 1970/1970/1970 1972/1972/1972 1971/1971/1971
f 1975/1975/1975 1973/1973/1973 1974/1974/1974
f 1974/1974/1974 1976/1976/1976 1975/1975/1975
f 1979/1979/1979 1977/1977/1977 1978/1978/1978
f 1978/1978/1978 1980/1980/1980 1979/1979/1979
f 1983/1983/1983 1981/1981/1981 1982/1982/1982
f 1982/1982/1982 1984/1984/1984 1983/1983/1983
f 1987/1987/1987 1985/1985/1985 1986/1986/1986
f 1986/1986/1986 1988/1988/1988 1987/1987/1987
f 1991/1991/1991 1989/1989/1989 1990/1990/1990
f 1990/1990/1990 1992/1992/1992 1991/1991/1991
f 1995/1995/1995 1993/1993/1993 1994/1994/1994
f 1994/1994/1994 1996/1996/1996 1995/1995/1995
f 1999/1999/1999 1997/1997/1997 1998/1998/1998
f 1998/1998/1998 2000/2000/2000 1999/1999/1999
f 2003/2003/2003 2001/2001/2001 2002/2002/2002
f 2002/2002/2002 2004/2004/2004 2003/2003/2003
f 2007/2007/2007 2005/2005/2005 2006/2006/2006
f 2006/2006/2006 2008/2008/2008 2007/2007/2007
f 2011/2011/2011 2009/2009/2009 2010/2010/2010
f 2010/2010/2010 2012/2012/2012 2011/2011/2011
f 2015/2015/2015 2013/2013/2013 2014/2014/2014
f 2014/2014/2014 2016/2016/2016 2015/2015/2015
f 2019/2019/2019 2017/2017/2017 2018/2018/2018
f 2018/2018/2018 2020/2020/2020 2019/2019/2019
f 2023/2023/2023 2021/2021/2021 2022/2022/2022
f 2022/2022/2022 2024/2024/2024 2023/2023/2023
f 2027/2027/2027 2025/2025/2025 2026/2026/2026
f 2026/2026/2026 2028/2028/2028 2027/2027/2027
f 2031/2031/2031 2029/2029/2029 2030/2030/2030
f 2030/2030/2030 2032/2032/2032 2031/2031/2031
f 2035/2035/2035 2033/2033/2033 2034/2034/2034
f 2034/2034/2034 2036/2036/2036 2035/2035/2035
f 2039/2039/2039 2037/2037/2037 2038/2038/2038
f 2038/2038/2038 2040/2040/2040 2039/2039/2039
f 2043/2043/2043 2041/2041/2041 2042/2042/2042
f 2042/2042/2042 2044/2044/2044 2043/2043/2043
f 2047/2047/2047 2045/2045/2045 2046/2046/2046
f 2046/2046/2046 2048/2048/2048 2047/2047/2047
f 2051/2051/2051 2049/2049/2049 2050/2050/2050
f 2050/2050/2050 2052/2052/2052 2051/2051/2051
f 2055/2055/2055 2053/2053/2053 2054/2054/2054
f 2054/2054/2054 2056/2056/2056 2055/2055/2055
f 2059/2059/2059 2057/2057/2057 2058/2058/2058
f 2058/2058/2058 2060/2060/2060 2059/2059/2059
f 2063/2063/2063 2061/2061/2061 2062/2062/2062
f 2062/2062/2062 2064/2064/2064 2063/2063/2063
f 2067/2067/2067 2065/2065/2065 2066/2066/2066
f 2066/2066/2066 2068/2068/2068 2067/2067/2067
f 2071/2071/2071 2069/2069/2069 2070/2070/2070
f 2070/2070/2070 2072/2072/2072 2071/2071/2071
f 2075/2075/2075 2073/2073/2073 2074/2074/2074
f 2074/2074/2074 2076/2076/2076 2075/2075/2075
f 2079/2079/2079 2077/2077/2077 2078/2078/2078
f 2078/2078/2078 2080/2080/2080 2079/2079/2079
f 2083/2083/2083 2081/2081/2081 2082/2082/2082
f 2082/2082/2082 2084/2084/2084 2083/2083/2083
f 2087/2087/2087 2085/2085/2085 2086/2086/2086
f 2086/2086/2086 2088/2088/2088 2087/2087/2087
f 2091/2091/2091 2089/2089/2089 2090/2090/2090
f 2090/2090/2090 2092/2092/2092 2091/2091/2091
f 2095/2095/2095 2093/2093/2093 2094/2094/2094
f 2094/2094/2094 2096/2096/2096 2095/2095/2095
f 2099/2099/2099 2097/2097/2097 2098/2098/2098
f 2098/2098/2098 2100/2100/2100 2099/2099/2099
f 2103/2103/2103 2101/2101/2101 2102/2102/2102
f 2102/2102/2102 2104/2104/2104 2103/2103/2103
f 2107/2107/2107 2105/2105/2105 2106/2106/2106
f 2106/2106/2106 2108/2108/2108 2107/2107/2107
f 2111/2111/2111 2109/2109/2109 2110/2110/2110
f 2110/2110/2110 2112/2112/2112 2111/2111/2111
f 2115/2115/2115 2113/2113/2113 2114/2114/2114
f 2114/2114/2114 2116/2116/2116 2115/2115/2115
f 2119/2119/2119 2117/2117/2117 2118/2118/2118
f 2118/2118/2118 2120/2120/2120 2119/2119/2119
f 2123/2123/2123 2121/2121/2121 2122/2122/2122
f 2122/2122/2122 2124/2124/2124 2123/2123/2123
f 2127/2127/2127 2125/2125/2125 2126/2126/2126
f 2126/2126/2126 2128/2128/2128 2127/2127/2127
f 2131/2131/2131 2129/2129/2129 2130/2130/2130
f 2130/2130/2130 2132/2132/2132 2131/2131/2131
f 2135/2135/2135 2133/2133/2133 2134/2134/2134
f 2134/2134/2134 2136/2136/2136 2135/2135/2135
f 2139/2139/2139 2137/2137/2137 2138/2138/2138
f 2138/2138/2138 2140/2140/2140 2139/2139/2139
f 2143/2143/2143 2141/2141/2141 2142/2142/2142
f 2142/2142/2142 2144/2144/2144 2143/2143/2143
f 2147/2147/2147 2145/2145/2145 2146/2146/2146
f 2146/2146/2146 2148/2148/2148 2147/2147/2147
f 2151/2151/2151 2149/2149/2149 2150/2150/2150
f 2150/2150/2150 2152/2152/2152 2151/2151/2151
f 2155/2155/2155 2153/2153/2153 2154/2154/2154
f 2154/2154/2154 2156/2156/2156 2155/2155/2155
f 2159/2159/2159 2157/2157/2157 2158/2158/2158
f 2158/2158/2158 2160/2160/2160 2159/2159/2159
f 2163/2163/2163 2161/2161/2161 2162/2162/2162
f 2162/2162/2162 2164/2164/2164 2163/2163/2163
f 2167/2167/2167 2165/2165/2165 2166/2166/2166
f 2166/2166/2166 2168/2168/2168 2167/2167/2167
f 2171/2171/2171 2169/2169/2169 2170/2170/2170
f 2170/2170/2170 2172/2172/2172 2171/2171/2171
f 2175/2175/2175 2173/2173/2173 2174/2174/2174
f 2174/2174/2174 2176/2176/2176 2175/2175/2175
f 2179/2179/2179 2177/2177/2177 2178/2178/2178
f 2178/2178/2178 2180/2180/2180 2179/2179/2179
f 2183/2183/2183 2181/2181/2181 2182/2182/2182
f 2182/2182/2182 2184/2184/2184 2183/2183/2183
f 2187/2187/2187 2185/2185/2185 2186/2186/2186
f 2186/2186/2186 2188/2188/2188 2187/2187/2187
f 2191/2191/2191 2189/2189/2189 2190/2190/2190
f 2190/2190/2190 2192/2192/2192 2191/2191/2191
f 2195/2195/2195 2193/2193/2193 2194/2194/2194
f 2194/2194/2194 2196/2196/2196 2195/2195/2195
f 2199/2199/2199 2197/2197/2197 2198/2198/2198
f 2198/2198/2198 2200/2200/2200 2199/2199/2199
f 2203/2203/2203 2201/2201/2201 2202/2202/2202
f 2202/2202/2202 2204/2204/2204 2203/2203/2203
f 2207/2207/2207 2205/2205/2205 2206/2206/2206
f 2206/2206/2206 2208/2208/2208 2207/2207/2207
f 2211/2211/2211 2209/2209/2209 2210/2210/2210
f 2210/2210/2210 2212/2212/2212 2211/2211/2211
f 2215/2215/2215 2213/2213/2213 2214/2214/2214
f 2214/2214/2214 2216/2216/2216 2215/2215/2215
f 2219/2219/2219 2217/2217/2217 2218/2218/2218
f 2218/2218/2218 2220/2220/2220 2219/2219/2219
f 2223/2223/2223 2221/2221/2221 2222/2222/2222
f 2222/2222/2222 2224/2224/2224 2223/2223/2223
f 2227/2227/2227 2225/2225/2225 2226/2226/2226
f 2226/2226/2226 2228/2228/2228 2227/2227/2227
f 2231/2231/2231 2229/2229/2229 2230/2230/2230
f 2230/2230/2230 2232/2232/2232 2231/2231/2231
f 2235/2235/2235 2233/2233/2233 2234/2234/2234
f 2234/2234/2234 2236/2236/2236 2235/2235/2235
f 2239/2239/2239 2237/2237/2237 2238/2238/2238
f 2238/2238/2238 2240/2240/2240 2239/2239/2239
f 2243/2243/2243 2241/2241/2241 2242/2242/2242
f 2242/2242/2242 2244/2244/2244 2243/2243/2243
f 2247/2247/2247 2245/2245/2245 2246/2246/2246
f 2246/2246/2246 2248/2248/2248 2247/2247/2247
f 2251/2251/2251 2249/2249/2249 2250/2250/2250
f 2250/2250/2250 2252/2252/2252 2251/2251/2251
f 2255/2255/2255 2253/2253/2253 2254/2254/2254
f 2254/2254/2254 2256/2256/2256 2255/2255/2255
f 2259/2259/2259 2257/2257/2257 2258/2258/2258
f 2258/2258/2258 2260/2260/2260 2259/2259/2259
f 2263/2263/2263 2261/2261/2261 2262/2262/2262
f 2262/2262/2262 2264/2264/2264 2263/2263/2263
f 2267/2267/2267 2265/2265/2265 2266/2266/2266
f 2266/2266/2266 2268/2268/2268 2267/2267/2267
f 2271/2271/2271 2269/2269/2269 2270/2270/2270
f 2270/2270/2270 2272/2272/2272 2271/2271/2271
f 2275/2275/2275 2273/2273/2273 2274/2274/2274
f 2274/2274/2274 2276/2276/2276 2275/2275/2275
f 2279/2279/2279 2277/2277/2277 2278/2278/2278
f 2278/2278/2278 2280/2280/2280 2279/2279/2279
f 2283/2283/2283 2281/2281/2281 2282/2282/2282
f 2282/2282/2282 2284/2284/2284 2283/2283/2283
f 2287/2287/2287 2285/2285/2285 2286/2286/2286
f 2286/2286/2286 2288/2288/2288 2287/2287/2287
f 2291/2291/2291 2289/2289/2289 2290/2290/2290
f 2290/2290/2290 2292/2292/2292 2291/2291/2291
f 2295/2295/2295 2293/2293/2293 2294/2294/2294
f 2294/2294/2294 2296/2296/2296 2295/2295/2295
f 2299/2299/2299 2297/2297/2297 2298/2298/2298
f 2298/2298/2298 2300/2300/2300 2299/2299/2299
f 2303/2303/2303 2301/2301/2301 2302/2302/2302
f 2302/2302/2302 2304/2304/2304 2303/2303/2303
f 2307/2307/2307 2305/2305/2305 2306/2306/2306
f 2306/2306/2306 2308/2308/2308 2307/2307/2307
f 2311/2311/2311 2309/2309/2309 2310/2310/2310
f 2310/2310/2310 2312/2312/2312 2311/2311/2311
f 2315/2315/2315 2313/2313/2313 2314/2314/2314
f 2314/2314/2314 2316/2316/2316 2315/2315/2315
f 2319/2319/2319 2317/2317/2317 2318/2318/2318
f 2318/2318/2318 2320/2320/2320 2319/2319/2319
f 2323/2323/2323 2321/2321/2321 2322/2322/2322
f 2322/2322/2322 2324/2324/2324 2323/2323/2323
f 2327/2327/2327 2325/2325/2325 2326/2326/2326
f 2326/2326/2326 2328/2328/2328 2327/2327/2327
f 2331/2331/2331 2329/2329/2329 2330/2330/2330
f 2330/2330/2330 2332/2332/2332 2331/2331/2331
f 2335/2335/2335 2333/2333/2333 2334/2334/2334
f 2334/2334/2334 2336/2336/2336 2335/2335/2335
f 2339/2339/2339 2337/2337/2337 2338/2338/2338
f 2338/2338/2338 2340/2340/2340 2339/2339/2339
f 2343/2343/2343 2341/2341/2341 2342/2342/2342
f 2342/2342/2342 2344/2344/2344 2343/2343/2343
f 2347/2347/2347 2345/2345/2345 2346/2346/2346
f 2346/2346/2346 2348/2348/2348 2347/2347/2347
f 2351/2351/2351 2349/2349/2349 2350/2350/2350
f 2350/2350/2350 2352/2352/2352 2351/2351/2351
f 2355/2355/2355 2353/2353/2353 2354/2354/2354
f 2354/2354/2354 2356/2356/2356 2355/2355/2355
f 2359/2359/2359 2357/2357/2357 2358/2358/2358
f 2358/2358/2358 2360/2360/2360 2359/2359/2359
f 2363/2363/2363 2361/2361/2361 2362/2362/2362
f 2362/2362/2362 2364/2364/2364 2363/2363/2363
f 2367/2367/2367 2365/2365/2365 2366/2366/2366
f 2366/2366/2366 2368/2368/2368 2367/2367/2367
f 2371/2371/2371 2369/2369/2369 2370/2370/2370
f 2370/2370/2370 2372/2372/2372 2371/2371/2371
f 2375/2375/2375 2373/2373/2373 2374/2374/2374
f 2374/2374/2374 2376/2376/2376 2375/2375/2375
f 2379/2379/2379 2377/2377/2377 2378/2378/2378
f 2378/2378/2378 2380/2380/2380 2379/2379/2379
f 2383/2383/2383 2381/2381/2381 2382/2382/2382
f 2382/2382/2382 2384/2384/2384 2383/2383/2383
f 2387/2387/2387 2385/2385/2385 2386/2386/2386
f 2386/2386/2386 2388/2388/2388 2387/2387/2387
f 2391/2391/2391 2389/2389/2389 2390/2390/2390
f 2390/2390/2390 2392/2392/2392 2391/2391/2391
f 2395/2395/2395 2393/2393/2393 2394/2394/2394
f 2394/2394/2394 2396/2396/2396 2395/2395/2395
f 2399/2399/2399 2397/2397/2397 2398/2398/2398
f 2398/2398/2398 2400/2400/2400 2399/2399/2399
f 2403/2403/2403 2401/2401/2401 2402/2402/2402
f 2402/2402/2402 2404/2404/2404 2403/2403/2403
f 2407/2407/2407 2405/2405/2405 2406/2406/2406
f 2406/2406/2406 2408/2408/2408 2407/2407/2407
f 2411/2411/2411 2409/2409/2409 2410/2410/2410
f 2410/2410/2410 2412/2412/2412 2411/2411/2411
f 2415/2415/2415 2413/2413/2413 2414/2414/2414
f 2414/2414/2414 2416/2416/2416 2415/2415/2415
f 2419/2419/2419 2417/2417/2417 2418/2418/2418
f 2418/2418/2418 2420/2420/2420 2419/2419/2419
f 2423/2423/2423 2421/2421/2421 2422/2422/2422
f 2422/2422/2422 2424/2424/2424 2423/2423/2423
f 2427/2427/2427 2425/2425/2425 2426/2426/2426
f 2426/2426/2426 2428/2428/2428 2427/2427/2427
f 2431/2431/2431 2429/2429/2429 2430/2430/2430
f 2430/2430/2430 2432/2432/2432 2431/2431/2431
f 2435/2435/2435 2433/2433/2433 2434/2434/2434
f 2434/2434/2434 2436/2436/2436 2435/2435/2435
f 2439/2439/2439 2437/2437/2437 2438/2438/2438
f 2438/2438/2438 2440/2440/2440 2439/2439/2439
f 2443/2443/2443 2441/2441/2441 2442/2442/2442
f 2442/2442/2442 2444/2444/2444 2443/2443/2443
f 2447/2447/2447 2445/2445/2445 2446/2446/2446
f 2446/2446/2446 2448/2448/2448 2447/2447/2447
f 2451/2451/2451 2449/2449/2449 2450/2450/2450
f 2450/2450/2450 2452/2452/2452 2451/2451/2451
f 2455/2455/2455 2453/2453/2453 2454/2454/2454
f 2454/2454/2454 2456/2456/2456 2455/2455/2455
f 2459/2459/2459 2457/2457/2457 2458/2458/2458
f 2458/2458/2458 2460/2460/2460 2459/2459/2459
f 2463/2463/2463 2461/2461/2461 2462/2462/2462
f 2462/2462/2462 2464/2464/2464 2463/2463/2463
f 2467/2467/2467 2465/2465/2465 2466/2466/2466
f 2466/2466/2466 2468/2468/2468 2467/2467/2467
f 2471/2471/2471 2469/2469/2469 2470/2470/2470
f 2470/2470/2470 2472/2472/2472 2471/2471/2471
f 2475/2475/2475 2473/2473/2473 2474/2474/2474
f 2474/2474/2474 2476/2476/2476 2475/2475/2475
f 2479/2479/2479 2477/2477/2477 2478/2478/2478
f 2478/2478/2478 2480/2480/2480 2479/2479/2479
f 2483/2483/2483 2481/2481/2481 2482/2482/2482
f 2482/2482/2482 2484/2484/2484 2483/2483/2483
f 2487/2487/2487 2485/2485/2485 2486/2486/2486
f 2486/2486/2486 2488/2488/2488 2487/2487/2487
f 2491/2491/2491 2489/2489/2489 2490/2490/2490
f 2490/2490/2490 2492/2492/2492 2491/2491/2491
f 2495/2495/2495 2493/2493/2493 2494/2494/2494
f 2494/2494/2494 2496/2496/2496 2495/2495/2495
f 2499/2499/2499 2497/2497/2497 2498/2498/2498
f 2498/2498/2498 2500/2500/2500 2499/2499/2499
f 2503/2503/2503 2501/2501/2501 2502/2502/2502
f 2502/2502/2502 2504/2504/2504 2503/2503/2503
f 2507/2507/2507 2505/2505/2505 2506/2506/2506
f 2506/2506/2506 2508/2508/2508 2507/2507/2507
f 2511/2511/2511 2509/2509/2509 2510/2510/2510
f 2510/2510/2510 2512/2512/2512 2511/2511/2511
f 2515/2515/2515 2513/2513/2513 2514/2514/2514
f 2514/2514/2514 2516/2516/2516 2515/2515/2515
f 2519/2519/2519 2517/2517/2517 2518/2518/2518
f 2518/2518/2518 2520/2520/2520 2519/2519/2519
f 2523/2523/2523 2521/2521/2521 2522/2522/2522
f 2522/2522/2522 2524/2524/2524 2523/2523/2523
f 2527/2527/2527 2525/2525/2525 2526/2526/2526
f 2526/2526/2526 2528/2528/2528 2527/2527/2527
f 2531/2531/2531 2529/2529/2529 2530/2530/2530
f 2530/2530/2530 2532/2532/2532 2531/2531/2531
f 2535/2535/2535 2533/2533/2533 2534/2534/2534
f 2534/2534/2534 2536/2536/2536 2535/2535/2535
f 2539/2539/2539 2537/2537/2537 2538/2538/2538
f 2538/2538/2538 2540/2540/2540 2539/2539/2539
f 2543/2543/2543 2541/2541/2541 2542/2542/2542
f 2542/2542/2542 2544/2544/2544 2543/2543/2543
f 2547/2547/2547 2545/2545/2545 2546/2546/2546
f 2546/2546/2546 2548/2548/2548 2547/2547/2547
f 2551/2551/2551 2549/2549/2549 2550/2550/2550
f 2550/2550/2550 2552/2552/2552 2551/2551/2551
f 2555/2555/2555 2553/2553/2553 2554/2554/2554
f 2554/2554/2554 2556/2556/2556 2555/2555/2555
f 2559/2559/2559 2557/2557/2557 2558/2558/2558
f 2558/2558/2558 2560/2560/2560 2559/2559/2559
f 2563/2563/2563 2561/2561/2561 2562/2562/2562
f 2562/2562/2562 2564/2564/2564 2563/2563/2563
f 2567/2567/2567 2565/2565/2565 2566/2566/2566
f 2566/2566/2566 2568/2568/2568 2567/2567/2567
f 2571/2571/2571 2569/2569/2569 2570/2570/2570
f 2570/2570/2570 2572/2572/2572 2571/2571/2571
f 2575/2575/2575 2573/2573/2573 2574/2574/2574
f 2574/2574/2574 2576/2576/2576 2575/2575/2575
f 2579/2579/2579 2577/2577/2577 2578/2578/2578
f 2578/2578/2578 2580/2580/2580 2579/2579/2579
f 2583/2583/2583 2581/2581/2581 2582/2582/2582
f 2582/2582/2582 2584/2584/2584 2583/2583/2583
f 2587/2587/2587 2585/2585/2585 2586/2586/2586
f 2586/2586/2586 2588/2588/2588 2587/2587/2587
f 2591/2591/2591 2589/2589/2589 2590/2590/2590
f 2590/2590/2590 2592/2592/2592 2591/2591/2591
f 2595/2595/2595 2593/2593/2593 2594/2594/2594
f 2594/2594/2594 2596/2596/2596 2595/2595/2595
f 2599/2599/2599 2597/2597/2597 2598/2598/2598
f 2598/2598/2598 2600/2600/2600 2599/2599/2599
f 2603/2603/2603 2601/2601/2601 2602/2602/2602
f 2602/2602/2602 2604/2604/2604 2603/2603/2603
f 2607/2607/2607 2605/2605/2605 2606/2606/2606
f 2606/2606/2606 2608/2608/2608 2607/2607/2607
f 2611/2611/2611 2609/2609/2609 2610/2610/2610
f 2610/2610/2610 2612/2612/2612 2611/2611/2611
f 2615/2615/2615 2613/2613/2613 2614/2614/2614
f 2614/2614/2614 2616/2616/2616 2615/2615/2615
f 2619/2619/2619 2617/2617/2617 2618/2618/2618
f 2618/2618/2618 2620/2620/2620 2619/2619/2619
f 2623/2623/2623 2621/2621/2621 2622/2622/2622
f 2622/2622/2622 2624/2624/2624 2623/2623/2623
f 2627/2627/2627 2625/2625/2625 2626/2626/2626
f 2626/2626/2626 2628/2628/2628 2627/2627/2627
f 2631/2631/2631 2629/2629/2629 2630/2630/2630
f 2630/2630/2630 2632/2632/2632 2631/2631/2631
f 2635/2635/2635 2633/2633/2633 2634/2634/2634
f 2634/2634/2634 2636/2636/2636 2635/2635/2635
f 2639/2639/2639 2637/2637/2637 2638/2638/2638
f 2638/2638/2638 2640/2640/2640 2639/2639/2639
f 2643/2643/2643 2641/2641/2641 2642/2642/2642
f 2642/2642/2642 2644/2644/2644 2643/2643/2643
f 2647/2647/2647 2645/2645/2645 2646/2646/2646
f 2646/2646/2646 2648/2648/2648 2647/2647/2647
f 2651/2651/2651 2649/2649/2649 2650/2650/2650
f 2650/2650/2650 2652/2652/2652 2651/2651/2651
f 2655/2655/2655 2653/2653/2653 2654/2654/2654
f 2654/2654/2654 2656/2656/2656 2655/2655/2655
f 2659/2659/2659 2657/2657/2657 2658/2658/2658
f 2658/2658/2658 2660/2660/2660 2659/2659/2659
f 2663/2663/2663 2661/2661/2661 2662/2662/2662
f 2662/2662/2662 2664/2664/2664 2663/2663/2663
f 2667/2667/2667 2665/2665/2665 2666/2666/2666
f 2666/2666/2666 2668/2668/2668 2667/2667/2667
f 2671/2671/2671 2669/2669/2669 2670/2670/2670
f 2670/2670/2670 2672/2672/2672 2671/2671/2671
f 2675/2675/2675 2673/2673/2673 2674/2674/2674
f 2674/2674/2674 2676/2676/2676 2675/2675/2675
f 2679/2679/2679 2677/2677/2677 2678/2678/2678
f 2678/2678/2678 2680/2680/2680 2679/2679/2679
f 2683/2683/2683 2681/2681/2681 2682/2682/2682
f 2682/2682/2682 2684/2684/2684 2683/2683/2683
f 2687/2687/2687 2685/2685/2685 2686/2686/2686
f 2686/2686/2686 2688/2688/2688 2687/2687/2687
f 2691/2691/2691 2689/2689/2689 2690/2690/2690
f 2690/2690/2690 2692/2692/2692 2691/2691/2691
f 2695/2695/2695 2693/2693/2693 2694/2694/2694
f 2694/2694/2694 2696/2696/2696 2695/2695/2695
f 2699/2699/2699 2697/2697/2697 2698/2698/2698
f 2698/2698/2698 2700/2700/2700 2699/2699/2699
f 2703/2703/2703 2701/2701/2701 2702/2702/2702
f 2702/2702/2702 2704/2704/2704 2703/2703/2703
f 2707/2707/2707 2705/2705/2705 2706/2706/2706
f 2706/2706/2706 2708/2708/2708 2707/2707/2707
f 2711/2711/2711 2709/2709/2709 2710/2710/2710
f 2710/2710/2710 2712/2712/2712 2711/2711/2711
f 2715/2715/2715 2713/2713/2713 2714/2714/2714
f 2714/2714/2714 2716/2716/2716 2715/2715/2715
f 2719/2719/2719 2717/2717/2717 2718/2718/2718
f 2718/2718/2718 2720/2720/2720 2719/2719/2719
f 2723/2723/2723 2721/2721/2721 2722/2722/2722
f 2722/2722/2722 2724/2724/2724 2723/2723/2723
f 2727/2727/2727 2725/2725/2725 2726/2726/2726
f 2726/2726/2726 2728/2728/2728 2727/2727/2727
f 2731/2731/2731 2729/2729/2729 2730/2730/2730
f 2730/2730/2730 2732/2732/2732 2731/2731/2731
f 2735/2735/2735 2733/2733/2733 2734/2734/2734
f 2734/2734/2734 2736/2736/2736 2735/2735/2735
f 2739/2739/2739 2737/2737/2737 2738/2738/2738
f 2738/2738/2738 2740/2740/2740 2739/2739/2739
f 2743/2743/2743 2741/2741/2741 2742/2742/2742
f 2742/2742/2742 2744/2744/2744 2743/2743/2743
f 2747/2747/2747 2745/2745/2745 2746/2746/2746
f 2746/2746/2746 2748/2748/2748 2747/2747/2747
f 2751/2751/2751 2749/2749/2749 2750/2750/2750
f 2750/2750/2750 2752/2752/2752 2751/2751/2751
f 2755/2755/2755 2753/2753/2753 2754/2754/2754
f 2754/2754/2754 2756/2756/2756 2755/2755/2755
f 2759/2759/2759 2757/2757/2757 2758/2758/2758
f 2758/2758/2758 2760/2760/2760 2759/2759/2759
f 2763/2763/2763 2761/2761/2761 2762/2762/2762
f 2762/2762/2762 2764/2764/2764 2763/2763/2763
f 2767/2767/2767 2765/2765/2765 2766/2766/2766
f 2766/2766/2766 2768/2768/2768 2767/2767/2767
f 2771/2771/2771 2769/2769/2769 2770/2770/2770
f 2770/2770/2770 2772/2772/2772 2771/2771/2771
f 2775/2775/2775 2773/2773/2773 2774/2774/2774
f 2774/2774/2774 2776/2776/2776 2775/2775/2775
f 2779/2779/2779 2777/2777/2777 2778/2778/2778
f 2778/2778/2778 2780/2780/2780 2779/2779/2779
f 2783/2783/2783 2781/2781/2781 2782/2782/2782
f 2782/2782/2782 2784/2784/2784 2783/2783/2783
f 2787/2787/2787 2785/2785/2785 2786/2786/2786
f 2786/2786/2786 2788/2788/2788 2787/2787/2787
f 2791/2791/2791 2789/2789/2789 2790/2790/2790
f 2790/2790/2790 2792/2792/2792 2791/2791/2791
f 2795/2795/2795 2793/2793/2793 2794/2794/2794
f 2794/2794/2794 2796/2796/2796 2795/2795/2795
f 2799/2799/2799 2797/2797/2797 2798/2798/2798
f 2798/2798/2798 2800/2800/2800 2799/2799/2799
f 2803/2803/2803 2801/2801/2801 2802/2802/2802
f 2802/2802/2802 2804/2804/2804 2803/2803/2803
f 2807/2807/2807 2805/2805/2805 2806/2806/2806
f 2806/2806/2806 2808/2808/2808 2807/2807/2807
f 2811/2811/2811 2809/2809/2809 2810/2810/2810
f 2810/2810/2810 2812/2812/2812 2811/2811/2811
f 2815/2815/2815 2813/2813/2813 2814/2814/2814
f 2814/2814/2814 2816/2816/2816 2815/2815/2815
f 2819/2819/2819 2817/2817/2817 2818/2818/2818
f 2818/2818/2818 2820/2820/2820 2819/2819/2819
f 2823/2823/2823 2821/2821/2821 2822/2822/2822
f 2822/2822/2822 2824/2824/2824 2823/2823/2823
f 2827/2827/2827 2825/2825/2825 2826/2826/2826
f 2826/2826/2826 2828/2828/2828 2827/2827/2827
f 2831/2831/2831 2829/2829/2829 2830/2830/2830
f 2830/2830/2830 2832/2832/2832 2831/2831/2831
f 2835/2835/2835 2833/2833/2833 2834/2834/2834
f 2834/2834/2834 2836/2836/2836 2835/2835/2835
f 2839/2839/2839 2837/2837/2837 2838/2838/2838
f 2838/2838/2838 2840/2840/2840 2839/2839/2839
f 2843/2843/2843 2841/2841/2841 2842/2842/2842
f 2842/2842/2842 2844/2844/2844 2843/2843/2843
f 2847/2847/2847 2845/2845/2845 2846/2846/2846
f 2846/2846/2846 2848/2848/2848 2847/2847/2847
f 2851/2851/2851 2849/2849/2849 2850/2850/2850
f 2850/2850/2850 2852/2852/2852 2851/2851/2851
f 2855/2855/2855 2853/2853/2853 2854/2854/2854
f 2854/2854/2854 2856/2856/2856 2855/2855/2855
f 2859/2859/2859 2857/2857/2857 2858/2858/2858
f 2858/2858/2858 2860/2860/2860 2859/2859/2859
f 2863/2863/2863 2861/2861/2861 2862/2862/2862
f 2862/2862/2862 2864/2864/2864 2863/2863/2863
f 2867/2867/2867 2865/2865/2865 2866/2866/2866
f 2866/2866/2866 2868/2868/2868 2867/2867/2867
f 2871/2871/2871 2869/2869/2869 2870/2870/2870
f 2870/2870/2870 2872/2872/2872 2871/2871/2871
f 2875/2875/2875 2873/2873/2873 2874/2874/2874
f 2874/2874/2874 2876/2876/2876 2875/2875/2875
f 2879/2879/2879 2877/2877/2877 2878/2878/2878
f 2878/2878/2878 2880/2880/2880 2879/2879/2879
f 2883/2883/2883 2881/2881/2881 2882/2882/2882
f 2882/2882/2882 2884/2884/2884 2883/2883/2883
f 2887/2887/2887 2885/2885/2885 2886/2886/2886
f 2886/2886/2886 2888/2888/2888 2887/2887/2887
f 2891/2891/2891 2889/2889/2889 2890/2890/2890
f 2890/2890/2890 2892/2892/2892 2891/2891/2891
f 2895/2895/2895 2893/2893/2893 2894/2894/2894
f 2894/2894/2894 2896/2896/2896 2895/2895/2895
f 2899/2899/2899 2897/2897/2897 2898/2898/2898
f 2898/2898/2898 2900/2900/2900 2899/2899/2899
f 2903/2903/2903 2901/2901/2901 2902/2902/2902
f 2902/2902/2902 2904/2904/2904 2903/2903/2903
f 2907/2907/2907 2905/2905/2905 2906/2906/2906
f 2906/2906/2906 2908/2908/2908 2907/2907/2907
f 2911/2911/2911 2909/2909/2909 2910/2910/2910
f 2910/2910/2910 2912/2912/2912 2911/2911/2911
f 2915/2915/2915 2913/2913/2913 2914/2914/2914
f 2914/2914/2914 2916/2916/2916 2915/2915/2915
f 2919/2919/2919 2917/2917/2917 2918/2918/2918
f 2918/2918/2918 2920/2920/2920 2919/2919/2919
f 2923/2923/2923 2921/2921/2921 2922/2922/2922
f 2922/2922/2922 2924/2924/2924 2923/2923/2923
f 2927/2927/2927 2925/2925/2925 2926/2926/2926
f 2926/2926/2926 2928/2928/2928 2927/2927/2927
f 2931/2931/2931 2929/2929/2929 2930/2930/2930
f 2930/2930/2930 2932/2932/2932 2931/2931/2931
f 2935/2935/2935 2933/2933/2933 2934/2934/2934
f 2934/2934/2934 2936/2936/2936 2935/2935/2935
f 2939/2939/2939 2937/2937/2937 2938/2938/2938
f 2938/2938/2938 2940/2940/2940 2939/2939/2939
f 2943/2943/2943 2941/2941/2941 2942/2942/2942
f 2942/2942/2942 2944/2944/2944 2943/2943/2943
f 2947/2947/2947 2945/2945/2945 2946/2946/2946
f 2946/2946/2946 2948/2948/2948 2947/2947/2947
f 2951/2951/2951 2949/2949/2949 2950/2950/2950
f 2950/2950/2950 2952/2952/2952 2951/2951/2951
f 2955/2955/2955 2953/2953/2953 2954/2954/2954
f 2954/2954/2954 2956/2956/2956 2955/2955/2955
f 2959/2959/2959 2957/2957/2957 2958/2958/2958
f 2958/2958/2958 2960/2960/2960 2959/2959/2959
f 2963/2963/2963 2961/2961/2961 2962/2962/2962
f 2962/2962/2962 2964/2964/2964 2963/2963/2963
f 2967/2967/2967 2965/2965/2965 2966/2966/2966
f 2966/2966/2966 2968/2968/2968 2967/2967/2967
f 2971/2971/2971 2969/2969/2969 2970/2970/2970
f 2970/2970/2970 2972/2972/2972 2971/2971/2971
f 2975/2975/2975 2973/2973/2973 2974/2974/2974
f 2974/2974/2974 2976/2976/2976 2975/2975/2975
f 2979/2979/2979 2977/2977/2977 2978/2978/2978
f 2978/2978/2978 2980/2980/2980 2979/2979/2979
f 2983/2983/2983 2981/2981/2981 2982/2982/2982
f 2982/2982/2982 2984/2984/2984 2983/2983/2983
f 2987/2987/2987 2985/2985/2985 2986/2986/2986
f 2986/2986/2986 2988/2988/2988 2987/2987/2987
f 2991/2991/2991 2989/2989/2989 2990/2990/2990
f 2990/2990/2990 2992/2992/2992 2991/2991/2991
f 2995/2995/2995 2993/2993/2993 2994/2994/2994
f 2994/2994/2994 2996/2996/2996 2995/2995/2995
f 2999/2999/2999 2997/2997/2997 2998/2998/2998
f 2998/2998/2998 3000/3000/3000 2999/2999/2999
f 3003/3003/3003 3001/3001/3001 3002/3002/3002
f 3002/3002/3002 3004/3004/3004 3003/3003/3003
f 3007/3007/3007 3005/3005/3005 3006/3006/3006
f 3006/3006/3006 3008/3008/3008 3007/3007/3007
f 3011/3011/3011 3009/3009/3009 3010/3010/3010
f 3010/3010/3010 3012/3012/3012 3011/3011/3011
f 3015/3015/3015 3013/3013/3013 3014/3014/3014
f 3014/3014/3014 3016/3016/3016 3015/3015/3015
f 3019/3019/3019 3017/3017/3017 3018/3018/3018
f 3018/3018/3018 3020/3020/3020 3019/3019/3019
f 3023/3023/3023 3021/3021/3021 3022/3022/3022
f 3022/3022/3022 3024/3024/3024 3023/3023/3023
f 3027/3027/3027 3025/3025/3025 3026/3026/3026
f 3026/3026/3026 3028/3028/3028 3027/3027/3027
f 3031/3031/3031 3029/3029/3029 3030/3030/3030
f 3030/3030/3030 3032/3032/3032 3031/3031/3031
f 3035/3035/3035 3033/3033/3033 3034/3034/3034
f 3034/3034/3034 3036/3036/3036 3035/3035/3035
f 3039/3039/3039 3037/3037/3037 3038/3038/3038
f 3038/3038/3038 3040/3040/3040 3039/3039/3039
f 3043/3043/3043 3041/3041/3041 3042/3042/3042
f 3042/3042/3042 3044/3044/3044 3043/3043/3043
f 3047/3047/3047 3045/3045/3045 3046/3046/3046
f 3046/3046/3046 3048/3048/3048 3047/3047/3047
f 3051/3051/3051 3049/3049/3049 3050/3050/3050
f 3050/3050/3050 3052/3052/3052 3051/3051/3051
f 3055/3055/3055 3053/3053/3053 3054/3054/3054
f 3054/3054/3054 3056/3056/3056 3055/3055/3055
f 3059/3059/3059 3057/3057/3057 3058/3058/3058
f 3058/3058/3058 3060/3060/3060 3059/3059/3059
f 3063/3063/3063 3061/3061/3061 3062/3062/3062
f 3062/3062/3062 3064/3064/3064 3063/3063/3063
f 3067/3067/3067 3065/3065/3065 3066/3066/3066
f 3066/3066/3066 3068/3068/3068 3067/3067/3067
f 3071/3071/3071 3069/3069/3069 3070/3070/3070
f 3070/3070/3070 3072/3072/3072 3071/3071/3071
f 3075/3075/3075 3073/3073/3073 3074/3074/3074
f 3074/3074/3074 3076/3076/3076 3075/3075/3075
f 3079/3079/3079 3077/3077/3077 3078/3078/3078
f 3078/3078/3078 3080/3080/3080 3079/3079/3079
f 3083/3083/3083 3081/3081/3081 3082/3082/3082
f 3082/3082/3082 3084/3084/3084 3083/3083/3083
f 3087/3087/3087 3085/3085/3085 3086/3086/3086
f 3086/3086/3086 3088/3088/3088 3087/3087/3087
f 3091/3091/3091 3089/3089/3089 3090/3090/3090
f 3090/3090/3090 3092/3092/3092 3091/3091/3091
f 3095/3095/3095 3093/3093/3093 3094/3094/3094
f 3094/3094/3094 3096/3096/3096 3095/3095/3095
f 3099/3099/3099 3097/3097/3097 3098/3098/3098
f 3098/3098/3098 3100/3100/3100 3099/3099/3099
f 3103/3103/3103 3101/3101/3101 3102/3102/3102
f 3102/3102/3102 3104/3104/3104 3103/3103/3103
f 3107/3107/3107 3105/3105/3105 3106/3106/3106
f 3106/3106/3106 3108/3108/3108 3107/3107/3107
f 3111/3111/3111 3109/3109/3109 3110/3110/3110
f 3110/3110/3110 3112/3112/3112 3111/3111/3111
f 3115/3115/3115 3113/3113/3113 3114/3114/3114
f 3114/3114/3114 3116/3116/3116 3115/3115/3115
f 3119/3119/3119 3117/3117/3117 3118/3118/3118
f 3118/3118/3118 3120/3120/3120 3119/3119/3119
f 3123/3123/3123 3121/3121/3121 3122/3122/3122
f 3122/3122/3122 3124/3124/3124 3123/3123/3123
f 3127/3127/3127 3125/3125/3125 3126/3126/3126
f 3126/3126/3126 3128/3128/3128 3127/3127/3127
f 3131/3131/3131 3129/3129/3129 3130/3130/3130
f 3130/3130/3130 3132/3132/3132 3131/3131/3131
f 3135/3135/3135 3133/3133/3133 3134/3134/3134
f 3134/3134/3134 3136/3136/3136 3135/3135/3135
f 3139/3139/3139 3137/3137/3137 3138/3138/3138
f 3138/3138/3138 3140/3140/3140 3139/3139/3139
f 3143/3143/3143 3141/3141/3141 3142/3142/3142
f 3142/3142/3142 3144/3144/3144 3143/3143/3143
f 3147/3147/3147 3145/3145/3145 3146/3146/3146
f 3146/3146/3146 3148/3148/3148 3147/3147/3147
f 3151/3151/3151 3149/3149/3149 3150/3150/3150
f 3150/3150/3150 3152/3152/3152 3151/3151/3151
f 3155/3155/3155 3153/3153/3153 3154/3154/3154
f 3154/3154/3154 3156/3156/3156 3155/3155/3155
f 3159/3159/3159 3157/3157/3157 3158/3158/3158
f 3158/3158/3158 3160/3160/3160 3159/3159/3159
f 3163/3163/3163 3161/3161/3161 3162/3162/3162
f 3162/3162/3162 3164/3164/3164 3163/3163/3163
f 3167/3167/3167 3165/3165/3165 3166/3166/3166
f 3166/3166/3166 3168/3168/3168 3167/3167/3167
f 3171/3171/3171 3169/3169/3169 3170/3170/3170
f 3170/3170/3170 3172/3172/3172 3171/3171/3171
f 3175/3175/3175 3173/3173/3173 3174/3174/3174
f 3174/3174/3174 3176/3176/3176 3175/3175/3175
f 3179/3179/3179 3177/3177/3177 3178/3178/3178
f 3178/3178/3178 3180/3180/3180 3179/3179/3179
f 3183/3183/3183 3181/3181/3181 3182/3182/3182
f 3182/3182/3182 3184/3184/3184 3183/3183/3183
f 3187/3187/3187 3185/3185/3185 3186/3186/3186
f 3186/3186/3186 3188/3188/3188 3187/3187/3187
f 3191/3191/3191 3189/3189/3189 3190/3190/3190
f 3190/3190/3190 3192/3192/3192 3191/3191/3191
f 3195/3195/3195 3193/3193/3193 3194/3194/3194
f 3194/3194/3194 3196/3196/3196 3195/3195/3195
f 3199/3199/3199 3197/3197/3197 3198/3198/3198
f 3198/3198/3198 3200/3200/3200 3199/3199/3199
f 3203/3203/3203 3201/3201/3201 3202/3202/3202
f 3202/3202/3202 3204/3204/3204 3203/3203/3203
f 3207/3207/3207 3205/3205/3205 3206/3206/3206
f 3206/3206/3206 3208/3208/3208 3207/3207/3207
f 3211/3211/3211 3209/3209/3209 3210/3210/3210
f 3210/3210/3210 3212/3212/3212 3211/3211/3211
f 3215/3215/3215 3213/3213/3213 3214/3214/3214
f 3214/3214/3214 3216/3216/3216 3215/3215/3215
f 3219/3219/3219 3217/3217/3217 3218/3218/3218
f 3218/3218/3218 3220/3220/3220 3219/3219/3219
f 3223/3223/3223 3221/3221/3221 3222/3222/3222
f 3222/3222/3222 3224/3224/3224 3223/3223/3223
f 3227/3227/3227 3225/3225/3225 3226/3226/3226
f 3226/3226/3226 3228/3228/3228 3227/3227/3227
f 3231/3231/3231 3229/3229/3229 3230/3230/3230
f 3230/3230/3230 3232/3232/3232 3231/3231/3231
f 3235/3235/3235 3233/3233/3233 3234/3234/3234
f 3234/3234/3234 3236/3236/3236 3235/3235/3235
f 3239/3239/3239 3237/3237/3237 3238/3238/3238
f 3238/3238/3238 3240/3240/3240 3239/3239/3239
f 3243/3243/3243 3241/3241/3241 3242/3242/3242
f 3242/3242/3242 3244/3244/3244 3243/3243/3243
f 3247/3247/3247 3245/3245/3245 3246/3246/3246
f 3246/3246/3246 3248/3248/3248 3247/3247/3247
f 3251/3251/3251 3249/3249/3249 3250/3250/3250
f 3250/3250/3250 3252/3252/3252 3251/3251/3251
f 3255/3255/3255 3253/3253/3253 3254/3254/3254
f 3254/3254/3254 3256/3256/3256 3255/3255/3255
f 3259/3259/3259 3257/3257/3257 3258/3258/3258
f 3258/3258/3258 3260/3260/3260 3259/3259/3259
f 3263/3263/3263 3261/3261/3261 3262/3262/3262
f 3262/3262/3262 3264/3264/3264 3263/3263/3263
f 3267/3267/3267 3265/3265/3265 3266/3266/3266
f 3266/3266/3266 3268/3268/3268 3267/3267/3267
f 3271/3271/3271 3269/3269/3269 3270/3270/3270
f 3270/3270/3270 3272/3272/3272 3271/3271/3271
f 3275/3275/3275 3273/3273/3273 3274/3274/3274
f 3274/3274/3274 3276/3276/3276 3275/3275/3275
f 3279/3279/3279 3277/3277/3277 3278/3278/3278
f 3278/3278/3278 3280/3280/3280 3279/3279/3279
f 3283/3283/3283 3281/3281/3281 3282/3282/3282
f 3282/3282/3282 3284/3284/3284 3283/3283/3283
f 3287/3287/3287 3285/3285/3285 3286/3286/3286
f 3286/3286/3286 3288/3288/3288 3287/3287/3287
f 3291/3291/3291 3289/3289/3289 3290/3290/3290
f 3290/3290/3290 3292/3292/3292 3291/3291/3291
f 3295/3295/3295 3293/3293/3293 3294/3294/3294
f 3294/3294/3294 3296/3296/3296 3295/3295/3295
f 3299/3299/3299 3297/3297/3297 3298/3298/3298
f 3298/3298/3298 3300/3300/3300 3299/3299/3299
f 3303/3303/3303 3301/3301/3301 3302/3302/3302
f 3302/3302/3302 3304/3304/3304 3303/3303/3303
f 3307/3307/3307 3305/3305/3305 3306/3306/3306
f 3306/3306/3306 3308/3308/3308 3307/3307/3307
f 3311/3311/3311 3309/3309/3309 3310/3310/3310
f 3310/3310/3310 3312/3312/3312 3311/3311/3311
f 3315/3315/3315 3313/3313/3313 3314/3314/3314
f 3314/3314/3314 3316/3316/3316 3315/3315/3315
f 3319/3319/3319 3317/3317/3317 3318/3318/3318
f 3318/3318/3318 3320/3320/3320 3319/3319/3319
f 3323/3323/3323 3321/3321/3321 3322/3322/3322
f 3322/3322/3322 3324/3324/3324 3323/3323/3323
f 3327/3327/3327 3325/3325/3325 3326/3326/3326
f 3326/3326/3326 3328/3328/3328 3327/3327/3327
f 3331/3331/3331 3329/3329/3329 3330/3330/3330
f 3330/3330/3330 3332/3332/3332 3331/3331/3331
f 3335/3335/3335 3333/3333/3333 3334/3334/3334
f 3334/3334/3334 3336/3336/3336 3335/3335/3335
f 3339/3339/3339 3337/3337/3337 3338/3338/3338
f 3338/3338/3338 3340/3340/3340 3339/3339/3339
f 3343/3343/3343 3341/3341/3341 3342/3342/3342
f 3342/3342/3342 3344/3344/3344 3343/3343/3343
f 3347/3347/3347 3345/3345/3345 3346/3346/3346
f 3346/3346/3346 3348/3348/3348 3347/3347/3347
f 3351/3351/3351 3349/3349/3349 3350/3350/3350
f 3350/3350/3350 3352/3352/3352 3351/3351/3351
f 3355/3355/3355 3353/3353/3353 3354/3354/3354
f 3354/3354/3354 3356/3356/3356 3355/3355/3355
f 3359/3359/3359 3357/3357/3357 3358/3358/3358
f 3358/3358/3358 3360/3360/3360 3359/3359/3359
f 3363/3363/3363 3361/3361/3361 3362/3362/3362
f 3362/3362/3362 3364/3364/3364 3363/3363/3363
f 3367/3367/3367 3365/3365/3365 3366/3366/3366
f 3366/3366/3366 3368/3368/3368 3367/3367/3367
f 3371/3371/3371 3369/3369/3369 3370/3370/3370
f 3370/3370/3370 3372/3372/3372 3371/3371/3371
f 3375/3375/3375 3373/3373/3373 3374/3374/3374
f 3374/3374/3374 3376/3376/3376 3375/3375/3375
f 3379/3379/3379 3377/3377/3377 3378/3378/3378
f 3378/3378/3378 3380/3380/3380 3379/3379/3379
f 3383/3383/3383 3381/3381/3381 3382/3382/3382
f 3382/3382/3382 3384/3384/3384 3383/3383/3383
f 3387/3387/3387 3385/3385/3385 3386/3386/3386
f 3386/3386/3386 3388/3388/3388 3387/3387/3387
f 3391/3391/3391 3389/3389/3389 3390/3390/3390
f 3390/3390/3390 3392/3392/3392 3391/3391/3391
f 3395/3395/3395 3393/3393/3393 3394/3394/3394
f 3394/3394/3394 3396/3396/3396 3395/3395/3395
f 3399/3399/3399 3397/3397/3397 3398/3398/3398
f 3398/3398/3398 3400/3400/3400 3399/3399/3399
f 3403/3403/3403 3401/3401/3401 3402/3402/3402
f 3402/3402/3402 3404/3404/3404 3403/3403/3403
f 3407/3407/3407 3405/3405/3405 3406/3406/3406
f 3406/3406/3406 3408/3408/3408 3407/3407/3407
f 3411/3411/3411 3409/3409/3409 3410/3410/3410
f 3410/3410/3410 3412/3412/3412 3411/3411/3411
f 3415/3415/3415 3413/3413/3413 3414/3414/3414
f 3414/3414/3414 3416/3416/3416 3415/3415/3415
f 3419/3419/3419 3417/3417/3417 3418/3418/3418
f 3418/3418/3418 3420/3420/3420 3419/3419/3419
f 3423/3423/3423 3421/3421/3421 3422/3422/3422
f 3422/3422/3422 3424/3424/3424 3423/3423/3423
f 3427/3427/3427 3425/3425/3425 3426/3426/3426
f 3426/3426/3426 3428/3428/3428 3427/3427/3427
f 3431/3431/3431 3429/3429/3429 3430/3430/3430
f 3430/3430/3430 3432/3432/3432 3431/3431/3431
f 3435/3435/3435 3433/3433/3433 3434/3434/3434
f 3434/3434/3434 3436/3436/3436 3435/3435/3435
f 3439/3439/3439 3437/3437/3437 3438/3438/3438
f 3438/3438/3438 3440/3440/3440 3439/3439/3439
f 3443/3443/3443 3441/3441/3441 3442/3442/3442
f 3442/3442/3442 3444/3444/3444 3443/3443/3443
f 3447/3447/3447 3445/3445/3445 3446/3446/3446
f 3446/3446/3446 3448/3448/3448 3447/3447/3447
f 3451/3451/3451 3449/3449/3449 3450/3450/3450
f 3450/3450/3450 3452/3452/3452 3451/3451/3451
f 3455/3455/3455 3453/3453/3453 3454/3454/3454
f 3454/3454/3454 3456/3456/3456 3455/3455/3455
f 3459/3459/3459 3457/3457/3457 3458/3458/3458
f 3458/3458/3458 3460/3460/3460 3459/3459/3459
f 3463/3463/3463 3461/3461/3461 3462/3462/3462
f 3462/3462/3462 3464/3464/3464 3463/3463/3463
f 3467/3467/3467 3465/3465/3465 3466/3466/3466
f 3466/3466/3466 3468/3468/3468 3467/3467/3467
f 3471/3471/3471 3469/3469/3469 3470/3470/3470
f 3470/3470/3470 3472/3472/3472 3471/3471/3471
f 3475/3475/3475 3473/3473/3473 3474/3474/3474
f 3474/3474/3474 3476/3476/3476 3475/3475/3475
f 3479/3479/3479 3477/3477/3477 3478/3478/3478
f 3478/3478/3478 3480/3480/3480 3479/3479/3479
f 3483/3483/3483 3481/3481/3481 3482/3482/3482
f 3482/3482/3482 3484/3484/3484 3483/3483/3483
f 3487/3487/3487 3485/3485/3485 3486/3486/3486
f 3486/3486/3486 3488/3488/3488 3487/3487/3487
f 3491/3491/3491 3489/3489/3489 3490/3490/3490
f 3490/3490/3490 3492/3492/3492 3491/3491/3491
f 3495/3495/3495 3493/3493/3493 3494/3494/3494
f 3494/3494/3494 3496/3496/3496 3495/3495/3495
f 3499/3499/3499 3497/3497/3497 3498/3498/3498
f 3498/3498/3498 3500/3500/3500 3499/3499/3499
f 3503/3503/3503 3501/3501/3501 3502/3502/3502
f 3502/3502/3502 3504/3504/3504 3503/3503/3503
f 3507/3507/3507 3505/3505/3505 3506/3506/3506
f 3506/3506/3506 3508/3508/3508 3507/3507/3507
f 3511/3511/3511 3509/3509/3509 3510/3510/3510
f 3510/3510/3510 3512/3512/3512 3511/3511/3511
f 3515/3515/3515 3513/3513/3513 3514/3514/3514
f 3514/3514/3514 3516/3516/3516 3515/3515/3515
f 3519/3519/3519 3517/3517/3517 3518/3518/3518
f 3518/3518/3518 3520/3520/3520 3519/3519/3519
f 3523/3523/3523 3521/3521/3521 3522/3522/3522
f 3522/3522/3522 3524/3524/3524 3523/3523/3523
f 3527/3527/3527 3525/3525/3525 3526/3526/3526
f 3526/3526/3526 3528/3528/3528 3527/3527/3527
f 3531/3531/3531 3529/3529/3529 3530/3530/3530
f 3530/3530/3530 3532/3532/3532 3531/3531/3531
f 3535/3535/3535 3533/3533/3533 3534/3534/3534
f 3534/3534/3534 3536/3536/3536 3535/3535/3535
f 3539/3539/3539 3537/3537/3537 3538/3538/3538
f 3538/3538/3538 3540/3540/3540 3539/3539/3539
f 3543/3543/3543 3541/3541/3541 3542/3542/3542
f 3542/3542/3542 3544/3544/3544 3543/3543/3543
f 3547/3547/3547 3545/3545/3545 3546/3546/3546
f 3546/3546/3546 3548/3548/3548 3547/3547/3547
f 3551/3551/3551 3549/3549/3549 3550/3550/3550
f 3550/3550/3550 3552/3552/3552 3551/3551/3551
f 3555/3555/3555 3553/3553/3553 3554/3554/3554
f 3554/3554/3554 3556/3556/3556 3555/3555/3555
f 3559/3559/3559 3557/3557/3557 3558/3558/3558
f 3558/3558/3558 3560/3560/3560 3559/3559/3559
f 3563/3563/3563 3561/3561/3561 3562/3562/3562
f 3562/3562/3562 3564/3564/3564 3563/3563/3563
f 3567/3567/3567 3565/3565/3565 3566/3566/3566
f 3566/3566/3566 3568/3568/3568 3567/3567/3567
f 3571/3571/3571 3569/3569/3569 3570/3570/3570
f 3570/3570/3570 3572/3572/3572 3571/3571/3571
f 3575/3575/3575 3573/3573/3573 3574/3574/3574
f 3574/3574/3574 3576/3576/3576 3575/3575/3575
f 3579/3579/3579 3577/3577/3577 3578/3578/3578
f 3578/3578/3578 3580/3580/3580 3579/3579/3579
f 3583/3583/3583 3581/3581/3581 3582/3582/3582
f 3582/3582/3582 3584/3584/3584 3583/3583/3583
f 3587/3587/3587 3585/3585/3585 3586/3586/3586
f 3586/3586/3586 3588/3588/3588 3587/3587/3587
f 3591/3591/3591 3589/3589/3589 3590/3590/3590
f 3590/3590/3590 3592/3592/3592 3591/3591/3591
f 3595/3595/3595 3593/3593/3593 3594/3594/3594
f 3594/3594/3594 3596/3596/3596 3595/3595/3595
f 3599/3599/3599 3597/3597/3597 3598/3598/3598
f 3598/3598/3598 3600/3600/3600 3599/3599/3599
f 3603/3603/3603 3601/3601/3601 3602/3602/3602
f 3602/3602/3602 3604/3604/3604 3603/3603/3603
f 3607/3607/3607 3605/3605/3605 3606/3606/3606
f 3606/3606/3606 3608/3608/3608 3607/3607/3607
f 3611/3611/3611 3609/3609/3609 3610/3610/3610
f 3610/3610/3610 3612/3612/3612 3611/3611/3611
f 3615/3615/3615 3613/3613/3613 3614/3614/3614
f 3614/3614/3614 3616/3616/3616 3615/3615/3615
f 3619/3619/3619 3617/3617/3617 3618/3618/3618
f 3618/3618/3618 3620/3620/3620 3619/3619/3619
f 3623/3623/3623 3621/3621/3621 3622/3622/3622
f 3622/3622/3622 3624/3624/3624 3623/3623/3623
f 3627/3627/3627 3625/3625/3625 3626/3626/3626
f 3626/3626/3626 3628/3628/3628 3627/3627/3627
f 3631/3631/3631 3629/3629/3629 3630/3630/3630
f 3630/3630/3630 3632/3632/3632 3631/3631/3631
f 3635/3635/3635 3633/3633/3633 3634/3634/3634
f 3634/3634/3634 3636/3636/3636 3635/3635/3635
f 3639/3639/3639 3637/3637/3637 3638/3638/3638
f 3638/3638/3638 3640/3640/3640 3639/3639/3639
f 3643/3643/3643 3641/3641/3641 3642/3642/3642
f 3642/3642/3642 3644/3644/3644 3643/3643/3643
f 3647/3647/3647 3645/3645/3645 3646/3646/3646
f 3646/3646/3646 3648/3648/3648 3647/3647/3647
f 3651/3651/3651 3649/3649/3649 3650/3650/3650
f 3650/3650/3650 3652/3652/3652 3651/3651/3651
f 3655/3655/3655 3653/3653/3653 3654/3654/3654
f 3654/3654/3654 3656/3656/3656 3655/3655/3655
f 3659/3659/3659 3657/3657/3657 3658/3658/3658
f 3658/3658/3658 3660/3660/3660 3659/3659/3659
f 3663/3663/3663 3661/3661/3661 3662/3662/3662
f 3662/3662/3662 3664/3664/3664 3663/3663/3663
f 3667/3667/3667 3665/3665/3665 3666/3666/3666
f 3666/3666/3666 3668/3668/3668 3667/3667/3667
f 3671/3671/3671 3669/3669/3669 3670/3670/3670
f 3670/3670/3670 3672/3672/3672 3671/3671/3671
f 3675/3675/3675 3673/3673/3673 3674/3674/3674
f 3674/3674/3674 3676/3676/3676 3675/3675/3675
f 3679/3679/3679 3677/3677/3677 3678/3678/3678
f 3678/3678/3678 3680/3680/3680 3679/3679/3679
f 3683/3683/3683 3681/3681/3681 3682/3682/3682
f 3682/3682/3682 3684/3684/3684 3683/3683/3683
f 3687/3687/3687 3685/3685/3685 3686/3686/3686
f 3686/3686/3686 3688/3688/3688 3687/3687/3687
f 3691/3691/3691 3689/3689/3689 3690/3690/3690
f 3690/3690/3690 3692/3692/3692 3691/3691/3691
f 3695/3695/3695 3693/3693/3693 3694/3694/3694
f 3694/3694/3694 3696/3696/3696 3695/3695/3695
f 3699/3699/3699 3697/3697/3697 3698/3698/3698
f 3698/3698/3698 3700/3700/3700 3699/3699/3699
f 3703/3703/3703 3701/3701/3701 3702/3702/3702
f 3702/3702/3702 3704/3704/3704 3703/3703/3703
f 3707/3707/3707 3705/3705/3705 3706/3706/3706
f 3706/3706/3706 3708/3708/3708 3707/3707/3707
f 3711/3711/3711 3709/3709/3709 3710/3710/3710
f 3710/3710/3710 3712/3712/3712 3711/3711/3711
f 3715/3715/3715 3713/3713/3713 3714/3714/3714
f 3714/3714/3714 3716/3716/3716 3715/3715/3715
f 3719/3719/3719 3717/3717/3717 3718/3718/3718
f 3718/3718/3718 3720/3720/3720 3719/3719/3719
f 3723/3723/3723 3721/3721/3721 3722/3722/3722
f 3722/3722/3722 3724/3724/3724 3723/3723/3723
f 3727/3727/3727 3725/3725/3725 3726/3726/3726
f 3726/3726/3726 3728/3728/3728 3727/3727/3727
f 3731/3731/3731 3729/3729/3729 3730/3730/3730
f 3730/3730/3730 3732/3732/3732 3731/3731/3731
f 3735/3735/3735 3733/3733/3733 3734/3734/3734
f 3734/3734/3734 3736/3736/3736 3735/3735/3735
f 3739/3739/3739 3737/3737/3737 3738/3738/3738
f 3738/3738/3738 3740/3740/3740 3739/3739/3739
f 3743/3743/3743 3741/3741/3741 3742/3742/3742
f 3742/3742/3742 3744/3744/3744 3743/3743/3743
f 3747/3747/3747 3745/3745/3745 3746/3746/3746
f 3746/3746/3746 3748/3748/3748 3747/3747/3747
f 3751/3751/3751 3749/3749/3749 3750/3750/3750
f 3750/3750/3750 3752/3752/3752 3751/3751/3751
f 3755/3755/3755 3753/3753/3753 3754/3754/3754
f 3754/3754/3754 3756/3756/3756 3755/3755/3755
f 3759/3759/3759 3757/3757/3757 3758/3758/3758
f 3758/3758/3758 3760/3760/3760 3759/3759/3759
f 3763/3763/3763 3761/3761/3761 3762/3762/3762
f 3762/3762/3762 3764/3764/3764 3763/3763/3763
f 3767/3767/3767 3765/3765/3765 3766/3766/3766
f 3766/3766/3766 3768/3768/3768 3767/3767/3767
f 3771/3771/3771 3769/3769/3769 3770/3770/3770
f 3770/3770/3770 3772/3772/3772 3771/3771/3771
f 3775/3775/3775 3773/3773/3773 3774/3774/3774
f 3774/3774/3774 3776/3776/3776 3775/3775/3775
f 3779/3779/3779 3777/3777/3777 3778/3778/3778
f 3778/3778/3778 3780/3780/3780 3779/3779/3779
f 3783/3783/3783 3781/3781/3781 3782/3782/3782
f 3782/3782/3782 3784/3784/3784 3783/3783/3783
f 3787/3787/3787 3785/3785/3785 3786/3786/3786
f 3786/3786/3786 3788/3788/3788 3787/3787/3787
f 3791/3791/3791 3789/3789/3789 3790/3790/3790
f 3790/3790/3790 3792/3792/3792 3791/3791/3791
f 3795/3795/3795 3793/3793/3793 3794/3794/3794
f 3794/3794/3794 3796/3796/3796 3795/3795/3795
f 3799/3799/3799 3797/3797/3797 3798/3798/3798
f 3798/3798/3798 3800/3800/3800 3799/3799/3799
f 3803/3803/3803 3801/3801/3801 3802/3802/3802
f 3802/3802/3802 3804/3804/3804 3803/3803/3803
f 3807/3807/3807 3805/3805/3805 3806/3806/3806
f 3806/3806/3806 3808/3808/3808 3807/3807/3807
f 3811/3811/3811 3809/3809/3809 3810/3810/3810
f 3810/3810/3810 3812/3812/3812 3811/3811/3811
f 3815/3815/3815 3813/3813/3813 3814/3814/3814
f 3814/3814/3814 3816/3816/3816 3815/3815/3815
f 3819/3819/3819 3817/3817/3817 3818/3818/3818
f 3818/3818/3818 3820/3820/3820 3819/3819/3819
f 3823/3823/3823 3821/3821/3821 3822/3822/3822
f 3822/3822/3822 3824/3824/3824 3823/3823/3823
f 3827/3827/3827 3825/3825/3825 3826/3826/3826
f 3826/3826/3826 3828/3828/3828 3827/3827/3827
f 3831/3831/3831 3829/3829/3829 3830/3830/3830
f 3830/3830/3830 3832/3832/3832 3831/3831/3831
f 3835/3835/3835 3833/3833/3833 3834/3834/3834
f 3834/3834/3834 3836/3836/3836 3835/3835/3835
f 3839/3839/3839 3837/3837/3837 3838/3838/3838
f 3838/3838/3838 3840/3840/3840 3839/3839/3839
f 3843/3843/3843 3841/3841/3841 3842/3842/3842
f 3842/3842/3842 3844/3844/3844 3843/3843/3843
f 3847/3847/3847 3845/3845/3845 3846/3846/3846
f 3846/3846/3846 3848/3848/3848 3847/3847/3847
f 3851/3851/3851 3849/3849/3849 3850/3850/3850
f 3850/3850/3850 3852/3852/3852 3851/3851/3851
f 3855/3855/3855 3853/3853/3853 3854/3854/3854
f 3854/3854/3854 3856/3856/3856 3855/3855/3855
f 3859/3859/3859 3857/3857/3857 3858/3858/3858
f 3858/3858/3858 3860/3860/3860 3859/3859/3859
f 3863/3863/3863 3861/3861/3861 3862/3862/3862
f 3862/3862/3862 3864/3864/3864 3863/3863/3863
f 3867/3867/3867 3865/3865/3865 3866/3866/3866
f 3866/3866/3866 3868/3868/3868 3867/3867/3867
f 3871/3871/3871 3869/3869/3869 3870/3870/3870
f 3870/3870/3870 3872/3872/3872 3871/3871/3871
f 3875/3875/3875 3873/3873/3873 3874/3874/3874
f 3874/3874/3874 3876/3876/3876 3875/3875/3875
f 3879/3879/3879 3877/3877/3877 3878/3878/3878
f 3878/3878/3878 3880/3880/3880 3879/3879/3879
f 3883/3883/3883 3881/3881/3881 3882/3882/3882
f 3882/3882/3882 3884/3884/3884 3883/3883/3883
f 3887/3887/3887 3885/3885/3885 3886/3886/3886
f 3886/3886/3886 3888/3888/3888 3887/3887/3887
f 3891/3891/3891 3889/3889/3889 3890/3890/3890
f 3890/3890/3890 3892/3892/3892 3891/3891/3891
f 3895/3895/3895 3893/3893/3893 3894/3894/3894
f 3894/3894/3894 3896/3896/3896 3895/3895/3895
f 3899/3899/3899 3897/3897/3897 3898/3898/3898
f 3898/3898/3898 3900/3900/3900 3899/3899/3899
f 3903/3903/3903 3901/3901/3901 3902/3902/3902
f 3902/3902/3902 3904/3904/3904 3903/3903/3903
f 3907/3907/3907 3905/3905/3905 3906/3906/3906
f 3906/3906/3906 3908/3908/3908 3907/3907/3907
f 3911/3911/3911 3909/3909/3909 3910/3910/3910
f 3910/3910/3910 3912/3912/3912 3911/3911/3911
f 3915/3915/3915 3913/3913/3913 3914/3914/3914
f 3914/3914/3914 3916/3916/3916 3915/3915/3915
f 3919/3919/3919 3917/3917/3917 3918/3918/3918
f 3918/3918/3918 3920/3920/3920 3919/3919/3919
f 3923/3923/3923 3921/3921/3921 3922/3922/3922
f 3922/3922/3922 3924/3924/3924 3923/3923/3923
f 3927/3927/3927 3925/3925/3925 3926/3926/3926
f 3926/3926/3926 3928/3928/3928 3927/3927/3927
f 3931/3931/3931 3929/3929/3929 3930/3930/3930
f 3930/3930/3930 3932/3932/3932 3931/3931/3931
f 3935/3935/3935 3933/3933/3933 3934/3934/3934
f 3934/3934/3934 3936/3936/3936 3935/3935/3935
f 3939/3939/3939 3937/3937/3937 3938/3938/3938
f 3938/3938/3938 3940/3940/3940 3939/3939/3939
f 3943/3943/3943 3941/3941/3941 3942/3942/3942
f 3942/3942/3942 3944/3944/3944 3943/3943/3943
f 3947/3947/3947 3945/3945/3945 3946/3946/3946
f 3946/3946/3946 3948/3948/3948 3947/3947/3947
f 3951/3951/3951 3949/3949/3949 3950/3950/3950
f 3950/3950/3950 3952/3952/3952 3951/3951/3951
f 3955/3955/3955 3953/3953/3953 3954/3954/3954
f 3954/3954/3954 3956/3956/3956 3955/3955/3955
f 3959/3959/3959 3957/3957/3957 3958/3958/3958
f 3958/3958/3958 3960/3960/3960 3959/3959/3959
f 3963/3963/3963 3961/3961/3961 3962/3962/3962
f 3962/3962/3962 3964/3964/3964 3963/3963/3963
f 3967/3967/3967 3965/3965/3965 3966/3966/3966
f 3966/3966/3966 3968/3968/3968 3967/3967/3967
f 3971/3971/3971 3969/3969/3969 3970/3970/3970
f 3970/3970/3970 3972/3972/3972 3971/3971/3971
f 3975/3975/3975 3973/3973/3973 3974/3974/3974
f 3974/3974/3974 3976/3976/3976 3975/3975/3975
f 3979/3979/3979 3977/3977/3977 3978/3978/3978
f 3978/3978/3978 3980/3980/3980 3979/3979/3979
f 3983/3983/3983 3981/3981/3981 3982/3982/3982
f 3982/3982/3982 3984/3984/3984 3983/3983/3983
f 3987/3987/3987 3985/3985/3985 3986/3986/3986
f 3986/3986/3986 3988/3988/3988 3987/3987/3987
f 3991/3991/3991 3989/3989/3989 3990/3990/3990
f 3990/3990/3990 3992/3992/3992 3991/3991/3991
f 3995/3995/3995 3993/3993/3993 3994/3994/3994
f 3994/3994/3994 3996/3996/3996 3995/3995/3995
f 3999/3999/3999 3997/3997/3997 3998/3998/3998
f 3998/3998/3998 4000/4000/4000 3999/3999/3999
f 4003/4003/4003 4001/4001/4001 4002/4002/4002
f 4002/4002/4002 4004/4004/4004 4003/4003/4003
f 4007/4007/4007 4005/4005/4005 4006/4006/4006
f 4006/4006/4006 4008/4008/4008 4007/4007/4007
f 4011/4011/4011 4009/4009/4009 4010/4010/4010
f 4010/4010/4010 4012/4012/4012 4011/4011/4011
f 4015/4015/4015 4013/4013/4013 4014/4014/4014
f 4014/4014/4014 4016/4016/4016 4015/4015/4015
f 4019/4019/4019 4017/4017/4017 4018/4018/4018
f 4018/4018/4018 4020/4020/4020 4019/4019/4019
f 4023/4023/4023 4021/4021/4021 4022/4022/4022
f 4022/4022/4022 4024/4024/4024 4023/4023/4023
f 4027/4027/4027 4025/4025/4025 4026/4026/4026
f 4026/4026/4026 4028/4028/4028 4027/4027/4027
f 4031/4031/4031 4029/4029/4029 4030/4030/4030
f 4030/4030/4030 4032/4032/4032 4031/4031/4031
f 4035/4035/4035 4033/4033/4033 4034/4034/4034
f 4034/4034/4034 4036/4036/4036 4035/4035/4035
f 4039/4039/4039 4037/4037/4037 4038/4038/4038
f 4038/4038/4038 4040/4040/4040 4039/4039/4039
f 4043/4043/4043 4041/4041/4041 4042/4042/4042
f 4042/4042/4042 4044/4044/4044 4043/4043/4043
f 4047/4047/4047 4045/4045/4045 4046/4046/4046
f 4046/4046/4046 4048/4048/4048 4047/4047/4047
f 4051/4051/4051 4049/4049/4049 4050/4050/4050
f 4050/4050/4050 4052/4052/4052 4051/4051/4051
f 4055/4055/4055 4053/4053/4053 4054/4054/4054
f 4054/4054/4054 4056/4056/4056 4055/4055/4055
f 4059/4059/4059 4057/4057/4057 4058/4058/4058
f 4058/4058/4058 4060/4060/4060 4059/4059/4059
f 4063/4063/4063 4061/4061/4061 4062/4062/4062
f 4062/4062/4062 4064/4064/4064 4063/4063/4063
f 4067/4067/4067 4065/4065/4065 4066/4066/4066
f 4066/4066/4066 4068/4068/4068 4067/4067/4067
f 4071/4071/4071 4069/4069/4069 4070/4070/4070
f 4070/4070/4070 4072/4072/4072 4071/4071/4071
f 4075/4075/4075 4073/4073/4073 4074/4074/4074
f 4074/4074/4074 4076/4076/4076 4075/4075/4075
f 4079/4079/4079 4077/4077/4077 4078/4078/4078
f 4078/4078/4078 4080/4080/4080 4079/4079/4079
f 4083/4083/4083 4081/4081/4081 4082/4082/4082
f 4082/4082/4082 4084/4084/4084 4083/4083/4083
f 4087/4087/4087 4085/4085/4085 4086/4086/4086
f 4086/4086/4086 4088/4088/4088 4087/4087/4087
f 4091/4091/4091 4089/4089/4089 4090/4090/4090
f 4090/4090/4090 4092/4092/4092 4091/4091/4091
f 4095/4095/4095 4093/4093/4093 4094/4094/4094
f 4094/4094/4094 4096/4096/4096 4095/4095/4095
f 4099/4099/4099 4097/4097/4097 4098/4098/4098
f 4098/4098/4098 4100/4100/4100 4099/4099/4099
f 4103/4103/4103 4101/4101/4101 4102/4102/4102
f 4102/4102/4102 4104/4104/4104 4103/4103/4103
f 4107/4107/4107 4105/4105/4105 4106/4106/4106
f 4106/4106/4106 4108/4108/4108 4107/4107/4107
f 4111/4111/4111 4109/4109/4109 4110/4110/4110
f 4110/4110/4110 4112/4112/4112 4111/4111/4111
f 4115/4115/4115 4113/4113/4113 4114/4114/4114
f 4114/4114/4114 4116/4116/4116 4115/4115/4115
f 4119/4119/4119 4117/4117/4117 4118/4118/4118
f 4118/4118/4118 4120/4120/4120 4119/4119/4119
f 4123/4123/4123 4121/4121/4121 4122/4122/4122
f 4122/4122/4122 4124/4124/4124 4123/4123/4123
f 4127/4127/4127 4125/4125/4125 4126/4126/4126
f 4126/4126/4126 4128/4128/4128 4127/4127/4127
f 4131/4131/4131 4129/4129/4129 4130/4130/4130
f 4130/4130/4130 4132/4132/4132 4131/4131/4131
f 4135/4135/4135 4133/4133/4133 4134/4134/4134
f 4134/4134/4134 4136/4136/4136 4135/4135/4135
f 4139/4139/4139 4137/4137/4137 4138/4138/4138
f 4138/4138/4138 4140/4140/4140 4139/4139/4139
f 4143/4143/4143 4141/4141/4141 4142/4142/4142
f 4142/4142/4142 4144/4144/4144 4143/4143/4143
f 4147/4147/4147 4145/4145/4145 4146/4146/4146
f 4146/4146/4146 4148/4148/4148 4147/4147/4147
f 4151/4151/4151 4149/4149/4149 4150/4150/4150
f 4150/4150/4150 4152/4152/4152 4151/4151/4151
f 4155/4155/4155 4153/4153/4153 4154/4154/4154
f 4154/4154/4154 4156/4156/4156 4155/4155/4155
f 4159/4159/4159 4157/4157/4157 4158/4158/4158
f 4158/4158/4158 4160/4160/4160 4159/4159/4159
f 4163/4163/4163 4161/4161/4161 4162/4162/4162
f 4162/4162/4162 4164/4164/4164 4163/4163/4163
f 4167/4167/4167 4165/4165/4165 4166/4166/4166
f 4166/4166/4166 4168/4168/4168 4167/4167/4167
f 4171/4171/4171 4169/4169/4169 4170/4170/4170
f 4170/4170/4170 4172/4172/4172 4171/4171/4171
f 4175/4175/4175 4173/4173/4173 4174/4174/4174
f 4174/4174/4174 4176/4176/4176 4175/4175/4175
f 4179/4179/4179 4177/4177/4177 4178/4178/4178
f 4178/4178/4178 4180/4180/4180 4179/4179/4179
f 4183/4183/4183 4181/4181/4181 4182/4182/4182
f 4182/4182/4182 4184/4184/4184 4183/4183/4183
f 4187/4187/4187 4185/4185/4185 4186/4186/4186
f 4186/4186/4186 4188/4188/4188 4187/4187/4187
f 4191/4191/4191 4189/4189/4189 4190/4190/4190
f 4190/4190/4190 4192/4192/4192 4191/4191/4191
f 4195/4195/4195 4193/4193/4193 4194/4194/4194
f 4194/4194/4194 4196/4196/4196 4195/4195/4195
f 4199/4199/4199 4197/4197/4197 4198/4198/4198
f 4198/4198/4198 4200/4200/4200 4199/4199/4199
f 4203/4203/4203 4201/4201/4201 4202/4202/4202
f 4202/4202/4202 4204/4204/4204 4203/4203/4203
f 4207/4207/4207 4205/4205/4205 4206/4206/4206
f 4206/4206/4206 4208/4208/4208 4207/4207/4207
f 4211/4211/4211 4209/4209/4209 4210/4210/4210
f 4210/4210/4210 4212/4212/4212 4211/4211/4211
f 4215/4215/4215 4213/4213/4213 4214/4214/4214
f 4214/4214/4214 4216/4216/4216 4215/4215/4215
f 4219/4219/4219 4217/4217/4217 4218/4218/4218
f 4218/4218/4218 4220/4220/4220 4219/4219/4219
f 4223/4223/4223 4221/4221/4221 4222/4222/4222
f 4222/4222/4222 4224/4224/4224 4223/4223/4223
f 4227/4227/4227 4225/4225/4225 4226/4226/4226
f 4226/4226/4226 4228/4228/4228 4227/4227/4227
f 4231/4231/4231 4229/4229/4229 4230/4230/4230
f 4230/4230/4230 4232/4232/4232 4231/4231/4231
f 4235/4235/4235 4233/4233/4233 4234/4234/4234
f 4234/4234/4234 4236/4236/4236 4235/4235/4235
f 4239/4239/4239 4237/4237/4237 4238/4238/4238
f 4238/4238/4238 4240/4240/4240 4239/4239/4239
f 4243/4243/4243 4241/4241/4241 4242/4242/4242
f 4242/4242/4242 4244/4244/4244 4243/4243/4243
f 4247/4247/4247 4245/4245/4245 4246/4246/4246
f 4246/4246/4246 4248/4248/4248 4247/4247/4247
f 4251/4251/4251 4249/4249/4249 4250/4250/4250
f 4250/4250/4250 4252/4252/4252 4251/4251/4251
f 4255/4255/4255 4253/4253/4253 4254/4254/4254
f 4254/4254/4254 4256/4256/4256 4255/4255/4255
f 4259/4259/4259 4257/4257/4257 4258/4258/4258
f 4258/4258/4258 4260/4260/4260 4259/4259/4259
f 4263/4263/4263 4261/4261/4261 4262/4262/4262
f 4262/4262/4262 4264/4264/4264 4263/4263/4263
f 4267/4267/4267 4265/4265/4265 4266/4266/4266
f 4266/4266/4266 4268/4268/4268 4267/4267/4267
f 4271/4271/4271 4269/4269/4269 4270/4270/4270
f 4270/4270/4270 4272/4272/4272 4271/4271/4271
f 4275/4275/4275 4273/4273/4273 4274/4274/4274
f 4274/4274/4274 4276/4276/4276 4275/4275/4275
f 4279/4279/4279 4277/4277/4277 4278/4278/4278
f 4278/4278/4278 4280/4280/4280 4279/4279/4279
f 4283/4283/4283 4281/4281/4281 4282/4282/4282
f 4282/4282/4282 4284/4284/4284 4283/4283/4283
f 4287/4287/4287 4285/4285/4285 4286/4286/4286
f 4286/4286/4286 4288/4288/4288 4287/4287/4287
f 4291/4291/4291 4289/4289/4289 4290/4290/4290
f 4290/4290/4290 4292/4292/4292 4291/4291/4291
f 4295/4295/4295 4293/4293/4293 4294/4294/4294
f 4294/4294/4294 4296/4296/4296 4295/4295/4295
f 4299/4299/4299 4297/4297/4297 4298/4298/4298
f 4298/4298/4298 4300/4300/4300 4299/4299/4299
f 4303/4303/4303 4301/4301/4301 4302/4302/4302
f 4302/4302/4302 4304/4304/4304 4303/4303/4303
f 4307/4307/4307 4305/4305/4305 4306/4306/4306
f 4306/4306/4306 4308/4308/4308 4307/4307/4307
f 4311/4311/4311 4309/4309/4309 4310/4310/4310
f 4310/4310/4310 4312/4312/4312 4311/4311/4311
f 4315/4315/4315 4313/4313/4313 4314/4314/4314
f 4314/4314/4314 4316/4316/4316 4315/4315/4315
f 4319/4319/4319 4317/4317/4317 4318/4318/4318
f 4318/4318/4318 4320/4320/4320 4319/4319/4319
f 4323/4323/4323 4321/4321/4321 4322/4322/4322
f 4322/4322/4322 4324/4324/4324 4323/4323/4323
f 4327/4327/4327 4325/4325/4325 4326/4326/4326
f 4326/4326/4326 4328/4328/4328 4327/4327/4327
f 4331/4331/4331 4329/4329/4329 4330/4330/4330
f 4330/4330/4330 4332/4332/4332 4331/4331/4331
f 4335/4335/4335 4333/4333/4333 4334/4334/4334
f 4334/4334/4334 4336/4336/4336 4335/4335/4335
f 4339/4339/4339 4337/4337/4337 4338/4338/4338
f 4338/4338/4338 4340/4340/4340 4339/4339/4339
f 4343/4343/4343 4341/4341/4341 4342/4342/4342
f 4342/4342/4342 4344/4344/4344 4343/4343/4343
f 4347/4347/4347 4345/4345/4345 4346/4346/4346
f 4346/4346/4346 4348/4348/4348 4347/4347/4347
f 4351/4351/4351 4349/4349/4349 4350/4350/4350
f 4350/4350/4350 4352/4352/4352 4351/4351/4351
f 4355/4355/4355 4353/4353/4353 4354/4354/4354
f 4354/4354/4354 4356/4356/4356 4355/4355/4355
f 4359/4359/4359 4357/4357/4357 4358/4358/4358
f 4358/4358/4358 4360/4360/4360 4359/4359/4359
f 4363/4363/4363 4361/4361/4361 4362/4362/4362
f 4362/4362/4362 4364/4364/4364 4363/4363/4363
f 4367/4367/4367 4365/4365/4365 4366/4366/4366
f 4366/4366/4366 4368/4368/4368 4367/4367/4367
f 4371/4371/4371 4369/4369/4369 4370/4370/4370
f 4370/4370/4370 4372/4372/4372 4371/4371/4371
f 4375/4375/4375 4373/4373/4373 4374/4374/4374
f 4374/4374/4374 4376/4376/4376 4375/4375/4375
f 4379/4379/4379 4377/4377/4377 4378/4378/4378
f 4378/4378/4378 4380/4380/4380 4379/4379/4379
f 4383/4383/4383 4381/4381/4381 4382/4382/4382
f 4382/4382/4382 4384/4384/4384 4383/4383/4383
f 4387/4387/4387 4385/4385/4385 4386/4386/4386
f 4386/4386/4386 4388/4388/4388 4387/4387/4387
f 4391/4391/4391 4389/4389/4389 4390/4390/4390
f 4390/4390/4390 4392/4392/4392 4391/4391/4391
f 4395/4395/4395 4393/4393/4393 4394/4394/4394
f 4394/4394/4394 4396/4396/4396 4395/4395/4395
f 4399/4399/4399 4397/4397/4397 4398/4398/4398
f 4398/4398/4398 4400/4400/4400 4399/4399/4399
f 4403/4403/4403 4401/4401/4401 4402/4402/4402
f 4402/4402/4402 4404/4404/4404 4403/4403/4403
f 4407/4407/4407 4405/4405/4405 4406/4406/4406
f 4406/4406/4406 4408/4408/4408 4407/4407/4407
f 4411/4411/4411 4409/4409/4409 4410/4410/4410
f 4410/4410/4410 4412/4412/4412 4411/4411/4411
f 4415/4415/4415 4413/4413/4413 4414/4414/4414
f 4414/4414/4414 4416/4416/4416 4415/4415/4415
f 4419/4419/4419 4417/4417/4417 4418/4418/4418
f 4418/4418/4418 4420/4420/4420 4419/4419/4419
f 4423/4423/4423 4421/4421/4421 4422/4422/4422
f 4422/4422/4422 4424/4424/4424 4423/4423/4423
f 4427/4427/4427 4425/4425/4425 4426/4426/4426
f 4426/4426/4426 4428/4428/4428 4427/4427/4427
f 4431/4431/4431 4429/4429/4429 4430/4430/4430
f 4430/4430/4430 4432/4432/4432 4431/4431/4431
f 4435/4435/4435 4433/4433/4433 4434/4434/4434
f 4434/4434/4434 4436/4436/4436 4435/4435/4435
f 4439/4439/4439 4437/4437/4437 4438/4438/4438
f 4438/4438/4438 4440/4440/4440 4439/4439/4439
f 4443/4443/4443 4441/4441/4441 4442/4442/4442
f 4442/4442/4442 4444/4444/4444 4443/4443/4443
f 4447/4447/4447 4445/4445/4445 4446/4446/4446
f 4446/4446/4446 4448/4448/4448 4447/4447/4447
f 4451/4451/4451 4449/4449/4449 4450/4450/4450
f 4450/4450/4450 4452/4452/4452 4451/4451/4451
f 4455/4455/4455 4453/4453/4453 4454/4454/4454
f 4454/4454/4454 4456/4456/4456 4455/4455/4455
f 4459/4459/4459 4457/4457/4457 4458/4458/4458
f 4458/4458/4458 4460/4460/4460 4459/4459/4459
f 4463/4463/4463 4461/4461/4461 4462/4462/4462
f 4462/4462/4462 4464/4464/4464 4463/4463/4463
f 4467/4467/4467 4465/4465/4465 4466/4466/4466
f 4466/4466/4466 4468/4468/4468 4467/4467/4467
f 4471/4471/4471 4469/4469/4469 4470/4470/4470
f 4470/4470/4470 4472/4472/4472 4471/4471/4471
f 4475/4475/4475 4473/4473/4473 4474/4474/4474
f 4474/4474/4474 4476/4476/4476 4475/4475/4475
f 4479/4479/4479 4477/4477/4477 4478/4478/4478
f 4478/4478/4478 4480/4480/4480 4479/4479/4479
f 4483/4483/4483 4481/4481/4481 4482/4482/4482
f 4482/4482/4482 4484/4484/4484 4483/4483/4483
f 4487/4487/4487 4485/4485/4485 4486/4486/4486
f 4486/4486/4486 4488/4488/4488 4487/4487/4487
f 4491/4491/4491 4489/4489/4489 4490/4490/4490
f 4490/4490/4490 4492/4492/4492 4491/4491/4491
f 4495/4495/4495 4493/4493/4493 4494/4494/4494
f 4494/4494/4494 4496/4496/4496 4495/4495/4495
f 4499/4499/4499 4497/4497/4497 4498/4498/4498
f 4498/4498/4498 4500/4500/4500 4499/4499/4499
f 4503/4503/4503 4501/4501/4501 4502/4502/4502
f 4502/4502/4502 4504/4504/4504 4503/4503/4503
f 4507/4507/4507 4505/4505/4505 4506/4506/4506
f 4506/4506/4506 4508/4508/4508 4507/4507/4507
f 4511/4511/4511 4509/4509/4509 4510/4510/4510
f 4510/4510/4510 4512/4512/4512 4511/4511/4511
f 4515/4515/4515 4513/4513/4513 4514/4514/4514
f 4514/4514/4514 4516/4516/4516 4515/4515/4515
f 4519/4519/4519 4517/4517/4517 4518/4518/4518
f 4518/4518/4518 4520/4520/4520 4519/4519/4519
f 4523/4523/4523 4521/4521/4521 4522/4522/4522
f 4522/4522/4522 4524/4524/4524 4523/4523/4523
f 4527/4527/4527 4525/4525/4525 4526/4526/4526
f 4526/4526/4526 4528/4528/4528 4527/4527/4527
f 4531/4531/4531 4529/4529/4529 4530/4530/4530
f 4530/4530/4530 4532/4532/4532 4531/4531/4531
f 4535/4535/4535 4533/4533/4533 4534/4534/4534
f 4534/4534/4534 4536/4536/4536 4535/4535/4535
f 4539/4539/4539 4537/4537/4537 4538/4538/4538
f 4538/4538/4538 4540/4540/4540 4539/4539/4539
f 4543/4543/4543 4541/4541/4541 4542/4542/4542
f 4542/4542/4542 4544/4544/4544 4543/4543/4543
f 4547/4547/4547 4545/4545/4545 4546/4546/4546
f 4546/4546/4546 4548/4548/4548 4547/4547/4547
f 4551/4551/4551 4549/4549/4549 4550/4550/4550
f 4550/4550/4550 4552/4552/4552 4551/4551/4551
f 4555/4555/4555 4553/4553/4553 4554/4554/4554
f 4554/4554/4554 4556/4556/4556 4555/4555/4555
f 4559/4559/4559 4557/4557/4557 4558/4558/4558
f 4558/4558/4558 4560/4560/4560 4559/4559/4559
f 4563/4563/4563 4561/4561/4561 4562/4562/4562
f 4562/4562/4562 4564/4564/4564 4563/4563/4563
f 4567/4567/4567 4565/4565/4565 4566/4566/4566
f 4566/4566/4566 4568/4568/4568 4567/4567/4567
f 4571/4571/4571 4569/4569/4569 4570/4570/4570
f 4570/4570/4570 4572/4572/4572 4571/4571/4571
f 4575/4575/4575 4573/4573/4573 4574/4574/4574
f 4574/4574/4574 4576/4576/4576 4575/4575/4575
f 4579/4579/4579 4577/4577/4577 4578/4578/4578
f 4578/4578/4578 4580/4580/4580 4579/4579/4579
f 4583/4583/4583 4581/4581/4581 4582/4582/4582
f 4582/4582/4582 4584/4584/4584 4583/4583/4583
f 4587/4587/4587 4585/4585/4585 4586/4586/4586
f 4586/4586/4586 4588/4588/4588 4587/4587/4587
f 4591/4591/4591 4589/4589/4589 4590/4590/4590
f 4590/4590/4590 4592/4592/4592 4591/4591/4591
f 4595/4595/4595 4593/4593/4593 4594/4594/4594
f 4594/4594/4594 4596/4596/4596 4595/4595/4595
f 4599/4599/4599 4597/4597/4597 4598/4598/4598
f 4598/4598/4598 4600/4600/4600 4599/4599/4599
f 4603/4603/4603 4601/4601/4601 4602/4602/4602
f 4602/4602/4602 4604/4604/4604 4603/4603/4603
f 4607/4607/4607 4605/4605/4605 4606/4606/4606
f 4606/4606/4606 4608/4608/4608 4607/4607/4607
f 4611/4611/4611 4609/4609/4609 4610/4610/4610
f 4610/4610/4610 4612/4612/4612 4611/4611/4611
f 4615/4615/4615 4613/4613/4613 4614/4614/4614
f 4614/4614/4614 4616/4616/4616 4615/4615/4615
f 4619/4619/4619 4617/4617/4617 4618/4618/4618
f 4618/4618/4618 4620/4620/4620 4619/4619/4619
f 4623/4623/4623 4621/4621/4621 4622/4622/4622
f 4622/4622/4622 4624/4624/4624 4623/4623/4623
f 4627/4627/4627 4625/4625/4625 4626/4626/4626
f 4626/4626/4626 4628/4628/4628 4627/4627/4627
f 4631/4631/4631 4629/4629/4629 4630/4630/4630
f 4630/4630/4630 4632/4632/4632 4631/4631/4631
f 4635/4635/4635 4633/4633/4633 4634/4634/4634
f 4634/4634/4634 4636/4636/4636 4635/4635/4635
f 4639/4639/4639 4637/4637/4637 4638/4638/4638
f 4638/4638/4638 4640/4640/4640 4639/4639/4639
f 4643/4643/4643 4641/4641/4641 4642/4642/4642
f 4642/4642/4642 4644/4644/4644 4643/4643/4643
f 4647/4647/4647 4645/4645/4645 4646/4646/4646
f 4646/4646/4646 4648/4648/4648 4647/4647/4647
f 4651/4651/4651 4649/4649/4649 4650/4650/4650
f 4650/4650/4650 4652/4652/4652 4651/4651/4651
f 4655/4655/4655 4653/4653/4653 4654/4654/4654
f 4654/4654/4654 4656/4656/4656 4655/4655/4655
f 4659/4659/4659 4657/4657/4657 4658/4658/4658
f 4658/4658/4658 4660/4660/4660 4659/4659/4659
f 4663/4663/4663 4661/4661/4661 4662/4662/4662
f 4662/4662/4662 4664/4664/4664 4663/4663/4663
f 4667/4667/4667 4665/4665/4665 4666/4666/4666
f 4666/4666/4666 4668/4668/4668 4667/4667/4667
f 4671/4671/4671 4669/4669/4669 4670/4670/4670
f 4670/4670/4670 4672/4672/4672 4671/4671/4671
f 4675/4675/4675 4673/4673/4673 4674/4674/4674
f 4674/4674/4674 4676/4676/4676 4675/4675/4675
f 4679/4679/4679 4677/4677/4677 4678/4678/4678
f 4678/4678/4678 4680/4680/4680 4679/4679/4679
f 4683/4683/4683 4681/4681/4681 4682/4682/4682
f 4682/4682/4682 4684/4684/4684 4683/4683/4683
f 4687/4687/4687 4685/4685/4685 4686/4686/4686
f 4686/4686/4686 4688/4688/4688 4687/4687/4687
f 4691/4691/4691 4689/4689/4689 4690/4690/4690
f 4690/4690/4690 4692/4692/4692 4691/4691/4691
f 4695/4695/4695 4693/4693/4693 4694/4694/4694
f 4694/4694/4694 4696/4696/4696 4695/4695/4695
f 4699/4699/4699 4697/4697/4697 4698/4698/4698
f 4698/4698/4698 4700/4700/4700 4699/4699/4699
f 4703/4703/4703 4701/4701/4701 4702/4702/4702
f 4702/4702/4702 4704/4704/4704 4703/4703/4703
f 4707/4707/4707 4705/4705/4705 4706/4706/4706
f 4706/4706/4706 4708/4708/4708 4707/4707/4707
f 4711/4711/4711 4709/4709/4709 4710/4710/4710
f 4710/4710/4710 4712/4712/4712 4711/4711/4711
f 4715/4715/4715 4713/4713/4713 4714/4714/4714
f 4714/4714/4714 4716/4716/4716 4715/4715/4715
f 4719/4719/4719 4717/4717/4717 4718/4718/4718
f 4718/4718/4718 4720/4720/4720 4719/4719/4719
f 4723/4723/4723 4721/4721/4721 4722/4722/4722
f 4722/4722/4722 4724/4724/4724 4723/4723/4723
f 4727/4727/4727 4725/4725/4725 4726/4726/4726
f 4726/4726/4726 4728/4728/4728 4727/4727/4727
f 4731/4731/4731 4729/4729/4729 4730/4730/4730
f 4730/4730/4730 4732/4732/4732 4731/4731/4731
f 4735/4735/4735 4733/4733/4733 4734/4734/4734
f 4734/4734/4734 4736/4736/4736 4735/4735/4735
f 4739/4739/4739 4737/4737/4737 4738/4738/4738
f 4738/4738/4738 4740/4740/4740 4739/4739/4739
f 4743/4743/4743 4741/4741/4741 4742/4742/4742
f 4742/4742/4742 4744/4744/4744 4743/4743/4743
f 4747/4747/4747 4745/4745/4745 4746/4746/4746
f 4746/4746/4746 4748/4748/4748 4747/4747/4747
f 4751/4751/4751 4749/4749/4749 4750/4750/4750
f 4750/4750/4750 4752/4752/4752 4751/4751/4751
f 4755/4755/4755 4753/4753/4753 4754/4754/4754
f 4754/4754/4754 4756/4756/4756 4755/4755/4755
f 4759/4759/4759 4757/4757/4757 4758/4758/4758
f 4758/4758/4758 4760/4760/4760 4759/4759/4759
f 4763/4763/4763 4761/4761/4761 4762/4762/4762
f 4762/4762/4762 4764/4764/4764 4763/4763/4763
f 4767/4767/4767 4765/4765/4765 4766/4766/4766
f 4766/4766/4766 4768/4768/4768 4767/4767/4767
f 4771/4771/4771 4769/4769/4769 4770/4770/4770
f 4770/4770/4770 4772/4772/4772 4771/4771/4771
f 4775/4775/4775 4773/4773/4773 4774/4774/4774
f 4774/4774/4774 4776/4776/4776 4775/4775/4775
f 4779/4779/4779 4777/4777/4777 4778/4778/4778
f 4778/4778/4778 4780/4780/4780 4779/4779/4779
f 4783/4783/4783 4781/4781/4781 4782/4782/4782
f 4782/4782/4782 4784/4784/4784 4783/4783/4783
f 4787/4787/4787 4785/4785/4785 4786/4786/4786
f 4786/4786/4786 4788/4788/4788 4787/4787/4787
f 4791/4791/4791 4789/4789/4789 4790/4790/4790
f 4790/4790/4790 4792/4792/4792 4791/4791/4791
f 4795/4795/4795 4793/4793/4793 4794/4794/4794
f 4794/4794/4794 4796/4796/4796 4795/4795/4795
f 4799/4799/4799 4797/4797/4797 4798/4798/4798
f 4798/4798/4798 4800/4800/4800 4799/4799/4799
f 4803/4803/4803 4801/4801/4801 4802/4802/4802
f 4802/4802/4802 4804/4804/4804 4803/4803/4803
f 4807/4807/4807 4805/4805/4805 4806/4806/4806
f 4806/4806/4806 4808/4808/4808 4807/4807/4807
f 4811/4811/4811 4809/4809/4809 4810/4810/4810
f 4810/4810/4810 4812/4812/4812 4811/4811/4811
f 4815/4815/4815 4813/4813/4813 4814/4814/4814
f 4814/4814/4814 4816/4816/4816 4815/4815/4815
f 4819/4819/4819 4817/4817/4817 4818/4818/4818
f 4818/4818/4818 4820/4820/4820 4819/4819/4819
f 4823/4823/4823 4821/4821/4821 4822/4822/4822
f 4822/4822/4822 4824/4824/4824 4823/4823/4823
f 4827/4827/4827 4825/4825/4825 4826/4826/4826
f 4826/4826/4826 4828/4828/4828 4827/4827/4827
f 4831/4831/4831 4829/4829/4829 4830/4830/4830
f 4830/4830/4830 4832/4832/4832 4831/4831/4831
f 4835/4835/4835 4833/4833/4833 4834/4834/4834
f 4834/4834/4834 4836/4836/4836 4835/4835/4835
f 4839/4839/4839 4837/4837/4837 4838/4838/4838
f 4838/4838/4838 4840/4840/4840 4839/4839/4839
f 4843/4843/4843 4841/4841/4841 4842/4842/4842
f 4842/4842/4842 4844/4844/4844 4843/4843/4843
f 4847/4847/4847 4845/4845/4845 4846/4846/4846
f 4846/4846/4846 4848/4848/4848 4847/4847/4847
f 4851/4851/4851 4849/4849/4849 4850/4850/4850
f 4850/4850/4850 4852/4852/4852 4851/4851/4851
f 4855/4855/4855 4853/4853/4853 4854/4854/4854
f 4854/4854/4854 4856/4856/4856 4855/4855/4855
f 4859/4859/4859 4857/4857/4857 4858/4858/4858
f 4858/4858/4858 4860/4860/4860 4859/4859/4859
f 4863/4863/4863 4861/4861/4861 4862/4862/4862
f 4862/4862/4862 4864/4864/4864 4863/4863/4863
f 4867/4867/4867 4865/4865/4865 4866/4866/4866
f 4866/4866/4866 4868/4868/4868 4867/4867/4867
f 4871/4871/4871 4869/4869/4869 4870/4870/4870
f 4870/4870/4870 4872/4872/4872 4871/4871/4871
f 4875/4875/4875 4873/4873/4873 4874/4874/4874
f 4874/4874/4874 4876/4876/4876 4875/4875/4875
f 4879/4879/4879 4877/4877/4877 4878/4878/4878
f 4878/4878/4878 4880/4880/4880 4879/4879/4879
f 4883/4883/4883 4881/4881/4881 4882/4882/4882
f 4882/4882/4882 4884/4884/4884 4883/4883/4883
f 4887/4887/4887 4885/4885/4885 4886/4886/4886
f 4886/4886/4886 4888/4888/4888 4887/4887/4887
f 4891/4891/4891 4889/4889/4889 4890/4890/4890
f 4890/4890/4890 4892/4892/4892 4891/4891/4891
f 4895/4895/4895 4893/4893/4893 4894/4894/4894
f 4894/4894/4894 4896/4896/4896 4895/4895/4895
f 4899/4899/4899 4897/4897/4897 4898/4898/4898
f 4898/4898/4898 4900/4900/4900 4899/4899/4899
f 4903/4903/4903 4901/4901/4901 4902/4902/4902
f 4902/4902/4902 4904/4904/4904 4903/4903/4903
f 4907/4907/4907 4905/4905/4905 4906/4906/4906
f 4906/4906/4906 4908/4908/4908 4907/4907/4907
f 4911/4911/4911 4909/4909/4909 4910/4910/4910
f 4910/4910/4910 4912/4912/4912 4911/4911/4911
f 4915/4915/4915 4913/4913/4913 4914/4914/4914
f 4914/4914/4914 4916/4916/4916 4915/4915/4915
f 4919/4919/4919 4917/4917/4917 4918/4918/4918
f 4918/4918/4918 4920/4920/4920 4919/4919/4919
f 4923/4923/4923 4921/4921/4921 4922/4922/4922
f 4922/4922/4922 4924/4924/4924 4923/4923/4923
f 4927/4927/4927 4925/4925/4925 4926/4926/4926
f 4926/4926/4926 4928/4928/4928 4927/4927/4927
f 4931/4931/4931 4929/4929/4929 4930/4930/4930
f 4930/4930/4930 4932/4932/4932 4931/4931/4931
f 4935/4935/4935 4933/4933/4933 4934/4934/4934
f 4934/4934/4934 4936/4936/4936 4935/4935/4935
f 4939/4939/4939 4937/4937/4937 4938/4938/4938
f 4938/4938/4938 4940/4940/4940 4939/4939/4939
f 4943/4943/4943 4941/4941/4941 4942/4942/4942
f 4942/4942/4942 4944/4944/4944 4943/4943/4943
f 4947/4947/4947 4945/4945/4945 4946/4946/4946
f 4946/4946/4946 4948/4948/4948 4947/4947/4947
f 4951/4951/4951 4949/4949/4949 4950/4950/4950
f 4950/4950/4950 4952/4952/4952 4951/4951/4951
f 4955/4955/4955 4953/4953/4953 4954/4954/4954
f 4954/4954/4954 4956/4956/4956 4955/4955/4955
f 4959/4959/4959 4957/4957/4957 4958/4958/4958
f 4958/4958/4958 4960/4960/4960 4959/4959/4959
f 4963/4963/4963 4961/4961/4961 4962/4962/4962
f 4962/4962/4962 4964/4964/4964 4963/4963/4963
f 4967/4967/4967 4965/4965/4965 4966/4966/4966
f 4966/4966/4966 4968/4968/4968 4967/4967/4967
f 4971/4971/4971 4969/4969/4969 4970/4970/4970
f 4970/4970/4970 4972/4972/4972 4971/4971/4971
f 4975/4975/4975 4973/4973/4973 4974/4974/4974
f 4974/4974/4974 4976/4976/4976 4975/4975/4975
f 4979/4979/4979 4977/4977/4977 4978/4978/4978
f 4978/4978/4978 4980/4980/4980 4979/4979/4979
f 4983/4983/4983 4981/4981/4981 4982/4982/4982
f 4982/4982/4982 4984/4984/4984 4983/4983/4983
f 4987/4987/4987 4985/4985/4985 4986/4986/4986
f 4986/4986/4986 4988/4988/4988 4987/4987/4987
f 4991/4991/4991 4989/4989/4989 4990/4990/4990
f 4990/4990/4990 4992/4992/4992 4991/4991/4991
f 4995/4995/4995 4993/4993/4993 4994/4994/4994
f 4994/4994/4994 4996/4996/4996 4995/4995/4995
f 4999/4999/4999 4997/4997/4997 4998/4998/4998
f 4998/4998/4998 5000/5000/5000 4999/4999/4999
f 5003/5003/5003 5001/5001/5001 5002/5002/5002
f 5002/5002/5002 5004/5004/5004 5003/5003/5003
f 5007/5007/5007 5005/5005/5005 5006/5006/5006
f 5006/5006/5006 5008/5008/5008 5007/5007/5007
f 5011/5011/5011 5009/5009/5009 5010/5010/5010
f 5010/5010/5010 5012/5012/5012 5011/5011/5011
f 5015/5015/5015 5013/5013/5013 5014/5014/5014
f 5014/5014/5014 5016/5016/5016 5015/5015/5015
f 5019/5019/5019 5017/5017/5017 5018/5018/5018
f 5018/5018/5018 5020/5020/5020 5019/5019/5019
f 5023/5023/5023 5021/5021/5021 5022/5022/5022
f 5022/5022/5022 5024/5024/5024 5023/5023/5023
f 5027/5027/5027 5025/5025/5025 5026/5026/5026
f 5026/5026/5026 5028/5028/5028 5027/5027/5027
f 5031/5031/5031 5029/5029/5029 5030/5030/5030
f 5030/5030/5030 5032/5032/5032 5031/5031/5031
f 5035/5035/5035 5033/5033/5033 5034/5034/5034
f 5034/5034/5034 5036/5036/5036 5035/5035/5035
f 5039/5039/5039 5037/5037/5037 5038/5038/5038
f 5038/5038/5038 5040/5040/5040 5039/5039/5039
f 5043/5043/5043 5041/5041/5041 5042/5042/5042
f 5042/5042/5042 5044/5044/5044 5043/5043/5043
f 5047/5047/5047 5045/5045/5045 5046/5046/5046
f 5046/5046/5046 5048/5048/5048 5047/5047/5047
f 5051/5051/5051 5049/5049/5049 5050/5050/5050
f 5050/5050/5050 5052/5052/5052 5051/5051/5051
f 5055/5055/5055 5053/5053/5053 5054/5054/5054
f 5054/5054/5054 5056/5056/5056 5055/5055/5055
f 5059/5059/5059 5057/5057/5057 5058/5058/5058
f 5058/5058/5058 5060/5060/5060 5059/5059/5059
f 5063/5063/5063 5061/5061/5061 5062/5062/5062
f 5062/5062/5062 5064/5064/5064 5063/5063/5063
f 5067/5067/5067 5065/5065/5065 5066/5066/5066
f 5066/5066/5066 5068/5068/5068 5067/5067/5067
f 5071/5071/5071 5069/5069/5069 5070/5070/5070
f 5070/5070/5070 5072/5072/5072 5071/5071/5071
f 5075/5075/5075 5073/5073/5073 5074/5074/5074
f 5074/5074/5074 5076/5076/5076 5075/5075/5075
f 5079/5079/5079 5077/5077/5077 5078/5078/5078
f 5078/5078/5078 5080/5080/5080 5079/5079/5079
f 5083/5083/5083 5081/5081/5081 5082/5082/5082
f 5082/5082/5082 5084/5084/5084 5083/5083/5083
f 5087/5087/5087 5085/5085/5085 5086/5086/5086
f 5086/5086/5086 5088/5088/5088 5087/5087/5087
f 5091/5091/5091 5089/5089/5089 5090/5090/5090
f 5090/5090/5090 5092/5092/5092 5091/5091/5091
f 5095/5095/5095 5093/5093/5093 5094/5094/5094
f 5094/5094/5094 5096/5096/5096 5095/5095/5095
f 5099/5099/5099 5097/5097/5097 5098/5098/5098
f 5098/5098/5098 5100/5100/5100 5099/5099/5099
f 5103/5103/5103 5101/5101/5101 5102/5102/5102
f 5102/5102/5102 5104/5104/5104 5103/5103/5103
f 5107/5107/5107 5105/5105/5105 5106/5106/5106
f 5106/5106/5106 5108/5108/5108 5107/5107/5107
f 5111/5111/5111 5109/5109/5109 5110/5110/5110
f 5110/5110/5110 5112/5112/5112 5111/5111/5111
f 5115/5115/5115 5113/5113/5113 5114/5114/5114
f 5114/5114/5114 5116/5116/5116 5115/5115/5115
f 5119/5119/5119 5117/5117/5117 5118/5118/5118
f 5118/5118/5118 5120/5120/5120 5119/5119/5119
f 5123/5123/5123 5121/5121/5121 5122/5122/5122
f 5122/5122/5122 5124/5124/5124 5123/5123/5123
f 5127/5127/5127 5125/5125/5125 5126/5126/5126
f 5126/5126/5126 5128/5128/5128 5127/5127/5127
f 5131/5131/5131 5129/5129/5129 5130/5130/5130
f 5130/5130/5130 5132/5132/5132 5131/5131/5131
f 5135/5135/5135 5133/5133/5133 5134/5134/5134
f 5134/5134/5134 5136/5136/5136 5135/5135/5135
f 5139/5139/5139 5137/5137/5137 5138/5138/5138
f 5138/5138/5138 5140/5140/5140 5139/5139/5139
f 5143/5143/5143 5141/5141/5141 5142/5142/5142
f 5142/5142/5142 5144/5144/5144 5143/5143/5143
f 5147/5147/5147 5145/5145/5145 5146/5146/5146
f 5146/5146/5146 5148/5148/5148 5147/5147/5147
f 5151/5151/5151 5149/5149/5149 5150/5150/5150
f 5150/5150/5150 5152/5152/5152 5151/5151/5151
f 5155/5155/5155 5153/5153/5153 5154/5154/5154
f 5154/5154/5154 5156/5156/5156 5155/5155/5155
f 5159/5159/5159 5157/5157/5157 5158/5158/5158
f 5158/5158/5158 5160/5160/5160 5159/5159/5159
f 5163/5163/5163 5161/5161/5161 5162/5162/5162
f 5162/5162/5162 5164/5164/5164 5163/5163/5163
f 5167/5167/5167 5165/5165/5165 5166/5166/5166
f 5166/5166/5166 5168/5168/5168 5167/5167/5167
f 5171/5171/5171 5169/5169/5169 5170/5170/5170
f 5170/5170/5170 5172/5172/5172 5171/5171/5171
f 5175/5175/5175 5173/5173/5173 5174/5174/5174
f 5174/5174/5174 5176/5176/5176 5175/5175/5175
f 5179/5179/5179 5177/5177/5177 5178/5178/5178
f 5178/5178/5178 5180/5180/5180 5179/5179/5179
f 5183/5183/5183 5181/5181/5181 5182/5182/5182
f 5182/5182/5182 5184/5184/5184 5183/5183/5183
f 5187/5187/5187 5185/5185/5185 5186/5186/5186
f 5186/5186/5186 5188/5188/5188 5187/5187/5187
f 5191/5191/5191 5189/5189/5189 5190/5190/5190
f 5190/5190/5190 5192/5192/5192 5191/5191/5191
f 5195/5195/5195 5193/5193/5193 5194/5194/5194
f 5194/5194/5194 5196/5196/5196 5195/5195/5195
f 5199/5199/5199 5197/5197/5197 5198/5198/5198
f 5198/5198/5198 5200/5200/5200 5199/5199/5199
f 5203/5203/5203 5201/5201/5201 5202/5202/5202
f 5202/5202/5202 5204/5204/5204 5203/5203/5203
f 5207/5207/5207 5205/5205/5205 5206/5206/5206
f 5206/5206/5206 5208/5208/5208 5207/5207/5207
f 5211/5211/5211 5209/5209/5209 5210/5210/5210
f 5210/5210/5210 5212/5212/5212 5211/5211/5211
f 5215/5215/5215 5213/5213/5213 5214/5214/5214
f 5214/5214/5214 5216/5216/5216 5215/5215/5215
f 5219/5219/5219 5217/5217/5217 5218/5218/5218
f 5218/5218/5218 5220/5220/5220 5219/5219/5219
f 5223/5223/5223 5221/5221/5221 5222/5222/5222
f 5222/5222/5222 5224/5224/5224 5223/5223/5223
f 5227/5227/5227 5225/5225/5225 5226/5226/5226
f 5226/5226/5226 5228/5228/5228 5227/5227/5227
f 5231/5231/5231 5229/5229/5229 5230/5230/5230
f 5230/5230/5230 5232/5232/5232 5231/5231/5231
f 5235/5235/5235 5233/5233/5233 5234/5234/5234
f 5234/5234/5234 5236/5236/5236 5235/5235/5235
f 5239/5239/5239 5237/5237/5237 5238/5238/5238
f 5238/5238/5238 5240/5240/5240 5239/5239/5239
f 5243/5243/5243 5241/5241/5241 5242/5242/5242
f 5242/5242/5242 5244/5244/5244 5243/5243/5243
f 5247/5247/5247 5245/5245/5245 5246/5246/5246
f 5246/5246/5246 5248/5248/5248 5247/5247/5247
f 5251/5251/5251 5249/5249/5249 5250/5250/5250
f 5250/5250/5250 5252/5252/5252 5251/5251/5251
f 5255/5255/5255 5253/5253/5253 5254/5254/5254
f 5254/5254/5254 5256/5256/5256 5255/5255/5255
f 5259/5259/5259 5257/5257/5257 5258/5258/5258
f 5258/5258/5258 5260/5260/5260 5259/5259/5259
f 5263/5263/5263 5261/5261/5261 5262/5262/5262
f 5262/5262/5262 5264/5264/5264 5263/5263/5263
f 5267/5267/5267 5265/5265/5265 5266/5266/5266
f 5266/5266/5266 5268/5268/5268 5267/5267/5267
f 5271/5271/5271 5269/5269/5269 5270/5270/5270
f 5270/5270/5270 5272/5272/5272 5271/5271/5271
f 5275/5275/5275 5273/5273/5273 5274/5274/5274
f 5274/5274/5274 5276/5276/5276 5275/5275/5275
f 5279/5279/5279 5277/5277/5277 5278/5278/5278
f 5278/5278/5278 5280/5280/5280 5279/5279/5279
f 5283/5283/5283 5281/5281/5281 5282/5282/5282
f 5282/5282/5282 5284/5284/5284 5283/5283/5283
f 5287/5287/5287 5285/5285/5285 5286/5286/5286
f 5286/5286/5286 5288/5288/5288 5287/5287/5287
f 5291/5291/5291 5289/5289/5289 5290/5290/5290
f 5290/5290/5290 5292/5292/5292 5291/5291/5291
f 5295/5295/5295 5293/5293/5293 5294/5294/5294
f 5294/5294/5294 5296/5296/5296 5295/5295/5295
f 5299/5299/5299 5297/5297/5297 5298/5298/5298
f 5298/5298/5298 5300/5300/5300 5299/5299/5299
f 5303/5303/5303 5301/5301/5301 5302/5302/5302
f 5302/5302/5302 5304/5304/5304 5303/5303/5303
f 5307/5307/5307 5305/5305/5305 5306/5306/5306
f 5306/5306/5306 5308/5308/5308 5307/5307/5307
f 5311/5311/5311 5309/5309/5309 5310/5310/5310
f 5310/5310/5310 5312/5312/5312 5311/5311/5311
f 5315/5315/5315 5313/5313/5313 5314/5314/5314
f 5314/5314/5314 5316/5316/5316 5315/5315/5315
f 5319/5319/5319 5317/5317/5317 5318/5318/5318
f 5318/5318/5318 5320/5320/5320 5319/5319/5319
f 5323/5323/5323 5321/5321/5321 5322/5322/5322
f 5322/5322/5322 5324/5324/5324 5323/5323/5323
f 5327/5327/5327 5325/5325/5325 5326/5326/5326
f 5326/5326/5326 5328/5328/5328 5327/5327/5327
f 5331/5331/5331 5329/5329/5329 5330/5330/5330
f 5330/5330/5330 5332/5332/5332 5331/5331/5331
f 5335/5335/5335 5333/5333/5333 5334/5334/5334
f 5334/5334/5334 5336/5336/5336 5335/5335/5335
f 5339/5339/5339 5337/5337/5337 5338/5338/5338
f 5338/5338/5338 5340/5340/5340 5339/5339/5339
f 5343/5343/5343 5341/5341/5341 5342/5342/5342
f 5342/5342/5342 5344/5344/5344 5343/5343/5343
f 5347/5347/5347 5345/5345/5345 5346/5346/5346
f 5346/5346/5346 5348/5348/5348 5347/5347/5347
f 5351/5351/5351 5349/5349/5349 5350/5350/5350
f 5350/5350/5350 5352/5352/5352 5351/5351/5351
f 5355/5355/5355 5353/5353/5353 5354/5354/5354
f 5354/5354/5354 5356/5356/5356 5355/5355/5355
f 5359/5359/5359 5357/5357/5357 5358/5358/5358
f 5358/5358/5358 5360/5360/5360 5359/5359/5359
f 5363/5363/5363 5361/5361/5361 5362/5362/5362
f 5362/5362/5362 5364/5364/5364 5363/5363/5363
f 5367/5367/5367 5365/5365/5365 5366/5366/5366
f 5366/5366/5366 5368/5368/5368 5367/5367/5367
f 5371/5371/5371 5369/5369/5369 5370/5370/5370
f 5370/5370/5370 5372/5372/5372 5371/5371/5371
f 5375/5375/5375 5373/5373/5373 5374/5374/5374
f 5374/5374/5374 5376/5376/5376 5375/5375/5375
f 5379/5379/5379 5377/5377/5377 5378/5378/5378
f 5378/5378/5378 5380/5380/5380 5379/5379/5379
f 5383/5383/5383 5381/5381/5381 5382/5382/5382
f 5382/5382/5382 5384/5384/5384 5383/5383/5383
f 5387/5387/5387 5385/5385/5385 5386/5386/5386
f 5386/5386/5386 5388/5388/5388 5387/5387/5387
f 5391/5391/5391 5389/5389/5389 5390/5390/5390
f 5390/5390/5390 5392/5392/5392 5391/5391/5391
f 5395/5395/5395 5393/5393/5393 5394/5394/5394
f 5394/5394/5394 5396/5396/5396 5395/5395/5395
f 5399/5399/5399 5397/5397/5397 5398/5398/5398
f 5398/5398/5398 5400/5400/5400 5399/5399/5399
f 5403/5403/5403 5401/5401/5401 5402/5402/5402
f 5402/5402/5402 5404/5404/5404 5403/5403/5403
f 5407/5407/5407 5405/5405/5405 5406/5406/5406
f 5406/5406/5406 5408/5408/5408 5407/5407/5407
f 5411/5411/5411 5409/5409/5409 5410/5410/5410
f 5410/5410/5410 5412/5412/5412 5411/5411/5411
f 5415/5415/5415 5413/5413/5413 5414/5414/5414
f 5414/5414/5414 5416/5416/5416 5415/5415/5415
f 5419/5419/5419 5417/5417/5417 5418/5418/5418
f 5418/5418/5418 5420/5420/5420 5419/5419/5419
f 5423/5423/5423 5421/5421/5421 5422/5422/5422
f 5422/5422/5422 5424/5424/5424 5423/5423/5423
f 5427/5427/5427 5425/5425/5425 5426/5426/5426
f 5426/5426/5426 5428/5428/5428 5427/5427/5427
f 5431/5431/5431 5429/5429/5429 5430/5430/5430
f 5430/5430/5430 5432/5432/5432 5431/5431/5431
f 5435/5435/5435 5433/5433/5433 5434/5434/5434
f 5434/5434/5434 5436/5436/5436 5435/5435/5435
f 5439/5439/5439 5437/5437/5437 5438/5438/5438
f 5438/5438/5438 5440/5440/5440 5439/5439/5439
f 5443/5443/5443 5441/5441/5441 5442/5442/5442
f 5442/5442/5442 5444/5444/5444 5443/5443/5443
f 5447/5447/5447 5445/5445/5445 5446/5446/5446
f 5446/5446/5446 5448/5448/5448 5447/5447/5447
f 5451/5451/5451 5449/5449/5449 5450/5450/5450
f 5450/5450/5450 5452/5452/5452 5451/5451/5451
f 5455/5455/5455 5453/5453/5453 5454/5454/5454
f 5454/5454/5454 5456/5456/5456 5455/5455/5455
f 5459/5459/5459 5457/5457/5457 5458/5458/5458
f 5458/5458/5458 5460/5460/5460 5459/5459/5459
f 5463/5463/5463 5461/5461/5461 5462/5462/5462
f 5462/5462/5462 5464/5464/5464 5463/5463/5463
f 5467/5467/5467 5465/5465/5465 5466/5466/5466
f 5466/5466/5466 5468/5468/5468 5467/5467/5467
f 5471/5471/5471 5469/5469/5469 5470/5470/5470
f 5470/5470/5470 5472/5472/5472 5471/5471/5471
f 5475/5475/5475 5473/5473/5473 5474/5474/5474
f 5474/5474/5474 5476/5476/5476 5475/5475/5475
f 5479/5479/5479 5477/5477/5477 5478/5478/5478
f 5478/5478/5478 5480/5480/5480 5479/5479/5479
f 5483/5483/5483 5481/5481/5481 5482/5482/5482
f 5482/5482/5482 5484/5484/5484 5483/5483/5483
f 5487/5487/5487 5485/5485/5485 5486/5486/5486
f 5486/5486/5486 5488/5488/5488 5487/5487/5487
f 5491/5491/5491 5489/5489/5489 5490/5490/5490
f 5490/5490/5490 5492/5492/5492 5491/5491/5491
f 5495/5495/5495 5493/5493/5493 5494/5494/5494
f 5494/5494/5494 5496/5496/5496 5495/5495/5495
f 5499/5499/5499 5497/5497/5497 5498/5498/5498
f 5498/5498/5498 5500/5500/5500 5499/5499/5499
f 5503/5503/5503 5501/5501/5501 5502/5502/5502
f 5502/5502/5502 5504/5504/5504 5503/5503/5503
f 5507/5507/5507 5505/5505/5505 5506/5506/5506
f 5506/5506/5506 5508/5508/5508 5507/5507/5507
f 5511/5511/5511 5509/5509/5509 5510/5510/5510
f 5510/5510/5510 5512/5512/5512 5511/5511/5511
f 5515/5515/5515 5513/5513/5513 5514/5514/5514
f 5514/5514/5514 5516/5516/5516 5515/5515/5515
f 5519/5519/5519 5517/5517/5517 5518/5518/5518
f 5518/5518/5518 5520/5520/5520 5519/5519/5519
f 5523/5523/5523 5521/5521/5521 5522/5522/5522
f 5522/5522/5522 5524/5524/5524 5523/5523/5523
f 5527/5527/5527 5525/5525/5525 5526/5526/5526
f 5526/5526/5526 5528/5528/5528 5527/5527/5527
f 5531/5531/5531 5529/5529/5529 5530/5530/5530
f 5530/5530/5530 5532/5532/5532 5531/5531/5531
f 5535/5535/5535 5533/5533/5533 5534/5534/5534
f 5534/5534/5534 5536/5536/5536 5535/5535/5535
f 5539/5539/5539 5537/5537/5537 5538/5538/5538
f 5538/5538/5538 5540/5540/5540 5539/5539/5539
f 5543/5543/5543 5541/5541/5541 5542/5542/5542
f 5542/5542/5542 5544/5544/5544 5543/5543/5543
f 5547/5547/5547 5545/5545/5545 5546/5546/5546
f 5546/5546/5546 5548/5548/5548 5547/5547/5547
f 5551/5551/5551 5549/5549/5549 5550/5550/5550
f 5550/5550/5550 5552/5552/5552 5551/5551/5551
f 5555/5555/5555 5553/5553/5553 5554/5554/5554
f 5554/5554/5554 5556/5556/5556 5555/5555/5555
f 5559/5559/5559 5557/5557/5557 5558/5558/5558
f 5558/5558/5558 5560/5560/5560 5559/5559/5559
f 5563/5563/5563 5561/5561/5561 5562/5562/5562
f 5562/5562/5562 5564/5564/5564 5563/5563/5563
f 5567/5567/5567 5565/5565/5565 5566/5566/5566
f 5566/5566/5566 5568/5568/5568 5567/5567/5567
f 5571/5571/5571 5569/5569/5569 5570/5570/5570
f 5570/5570/5570 5572/5572/5572 5571/5571/5571
f 5575/5575/5575 5573/5573/5573 5574/5574/5574
f 5574/5574/5574 5576/5576/5576 5575/5575/5575
f 5579/5579/5579 5577/5577/5577 5578/5578/5578
f 5578/5578/5578 5580/5580/5580 5579/5579/5579
f 5583/5583/5583 5581/5581/5581 5582/5582/5582
f 5582/5582/5582 5584/5584/5584 5583/5583/5583
f 5587/5587/5587 5585/5585/5585 5586/5586/5586
f 5586/5586/5586 5588/5588/5588 5587/5587/5587
f 5591/5591/5591 5589/5589/5589 5590/5590/5590
f 5590/5590/5590 5592/5592/5592 5591/5591/5591
f 5595/5595/5595 5593/5593/5593 5594/5594/5594
f 5594/5594/5594 5596/5596/5596 5595/5595/5595
f 5599/5599/5599 5597/5597/5597 5598/5598/5598
f 5598/5598/5598 5600/5600/5600 5599/5599/5599
f 5603/5603/5603 5601/5601/5601 5602/5602/5602
f 5602/5602/5602 5604/5604/5604 5603/5603/5603
f 5607/5607/5607 5605/5605/5605 5606/5606/5606
f 5606/5606/5606 5608/5608/5608 5607/5607/5607
f 5611/5611/5611 5609/5609/5609 5610/5610/5610
f 5610/5610/5610 5612/5612/5612 5611/5611/5611
f 5615/5615/5615 5613/5613/5613 5614/5614/5614
f 5614/5614/5614 5616/5616/5616 5615/5615/5615
f 5619/5619/5619 5617/5617/5617 5618/5618/5618
f 5618/5618/5618 5620/5620/5620 5619/5619/5619
f 5623/5623/5623 5621/5621/5621 5622/5622/5622
f 5622/5622/5622 5624/5624/5624 5623/5623/5623
f 5627/5627/5627 5625/5625/5625 5626/5626/5626
f 5626/5626/5626 5628/5628/5628 5627/5627/5627
f 5631/5631/5631 5629/5629/5629 5630/5630/5630
f 5630/5630/5630 5632/5632/5632 5631/5631/5631
f 5635/5635/5635 5633/5633/5633 5634/5634/5634
f 5634/5634/5634 5636/5636/5636 5635/5635/5635
f 5639/5639/5639 5637/5637/5637 5638/5638/5638
f 5638/5638/5638 5640/5640/5640 5639/5639/5639
f 5643/5643/5643 5641/5641/5641 5642/5642/5642
f 5642/5642/5642 5644/5644/5644 5643/5643/5643
f 5647/5647/5647 5645/5645/5645 5646/5646/5646
f 5646/5646/5646 5648/5648/5648 5647/5647/5647
f 5651/5651/5651 5649/5649/5649 5650/5650/5650
f 5650/5650/5650 5652/5652/5652 5651/5651/5651
f 5655/5655/5655 5653/5653/5653 5654/5654/5654
f 5654/5654/5654 5656/5656/5656 5655/5655/5655
f 5659/5659/5659 5657/5657/5657 5658/5658/5658
f 5658/5658/5658 5660/5660/5660 5659/5659/5659
f 5663/5663/5663 5661/5661/5661 5662/5662/5662
f 5662/5662/5662 5664/5664/5664 5663/5663/5663
f 5667/5667/5667 5665/5665/5665 5666/5666/5666
f 5666/5666/5666 5668/5668/5668 5667/5667/5667
f 5671/5671/5671 5669/5669/5669 5670/5670/5670
f 5670/5670/5670 5672/5672/5672 5671/5671/5671
f 5675/5675/5675 5673/5673/5673 5674/5674/5674
f 5674/5674/5674 5676/5676/5676 5675/5675/5675
f 5679/5679/5679 5677/5677/5677 5678/5678/5678
f 5678/5678/5678 5680/5680/5680 5679/5679/5679
f 5683/5683/5683 5681/5681/5681 5682/5682/5682
f 5682/5682/5682 5684/5684/5684 5683/5683/5683
f 5687/5687/5687 5685/5685/5685 5686/5686/5686
f 5686/5686/5686 5688/5688/5688 5687/5687/5687
f 5691/5691/5691 5689/5689/5689 5690/5690/5690
f 5690/5690/5690 5692/5692/5692 5691/5691/5691
f 5695/5695/5695 5693/5693/5693 5694/5694/5694
f 5694/5694/5694 5696/5696/5696 5695/5695/5695
f 5699/5699/5699 5697/5697/5697 5698/5698/5698
f 5698/5698/5698 5700/5700/5700 5699/5699/5699
f 5703/5703/5703 5701/5701/5701 5702/5702/5702
f 5702/5702/5702 5704/5704/5704 5703/5703/5703
f 5707/5707/5707 5705/5705/5705 5706/5706/5706
f 5706/5706/5706 5708/5708/5708 5707/5707/5707
f 5711/5711/5711 5709/5709/5709 5710/5710/5710
f 5710/5710/5710 5712/5712/5712 5711/5711/5711
f 5715/5715/5715 5713/5713/5713 5714/5714/5714
f 5714/5714/5714 5716/5716/5716 5715/5715/5715
f 5719/5719/5719 5717/5717/5717 5718/5718/5718
f 5718/5718/5718 5720/5720/5720 5719/5719/5719
f 5723/5723/5723 5721/5721/5721 5722/5722/5722
f 5722/5722/5722 5724/5724/5724 5723/5723/5723
f 5727/5727/5727 5725/5725/5725 5726/5726/5726
f 5726/5726/5726 5728/5728/5728 5727/5727/5727
f 5731/5731/5731 5729/5729/5729 5730/5730/5730
f 5730/5730/5730 5732/5732/5732 5731/5731/5731
f 5735/5735/5735 5733/5733/5733 5734/5734/5734
f 5734/5734/5734 5736/5736/5736 5735/5735/5735
f 5739/5739/5739 5737/5737/5737 5738/5738/5738
f 5738/5738/5738 5740/5740/5740 5739/5739/5739
f 5743/5743/5743 5741/5741/5741 5742/5742/5742
f 5742/5742/5742 5744/5744/5744 5743/5743/5743
f 5747/5747/5747 5745/5745/5745 5746/5746/5746
f 5746/5746/5746 5748/5748/5748 5747/5747/5747
f 5751/5751/5751 5749/5749/5749 5750/5750/5750
f 5750/5750/5750 5752/5752/5752 5751/5751/5751
f 5755/5755/5755 5753/5753/5753 5754/5754/5754
f 5754/5754/5754 5756/5756/5756 5755/5755/5755
f 5759/5759/5759 5757/5757/5757 5758/5758/5758
f 5758/5758/5758 5760/5760/5760 5759/5759/5759
f 5763/5763/5763 5761/5761/5761 5762/5762/5762
f 5762/5762/5762 5764/5764/5764 5763/5763/5763
f 5767/5767/5767 5765/5765/5765 5766/5766/5766
f 5766/5766/5766 5768/5768/5768 5767/5767/5767
f 5771/5771/5771 5769/5769/5769 5770/5770/5770
f 5770/5770/5770 5772/5772/5772 5771/5771/5771
f 5775/5775/5775 5773/5773/5773 5774/5774/5774
f 5774/5774/5774 5776/5776/5776 5775/5775/5775
f 5779/5779/5779 5777/5777/5777 5778/5778/5778
f 5778/5778/5778 5780/5780/5780 5779/5779/5779
f 5783/5783/5783 5781/5781/5781 5782/5782/5782
f 5782/5782/5782 5784/5784/5784 5783/5783/5783
f 5787/5787/5787 5785/5785/5785 5786/5786/5786
f 5786/5786/5786 5788/5788/5788 5787/5787/5787
f 5791/5791/5791 5789/5789/5789 5790/5790/5790
f 5790/5790/5790 5792/5792/5792 5791/5791/5791
f 5795/5795/5795 5793/5793/5793 5794/5794/5794
f 5794/5794/5794 5796/5796/5796 5795/5795/5795
f 5799/5799/5799 5797/5797/5797 5798/5798/5798
f 5798/5798/5798 5800/5800/5800 5799/5799/5799
f 5803/5803/5803 5801/5801/5801 5802/5802/5802
f 5802/5802/5802 5804/5804/5804 5803/5803/5803
f 5807/5807/5807 5805/5805/5805 5806/5806/5806
f 5806/5806/5806 5808/5808/5808 5807/5807/5807
f 5811/5811/5811 5809/5809/5809 5810/5810/5810
f 5810/5810/5810 5812/5812/5812 5811/5811/5811
f 5815/5815/5815 5813/5813/5813 5814/5814/5814
f 5814/5814/5814 5816/5816/5816 5815/5815/5815
f 5819/5819/5819 5817/5817/5817 5818/5818/5818
f 5818/5818/5818 5820/5820/5820 5819/5819/5819
f 5823/5823/5823 5821/5821/5821 5822/5822/5822
f 5822/5822/5822 5824/5824/5824 5823/5823/5823
f 5827/5827/5827 5825/5825/5825 5826/5826/5826
f 5826/5826/5826 5828/5828/5828 5827/5827/5827
f 5831/5831/5831 5829/5829/5829 5830/5830/5830
f 5830/5830/5830 5832/5832/5832 5831/5831/5831
f 5835/5835/5835 5833/5833/5833 5834/5834/5834
f 5834/5834/5834 5836/5836/5836 5835/5835/5835
f 5839/5839/5839 5837/5837/5837 5838/5838/5838
f 5838/5838/5838 5840/5840/5840 5839/5839/5839
f 5843/5843/5843 5841/5841/5841 5842/5842/5842
f 5842/5842/5842 5844/5844/5844 5843/5843/5843
f 5847/5847/5847 5845/5845/5845 5846/5846/5846
f 5846/5846/5846 5848/5848/5848 5847/5847/5847
f 5851/5851/5851 5849/5849/5849 5850/5850/5850
f 5850/5850/5850 5852/5852/5852 5851/5851/5851
f 5855/5855/5855 5853/5853/5853 5854/5854/5854
f 5854/5854/5854 5856/5856/5856 5855/5855/5855
f 5859/5859/5859 5857/5857/5857 5858/5858/5858
f 5858/5858/5858 5860/5860/5860 5859/5859/5859
f 5863/5863/5863 5861/5861/5861 5862/5862/5862
f 5862/5862/5862 5864/5864/5864 5863/5863/5863
f 5867/5867/5867 5865/5865/5865 5866/5866/5866
f 5866/5866/5866 5868/5868/5868 5867/5867/5867
f 5871/5871/5871 5869/5869/5869 5870/5870/5870
f 5870/5870/5870 5872/5872/5872 5871/5871/5871
f 5875/5875/5875 5873/5873/5873 5874/5874/5874
f 5874/5874/5874 5876/5876/5876 5875/5875/5875
f 5879/5879/5879 5877/5877/5877 5878/5878/5878
f 5878/5878/5878 5880/5880/5880 5879/5879/5879
f 5883/5883/5883 5881/5881/5881 5882/5882/5882
f 5882/5882/5882 5884/5884/5884 5883/5883/5883
f 5887/5887/5887 5885/5885/5885 5886/5886/5886
f 5886/5886/5886 5888/5888/5888 5887/5887/5887
f 5891/5891/5891 5889/5889/5889 5890/5890/5890
f 5890/5890/5890 5892/5892/5892 5891/5891/5891
f 5895/5895/5895 5893/5893/5893 5894/5894/5894
f 5894/5894/5894 5896/5896/5896 5895/5895/5895
f 5899/5899/5899 5897/5897/5897 5898/5898/5898
f 5898/5898/5898 5900/5900/5900 5899/5899/5899
f 5903/5903/5903 5901/5901/5901 5902/5902/5902
f 5902/5902/5902 5904/5904/5904 5903/5903/5903
f 5907/5907/5907 5905/5905/5905 5906/5906/5906
f 5906/5906/5906 5908/5908/5908 5907/5907/5907
f 5911/5911/5911 5909/5909/5909 5910/5910/5910
f 5910/5910/5910 5912/5912/5912 5911/5911/5911
f 5915/5915/5915 5913/5913/5913 5914/5914/5914
f 5914/5914/5914 5916/5916/5916 5915/5915/5915
f 5919/5919/5919 5917/5917/5917 5918/5918/5918
f 5918/5918/5918 5920/5920/5920 5919/5919/5919
f 5923/5923/5923 5921/5921/5921 5922/5922/5922
f 5922/5922/5922 5924/5924/5924 5923/5923/5923
f 5927/5927/5927 5925/5925/5925 5926/5926/5926
f 5926/5926/5926 5928/5928/5928 5927/5927/5927
f 5931/5931/5931 5929/5929/5929 5930/5930/5930
f 5930/5930/5930 5932/5932/5932 5931/5931/5931
f 5935/5935/5935 5933/5933/5933 5934/5934/5934
f 5934/5934/5934 5936/5936/5936 5935/5935/5935
f 5939/5939/5939 5937/5937/5937 5938/5938/5938
f 5938/5938/5938 5940/5940/5940 5939/5939/5939
f 5943/5943/5943 5941/5941/5941 5942/5942/5942
f 5942/5942/5942 5944/5944/5944 5943/5943/5943
f 5947/5947/5947 5945/5945/5945 5946/5946/5946
f 5946/5946/5946 5948/5948/5948 5947/5947/5947
f 5951/5951/5951 5949/5949/5949 5950/5950/5950
f 5950/5950/5950 5952/5952/5952 5951/5951/5951
f 5955/5955/5955 5953/5953/5953 5954/5954/5954
f 5954/5954/5954 5956/5956/5956 5955/5955/5955
f 5959/5959/5959 5957/5957/5957 5958/5958/5958
f 5958/5958/5958 5960/5960/5960 5959/5959/5959
f 5963/5963/5963 5961/5961/5961 5962/5962/5962
f 5962/5962/5962 5964/5964/5964 5963/5963/5963
f 5967/5967/5967 5965/5965/5965 5966/5966/5966
f 5966/5966/5966 5968/5968/5968 5967/5967/5967
f 5971/5971/5971 5969/5969/5969 5970/5970/5970
f 5970/5970/5970 5972/5972/5972 5971/5971/5971
f 5975/5975/5975 5973/5973/5973 5974/5974/5974
f 5974/5974/5974 5976/5976/5976 5975/5975/5975
f 5979/5979/5979 5977/5977/5977 5978/5978/5978
f 5978/5978/5978 5980/5980/5980 5979/5979/5979
f 5983/5983/5983 5981/5981/5981 5982/5982/5982
f 5982/5982/5982 5984/5984/5984 5983/5983/5983
f 5987/5987/5987 5985/5985/5985 5986/5986/5986
f 5986/5986/5986 5988/5988/5988 5987/5987/5987
f 5991/5991/5991 5989/5989/5989 5990/5990/5990
f 5990/5990/5990 5992/5992/5992 5991/5991/5991
f 5995/5995/5995 5993/5993/5993 5994/5994/5994
f 5994/5994/5994 5996/5996/5996 5995/5995/5995
f 5999/5999/5999 5997/5997/5997 5998/5998/5998
f 5998/5998/5998 6000/6000/6000 5999/5999/5999
f 6003/6003/6003 6001/6001/6001 6002/6002/6002
f 6002/6002/6002 6004/6004/6004 6003/6003/6003
f 6007/6007/6007 6005/6005/6005 6006/6006/6006
f 6006/6006/6006 6008/6008/6008 6007/6007/6007
f 6011/6011/6011 6009/6009/6009 6010/6010/6010
f 6010/6010/6010 6012/6012/6012 6011/6011/6011
f 6015/6015/6015 6013/6013/6013 6014/6014/6014
f 6014/6014/6014 6016/6016/6016 6015/6015/6015
f 6019/6019/6019 6017/6017/6017 6018/6018/6018
f 6018/6018/6018 6020/6020/6020 6019/6019/6019
f 6023/6023/6023 6021/6021/6021 6022/6022/6022
f 6022/6022/6022 6024/6024/6024 6023/6023/6023
f 6027/6027/6027 6025/6025/6025 6026/6026/6026
f 6026/6026/6026 6028/6028/6028 6027/6027/6027
f 6031/6031/6031 6029/6029/6029 6030/6030/6030
f 6030/6030/6030 6032/6032/6032 6031/6031/6031
f 6035/6035/6035 6033/6033/6033 6034/6034/6034
f 6034/6034/6034 6036/6036/6036 6035/6035/6035
f 6039/6039/6039 6037/6037/6037 6038/6038/6038
f 6038/6038/6038 6040/6040/6040 6039/6039/6039
f 6043/6043/6043 6041/6041/6041 6042/6042/6042
f 6042/6042/6042 6044/6044/6044 6043/6043/6043
f 6047/6047/6047 6045/6045/6045 6046/6046/6046
f 6046/6046/6046 6048/6048/6048 6047/6047/6047
f 6051/6051/6051 6049/6049/6049 6050/6050/6050
f 6050/6050/6050 6052/6052/6052 6051/6051/6051
f 6055/6055/6055 6053/6053/6053 6054/6054/6054
f 6054/6054/6054 6056/6056/6056 6055/6055/6055
f 6059/6059/6059 6057/6057/6057 6058/6058/6058
f 6058/6058/6058 6060/6060/6060 6059/6059/6059
f 6063/6063/6063 6061/6061/6061 6062/6062/6062
f 6062/6062/6062 6064/6064/6064 6063/6063/6063
f 6067/6067/6067 6065/6065/6065 6066/6066/6066
f 6066/6066/6066 6068/6068/6068 6067/6067/6067
f 6071/6071/6071 6069/6069/6069 6070/6070/6070
f 6070/6070/6070 6072/6072/6072 6071/6071/6071
f 6075/6075/6075 6073/6073/6073 6074/6074/6074
f 6074/6074/6074 6076/6076/6076 6075/6075/6075
f 6079/6079/6079 6077/6077/6077 6078/6078/6078
f 6078/6078/6078 6080/6080/6080 6079/6079/6079
f 6083/6083/6083 6081/6081/6081 6082/6082/6082
f 6082/6082/6082 6084/6084/6084 6083/6083/6083
f 6087/6087/6087 6085/6085/6085 6086/6086/6086
f 6086/6086/6086 6088/6088/6088 6087/6087/6087
f 6091/6091/6091 6089/6089/6089 6090/6090/6090
f 6090/6090/6090 6092/6092/6092 6091/6091/6091
f 6095/6095/6095 6093/6093/6093 6094/6094/6094
f 6094/6094/6094 6096/6096/6096 6095/6095/6095
f 6099/6099/6099 6097/6097/6097 6098/6098/6098
f 6098/6098/6098 6100/6100/6100 6099/6099/6099
f 6103/6103/6103 6101/6101/6101 6102/6102/6102
f 6102/6102/6102 6104/6104/6104 6103/6103/6103
f 6107/6107/6107 6105/6105/6105 6106/6106/6106
f 6106/6106/6106 6108/6108/6108 6107/6107/6107
f 6111/6111/6111 6109/6109/6109 6110/6110/6110
f 6110/6110/6110 6112/6112/6112 6111/6111/6111
f 6115/6115/6115 6113/6113/6113 6114/6114/6114
f 6114/6114/6114 6116/6116/6116 6115/6115/6115
f 6119/6119/6119 6117/6117/6117 6118/6118/6118
f 6118/6118/6118 6120/6120/6120 6119/6119/6119
f 6123/6123/6123 6121/6121/6121 6122/6122/6122
f 6122/6122/6122 6124/6124/6124 6123/6123/6123
f 6127/6127/6127 6125/6125/6125 6126/6126/6126
f 6126/6126/6126 6128/6128/6128 6127/6127/6127
f 6131/6131/6131 6129/6129/6129 6130/6130/6130
f 6130/6130/6130 6132/6132/6132 6131/6131/6131
f 6135/6135/6135 6133/6133/6133 6134/6134/6134
f 6134/6134/6134 6136/6136/6136 6135/6135/6135
f 6139/6139/6139 6137/6137/6137 6138/6138/6138
f 6138/6138/6138 6140/6140/6140 6139/6139/6139
f 6143/6143/6143 6141/6141/6141 6142/6142/6142
f 6142/6142/6142 6144/6144/6144 6143/6143/6143
f 6147/6147/6147 6145/6145/6145 6146/6146/6146
f 6146/6146/6146 6148/6148/6148 6147/6147/6147
f 6151/6151/6151 6149/6149/6149 6150/6150/6150
f 6150/6150/6150 6152/6152/6152 6151/6151/6151
f 6155/6155/6155 6153/6153/6153 6154/6154/6154
f 6154/6154/6154 6156/6156/6156 6155/6155/6155
f 6159/6159/6159 6157/6157/6157 6158/6158/6158
f 6158/6158/6158 6160/6160/6160 6159/6159/6159
f 6163/6163/6163 6161/6161/6161 6162/6162/6162
f 6162/6162/6162 6164/6164/6164 6163/6163/6163
f 6167/6167/6167 6165/6165/6165 6166/6166/6166
f 6166/6166/6166 6168/6168/6168 6167/6167/6167
f 6171/6171/6171 6169/6169/6169 6170/6170/6170
f 6170/6170/6170 6172/6172/6172 6171/6171/6171
f 6175/6175/6175 6173/6173/6173 6174/6174/6174
f 6174/6174/6174 6176/6176/6176 6175/6175/6175
f 6179/6179/6179 6177/6177/6177 6178/6178/6178
f 6178/6178/6178 6180/6180/6180 6179/6179/6179
f 6183/6183/6183 6181/6181/6181 6182/6182/6182
f 6182/6182/6182 6184/6184/6184 6183/6183/6183
f 6187/6187/6187 6185/6185/6185 6186/6186/6186
f 6186/6186/6186 6188/6188/6188 6187/6187/6187
f 6191/6191/6191 6189/6189/6189 6190/6190/6190
f 6190/6190/6190 6192/6192/6192 6191/6191/6191
f 6195/6195/6195 6193/6193/6193 6194/6194/6194
f 6194/6194/6194 6196/6196/6196 6195/6195/6195
f 6199/6199/6199 6197/6197/6197 6198/6198/6198
f 6198/6198/6198 6200/6200/6200 6199/6199/6199
f 6203/6203/6203 6201/6201/6201 6202/6202/6202
f 6202/6202/6202 6204/6204/6204 6203/6203/6203
f 6207/6207/6207 6205/6205/6205 6206/6206/6206
f 6206/6206/6206 6208/6208/6208 6207/6207/6207
f 6211/6211/6211 6209/6209/6209 6210/6210/6210
f 6210/6210/6210 6212/6212/6212 6211/6211/6211
f 6215/6215/6215 6213/6213/6213 6214/6214/6214
f 6214/6214/6214 6216/6216/6216 6215/6215/6215
f 6219/6219/6219 6217/6217/6217 6218/6218/6218
f 6218/6218/6218 6220/6220/6220 6219/6219/6219
f 6223/6223/6223 6221/6221/6221 6222/6222/6222
f 6222/6222/6222 6224/6224/6224 6223/6223/6223
f 6227/6227/6227 6225/6225/6225 6226/6226/6226
f 6226/6226/6226 6228/6228/6228 6227/6227/6227
f 6231/6231/6231 6229/6229/6229 6230/6230/6230
f 6230/6230/6230 6232/6232/6232 6231/6231/6231
f 6235/6235/6235 6233/6233/6233 6234/6234/6234
f 6234/6234/6234 6236/6236/6236 6235/6235/6235
f 6239/6239/6239 6237/6237/6237 6238/6238/6238
f 6238/6238/6238 6240/6240/6240 6239/6239/6239
f 6243/6243/6243 6241/6241/6241 6242/6242/6242
f 6242/6242/6242 6244/6244/6244 6243/6243/6243
f 6247/6247/6247 6245/6245/6245 6246/6246/6246
f 6246/6246/6246 6248/6248/6248 6247/6247/6247
f 6251/6251/6251 6249/6249/6249 6250/6250/6250
f 6250/6250/6250 6252/6252/6252 6251/6251/6251
f 6255/6255/6255 6253/6253/6253 6254/6254/6254
f 6254/6254/6254 6256/6256/6256 6255/6255/6255
f 6259/6259/6259 6257/6257/6257 6258/6258/6258
f 6258/6258/6258 6260/6260/6260 6259/6259/6259
f 6263/6263/6263 6261/6261/6261 6262/6262/6262
f 6262/6262/6262 6264/6264/6264 6263/6263/6263
f 6267/6267/6267 6265/6265/6265 6266/6266/6266
f 6266/6266/6266 6268/6268/6268 6267/6267/6267
f 6271/6271/6271 6269/6269/6269 6270/6270/6270
f 6270/6270/6270 6272/6272/6272 6271/6271/6271
f 6275/6275/6275 6273/6273/6273 6274/6274/6274
f 6274/6274/6274 6276/6276/6276 6275/6275/6275
f 6279/6279/6279 6277/6277/6277 6278/6278/6278
f 6278/6278/6278 6280/6280/6280 6279/6279/6279
f 6283/6283/6283 6281/6281/6281 6282/6282/6282
f 6282/6282/6282 6284/6284/6284 6283/6283/6283
f 6287/6287/6287 6285/6285/6285 6286/6286/6286
f 6286/6286/6286 6288/6288/6288 6287/6287/6287
f 6291/6291/6291 6289/6289/6289 6290/6290/6290
f 6290/6290/6290 6292/6292/6292 6291/6291/6291
f 6295/6295/6295 6293/6293/6293 6294/6294/6294
f 6294/6294/6294 6296/6296/6296 6295/6295/6295
f 6299/6299/6299 6297/6297/6297 6298/6298/6298
f 6298/6298/6298 6300/6300/6300 6299/6299/6299
f 6303/6303/6303 6301/6301/6301 6302/6302/6302
f 6302/6302/6302 6304/6304/6304 6303/6303/6303
f 6307/6307/6307 6305/6305/6305 6306/6306/6306
f 6306/6306/6306 6308/6308/6308 6307/6307/6307
f 6311/6311/6311 6309/6309/6309 6310/6310/6310
f 6310/6310/6310 6312/6312/6312 6311/6311/6311
f 6315/6315/6315 6313/6313/6313 6314/6314/6314
f 6314/6314/6314 6316/6316/6316 6315/6315/6315
f 6319/6319/6319 6317/6317/6317 6318/6318/6318
f 6318/6318/6318 6320/6320/6320 6319/6319/6319
usemtl branch
f 6323/6323/6323 6326/6326/6326 6322/6322/6322
f 6322/6322/6322 6326/6326/6326 6325/6325/6325
f 6322/6322/6322 6325/6325/6325 6321/6321/6321
f 6321/6321/6321 6325/6325/6325 6324/6324/6324
f 6321/6321/6321 6324/6324/6324 6326/6326/6326
f 6321/6321/6321 6326/6326/6326 6323/6323/6323
f 6326/6326/6326 6329/6329/6329 6325/6325/6325
f 6325/6325/6325 6329/6329/6329 6328/6328/6328
f 6325/6325/6325 6328/6328/6328 6324/6324/6324
f 6324/6324/6324 6328/6328/6328 6327/6327/6327
f 6324/6324/6324 6327/6327/6327 6329/6329/6329
f 6324/6324/6324 6329/6329/6329 6326/6326/6326
f 6329/6329/6329 6332/6332/6332 6328/6328/6328
f 6328/6328/6328 6332/6332/6332 6331/6331/6331
f 6328/6328/6328 6331/6331/6331 6327/6327/6327
f 6327/6327/6327 6331/6331/6331 6330/6330/6330
f 6327/6327/6327 6330/6330/6330 6332/6332/6332
f 6327/6327/6327 6332/6332/6332 6329/6329/6329
f 6332/6332/6332 6335/6335/6335 6331/6331/6331
f 6331/6331/6331 6335/6335/6335 6334/6334/6334
f 6331/6331/6331 6334/6334/6334 6330/6330/6330
f 6330/6330/6330 6334/6334/6334 6333/6333/6333
f 6330/6330/6330 6333/6333/6333 6335/6335/6335
f 6330/6330/6330 6335/6335/6335 6332/6332/6332
f 6335/6335/6335 6338/6338/6338 6334/6334/6334
f 6334/6334/6334 6338/6338/6338 6337/6337/6337
f 6334/6334/6334 6337/6337/6337 6333/6333/6333
f 6333/6333/6333 6337/6337/6337 6336/6336/6336
f 6333/6333/6333 6336/6336/6336 6338/6338/6338
f 6333/6333/6333 6338/6338/6338 6335/6335/6335
f 6338/6338/6338 6341/6341/6341 6337/6337/6337
f 6337/6337/6337 6341/6341/6341 6340/6340/6340
f 6337/6337/6337 6340/6340/6340 6336/6336/6336
f 6336/6336/6336 6340/6340/6340 6339/6339/6339
f 6336/6336/6336 6339/6339/6339 6341/6341/6341
f 6336/6336/6336 6341/6341/6341 6338/6338/6338
f 6341/6341/6341 6344/6344/6344 6340/6340/6340
f 6340/6340/6340 6344/6344/6344 6343/6343/6343
f 6340/6340/6340 6343/6343/6343 6339/6339/6339
f 6339/6339/6339 6343/6343/6343 6342/6342/6342
f 6339/6339/6339 6342/6342/6342 6344/6344/6344
f 6339/6339/6339 6344/6344/6344 6341/6341/6341
f 6344/6344/6344 6347/6347/6347 6343/6343/6343
f 6343/6343/6343 6347/6347/6347 6346/6346/6346
f 6343/6343/6343 6346/6346/6346 6342/6342/6342
f 6342/6342/6342 6346/6346/6346 6345/6345/6345
f 6342/6342/6342 6345/6345/6345 6347/6347/6347
f 6342/6342/6342 6347/6347/6347 6344/6344/6344
f 6347/6347/6347 6350/6350/6350 6346/6346/6346
f 6346/6346/6346 6350/6350/6350 6349/6349/6349
f 6346/6346/6346 6349/6349/6349 6345/6345/6345
f 6345/6345/6345 6349/6349/6349 6348/6348/6348
f 6345/6345/6345 6348/6348/6348 6350/6350/6350
f 6345/6345/6345 6350/6350/6350 6347/6347/6347
f 6350/6350/6350 6353/6353/6353 6349/6349/6349
f 6349/6349/6349 6353/6353/6353 6352/6352/6352
f 6349/6349/6349 6352/6352/6352 6348/6348/6348
f 6348/6348/6348 6352/6352/6352 6351/6351/6351
f 6348/6348/6348 6351/6351/6351 6353/6353/6353
f 6348/6348/6348 6353/6353/6353 6350/6350/6350
f 6353/6353/6353 6356/6356/6356 6352/6352/6352
f 6352/6352/6352 6356/6356/6356 6355/6355/6355
f 6352/6352/6352 6355/6355/6355 6351/6351/6351
f 6351/6351/6351 6355/6355/6355 6354/6354/6354
f 6351/6351/6351 6354/6354/6354 6356/6356/6356
f 6351/6351/6351 6356/6356/6356 6353/6353/6353
f 6356/6356/6356 6359/6359/6359 6355/6355/6355
f 6355/6355/6355 6359/6359/6359 6358/6358/6358
f 6355/6355/6355 6358/6358/6358 6354/6354/6354
f 6354/6354/6354 6358/6358/6358 6357/6357/6357
f 6354/6354/6354 6357/6357/6357 6359/6359/6359
f 6354/6354/6354 6359/6359/6359 6356/6356/6356
f 6359/6359/6359 6362/6362/6362 6358/6358/6358
f 6358/6358/6358 6362/6362/6362 6361/6361/6361
f 6358/6358/6358 6361/6361/6361 6357/6357/6357
f 6357/6357/6357 6361/6361/6361 6360/6360/6360
f 6357/6357/6357 6360/6360/6360 6362/6362/6362
f 6357/6357/6357 6362/6362/6362 6359/6359/6359
f 6362/6362/6362 6365/6365/6365 6361/6361/6361
f 6361/6361/6361 6365/6365/6365 6364/6364/6364
f 6361/6361/6361 6364/6364/6364 6360/6360/6360
f 6360/6360/6360 6364/6364/6364 6363/6363/6363
f 6360/6360/6360 6363/6363/6363 6365/6365/6365
f 6360/6360/6360 6365/6365/6365 6362/6362/6362
f 6365/6365/6365 6368/6368/6368 6364/6364/6364
f 6364/6364/6364 6368/6368/6368 6367/6367/6367
f 6364/6364/6364 6367/6367/6367 6363/6363/6363
f 6363/6363/6363 6367/6367/6367 6366/6366/6366
f 6363/6363/6363 6366/6366/6366 6368/6368/6368
f 6363/6363/6363 6368/6368/6368 6365/6365/6365
f 6368/6368/6368 6371/6371/6371 6367/6367/6367
f 6367/6367/6367 6371/6371/6371 6370/6370/6370
f 6367/6367/6367 6370/6370/6370 6366/6366/6366
f 6366/6366/6366 6370/6370/6370 6369/6369/6369
f 6366/6366/6366 6369/6369/6369 6371/6371/6371
f 6366/6366/6366 6371/6371/6371 6368/6368/6368
f 6371/6371/6371 6374/6374/6374 6370/6370/6370
f 6370/6370/6370 6374/6374/6374 6373/6373/6373
f 6370/6370/6370 6373/6373/6373 6369/6369/6369
f 6369/6369/6369 6373/6373/6373 6372/6372/6372
f 6369/6369/6369 6372/6372/6372 6374/6374/6374
f 6369/6369/6369 6374/6374/6374 6371/6371/6371
f 6374/6374/6374 6377/6377/6377 6373/6373/6373
f 6373/6373/6373 6377/6377/6377 6376/6376/6376
f 6373/6373/6373 6376/6376/6376 6372/6372/6372
f 6372/6372/6372 6376/6376/6376 6375/6375/6375
f 6372/6372/6372 6375/6375/6375 6377/6377/6377
f 6372/6372/6372 6377/6377/6377 6374/6374/6374
f 6380/6380/6380 6383/6383/6383 6379/6379/6379
f 6379/6379/6379 6383/6383/6383 6382/6382/6382
f 6379/6379/6379 6382/6382/6382 6378/6378/6378
f 6378/6378/6378 6382/6382/6382 6381/6381/6381
f 6378/6378/6378 6381/6381/6381 6383/6383/6383
f 6378/6378/6378 6383/6383/6383 6380/6380/6380
f 6383/6383/6383 6386/6386/6386 6382/6382/6382
f 6382/6382/6382 6386/6386/6386 6385/6385/6385
f 6382/6382/6382 6385/6385/6385 6381/6381/6381
f 6381/6381/6381 6385/6385/6385 6384/6384/6384
f 6381/6381/6381 6384/6384/6384 6386/6386/6386
f 6381/6381/6381 6386/6386/6386 6383/6383/6383
f 6386/6386/6386 6389/6389/6389 6385/6385/6385
f 6385/6385/6385 6389/6389/6389 6388/6388/6388
f 6385/6385/6385 6388/6388/6388 6384/6384/6384
f 6384/6384/6384 6388/6388/6388 6387/6387/6387
f 6384/6384/6384 6387/6387/6387 6389/6389/6389
f 6384/6384/6384 6389/6389/6389 6386/6386/6386
f 6389/6389/6389 6392/6392/6392 6388/6388/6388
f 6388/6388/6388 6392/6392/6392 6391/6391/6391
f 6388/6388/6388 6391/6391/6391 6387/6387/6387
f 6387/6387/6387 6391/6391/6391 6390/6390/6390
f 6387/6387/6387 6390/6390/6390 6392/6392/6392
f 6387/6387/6387 6392/6392/6392 6389/6389/6389
f 6392/6392/6392 6395/6395/6395 6391/6391/6391
f 6391/6391/6391 6395/6395/6395 6394/6394/6394
f 6391/6391/6391 6394/6394/6394 6390/6390/6390
f 6390/6390/6390 6394/6394/6394 6393/6393/6393
f 6390/6390/6390 6393/6393/6393 6395/6395/6395
f 6390/6390/6390 6395/6395/6395 6392/6392/6392
f 6395/6395/6395 6398/6398/6398 6394/6394/6394
f 6394/6394/6394 6398/6398/6398 6397/6397/6397
f 6394/6394/6394 6397/6397/6397 6393/6393/6393
f 6393/6393/6393 6397/6397/6397 6396/6396/6396
f 6393/6393/6393 6396/6396/6396 6398/6398/6398
f 6393/6393/6393 6398/6398/6398 6395/6395/6395
f 6398/6398/6398 6401/6401/6401 6397/6397/6397
f 6397/6397/6397 6401/6401/6401 6400/6400/6400
f 6397/6397/6397 6400/6400/6400 6396/6396/6396
f 6396/6396/6396 6400/6400/6400 6399/6399/6399
f 6396/6396/6396 6399/6399/6399 6401/6401/6401
f 6396/6396/6396 6401/6401/6401 6398/6398/6398
f 6401/6401/6401 6404/6404/6404 6400/6400/6400
f 6400/6400/6400 6404/6404/6404 6403/6403/6403
f 6400/6400/6400 6403/6403/6403 6399/6399/6399
f 6399/6399/6399 6403/6403/6403 6402/6402/6402
f 6399/6399/6399 6402/6402/6402 6404/6404/6404
f 6399/6399/6399 6404/6404/6404 6401/6401/6401
f 6404/6404/6404 6407/6407/6407 6403/6403/6403
f 6403/6403/6403 6407/6407/6407 6406/6406/6406
f 6403/6403/6403 6406/6406/6406 6402/6402/6402
f 6402/6402/6402 6406/6406/6406 6405/6405/6405
f 6402/6402/6402 6405/6405/6405 6407/6407/6407
f 6402/6402/6402 6407/6407/6407 6404/6404/6404
f 6407/6407/6407 6410/6410/6410 6406/6406/6406
f 6406/6406/6406 6410/6410/6410 6409/6409/6409
f 6406/6406/6406 6409/6409/6409 6405/6405/6405
f 6405/6405/6405 6409/6409/6409 6408/6408/6408
f 6405/6405/6405 6408/6408/6408 6410/6410/6410
f 6405/6405/6405 6410/6410/6410 6407/6407/6407
f 6410/6410/6410 6413/6413/6413 6409/6409/6409
f 6409/6409/6409 6413/6413/6413 6412/6412/6412
f 6409/6409/6409 6412/6412/6412 6408/6408/6408
f 6408/6408/6408 6412/6412/6412 6411/6411/6411
f 6408/6408/6408 6411/6411/6411 6413/6413/6413
f 6408/6408/6408 6413/6413/6413 6410/6410/6410
f 6413/6413/6413 6416/6416/6416 6412/6412/6412
f 6412/6412/6412 6416/6416/6416 6415/6415/6415
f 6412/6412/6412 6415/6415/6415 6411/6411/6411
f 6411/6411/6411 6415/6415/6415 6414/6414/6414
f 6411/6411/6411 6414/6414/6414 6416/6416/6416
f 6411/6411/6411 6416/6416/6416 6413/6413/6413
f 6416/6416/6416 6419/6419/6419 6415/6415/6415
f 6415/6415/6415 6419/6419/6419 6418/6418/6418
f 6415/6415/6415 6418/6418/6418 6414/6414/6414
f 6414/6414/6414 6418/6418/6418 6417/6417/6417
f 6414/6414/6414 6417/6417/6417 6419/6419/6419
f 6414/6414/6414 6419/6419/6419 6416/6416/6416
f 6419/6419/6419 6422/6422/6422 6418/6418/6418
f 6418/6418/6418 6422/6422/6422 6421/6421/6421
f 6418/6418/6418 6421/6421/6421 6417/6417/6417
f 6417/6417/6417 6421/6421/6421 6420/6420/6420
f 6417/6417/6417 6420/6420/6420 6422/6422/6422
f 6417/6417/6417 6422/6422/6422 6419/6419/6419
f 6422/6422/6422 6425/6425/6425 6421/6421/6421
f 6421/6421/6421 6425/6425/6425 6424/6424/6424
f 6421/6421/6421 6424/6424/6424 6420/6420/6420
f 6420/6420/6420 6424/6424/6424 6423/6423/6423
f 6420/6420/6420 6423/6423/6423 6425/6425/6425
f 6420/6420/6420 6425/6425/6425 6422/6422/6422
f 6425/6425/6425 6428/6428/6428 6424/6424/6424
f 6424/6424/6424 6428/6428/6428 6427/6427/6427
f 6424/6424/6424 6427/6427/6427 6423/6423/6423
f 6423/6423/6423 6427/6427/6427 6426/6426/6426
f 6423/6423/6423 6426/6426/6426 6428/6428/6428
f 6423/6423/6423 6428/6428/6428 6425/6425/6425
f 6431/6431/6431 6434/6434/6434 6430/6430/6430
f 6430/6430/6430 6434/6434/6434 6433/6433/6433
f 6430/6430/6430 6433/6433/6433 6429/6429/6429
f 6429/6429/6429 6433/6433/6433 6432/6432/6432
f 6429/6429/6429 6432/6432/6432 6434/6434/6434
f 6429/6429/6429 6434/6434/6434 6431/6431/6431
f 6434/6434/6434 6437/6437/6437 6433/6433/6433
f 6433/6433/6433 6437/6437/6437 6436/6436/6436
f 6433/6433/6433 6436/6436/6436 6432/6432/6432
f 6432/6432/6432 6436/6436/6436 6435/6435/6435
f 6432/6432/6432 6435/6435/6435 6437/6437/6437
f 6432/6432/6432 6437/6437/6437 6434/6434/6434
f 6437/6437/6437 6440/6440/6440 6436/6436/6436
f 6436/6436/6436 6440/6440/6440 6439/6439/6439
f 6436/6436/6436 6439/6439/6439 6435/6435/6435
f 6435/6435/6435 6439/6439/6439 6438/6438/6438
f 6435/6435/6435 6438/6438/6438 6440/6440/6440
f 6435/6435/6435 6440/6440/6440 6437/6437/6437
f 6440/6440/6440 6443/6443/6443 6439/6439/6439
f 6439/6439/6439 6443/6443/6443 6442/6442/6442
f 6439/6439/6439 6442/6442/6442 6438/6438/6438
f 6438/6438/6438 6442/6442/6442 6441/6441/6441
f 6438/6438/6438 6441/6441/6441 6443/6443/6443
f 6438/6438/6438 6443/6443/6443 6440/6440/6440
f 6443/6443/6443 6446/6446/6446 6442/6442/6442
f 6442/6442/6442 6446/6446/6446 6445/6445/6445
f 6442/6442/6442 6445/6445/6445 6441/6441/6441
f 6441/6441/6441 6445/6445/6445 6444/6444/6444
f 6441/6441/6441 6444/6444/6444 6446/6446/6446
f 6441/6441/6441 6446/6446/6446 6443/6443/6443
f 6446/6446/6446 6449/6449/6449 6445/6445/6445
f 6445/6445/6445 6449/6449/6449 6448/6448/6448
f 6445/6445/6445 6448/6448/6448 6444/6444/6444
f 6444/6444/6444 6448/6448/6448 6447/6447/6447
f 6444/6444/6444 6447/6447/6447 6449/6449/6449
f 6444/6444/6444 6449/6449/6449 6446/6446/6446
f 6449/6449/6449 6452/6452/6452 6448/6448/6448
f 6448/6448/6448 6452/6452/6452 6451/6451/6451
f 6448/6448/6448 6451/6451/6451 6447/6447/6447
f 6447/6447/6447 6451/6451/6451 6450/6450/6450
f 6447/6447/6447 6450/6450/6450 6452/6452/6452
f 6447/6447/6447 6452/6452/6452 6449/6449/6449
f 6452/6452/6452 6455/6455/6455 6451/6451/6451
f 6451/6451/6451 6455/6455/6455 6454/6454/6454
f 6451/6451/6451 6454/6454/6454 6450/6450/6450
f 6450/6450/6450 6454/6454/6454 6453/6453/6453
f 6450/6450/6450 6453/6453/6453 6455/6455/6455
f 6450/6450/6450 6455/6455/6455 6452/6452/6452
f 6455/6455/6455 6458/6458/6458 6454/6454/6454
f 6454/6454/6454 6458/6458/6458 6457/6457/6457
f 6454/6454/6454 6457/6457/6457 6453/6453/6453
f 6453/6453/6453 6457/6457/6457 6456/6456/6456
f 6453/6453/6453 6456/6456/6456 6458/6458/6458
f 6453/6453/6453 6458/6458/6458 6455/6455/6455
f 6458/6458/6458 6461/6461/6461 6457/6457/6457
f 6457/6457/6457 6461/6461/6461 6460/6460/6460
f 6457/6457/6457 6460/6460/6460 6456/6456/6456
f 6456/6456/6456 6460/6460/6460 6459/6459/6459
f 6456/6456/6456 6459/6459/6459 6461/6461/6461
f 6456/6456/6456 6461/6461/6461 6458/6458/6458
f 6461/6461/6461 6464/6464/6464 6460/6460/6460
f 6460/6460/6460 6464/6464/6464 6463/6463/6463
f 6460/6460/6460 6463/6463/6463 6459/6459/6459
f 6459/6459/6459 6463/6463/6463 6462/6462/6462
f 6459/6459/6459 6462/6462/6462 6464/6464/6464
f 6459/6459/6459 6464/6464/6464 6461/6461/6461
f 6464/6464/6464 6467/6467/6467 6463/6463/6463
f 6463/6463/6463 6467/6467/6467 6466/6466/6466
f 6463/6463/6463 6466/6466/6466 6462/6462/6462
f 6462/6462/6462 6466/6466/6466 6465/6465/6465
f 6462/6462/6462 6465/6465/6465 6467/6467/6467
f 6462/6462/6462 6467/6467/6467 6464/6464/6464
f 6467/6467/6467 6470/6470/6470 6466/6466/6466
f 6466/6466/6466 6470/6470/6470 6469/6469/6469
f 6466/6466/6466 6469/6469/6469 6465/6465/6465
f 6465/6465/6465 6469/6469/6469 6468/6468/6468
f 6465/6465/6465 6468/6468/6468 6470/6470/6470
f 6465/6465/6465 6470/6470/6470 6467/6467/6467
f 6470/6470/6470 6473/6473/6473 6469/6469/6469
f 6469/6469/6469 6473/6473/6473 6472/6472/6472
f 6469/6469/6469 6472/6472/6472 6468/6468/6468
f 6468/6468/6468 6472/6472/6472 6471/6471/6471
f 6468/6468/6468 6471/6471/6471 6473/6473/6473
f 6468/6468/6468 6473/6473/6473 6470/6470/6470
f 6476/6476/6476 6479/6479/6479 6475/6475/6475
f 6475/6475/6475 6479/6479/6479 6478/6478/6478
f 6475/6475/6475 6478/6478/6478 6474/6474/6474
f 6474/6474/6474 6478/6478/6478 6477/6477/6477
f 6474/6474/6474 6477/6477/6477 6479/6479/6479
f 6474/6474/6474 6479/6479/6479 6476/6476/6476
f 6479/6479/6479 6482/6482/6482 6478/6478/6478
f 6478/6478/6478 6482/6482/6482 6481/6481/6481
f 6478/6478/6478 6481/6481/6481 6477/6477/6477
f 6477/6477/6477 6481/6481/6481 6480/6480/6480
f 6477/6477/6477 6480/6480/6480 6482/6482/6482
f 6477/6477/6477 6482/6482/6482 6479/6479/6479
f 6482/6482/6482 6485/6485/6485 6481/6481/6481
f 6481/6481/6481 6485/6485/6485 6484/6484/6484
f 6481/6481/6481 6484/6484/6484 6480/6480/6480
f 6480/6480/6480 6484/6484/6484 6483/6483/6483
f 6480/6480/6480 6483/6483/6483 6485/6485/6485
f 6480/6480/6480 6485/6485/6485 6482/6482/6482
f 6485/6485/6485 6488/6488/6488 6484/6484/6484
f 6484/6484/6484 6488/6488/6488 6487/6487/6487
f 6484/6484/6484 6487/6487/6487 6483/6483/6483
f 6483/6483/6483 6487/6487/6487 6486/6486/6486
f 6483/6483/6483 6486/6486/6486 6488/6488/6488
f 6483/6483/6483 6488/6488/6488 6485/6485/6485
f 6488/6488/6488 6491/6491/6491 6487/6487/6487
f 6487/6487/6487 6491/6491/6491 6490/6490/6490
f 6487/6487/6487 6490/6490/6490 6486/6486/6486
f 6486/6486/6486 6490/6490/6490 6489/6489/6489
f 6486/6486/6486 6489/6489/6489 6491/6491/6491
f 6486/6486/6486 6491/6491/6491 6488/6488/6488
f 6491/6491/6491 6494/6494/6494 6490/6490/6490
f 6490/6490/6490 6494/6494/6494 6493/6493/6493
f 6490/6490/6490 6493/6493/6493 6489/6489/6489
f 6489/6489/6489 6493/6493/6493 6492/6492/6492
f 6489/6489/6489 6492/6492/6492 6494/6494/6494
f 6489/6489/6489 6494/6494/6494 6491/6491/6491
f 6494/6494/6494 6497/6497/6497 6493/6493/6493
f 6493/6493/6493 6497/6497/6497 6496/6496/6496
f 6493/6493/6493 6496/6496/6496 6492/6492/6492
f 6492/6492/6492 6496/6496/6496 6495/6495/6495
f 6492/6492/6492 6495/6495/6495 6497/6497/6497
f 6492/6492/6492 6497/6497/6497 6494/6494/6494
f 6497/6497/6497 6500/6500/6500 6496/6496/6496
f 6496/6496/6496 6500/6500/6500 6499/6499/6499
f 6496/6496/6496 6499/6499/6499 6495/6495/6495
f 6495/6495/6495 6499/6499/6499 6498/6498/6498
f 6495/6495/6495 6498/6498/6498 6500/6500/6500
f 6495/6495/6495 6500/6500/6500 6497/6497/6497
f 6500/6500/6500 6503/6503/6503 6499/6499/6499
f 6499/6499/6499 6503/6503/6503 6502/6502/6502
f 6499/6499/6499 6502/6502/6502 6498/6498/6498
f 6498/6498/6498 6502/6502/6502 6501/6501/6501
f 6498/6498/6498 6501/6501/6501 6503/6503/6503
f 6498/6498/6498 6503/6503/6503 6500/6500/6500
f 6503/6503/6503 6506/6506/6506 6502/6502/6502
f 6502/6502/6502 6506/6506/6506 6505/6505/6505
f 6502/6502/6502 6505/6505/6505 6501/6501/6501
f 6501/6501/6501 6505/6505/6505 6504/6504/6504
f 6501/6501/6501 6504/6504/6504 6506/6506/6506
f 6501/6501/6501 6506/6506/6506 6503/6503/6503
f 6506/6506/6506 6509/6509/6509 6505/6505/6505
f 6505/6505/6505 6509/6509/6509 6508/6508/6508
f 6505/6505/6505 6508/6508/6508 6504/6504/6504
f 6504/6504/6504 6508/6508/6508 6507/6507/6507
f 6504/6504/6504 6507/6507/6507 6509/6509/6509
f 6504/6504/6504 6509/6509/6509 6506/6506/6506
f 6509/6509/6509 6512/6512/6512 6508/6508/6508
f 6508/6508/6508 6512/6512/6512 6511/6511/6511
f 6508/6508/6508 6511/6511/6511 6507/6507/6507
f 6507/6507/6507 6511/6511/6511 6510/6510/6510
f 6507/6507/6507 6510/6510/6510 6512/6512/6512
f 6507/6507/6507 6512/6512/6512 6509/6509/6509
f 6515/6515/6515 6518/6518/6518 6514/6514/6514
f 6514/6514/6514 6518/6518/6518 6517/6517/6517
f 6514/6514/6514 6517/6517/6517 6513/6513/6513
f 6513/6513/6513 6517/6517/6517 6516/6516/6516
f 6513/6513/6513 6516/6516/6516 6518/6518/6518
f 6513/6513/6513 6518/6518/6518 6515/6515/6515
f 6518/6518/6518 6521/6521/6521 6517/6517/6517
f 6517/6517/6517 6521/6521/6521 6520/6520/6520
f 6517/6517/6517 6520/6520/6520 6516/6516/6516
f 6516/6516/6516 6520/6520/6520 6519/6519/6519
f 6516/6516/6516 6519/6519/6519 6521/6521/6521
f 6516/6516/6516 6521/6521/6521 6518/6518/6518
f 6521/6521/6521 6524/6524/6524 6520/6520/6520
f 6520/6520/6520 6524/6524/6524 6523/6523/6523
f 6520/6520/6520 6523/6523/6523 6519/6519/6519
f 6519/6519/6519 6523/6523/6523 6522/6522/6522
f 6519/6519/6519 6522/6522/6522 6524/6524/6524
f 6519/6519/6519 6524/6524/6524 6521/6521/6521
f 6524/6524/6524 6527/6527/6527 6523/6523/6523
f 6523/6523/6523 6527/6527/6527 6526/6526/6526
f 6523/6523/6523 6526/6526/6526 6522/6522/6522
f 6522/6522/6522 6526/6526/6526 6525/6525/6525
f 6522/6522/6522 6525/6525/6525 6527/6527/6527
f 6522/6522/6522 6527/6527/6527 6524/6524/6524
f 6527/6527/6527 6530/6530/6530 6526/6526/6526
f 6526/6526/6526 6530/6530/6530 6529/6529/6529
f 6526/6526/6526 6529/6529/6529 6525/6525/6525
f 6525/6525/6525 6529/6529/6529 6528/6528/6528
f 6525/6525/6525 6528/6528/6528 6530/6530/6530
f 6525/6525/6525 6530/6530/6530 6527/6527/6527
f 6530/6530/6530 6533/6533/6533 6529/6529/6529
f 6529/6529/6529 6533/6533/6533 6532/6532/6532
f 6529/6529/6529 6532/6532/6532 6528/6528/6528
f 6528/6528/6528 6532/6532/6532 6531/6531/6531
f 6528/6528/6528 6531/6531/6531 6533/6533/6533
f 6528/6528/6528 6533/6533/6533 6530/6530/6530
f 6533/6533/6533 6536/6536/6536 6532/6532/6532
f 6532/6532/6532 6536/6536/6536 6535/6535/6535
f 6532/6532/6532 6535/6535/6535 6531/6531/6531
f 6531/6531/6531 6535/6535/6535 6534/6534/6534
f 6531/6531/6531 6534/6534/6534 6536/6536/6536
f 6531/6531/6531 6536/6536/6536 6533/6533/6533
f 6536/6536/6536 6539/6539/6539 6535/6535/6535
f 6535/6535/6535 6539/6539/6539 6538/6538/6538
f 6535/6535/6535 6538/6538/6538 6534/6534/6534
f 6534/6534/6534 6538/6538/6538 6537/6537/6537
f 6534/6534/6534 6537/6537/6537 6539/6539/6539
f 6534/6534/6534 6539/6539/6539 6536/6536/6536
f 6539/6539/6539 6542/6542/6542 6538/6538/6538
f 6538/6538/6538 6542/6542/6542 6541/6541/6541
f 6538/6538/6538 6541/6541/6541 6537/6537/6537
f 6537/6537/6537 6541/6541/6541 6540/6540/6540
f 6537/6537/6537 6540/6540/6540 6542/6542/6542
f 6537/6537/6537 6542/6542/6542 6539/6539/6539
f 6542/6542/6542 6545/6545/6545 6541/6541/6541
f 6541/6541/6541 6545/6545/6545 6544/6544/6544
f 6541/6541/6541 6544/6544/6544 6540/6540/6540
f 6540/6540/6540 6544/6544/6544 6543/6543/6543
f 6540/6540/6540 6543/6543/6543 6545/6545/6545
f 6540/6540/6540 6545/6545/6545 6542/6542/6542
f 6545/6545/6545 6548/6548/6548 6544/6544/6544
f 6544/6544/6544 6548/6548/6548 6547/6547/6547
f 6544/6544/6544 6547/6547/6547 6543/6543/6543
f 6543/6543/6543 6547/6547/6547 6546/6546/6546
f 6543/6543/6543 6546/6546/6546 6548/6548/6548
f 6543/6543/6543 6548/6548/6548 6545/6545/6545
f 6551/6551/6551 6554/6554/6554 6550/6550/6550
f 6550/6550/6550 6554/6554/6554 6553/6553/6553
f 6550/6550/6550 6553/6553/6553 6549/6549/6549
f 6549/6549/6549 6553/6553/6553 6552/6552/6552
f 6549/6549/6549 6552/6552/6552 6554/6554/6554
f 6549/6549/6549 6554/6554/6554 6551/6551/6551
f 6554/6554/6554 6557/6557/6557 6553/6553/6553
f 6553/6553/6553 6557/6557/6557 6556/6556/6556
f 6553/6553/6553 6556/6556/6556 6552/6552/6552
f 6552/6552/6552 6556/6556/6556 6555/6555/6555
f 6552/6552/6552 6555/6555/6555 6557/6557/6557
f 6552/6552/6552 6557/6557/6557 6554/6554/6554
f 6557/6557/6557 6560/6560/6560 6556/6556/6556
f 6556/6556/6556 6560/6560/6560 6559/6559/6559
f 6556/6556/6556 6559/6559/6559 6555/6555/6555
f 6555/6555/6555 6559/6559/6559 6558/6558/6558
f 6555/6555/6555 6558/6558/6558 6560/6560/6560
f 6555/6555/6555 6560/6560/6560 6557/6557/6557
f 6560/6560/6560 6563/6563/6563 6559/6559/6559
f 6559/6559/6559 6563/6563/6563 6562/6562/6562
f 6559/6559/6559 6562/6562/6562 6558/6558/6558
f 6558/6558/6558 6562/6562/6562 6561/6561/6561
f 6558/6558/6558 6561/6561/6561 6563/6563/6563
f 6558/6558/6558 6563/6563/6563 6560/6560/6560
f 6563/6563/6563 6566/6566/6566 6562/6562/6562
f 6562/6562/6562 6566/6566/6566 6565/6565/6565
f 6562/6562/6562 6565/6565/6565 6561/6561/6561
f 6561/6561/6561 6565/6565/6565 6564/6564/6564
f 6561/6561/6561 6564/6564/6564 6566/6566/6566
f 6561/6561/6561 6566/6566/6566 6563/6563/6563
f 6566/6566/6566 6569/6569/6569 6565/6565/6565
f 6565/6565/6565 6569/6569/6569 6568/6568/6568
f 6565/6565/6565 6568/6568/6568 6564/6564/6564
f 6564/6564/6564 6568/6568/6568 6567/6567/6567
f 6564/6564/6564 6567/6567/6567 6569/6569/6569
f 6564/6564/6564 6569/6569/6569 6566/6566/6566
f 6569/6569/6569 6572/6572/6572 6568/6568/6568
f 6568/6568/6568 6572/6572/6572 6571/6571/6571
f 6568/6568/6568 6571/6571/6571 6567/6567/6567
f 6567/6567/6567 6571/6571/6571 6570/6570/6570
f 6567/6567/6567 6570/6570/6570 6572/6572/6572
f 6567/6567/6567 6572/6572/6572 6569/6569/6569
f 6572/6572/6572 6575/6575/6575 6571/6571/6571
f 6571/6571/6571 6575/6575/6575 6574/6574/6574
f 6571/6571/6571 6574/6574/6574 6570/6570/6570
f 6570/6570/6570 6574/6574/6574 6573/6573/6573
f 6570/6570/6570 6573/6573/6573 6575/6575/6575
f 6570/6570/6570 6575/6575/6575 6572/6572/6572
f 6575/6575/6575 6578/6578/6578 6574/6574/6574
f 6574/6574/6574 6578/6578/6578 6577/6577/6577
f 6574/6574/6574 6577/6577/6577 6573/6573/6573
f 6573/6573/6573 6577/6577/6577 6576/6576/6576
f 6573/6573/6573 6576/6576/6576 6578/6578/6578
f 6573/6573/6573 6578/6578/6578 6575/6575/6575
f 6578/6578/6578 6581/6581/6581 6577/6577/6577
f 6577/6577/6577 6581/6581/6581 6580/6580/6580
f 6577/6577/6577 6580/6580/6580 6576/6576/6576
f 6576/6576/6576 6580/6580/6580 6579/6579/6579
f 6576/6576/6576 6579/6579/6579 6581/6581/6581
f 6576/6576/6576 6581/6581/6581 6578/6578/6578
f 6584/6584/6584 6587/6587/6587 6583/6583/6583
f 6583/6583/6583 6587/6587/6587 6586/6586/6586
f 6583/6583/6583 6586/6586/6586 6582/6582/6582
f 6582/6582/6582 6586/6586/6586 6585/6585/6585
f 6582/6582/6582 6585/6585/6585 6587/6587/6587
f 6582/6582/6582 6587/6587/6587 6584/6584/6584
f 6587/6587/6587 6590/6590/6590 6586/6586/6586
f 6586/6586/6586 6590/6590/6590 6589/6589/6589
f 6586/6586/6586 6589/6589/6589 6585/6585/6585
f 6585/6585/6585 6589/6589/6589 6588/6588/6588
f 6585/6585/6585 6588/6588/6588 6590/6590/6590
f 6585/6585/6585 6590/6590/6590 6587/6587/6587
f 6590/6590/6590 6593/6593/6593 6589/6589/6589
f 6589/6589/6589 6593/6593/6593 6592/6592/6592
f 6589/6589/6589 6592/6592/6592 6588/6588/6588
f 6588/6588/6588 6592/6592/6592 6591/6591/6591
f 6588/6588/6588 6591/6591/6591 6593/6593/6593
f 6588/6588/6588 6593/6593/6593 6590/6590/6590
f 6593/6593/6593 6596/6596/6596 6592/6592/6592
f 6592/6592/6592 6596/6596/6596 6595/6595/6595
f 6592/6592/6592 6595/6595/6595 6591/6591/6591
f 6591/6591/6591 6595/6595/6595 6594/6594/6594
f 6591/6591/6591 6594/6594/6594 6596/6596/6596
f 6591/6591/6591 6596/6596/6596 6593/6593/6593
f 6596/6596/6596 6599/6599/6599 6595/6595/6595
f 6595/6595/6595 6599/6599/6599 6598/6598/6598
f 6595/6595/6595 6598/6598/6598 6594/6594/6594
f 6594/6594/6594 6598/6598/6598 6597/6597/6597
f 6594/6594/6594 6597/6597/6597 6599/6599/6599
f 6594/6594/6594 6599/6599/6599 6596/6596/6596
f 6599/6599/6599 6602/6602/6602 6598/6598/6598
f 6598/6598/6598 6602/6602/6602 6601/6601/6601
f 6598/6598/6598 6601/6601/6601 6597/6597/6597
f 6597/6597/6597 6601/6601/6601 6600/6600/6600
f 6597/6597/6597 6600/6600/6600 6602/6602/6602
f 6597/6597/6597 6602/6602/6602 6599/6599/6599
f 6602/6602/6602 6605/6605/6605 6601/6601/6601
f 6601/6601/6601 6605/6605/6605 6604/6604/6604
f 6601/6601/6601 6604/6604/6604 6600/6600/6600
f 6600/6600/6600 6604/6604/6604 6603/6603/6603
f 6600/6600/6600 6603/6603/6603 6605/6605/6605
f 6600/6600/6600 6605/6605/6605 6602/6602/6602
f 6605/6605/6605 6608/6608/6608 6604/6604/6604
f 6604/6604/6604 6608/6608/6608 6607/6607/6607
f 6604/6604/6604 6607/6607/6607 6603/6603/6603
f 6603/6603/6603 6607/6607/6607 6606/6606/6606
f 6603/6603/6603 6606/6606/6606 6608/6608/6608
f 6603/6603/6603 6608/6608/6608 6605/6605/6605
f 6608/6608/6608 6611/6611/6611 6607/6607/6607
f 6607/6607/6607 6611/6611/6611 6610/6610/6610
f 6607/6607/6607 6610/6610/6610 6606/6606/6606
f 6606/6606/6606 6610/6610/6610 6609/6609/6609
f 6606/6606/6606 6609/6609/6609 6611/6611/6611
f 6606/6606/6606 6611/6611/6611 6608/6608/6608
f 6614/6614/6614 6617/6617/6617 6613/6613/6613
f 6613/6613/6613 6617/6617/6617 6616/6616/6616
f 6613/6613/6613 6616/6616/6616 6612/6612/6612
f 6612/6612/6612 6616/6616/6616 6615/6615/6615
f 6612/6612/6612 6615/6615/6615 6617/6617/6617
f 6612/6612/6612 6617/6617/6617 6614/6614/6614
f 6617/6617/6617 6620/6620/6620 6616/6616/6616
f 6616/6616/6616 6620/6620/6620 6619/6619/6619
f 6616/6616/6616 6619/6619/6619 6615/6615/6615
f 6615/6615/6615 6619/6619/6619 6618/6618/6618
f 6615/6615/6615 6618/6618/6618 6620/6620/6620
f 6615/6615/6615 6620/6620/6620 6617/6617/6617
f 6620/6620/6620 6623/6623/6623 6619/6619/6619
f 6619/6619/6619 6623/6623/6623 6622/6622/6622
f 6619/6619/6619 6622/6622/6622 6618/6618/6618
f 6618/6618/6618 6622/6622/6622 6621/6621/6621
f 6618/6618/6618 6621/6621/6621 6623/6623/6623
f 6618/6618/6618 6623/6623/6623 6620/6620/6620
f 6623/6623/6623 6626/6626/6626 6622/6622/6622
f 6622/6622/6622 6626/6626/6626 6625/6625/6625
f 6622/6622/6622 6625/6625/6625 6621/6621/6621
f 6621/6621/6621 6625/6625/6625 6624/6624/6624
f 6621/6621/6621 6624/6624/6624 6626/6626/6626
f 6621/6621/6621 6626/6626/6626 6623/6623/6623
f 6626/6626/6626 6629/6629/6629 6625/6625/6625
f 6625/6625/6625 6629/6629/6629 6628/6628/6628
f 6625/6625/6625 6628/6628/6628 6624/6624/6624
f 6624/6624/6624 6628/6628/6628 6627/6627/6627
f 6624/6624/6624 6627/6627/6627 6629/6629/6629
f 6624/6624/6624 6629/6629/6629 6626/6626/6626
f 6629/6629/6629 6632/6632/6632 6628/6628/6628
f 6628/6628/6628 6632/6632/6632 6631/6631/6631
f 6628/6628/6628 6631/6631/6631 6627/6627/6627
f 6627/6627/6627 6631/6631/6631 6630/6630/6630
f 6627/6627/6627 6630/6630/6630 6632/6632/6632
f 6627/6627/6627 6632/6632/6632 6629/6629/6629
f 6632/6632/6632 6635/6635/6635 6631/6631/6631
f 6631/6631/6631 6635/6635/6635 6634/6634/6634
f 6631/6631/6631 6634/6634/6634 6630/6630/6630
f 6630/6630/6630 6634/6634/6634 6633/6633/6633
f 6630/6630/6630 6633/6633/6633 6635/6635/6635
f 6630/6630/6630 6635/6635/6635 6632/6632/6632
f 6635/6635/6635 6638/6638/6638 6634/6634/6634
f 6634/6634/6634 6638/6638/6638 6637/6637/6637
f 6634/6634/6634 6637/6637/6637 6633/6633/6633
f 6633/6633/6633 6637/6637/6637 6636/6636/6636
f 6633/6633/6633 6636/6636/6636 6638/6638/6638
f 6633/6633/6633 6638/6638/6638 6635/6635/6635
f 6641/6641/6641 6644/6644/6644 6640/6640/6640
f 6640/6640/6640 6644/6644/6644 6643/6643/6643
f 6640/6640/6640 6643/6643/6643 6639/6639/6639
f 6639/6639/6639 6643/6643/6643 6642/6642/6642
f 6639/6639/6639 6642/6642/6642 6644/6644/6644
f 6639/6639/6639 6644/6644/6644 6641/6641/6641
f 6644/6644/6644 6647/6647/6647 6643/6643/6643
f 6643/6643/6643 6647/6647/6647 6646/6646/6646
f 6643/6643/6643 6646/6646/6646 6642/6642/6642
f 6642/6642/6642 6646/6646/6646 6645/6645/6645
f 6642/6642/6642 6645/6645/6645 6647/6647/6647
f 6642/6642/6642 6647/6647/6647 6644/6644/6644
f 6647/6647/6647 6650/6650/6650 6646/6646/6646
f 6646/6646/6646 6650/6650/6650 6649/6649/6649
f 6646/6646/6646 6649/6649/6649 6645/6645/6645
f 6645/6645/6645 6649/6649/6649 6648/6648/6648
f 6645/6645/6645 6648/6648/6648 6650/6650/6650
f 6645/6645/6645 6650/6650/6650 6647/6647/6647
f 6650/6650/6650 6653/6653/6653 6649/6649/6649
f 6649/6649/6649 6653/6653/6653 6652/6652/6652
f 6649/6649/6649 6652/6652/6652 6648/6648/6648
f 6648/6648/6648 6652/6652/6652 6651/6651/6651
f 6648/6648/6648 6651/6651/6651 6653/6653/6653
f 6648/6648/6648 6653/6653/6653 6650/6650/6650
f 6653/6653/6653 6656/6656/6656 6652/6652/6652
f 6652/6652/6652 6656/6656/6656 6655/6655/6655
f 6652/6652/6652 6655/6655/6655 6651/6651/6651
f 6651/6651/6651 6655/6655/6655 6654/6654/6654
f 6651/6651/6651 6654/6654/6654 6656/6656/6656
f 6651/6651/6651 6656/6656/6656 6653/6653/6653
f 6656/6656/6656 6659/6659/6659 6655/6655/6655
f 6655/6655/6655 6659/6659/6659 6658/6658/6658
f 6655/6655/6655 6658/6658/6658 6654/6654/6654
f 6654/6654/6654 6658/6658/6658 6657/6657/6657
f 6654/6654/6654 6657/6657/6657 6659/6659/6659
f 6654/6654/6654 6659/6659/6659 6656/6656/6656
f 6659/6659/6659 6662/6662/6662 6658/6658/6658
f 6658/6658/6658 6662/6662/6662 6661/6661/6661
f 6658/6658/6658 6661/6661/6661 6657/6657/6657
f 6657/6657/6657 6661/6661/6661 6660/6660/6660
f 6657/6657/6657 6660/6660/6660 6662/6662/6662
f 6657/6657/6657 6662/6662/6662 6659/6659/6659
f 6665/6665/6665 6668/6668/6668 6664/6664/6664
f 6664/6664/6664 6668/6668/6668 6667/6667/6667
f 6664/6664/6664 6667/6667/6667 6663/6663/6663
f 6663/6663/6663 6667/6667/6667 6666/6666/6666
f 6663/6663/6663 6666/6666/6666 6668/6668/6668
f 6663/6663/6663 6668/6668/6668 6665/6665/6665
f 6668/6668/6668 6671/6671/6671 6667/6667/6667
f 6667/6667/6667 6671/6671/6671 6670/6670/6670
f 6667/6667/6667 6670/6670/6670 6666/6666/6666
f 6666/6666/6666 6670/6670/6670 6669/6669/6669
f 6666/6666/6666 6669/6669/6669 6671/6671/6671
f 6666/6666/6666 6671/6671/6671 6668/6668/6668
f 6671/6671/6671 6674/6674/6674 6670/6670/6670
f 6670/6670/6670 6674/6674/6674 6673/6673/6673
f 6670/6670/6670 6673/6673/6673 6669/6669/6669
f 6669/6669/6669 6673/6673/6673 6672/6672/6672
f 6669/6669/6669 6672/6672/6672 6674/6674/6674
f 6669/6669/6669 6674/6674/6674 6671/6671/6671
f 6674/6674/6674 6677/6677/6677 6673/6673/6673
f 6673/6673/6673 6677/6677/6677 6676/6676/6676
f 6673/6673/6673 6676/6676/6676 6672/6672/6672
f 6672/6672/6672 6676/6676/6676 6675/6675/6675
f 6672/6672/6672 6675/6675/6675 6677/6677/6677
f 6672/6672/6672 6677/6677/6677 6674/6674/6674
f 6677/6677/6677 6680/6680/6680 6676/6676/6676
f 6676/6676/6676 6680/6680/6680 6679/6679/6679
f 6676/6676/6676 6679/6679/6679 6675/6675/6675
f 6675/6675/6675 6679/6679/6679 6678/6678/6678
f 6675/6675/6675 6678/6678/6678 6680/6680/6680
f 6675/6675/6675 6680/6680/6680 6677/6677/6677
f 6680/6680/6680 6683/6683/6683 6679/6679/6679
f 6679/6679/6679 6683/6683/6683 6682/6682/6682
f 6679/6679/6679 6682/6682/6682 6678/6678/6678
f 6678/6678/6678 6682/6682/6682 6681/6681/6681
f 6678/6678/6678 6681/6681/6681 6683/6683/6683
f 6678/6678/6678 6683/6683/6683 6680/6680/6680
f 6686/6686/6686 6689/6689/6689 6685/6685/6685
f 6685/6685/6685 6689/6689/6689 6688/6688/6688
f 6685/6685/6685 6688/6688/6688 6684/6684/6684
f 6684/6684/6684 6688/6688/6688 6687/6687/6687
f 6684/6684/6684 6687/6687/6687 6689/6689/6689
f 6684/6684/6684 6689/6689/6689 6686/6686/6686
f 6689/6689/6689 6692/6692/6692 6688/6688/6688
f 6688/6688/6688 6692/6692/6692 6691/6691/6691
f 6688/6688/6688 6691/6691/6691 6687/6687/6687
f 6687/6687/6687 6691/6691/6691 6690/6690/6690
f 6687/6687/6687 6690/6690/6690 6692/6692/6692
f 6687/6687/6687 6692/6692/6692 6689/6689/6689
f 6692/6692/6692 6695/6695/6695 6691/6691/6691
f 6691/6691/6691 6695/6695/6695 6694/6694/6694
f 6691/6691/6691 6694/6694/6694 6690/6690/6690
f 6690/6690/6690 6694/6694/6694 6693/6693/6693
f 6690/6690/6690 6693/6693/6693 6695/6695/6695
f 6690/6690/6690 6695/6695/6695 6692/6692/6692
f 6695/6695/6695 6698/6698/6698 6694/6694/6694
f 6694/6694/6694 6698/6698/6698 6697/6697/6697
f 6694/6694/6694 6697/6697/6697 6693/6693/6693
f 6693/6693/6693 6697/6697/6697 6696/6696/6696
f 6693/6693/6693 6696/6696/6696 6698/6698/6698
f 6693/6693/6693 6698/6698/6698 6695/6695/6695
f 6698/6698/6698 6701/6701/6701 6697/6697/6697
f 6697/6697/6697 6701/6701/6701 6700/6700/6700
f 6697/6697/6697 6700/6700/6700 6696/6696/6696
f 6696/6696/6696 6700/6700/6700 6699/6699/6699
f 6696/6696/6696 6699/6699/6699 6701/6701/6701
f 6696/6696/6696 6701/6701/6701 6698/6698/6698
f 6704/6704/6704 6707/6707/6707 6703/6703/6703
f 6703/6703/6703 6707/6707/6707 6706/6706/6706
f 6703/6703/6703 6706/6706/6706 6702/6702/6702
f 6702/6702/6702 6706/6706/6706 6705/6705/6705
f 6702/6702/6702 6705/6705/6705 6707/6707/6707
f 6702/6702/6702 6707/6707/6707 6704/6704/6704
f 6707/6707/6707 6710/6710/6710 6706/6706/6706
f 6706/6706/6706 6710/6710/6710 6709/6709/6709
f 6706/6706/6706 6709/6709/6709 6705/6705/6705
f 6705/6705/6705 6709/6709/6709 6708/6708/6708
f 6705/6705/6705 6708/6708/6708 6710/6710/6710
f 6705/6705/6705 6710/6710/6710 6707/6707/6707
f 6710/6710/6710 6713/6713/6713 6709/6709/6709
f 6709/6709/6709 6713/6713/6713 6712/6712/6712
f 6709/6709/6709 6712/6712/6712 6708/6708/6708
f 6708/6708/6708 6712/6712/6712 6711/6711/6711
f 6708/6708/6708 6711/6711/6711 6713/6713/6713
f 6708/6708/6708 6713/6713/6713 6710/6710/6710
f 6713/6713/6713 6716/6716/6716 6712/6712/6712
f 6712/6712/6712 6716/6716/6716 6715/6715/6715
f 6712/6712/6712 6715/6715/6715 6711/6711/6711
f 6711/6711/6711 6715/6715/6715 6714/6714/6714
f 6711/6711/6711 6714/6714/6714 6716/6716/6716
f 6711/6711/6711 6716/6716/6716 6713/6713/6713
f 6719/6719/6719 6722/6722/6722 6718/6718/6718
f 6718/6718/6718 6722/6722/6722 6721/6721/6721
f 6718/6718/6718 6721/6721/6721 6717/6717/6717
f 6717/6717/6717 6721/6721/6721 6720/6720/6720
f 6717/6717/6717 6720/6720/6720 6722/6722/6722
f 6717/6717/6717 6722/6722/6722 6719/6719/6719
f 6722/6722/6722 6725/6725/6725 6721/6721/6721
f 6721/6721/6721 6725/6725/6725 6724/6724/6724
f 6721/6721/6721 6724/6724/6724 6720/6720/6720
f 6720/6720/6720 6724/6724/6724 6723/6723/6723
f 6720/6720/6720 6723/6723/6723 6725/6725/6725
f 6720/6720/6720 6725/6725/6725 6722/6722/6722
f 6725/6725/6725 6728/6728/6728 6724/6724/6724
f 6724/6724/6724 6728/6728/6728 6727/6727/6727
f 6724/6724/6724 6727/6727/6727 6723/6723/6723
f 6723/6723/6723 6727/6727/6727 6726/6726/6726
f 6723/6723/6723 6726/6726/6726 6728/6728/6728
f 6723/6723/6723 6728/6728/6728 6725/6725/6725
f 6731/6731/6731 6734/6734/6734 6730/6730/6730
f 6730/6730/6730 6734/6734/6734 6733/6733/6733
f 6730/6730/6730 6733/6733/6733 6729/6729/6729
f 6729/6729/6729 6733/6733/6733 6732/6732/6732
f 6729/6729/6729 6732/6732/6732 6734/6734/6734
f 6729/6729/6729 6734/6734/6734 6731/6731/6731
f 6734/6734/6734 6737/6737/6737 6733/6733/6733
f 6733/6733/6733 6737/6737/6737 6736/6736/6736
f 6733/6733/6733 6736/6736/6736 6732/6732/6732
f 6732/6732/6732 6736/6736/6736 6735/6735/6735
f 6732/6732/6732 6735/6735/6735 6737/6737/6737
f 6732/6732/6732 6737/6737/6737 6734/6734/6734
f 6740/6740/6740 6743/6743/6743 6739/6739/6739
f 6739/6739/6739 6743/6743/6743 6742/6742/6742
f 6739/6739/6739 6742/6742/6742 6738/6738/6738
f 6738/6738/6738 6742/6742/6742 6741/6741/6741
f 6738/6738/6738 6741/6741/6741 6743/6743/6743
f 6738/6738/6738 6743/6743/6743 6740/6740/6740
